ano,id_uf,id_municipio,nome_municipio,idhm,idhm_educacao,idhm_renda,idhm_longevidade,taxa_analfabetismo_11a14,taxa_analfabetismo_15a17,taxa_analfabetismo_15mais,taxa_frequencia_6a14,taxa_frequencia_4a5,taxa_frequencia_0a3,expectativa_anos_estudo,taxa_fundamental_incompleto,renda_per_capita,indice_gini,percentual_pobres,percentual_extremamente_pobres,percentual_vulneraveis_pobreza,percentual_domicilios_agua,percentual_domicilios_energia,taxa_densidade_domiciliar
2010,11,1100015,Alta Floresta D'Oeste,0.641,0.526,0.657,0.763,1.22,1.52,11.99,95.68,39.18,4.89,8.67,40.27,476.99,0.58,47.12,26.04,14.29,93.69,93.98,22.58
2010,11,1100023,Ariquemes,0.702,0.6,0.716,0.806,1.55,1.09,7.9,97.21,55.34,9.89,9.18,26.59,689.95,0.53,29.04,11.54,4.36,98.54,98.58,27.15
2010,11,1100031,Cabixi,0.65,0.559,0.65,0.757,0.62,1.06,13.63,98.03,66.92,12.49,10.09,38.52,457.17,0.51,46.98,21.2,7.27,95.49,96.36,19.93
2010,11,1100049,Cacoal,0.718,0.62,0.727,0.821,1.01,0.8,8.29,97.61,62.41,11.38,9.74,26.16,738.06,0.57,29.82,13.08,5.97,97.96,98.89,20.5
2010,11,1100056,Cerejeiras,0.692,0.602,0.688,0.799,1.14,0.75,10.29,98.54,61.27,13.45,10.22,32.21,577.18,0.5,34.85,13.7,4.72,97.53,98.85,16.66
2010,11,1100064,Colorado Do Oeste,0.685,0.584,0.676,0.814,0.51,1.23,12.43,97.65,49.14,10.67,10.4,33.74,535.41,0.49,37.11,15.76,6.64,95.54,97.76,14.73
2010,11,1100072,Corumbiara,0.613,0.473,0.63,0.774,1.25,1.54,12.47,97.09,34.37,1.3,9.82,44.63,402.15,0.48,46.42,24.02,10.16,93.24,97.81,14.46
2010,11,1100080,Costa Marques,0.611,0.493,0.616,0.751,1.48,1.44,8.6,97.57,63.69,13.15,9.22,41.98,370.77,0.52,55.8,30.48,9.66,95.67,90.13,36.18
2010,11,1100098,Espigão D'Oeste,0.672,0.536,0.691,0.819,2.17,1.28,11.33,95.91,45.82,6.01,9.55,35.2,590.8,0.52,35.08,13.86,6.6,93.7,96.7,19.97
2010,11,1100106,Guajará-Mirim,0.657,0.519,0.663,0.823,2.2,1.77,8.06,93.13,51.67,9.26,8.17,30.54,494.69,0.54,43.92,23.47,10.38,93.26,97.71,43.4
2010,11,1100114,Jaru,0.689,0.577,0.687,0.825,1.66,1.27,10.66,97.77,67.63,8.81,9.42,34.02,575.14,0.49,32.12,13.78,4.32,97.09,99.4,19.09
2010,11,1100122,Ji-Paraná,0.714,0.617,0.728,0.81,1.35,1.0,7.79,96.56,57.19,7.85,9.95,25.07,743.35,0.53,26.26,8.56,2.67,97.81,99.35,23.3
2010,11,1100130,Machadinho D'Oeste,0.596,0.446,0.629,0.755,1.68,1.53,11.79,93.22,38.54,2.3,7.8,48.97,401.42,0.55,51.72,28.55,17.59,92.56,88.1,28.87
2010,11,1100148,Nova Brasilândia D'Oeste,0.643,0.524,0.664,0.763,0.78,1.21,11.25,97.48,56.82,7.51,9.44,37.74,499.59,0.56,46.94,23.16,10.3,94.07,94.95,20.31
2010,11,1100155,Ouro Preto Do Oeste,0.682,0.569,0.687,0.812,1.31,1.05,10.36,96.09,78.48,14.7,9.17,33.22,576.51,0.48,30.04,11.73,3.71,97.8,99.13,17.02
2010,11,1100189,Pimenta Bueno,0.71,0.613,0.726,0.803,0.96,0.77,8.35,97.68,65.65,11.94,9.08,25.78,734.76,0.54,25.37,9.33,2.29,97.21,99.0,21.55
2010,11,1100205,Porto Velho,0.736,0.638,0.764,0.819,1.85,1.28,5.1,94.52,67.26,15.32,8.99,19.05,929.19,0.56,21.78,7.95,2.64,92.87,98.2,36.73
2010,11,1100254,Presidente Médici,0.664,0.55,0.671,0.792,1.68,0.58,12.17,96.86,54.82,11.49,9.78,37.06,520.2,0.53,40.89,19.39,9.3,93.77,99.15,17.7
2010,11,1100262,Rio Crespo,0.643,0.513,0.637,0.813,0.35,1.04,13.29,97.72,59.47,2.02,9.03,38.3,420.61,0.58,54.28,28.5,16.85,97.99,96.42,27.09
2010,11,1100288,Rolim De Moura,0.7,0.598,0.709,0.808,1.39,1.03,9.04,97.86,56.35,7.64,9.9,30.06,657.65,0.53,31.34,10.77,3.96,97.4,99.24,20.06
2010,11,1100296,Santa Luzia D'Oeste,0.67,0.564,0.657,0.812,0.88,0.72,13.03,93.9,43.74,17.09,9.71,31.9,476.08,0.49,40.67,16.49,8.2,93.08,99.21,15.24
2010,11,1100304,Vilhena,0.731,0.659,0.734,0.808,0.91,0.93,6.08,97.82,78.73,13.91,10.55,22.75,768.98,0.5,22.39,6.37,2.1,98.16,98.29,21.21
2010,11,1100320,São Miguel Do Guaporé,0.646,0.537,0.644,0.781,1.13,1.08,10.81,97.97,42.71,4.58,9.72,39.1,440.6,0.62,53.28,33.34,21.83,97.43,96.7,24.35
2010,11,1100338,Nova Mamoré,0.587,0.424,0.619,0.769,3.18,1.6,13.07,92.8,42.87,3.18,7.7,48.87,377.34,0.52,52.95,28.2,11.73,93.81,91.43,31.45
2010,11,1100346,Alvorada D'Oeste,0.643,0.534,0.654,0.763,2.49,1.51,12.96,97.6,40.39,6.03,9.78,38.41,469.26,0.53,45.04,23.63,11.71,94.31,98.06,17.85
2010,11,1100379,Alto Alegre Dos Parecis,0.592,0.443,0.603,0.777,2.0,1.56,13.53,95.87,24.76,1.35,9.46,44.9,341.22,0.54,55.19,33.84,21.1,93.59,91.11,24.2
2010,11,1100403,Alto Paraíso,0.625,0.457,0.664,0.804,1.36,1.31,11.81,95.71,35.98,5.3,7.61,46.08,498.49,0.54,43.91,18.03,8.34,95.29,97.06,21.88
2010,11,1100452,Buritis,0.616,0.479,0.65,0.751,1.46,1.61,9.85,94.94,32.69,3.93,8.3,43.39,458.05,0.5,41.94,20.83,9.18,90.12,94.44,24.71
2010,11,1100502,Novo Horizonte Do Oeste,0.634,0.527,0.606,0.799,1.59,0.87,14.35,97.51,61.14,9.06,8.8,36.94,346.38,0.51,54.79,32.25,16.6,92.66,98.86,22.51
2010,11,1100601,Cacaulândia,0.646,0.506,0.664,0.801,2.04,1.15,13.22,95.47,59.76,0.87,9.44,45.52,499.93,0.56,45.4,22.02,8.8,93.68,94.16,26.48
2010,11,1100700,Campo Novo De Rondônia,0.593,0.404,0.667,0.772,2.11,0.88,12.31,90.64,26.95,8.23,7.86,50.08,507.69,0.67,54.43,31.24,15.58,91.75,84.79,26.32
2010,11,1100809,Candeias Do Jamari,0.649,0.512,0.652,0.819,2.52,1.81,10.98,95.74,65.41,10.31,8.19,34.45,463.63,0.47,38.44,15.8,7.14,95.88,95.28,40.29
2010,11,1100908,Castanheiras,0.658,0.547,0.65,0.803,0.33,1.61,14.29,97.99,36.62,0.0,9.96,38.86,455.53,0.5,41.69,21.08,12.02,95.22,97.44,20.52
2010,11,1100924,Chupinguaia,0.652,0.514,0.659,0.82,2.75,1.34,10.31,97.05,53.86,15.57,9.53,37.23,483.36,0.47,37.88,16.12,5.39,85.16,92.11,29.61
2010,11,1100940,Cujubim,0.612,0.439,0.663,0.789,3.31,1.77,11.94,94.4,41.93,6.53,8.01,48.36,495.31,0.52,40.1,19.56,9.04,94.18,91.47,33.65
2010,11,1101005,Governador Jorge Teixeira,0.596,0.444,0.627,0.762,0.77,0.58,13.35,93.59,39.08,8.13,9.0,47.75,396.36,0.55,53.67,27.2,11.52,94.71,94.34,23.3
2010,11,1101104,Itapuã Do Oeste,0.614,0.488,0.633,0.751,1.96,1.61,13.0,96.36,61.53,5.29,9.16,42.66,411.36,0.47,45.24,17.61,9.04,91.75,97.72,34.37
2010,11,1101203,Ministro Andreazza,0.638,0.518,0.647,0.776,0.45,1.23,12.67,95.47,46.35,4.76,8.95,36.88,448.38,0.54,47.9,26.14,12.76,92.14,97.85,19.99
2010,11,1101302,Mirante Da Serra,0.643,0.494,0.673,0.8,0.59,1.54,13.51,97.98,66.1,4.64,9.76,42.55,527.79,0.6,47.79,24.22,10.94,96.64,96.59,20.58
2010,11,1101401,Monte Negro,0.607,0.454,0.645,0.762,1.68,2.09,14.54,93.5,30.56,2.06,9.65,42.66,443.85,0.47,42.84,20.75,5.69,98.33,95.85,28.17
2010,11,1101435,Nova União,0.587,0.442,0.608,0.753,1.78,0.86,13.57,98.72,41.65,4.5,8.7,46.49,352.24,0.47,53.24,27.74,8.65,90.86,96.98,20.48
2010,11,1101450,Parecis,0.617,0.485,0.604,0.8,1.72,1.0,14.71,97.74,34.2,1.67,8.96,45.36,343.73,0.52,57.31,25.68,16.04,87.26,86.86,20.36
2010,11,1101468,Pimenteiras Do Oeste,0.665,0.545,0.662,0.816,1.43,0.73,9.56,93.83,52.96,1.49,9.52,35.56,493.67,0.49,38.18,18.52,8.68,96.71,95.07,26.07
2010,11,1101476,Primavera De Rondônia,0.641,0.512,0.645,0.799,1.83,0.88,13.42,98.62,66.08,22.37,9.65,41.02,442.61,0.52,46.87,25.19,11.45,96.29,96.79,22.7
2010,11,1101484,São Felipe D'Oeste,0.649,0.571,0.615,0.78,1.7,0.55,14.67,98.74,49.8,0.0,10.57,36.94,368.24,0.47,50.17,23.32,9.74,92.1,99.33,17.46
2010,11,1101492,São Francisco Do Guaporé,0.611,0.462,0.657,0.751,1.03,1.19,9.58,95.72,19.08,2.7,9.44,41.92,477.9,0.56,47.5,24.53,12.21,96.26,93.27,21.74
2010,11,1101500,Seringueiras,0.598,0.427,0.644,0.779,1.44,1.72,10.45,95.83,19.44,4.34,8.97,48.45,441.13,0.63,59.77,29.55,16.05,96.9,96.0,24.4
2010,11,1101559,Teixeirópolis,0.643,0.498,0.653,0.818,0.96,1.59,12.96,99.21,43.33,16.69,9.2,39.76,464.45,0.43,33.7,17.73,6.75,95.05,98.65,16.29
2010,11,1101609,Theobroma,0.589,0.434,0.622,0.757,2.11,2.63,15.13,98.35,39.15,5.7,8.14,50.41,382.6,0.57,54.11,32.94,20.54,96.15,95.37,21.4
2010,11,1101708,Urupá,0.609,0.471,0.621,0.772,1.81,1.33,14.26,96.56,47.47,13.47,8.92,45.01,380.5,0.51,50.6,26.03,13.61,93.24,96.94,19.71
2010,11,1101757,Vale Do Anari,0.584,0.421,0.626,0.756,1.95,1.98,15.12,94.85,18.97,0.0,8.4,50.36,394.02,0.57,57.32,32.09,17.42,93.37,89.36,22.22
2010,11,1101807,Vale Do Paraíso,0.627,0.485,0.641,0.792,1.27,0.71,12.87,97.48,37.84,11.13,9.28,40.79,432.03,0.59,55.91,30.25,15.79,96.71,98.1,14.29
2010,12,1200013,Acrelândia,0.604,0.466,0.584,0.808,3.03,2.63,15.64,95.11,48.19,16.13,7.35,44.54,303.76,0.54,64.18,36.56,18.09,93.87,94.56,41.61
2010,12,1200054,Assis Brasil,0.588,0.456,0.578,0.77,10.0,7.35,20.91,85.07,63.21,12.86,7.08,40.45,291.33,0.61,66.28,44.09,30.66,80.31,84.4,47.0
2010,12,1200104,Brasiléia,0.614,0.485,0.619,0.77,4.55,4.34,18.08,90.19,58.3,8.95,7.42,44.02,376.07,0.58,59.8,35.22,17.09,91.48,91.25,41.11
2010,12,1200138,Bujari,0.589,0.439,0.603,0.772,7.42,5.78,24.74,91.11,61.68,21.94,8.59,45.05,340.95,0.58,63.43,37.61,20.68,81.12,94.47,50.25
2010,12,1200179,Capixaba,0.575,0.398,0.601,0.794,4.96,3.99,21.79,92.6,53.45,5.04,7.47,49.48,336.17,0.56,59.5,35.0,17.89,86.19,93.98,48.48
2010,12,1200203,Cruzeiro Do Sul,0.664,0.582,0.648,0.776,4.03,3.03,18.52,94.87,74.69,16.45,9.13,30.17,450.06,0.64,56.4,34.51,18.08,79.14,94.73,45.0
2010,12,1200252,Epitaciolândia,0.653,0.553,0.654,0.771,3.58,3.58,16.31,93.68,72.23,8.48,8.85,37.07,467.83,0.6,52.89,29.44,13.02,89.66,93.75,38.98
2010,12,1200302,Feijó,0.539,0.388,0.559,0.723,16.58,11.97,34.72,82.92,54.79,8.34,7.03,57.76,259.43,0.68,75.28,54.93,36.51,69.53,65.41,62.56
2010,12,1200328,Jordão,0.469,0.283,0.499,0.731,17.31,9.28,26.87,71.26,35.33,14.23,5.73,65.8,178.03,0.71,81.69,69.69,49.17,46.28,41.83,68.55
2010,12,1200336,Mâncio Lima,0.625,0.546,0.58,0.77,9.47,5.56,23.79,94.91,76.22,21.18,9.49,31.72,295.5,0.61,68.67,45.68,28.99,80.26,85.34,50.03
2010,12,1200344,Manoel Urbano,0.551,0.373,0.586,0.767,19.77,14.86,32.5,77.99,54.19,11.83,5.88,52.04,307.7,0.59,64.89,38.12,25.44,80.41,76.99,55.35
2010,12,1200351,Marechal Thaumaturgo,0.501,0.361,0.479,0.726,17.68,11.31,34.38,90.82,58.33,19.85,7.52,58.25,157.27,0.59,82.84,63.82,39.31,50.76,51.51,63.63
2010,12,1200385,Plácido De Castro,0.622,0.517,0.593,0.786,3.91,3.92,18.45,93.6,71.34,11.29,8.72,40.42,321.16,0.55,62.29,36.79,18.76,91.46,98.57,43.73
2010,12,1200393,Porto Walter,0.532,0.397,0.521,0.726,23.56,12.52,34.22,93.26,60.08,12.64,7.79,54.43,204.19,0.61,76.87,53.25,34.92,44.36,69.39,68.08
2010,12,1200401,Rio Branco,0.727,0.661,0.729,0.798,2.48,1.81,9.03,95.08,72.38,9.77,9.72,19.97,744.67,0.59,35.25,14.38,4.85,94.09,99.34,39.42
2010,12,1200427,Rodrigues Alves,0.567,0.477,0.518,0.736,12.62,7.74,31.26,94.63,79.28,20.32,8.51,44.83,200.58,0.63,78.78,60.87,40.9,71.48,89.56,57.15
2010,12,1200435,Santa Rosa Do Purus,0.517,0.34,0.519,0.781,27.71,22.47,26.97,63.75,60.48,28.18,4.72,64.6,201.58,0.78,79.49,73.4,63.05,65.93,54.3,79.03
2010,12,1200450,Senador Guiomard,0.64,0.513,0.649,0.786,3.43,2.62,17.69,95.64,61.25,8.19,8.79,40.89,455.06,0.55,48.99,23.3,8.29,92.31,99.06,44.42
2010,12,1200500,Sena Madureira,0.603,0.456,0.593,0.81,10.67,7.61,24.75,85.41,46.44,5.52,7.56,47.51,320.8,0.54,58.9,37.59,21.19,82.48,82.95,52.76
2010,12,1200609,Tarauacá,0.539,0.392,0.554,0.72,13.67,8.02,31.09,85.57,39.36,4.69,7.19,52.3,251.53,0.65,73.09,54.76,34.59,60.4,70.47,64.5
2010,12,1200708,Xapuri,0.599,0.448,0.621,0.773,10.56,5.73,22.24,87.7,53.7,11.85,7.66,46.01,382.24,0.58,58.29,33.64,19.07,86.75,84.1,46.94
2010,12,1200807,Porto Acre,0.576,0.418,0.593,0.771,4.84,4.72,23.5,90.39,38.85,6.41,8.35,49.14,319.71,0.6,66.0,41.47,21.4,84.45,95.9,50.45
2010,13,1300029,Alvarães,0.527,0.377,0.499,0.778,11.53,7.55,20.55,75.29,52.68,9.96,5.96,50.36,178.67,0.58,81.17,60.76,30.88,48.93,94.36,72.73
2010,13,1300060,Amaturá,0.56,0.455,0.499,0.773,10.33,6.25,22.4,86.34,75.92,22.53,7.18,47.99,178.69,0.64,82.44,62.64,42.81,66.65,77.53,69.07
2010,13,1300086,Anamã,0.594,0.526,0.537,0.741,5.75,3.31,15.84,93.64,71.07,13.47,8.65,26.47,226.82,0.58,71.21,51.08,32.44,58.47,93.25,67.42
2010,13,1300102,Anori,0.561,0.433,0.54,0.757,12.96,7.7,19.62,84.92,62.79,3.59,7.27,43.02,229.94,0.6,74.62,52.29,32.25,66.86,88.44,65.45
2010,13,1300144,Apuí,0.637,0.54,0.621,0.772,2.45,1.81,10.77,93.37,81.41,14.96,8.74,40.71,380.62,0.56,56.97,26.84,16.56,86.73,82.12,44.68
2010,13,1300201,Atalaia Do Norte,0.45,0.259,0.481,0.733,31.05,22.9,35.5,65.53,48.34,5.39,4.63,64.21,159.21,0.65,83.46,63.67,44.75,36.29,60.84,69.88
2010,13,1300300,Autazes,0.577,0.446,0.539,0.799,9.94,5.47,15.76,94.61,75.14,14.15,8.11,40.74,228.43,0.59,73.21,51.58,34.3,57.01,81.35,67.07
2010,13,1300409,Barcelos,0.5,0.315,0.545,0.728,27.37,25.56,34.16,64.69,51.48,11.21,4.34,48.06,237.29,0.74,74.74,60.97,47.37,49.81,75.46,72.88
2010,13,1300508,Barreirinha,0.574,0.522,0.469,0.774,6.41,2.28,10.28,97.45,79.13,14.8,8.21,30.82,148.28,0.6,83.65,68.75,46.23,55.14,78.85,74.59
2010,13,1300607,Benjamin Constant,0.574,0.471,0.526,0.763,9.75,6.3,21.89,89.63,66.08,3.92,8.79,32.39,211.1,0.56,78.14,52.87,28.08,53.48,86.36,71.69
2010,13,1300631,Beruri,0.506,0.346,0.512,0.731,16.32,8.9,25.46,90.36,46.02,6.97,6.83,58.11,193.4,0.65,78.54,64.14,43.29,54.61,83.61,74.68
2010,13,1300680,Boa Vista Do Ramos,0.565,0.484,0.496,0.75,5.19,3.58,7.97,95.88,78.08,6.79,7.83,35.09,175.55,0.59,80.82,61.77,40.05,58.8,77.04,75.22
2010,13,1300706,Boca Do Acre,0.588,0.455,0.576,0.777,8.25,6.83,27.04,88.03,47.91,2.59,7.53,43.93,288.42,0.63,72.02,49.75,27.28,67.42,83.51,51.55
2010,13,1300805,Borba,0.56,0.425,0.532,0.776,9.85,5.31,15.8,91.25,69.4,9.24,7.92,46.21,219.83,0.64,76.04,56.26,36.98,54.65,81.19,74.85
2010,13,1300839,Caapiranga,0.569,0.436,0.544,0.775,7.47,5.74,15.07,89.44,75.69,18.07,7.77,44.27,235.49,0.58,71.15,50.44,29.67,29.69,91.4,65.16
2010,13,1300904,Canutama,0.53,0.379,0.522,0.752,15.57,11.25,29.53,87.62,60.33,9.62,6.86,49.48,206.44,0.61,77.38,57.35,34.1,73.71,79.38,51.74
2010,13,1301001,Carauari,0.549,0.416,0.534,0.745,9.28,5.34,28.03,90.22,54.2,2.37,7.22,44.24,222.32,0.54,75.35,48.31,23.92,64.62,92.57,59.13
2010,13,1301100,Careiro,0.557,0.431,0.515,0.779,5.81,3.55,13.72,88.64,51.74,9.19,7.91,44.2,197.06,0.66,76.77,60.88,41.27,56.5,88.45,68.87
2010,13,1301159,Careiro Da Várzea,0.568,0.45,0.523,0.779,5.92,3.93,16.46,94.85,69.3,9.31,7.62,43.52,207.18,0.57,75.23,54.97,30.36,14.95,88.19,49.87
2010,13,1301209,Coari,0.586,0.425,0.606,0.78,9.81,4.86,17.02,86.83,48.5,8.28,7.65,41.37,347.2,0.64,63.59,40.38,21.98,32.29,88.37,65.54
2010,13,1301308,Codajás,0.563,0.421,0.546,0.775,9.05,6.61,18.71,83.68,44.4,5.47,7.94,42.38,239.64,0.61,77.17,54.32,29.32,63.71,92.78,68.04
2010,13,1301407,Eirunepé,0.563,0.431,0.548,0.756,18.98,11.96,32.99,90.67,65.94,8.12,7.73,49.18,241.86,0.62,74.5,55.41,32.2,52.29,82.73,53.4
2010,13,1301506,Envira,0.509,0.349,0.521,0.727,19.76,16.85,32.75,83.88,58.91,12.01,6.33,56.71,204.98,0.64,80.07,57.67,35.87,44.82,73.34,55.43
2010,13,1301605,Fonte Boa,0.53,0.4,0.518,0.719,14.56,10.46,24.69,84.83,67.73,17.25,7.37,49.88,200.4,0.62,78.03,59.94,37.8,67.64,88.32,72.65
2010,13,1301654,Guajará,0.532,0.387,0.51,0.762,11.82,8.35,31.5,93.08,70.94,11.26,6.97,58.2,191.04,0.74,83.14,67.87,51.48,62.11,66.5,66.36
2010,13,1301704,Humaitá,0.605,0.451,0.621,0.791,7.77,4.5,16.95,90.42,51.33,5.43,7.53,38.1,382.13,0.66,63.98,41.89,25.86,77.32,90.73,56.12
2010,13,1301803,Ipixuna,0.481,0.302,0.476,0.772,22.79,20.39,38.41,65.38,25.94,5.39,5.51,55.65,154.54,0.58,86.43,68.07,39.53,41.52,66.44,68.8
2010,13,1301852,Iranduba,0.613,0.476,0.607,0.799,6.77,3.7,13.24,93.43,71.3,8.83,8.12,39.99,349.23,0.56,59.84,34.86,16.69,70.95,94.68,62.14
2010,13,1301902,Itacoatiara,0.644,0.534,0.618,0.811,5.66,2.37,9.12,95.07,64.61,11.25,8.76,29.28,373.71,0.59,58.58,36.6,17.45,78.88,92.63,59.14
2010,13,1301951,Itamarati,0.477,0.266,0.529,0.772,24.74,16.01,37.73,81.01,47.75,22.35,5.84,71.73,214.95,0.8,88.6,74.2,55.51,52.1,69.27,59.27
2010,13,1302009,Itapiranga,0.654,0.594,0.594,0.792,2.72,2.29,8.45,95.12,72.61,9.41,8.16,25.45,321.94,0.67,69.41,49.37,27.79,82.78,89.43,61.75
2010,13,1302108,Japurá,0.522,0.345,0.552,0.748,22.99,18.48,27.92,80.79,78.88,38.16,6.09,54.8,248.6,0.59,80.03,52.07,22.55,48.06,86.57,73.99
2010,13,1302207,Juruá,0.522,0.376,0.538,0.704,22.88,15.18,33.72,90.09,76.05,21.24,6.02,56.11,227.39,0.6,76.19,56.2,32.23,47.97,89.02,67.17
2010,13,1302306,Jutaí,0.516,0.34,0.528,0.766,22.67,10.27,28.06,88.4,69.7,10.44,6.37,55.21,214.36,0.69,83.11,62.09,40.95,63.7,85.11,77.25
2010,13,1302405,Lábrea,0.531,0.374,0.538,0.744,10.54,8.12,28.55,85.71,50.27,4.63,7.01,54.3,227.62,0.59,73.07,52.41,33.28,48.22,79.79,59.85
2010,13,1302504,Manacapuru,0.614,0.481,0.604,0.795,5.22,3.19,15.55,92.33,37.93,6.14,8.63,33.14,342.58,0.56,61.05,35.47,16.16,70.31,90.08,64.38
2010,13,1302553,Manaquiri,0.596,0.51,0.556,0.748,5.16,3.32,10.63,95.52,82.34,11.24,8.15,39.94,254.15,0.57,73.87,50.5,21.99,41.09,75.21,66.25
2010,13,1302603,Manaus,0.737,0.658,0.738,0.826,2.79,1.38,3.78,94.16,73.97,13.11,9.51,14.01,790.27,0.61,33.5,12.9,3.75,89.65,99.63,50.19
2010,13,1302702,Manicoré,0.582,0.456,0.58,0.747,7.68,5.22,16.75,90.35,71.5,14.95,8.2,43.05,295.23,0.6,68.47,47.59,26.72,61.74,83.5,67.24
2010,13,1302801,Maraã,0.498,0.348,0.466,0.763,10.35,8.44,18.01,86.49,72.98,25.33,6.02,50.51,144.99,0.69,85.3,70.9,52.14,49.73,90.05,82.75
2010,13,1302900,Maués,0.588,0.464,0.549,0.8,6.21,3.05,10.28,93.67,71.41,8.59,9.26,37.5,244.3,0.64,76.2,54.17,34.31,53.85,76.82,71.87
2010,13,1303007,Nhamundá,0.586,0.503,0.513,0.779,2.44,1.77,8.94,94.06,56.89,9.49,8.85,34.17,195.12,0.65,78.54,62.76,43.78,47.52,80.17,66.54
2010,13,1303106,Nova Olinda Do Norte,0.558,0.412,0.541,0.78,7.15,4.23,12.82,91.58,68.29,14.26,6.99,43.79,232.07,0.63,75.71,58.68,33.18,55.94,67.19,75.07
2010,13,1303205,Novo Airão,0.57,0.434,0.551,0.776,8.97,6.42,15.52,83.9,60.81,10.21,7.37,46.75,246.44,0.59,69.78,47.65,30.88,65.45,86.35,69.66
2010,13,1303304,Novo Aripuanã,0.554,0.421,0.532,0.759,11.15,7.93,19.73,88.01,66.41,8.9,7.58,44.81,219.69,0.57,72.69,51.32,31.0,62.61,79.16,68.11
2010,13,1303403,Parintins,0.658,0.605,0.589,0.8,3.23,1.94,6.03,93.01,73.18,15.65,9.45,21.83,313.07,0.59,66.21,42.12,22.81,73.24,84.92,65.05
2010,13,1303502,Pauini,0.496,0.317,0.531,0.724,21.33,17.49,29.44,76.43,50.01,8.48,4.72,56.43,218.21,0.72,80.66,65.4,47.23,49.52,69.96,79.94
2010,13,1303536,Presidente Figueiredo,0.647,0.538,0.627,0.802,3.85,2.18,7.25,91.12,75.56,19.18,8.46,31.63,396.51,0.52,49.86,25.21,12.83,83.42,94.6,53.39
2010,13,1303569,Rio Preto Da Eva,0.611,0.493,0.59,0.785,4.53,2.39,11.25,90.1,60.66,11.52,8.49,31.43,315.24,0.55,59.58,35.59,18.28,79.11,96.48,57.89
2010,13,1303601,Santa Isabel Do Rio Negro,0.479,0.323,0.461,0.737,34.67,30.69,33.11,51.77,42.66,3.76,4.8,53.25,141.04,0.72,84.32,70.85,55.11,45.24,52.51,87.59
2010,13,1303700,Santo Antônio Do Içá,0.49,0.353,0.438,0.759,13.8,8.2,21.31,81.38,57.07,12.0,6.49,48.86,122.21,0.67,86.79,73.16,55.83,50.55,89.18,77.57
2010,13,1303809,São Gabriel Da Cachoeira,0.609,0.476,0.61,0.777,5.05,4.42,14.66,89.38,75.03,15.59,7.5,35.24,355.51,0.8,74.33,56.81,42.56,43.43,65.48,77.78
2010,13,1303908,São Paulo De Olivença,0.521,0.386,0.471,0.78,14.02,8.47,22.91,85.21,66.75,7.05,6.73,43.2,150.28,0.64,84.66,66.11,47.99,38.51,70.07,73.51
2010,13,1303957,São Sebastião Do Uatumã,0.577,0.464,0.561,0.739,6.12,2.85,10.16,93.26,59.9,5.16,8.01,26.89,262.79,0.58,72.94,46.65,20.35,68.33,75.85,73.32
2010,13,1304005,Silves,0.632,0.584,0.546,0.791,5.03,2.43,7.81,96.31,76.72,9.62,9.54,24.41,238.53,0.56,72.6,51.94,25.98,54.15,81.81,67.9
2010,13,1304062,Tabatinga,0.616,0.505,0.602,0.769,9.27,4.56,14.38,91.19,63.82,9.07,8.26,28.66,338.4,0.65,69.08,46.19,25.83,73.56,92.41,66.49
2010,13,1304104,Tapauá,0.502,0.355,0.512,0.694,19.98,11.86,30.86,79.47,57.87,12.06,6.35,52.84,193.97,0.6,76.76,58.07,39.66,47.23,80.77,63.26
2010,13,1304203,Tefé,0.639,0.511,0.637,0.801,5.09,3.29,14.21,93.86,62.99,8.2,8.49,32.79,421.41,0.62,59.83,34.38,15.15,79.11,96.39,65.68
2010,13,1304237,Tonantins,0.548,0.416,0.508,0.779,11.92,6.34,19.82,86.69,72.33,19.7,7.3,39.66,189.15,0.54,78.39,49.59,30.93,32.38,79.38,68.99
2010,13,1304260,Uarini,0.527,0.378,0.535,0.724,12.15,6.68,18.81,90.7,74.84,21.81,6.94,51.25,223.11,0.61,80.27,55.68,26.51,60.95,90.96,76.13
2010,13,1304302,Urucará,0.62,0.575,0.551,0.754,3.23,1.97,8.04,94.62,74.18,8.61,8.87,23.86,246.99,0.6,74.33,49.07,31.33,80.65,93.63,65.54
2010,13,1304401,Urucurituba,0.588,0.487,0.538,0.776,5.95,2.95,9.18,93.37,59.14,10.54,8.28,32.03,227.55,0.58,72.57,49.82,32.03,64.7,79.07,72.31
2010,14,1400027,Amajari,0.484,0.319,0.437,0.815,29.57,30.23,38.64,64.27,35.64,9.09,4.72,60.76,121.32,0.75,86.49,75.51,59.89,55.65,48.19,73.68
2010,14,1400050,Alto Alegre,0.542,0.379,0.518,0.813,38.98,33.53,40.06,56.01,48.34,7.23,5.66,56.46,201.32,0.73,76.79,61.63,51.42,65.14,54.83,68.01
2010,14,1400100,Boa Vista,0.752,0.708,0.737,0.816,1.83,1.36,5.83,96.63,76.09,16.44,9.5,13.09,786.55,0.58,32.27,13.61,5.03,98.7,99.29,44.85
2010,14,1400159,Bonfim,0.626,0.509,0.597,0.809,4.28,2.29,13.26,91.88,65.22,13.09,8.2,40.74,329.22,0.72,71.87,54.19,34.94,91.78,70.62,69.88
2010,14,1400175,Cantá,0.619,0.509,0.581,0.803,4.39,2.66,17.22,96.18,77.85,18.34,8.58,39.21,297.59,0.66,68.88,47.29,33.95,93.26,81.61,64.07
2010,14,1400209,Caracaraí,0.624,0.518,0.601,0.78,3.63,3.31,13.21,91.67,68.96,16.95,8.07,36.84,336.05,0.56,61.64,35.46,17.05,88.5,89.18,64.14
2010,14,1400233,Caroebe,0.639,0.549,0.6,0.791,2.1,1.47,12.18,97.07,79.18,5.13,9.57,35.52,334.97,0.55,61.05,36.44,14.79,94.48,93.27,45.95
2010,14,1400282,Iracema,0.582,0.434,0.56,0.81,22.73,18.0,30.23,76.68,65.51,20.2,7.45,46.96,261.18,0.62,67.8,47.85,36.27,80.99,76.84,57.71
2010,14,1400308,Mucajaí,0.665,0.547,0.661,0.813,4.95,4.41,17.2,92.55,72.34,13.88,8.38,35.66,487.66,0.71,60.16,37.16,22.23,94.38,91.56,52.22
2010,14,1400407,Normandia,0.594,0.502,0.52,0.801,3.99,2.81,12.28,87.35,67.39,27.77,7.52,34.56,203.43,0.7,77.36,64.43,47.59,65.16,53.71,82.4
2010,14,1400456,Pacaraima,0.65,0.558,0.624,0.788,3.84,2.49,9.79,93.01,79.66,25.46,8.52,31.69,388.35,0.74,67.64,51.71,39.16,79.57,74.53,69.2
2010,14,1400472,Rorainópolis,0.619,0.519,0.574,0.798,3.48,3.09,14.57,95.45,71.64,11.89,7.54,33.12,284.22,0.57,65.32,42.66,26.59,87.9,91.0,51.09
2010,14,1400506,São João Da Baliza,0.655,0.587,0.614,0.78,2.05,1.13,11.49,93.63,85.95,14.34,8.88,28.86,365.67,0.53,56.19,31.23,13.96,93.77,92.38,44.94
2010,14,1400605,São Luiz,0.649,0.574,0.605,0.788,2.44,1.79,12.2,92.02,82.38,18.35,8.18,25.82,344.73,0.55,60.11,33.52,18.06,94.87,96.51,41.44
2010,14,1400704,Uiramutã,0.453,0.276,0.439,0.766,11.18,8.72,28.34,60.21,41.57,7.9,4.73,64.5,123.16,0.78,86.91,78.59,69.67,47.3,27.41,88.64
2010,15,1500107,Abaetetuba,0.628,0.537,0.579,0.798,5.33,2.86,13.71,97.68,83.51,9.29,8.99,30.56,293.01,0.53,65.93,38.95,18.98,68.86,91.8,62.09
2010,15,1500131,Abel Figueiredo,0.622,0.481,0.625,0.8,2.66,3.04,17.76,97.6,89.4,16.47,8.51,42.15,390.12,0.57,58.48,31.19,9.38,91.76,95.97,38.23
2010,15,1500206,Acará,0.506,0.332,0.517,0.757,16.26,9.07,21.31,92.93,80.99,21.1,6.03,60.14,199.34,0.53,76.53,53.47,27.51,64.01,73.66,63.18
2010,15,1500305,Afuá,0.489,0.311,0.485,0.774,14.09,9.93,28.88,88.44,52.22,10.74,6.59,64.75,163.98,0.66,83.32,64.88,45.65,26.56,70.23,78.76
2010,15,1500347,Água Azul Do Norte,0.564,0.399,0.563,0.797,3.25,2.04,11.77,90.23,60.79,22.35,7.48,55.59,266.02,0.49,60.38,33.99,22.36,94.37,94.23,38.54
2010,15,1500404,Alenquer,0.564,0.436,0.529,0.779,7.77,3.94,15.6,95.63,82.03,13.67,7.82,49.32,215.33,0.58,75.77,52.34,34.14,79.14,73.7,61.79
2010,15,1500503,Almeirim,0.642,0.497,0.659,0.809,8.57,4.67,13.73,95.78,70.17,8.77,8.61,34.3,484.16,0.65,57.77,38.3,20.47,78.03,86.42,51.2
2010,15,1500602,Altamira,0.665,0.548,0.662,0.811,4.52,3.09,12.45,93.13,70.95,17.36,8.65,31.4,492.05,0.56,45.82,22.38,11.25,86.79,92.81,40.91
2010,15,1500701,Anajás,0.484,0.29,0.506,0.774,19.38,11.81,32.98,90.6,54.09,5.72,6.6,66.68,186.88,0.62,82.27,62.02,38.53,21.06,72.97,75.33
2010,15,1500800,Ananindeua,0.718,0.658,0.684,0.821,2.43,1.35,3.44,96.72,82.67,18.34,9.65,14.02,564.76,0.52,37.46,13.94,4.16,92.1,99.85,43.37
2010,15,1500859,Anapu,0.548,0.371,0.563,0.788,9.38,5.2,19.24,94.25,40.55,3.68,7.63,52.75,266.28,0.58,66.96,44.8,26.31,84.69,75.5,50.41
2010,15,1500909,Augusto Corrêa,0.52,0.38,0.48,0.772,10.98,6.87,26.26,93.58,57.09,7.28,7.46,53.57,159.05,0.56,81.91,62.59,40.76,82.76,90.35,55.27
2010,15,1500958,Aurora Do Pará,0.519,0.358,0.504,0.773,14.58,7.85,23.45,87.29,59.96,7.38,6.55,53.08,184.39,0.56,78.58,55.64,33.58,83.68,80.6,53.46
2010,15,1501006,Aveiro,0.541,0.45,0.47,0.748,5.44,3.74,13.71,96.14,65.42,11.15,7.82,43.43,148.71,0.6,84.82,65.69,41.63,66.97,76.24,62.65
2010,15,1501105,Bagre,0.471,0.28,0.481,0.777,20.02,10.38,23.98,82.68,48.17,9.84,5.57,63.74,159.41,0.48,85.93,59.68,28.34,43.17,64.35,81.17
2010,15,1501204,Baião,0.578,0.467,0.538,0.77,10.96,5.32,13.93,91.43,83.16,17.34,8.19,38.46,226.99,0.53,70.94,47.95,28.21,80.15,88.35,63.52
2010,15,1501253,Bannach,0.594,0.42,0.635,0.784,6.11,4.1,18.28,95.17,61.35,5.46,7.8,50.25,416.31,0.62,59.56,34.52,17.47,87.7,86.39,32.46
2010,15,1501303,Barcarena,0.662,0.564,0.643,0.801,4.36,2.44,8.52,97.29,76.2,13.18,8.93,23.73,437.43,0.55,49.56,26.03,10.49,82.0,96.48,51.4
2010,15,1501402,Belém,0.746,0.673,0.751,0.822,2.53,1.45,3.33,96.13,83.73,22.24,9.64,12.52,853.82,0.61,33.26,13.04,3.54,96.09,99.76,43.19
2010,15,1501451,Belterra,0.588,0.478,0.548,0.775,3.98,1.88,12.4,96.56,66.94,15.37,9.05,37.49,241.57,0.58,72.35,47.03,28.5,68.7,87.89,50.75
2010,15,1501501,Benevides,0.665,0.592,0.623,0.798,3.48,2.13,6.83,97.4,78.53,10.91,9.42,23.03,385.83,0.48,51.03,21.31,6.95,94.01,99.77,50.46
2010,15,1501576,Bom Jesus Do Tocantins,0.589,0.437,0.601,0.777,4.95,3.56,21.14,94.85,79.37,17.63,7.35,47.26,337.28,0.52,58.75,31.11,12.98,88.44,82.83,42.46
2010,15,1501600,Bonito,0.546,0.398,0.531,0.77,13.83,7.74,21.8,94.98,79.06,21.18,7.52,52.24,218.05,0.5,74.47,47.84,22.74,88.71,95.82,42.79
2010,15,1501709,Bragança,0.6,0.486,0.589,0.755,7.23,3.93,15.64,96.07,63.47,4.98,9.31,39.33,311.97,0.58,66.91,41.59,20.59,73.73,95.73,48.56
2010,15,1501725,Brasil Novo,0.613,0.451,0.632,0.809,5.07,5.28,17.83,93.44,68.16,19.5,8.68,47.52,408.55,0.67,61.82,41.29,26.63,81.02,85.9,35.9
2010,15,1501758,Brejo Grande Do Araguaia,0.591,0.473,0.588,0.743,5.24,2.98,19.79,94.57,84.22,20.99,8.38,37.99,310.08,0.57,64.88,40.26,20.34,93.36,90.16,36.62
2010,15,1501782,Breu Branco,0.568,0.422,0.555,0.781,7.63,3.95,20.26,96.03,83.13,6.23,8.03,48.49,252.31,0.53,71.34,43.11,20.91,88.19,97.4,53.72
2010,15,1501808,Breves,0.503,0.312,0.524,0.778,15.88,9.37,24.74,90.2,46.97,7.25,6.54,60.21,209.14,0.58,79.45,56.22,32.09,45.63,74.62,74.51
2010,15,1501907,Bujaru,0.552,0.437,0.495,0.779,8.5,4.47,14.57,91.87,64.65,15.27,7.65,43.21,174.18,0.52,81.17,54.0,31.25,73.37,81.41,63.07
2010,15,1501956,Cachoeira Do Piriá,0.473,0.303,0.449,0.779,16.4,9.65,28.83,89.5,65.34,15.73,6.67,67.68,130.4,0.58,89.24,67.43,43.93,71.32,65.68,58.42
2010,15,1502004,Cachoeira Do Arari,0.546,0.398,0.525,0.778,8.28,4.59,13.64,92.2,85.52,30.86,7.07,50.27,209.79,0.6,73.24,54.4,36.27,76.66,72.76,60.19
2010,15,1502103,Cametá,0.577,0.474,0.538,0.754,6.93,3.16,10.53,96.74,79.67,16.32,8.58,37.49,226.99,0.58,75.25,50.71,29.03,62.32,85.35,71.59
2010,15,1502152,Canaã Dos Carajás,0.673,0.569,0.67,0.801,3.96,2.59,9.93,97.8,78.75,7.61,9.35,29.89,517.33,0.55,45.63,20.83,8.24,94.89,98.59,36.0
2010,15,1502202,Capanema,0.655,0.58,0.61,0.794,5.41,2.78,13.81,97.55,89.54,22.48,9.6,27.9,356.27,0.53,56.52,30.91,14.23,90.45,99.0,32.96
2010,15,1502301,Capitão Poço,0.548,0.385,0.573,0.747,10.13,5.64,23.98,95.75,76.56,9.02,7.93,53.28,283.1,0.62,73.18,50.15,25.24,86.31,90.75,44.76
2010,15,1502400,Castanhal,0.673,0.582,0.654,0.8,3.06,1.81,7.81,95.41,69.72,8.75,9.91,24.58,467.32,0.54,48.59,22.93,7.15,92.91,99.51,41.74
2010,15,1502509,Chaves,0.453,0.234,0.516,0.769,18.84,12.34,27.07,79.69,55.04,10.32,4.95,70.07,198.83,0.67,78.69,63.04,43.41,27.88,62.55,72.7
2010,15,1502608,Colares,0.602,0.528,0.541,0.763,4.94,1.85,10.36,98.56,95.79,26.06,9.5,29.52,231.98,0.56,74.47,51.27,26.14,88.59,95.48,52.4
2010,15,1502707,Conceição Do Araguaia,0.64,0.54,0.631,0.77,3.99,2.62,14.32,95.72,57.15,6.66,9.31,32.69,405.29,0.54,50.74,27.91,11.78,89.89,88.52,30.76
2010,15,1502756,Concórdia Do Pará,0.566,0.438,0.56,0.741,9.43,5.43,20.42,96.96,95.33,19.51,7.89,39.41,260.68,0.5,69.47,38.98,15.39,82.49,91.68,55.67
2010,15,1502764,Cumaru Do Norte,0.55,0.33,0.635,0.795,16.16,13.05,25.2,85.37,53.86,9.86,6.97,57.8,417.06,0.64,56.77,36.37,24.58,80.98,71.58,46.25
2010,15,1502772,Curionópolis,0.636,0.536,0.592,0.809,3.93,2.67,17.98,97.37,86.97,14.68,9.43,33.13,319.35,0.54,62.14,34.88,18.69,69.93,99.22,40.55
2010,15,1502806,Curralinho,0.502,0.323,0.508,0.769,18.83,10.18,21.6,93.8,62.59,8.7,7.05,59.32,188.88,0.57,79.52,60.34,35.17,33.84,73.05,78.61
2010,15,1502855,Curuá,0.578,0.495,0.501,0.78,10.4,3.92,14.43,97.25,90.22,26.99,8.94,40.93,180.94,0.6,83.51,61.12,38.99,78.44,84.34,64.36
2010,15,1502905,Curuçá,0.582,0.48,0.542,0.758,5.94,2.45,10.83,96.99,82.32,9.68,8.16,34.3,233.96,0.56,73.92,50.49,27.54,91.51,98.63,47.34
2010,15,1502939,Dom Eliseu,0.615,0.502,0.606,0.763,3.88,2.39,17.67,95.69,74.74,11.31,8.46,39.62,348.04,0.52,61.28,28.87,8.74,83.71,96.18,42.32
2010,15,1502954,Eldorado Dos Carajás,0.56,0.405,0.572,0.757,7.28,4.55,21.29,93.41,67.37,6.07,7.99,54.19,281.12,0.57,67.97,44.12,20.35,91.16,90.13,40.1
2010,15,1503002,Faro,0.563,0.47,0.501,0.756,4.88,2.37,10.51,97.94,89.15,30.07,8.1,39.57,180.47,0.56,78.93,55.62,38.39,76.32,85.28,58.01
2010,15,1503044,Floresta Do Araguaia,0.583,0.437,0.573,0.792,5.21,4.11,18.76,94.88,56.33,6.66,7.98,46.53,283.57,0.62,69.03,46.37,29.23,68.6,81.47,36.03
2010,15,1503077,Garrafão Do Norte,0.526,0.353,0.54,0.763,19.78,11.03,30.5,94.17,79.77,21.05,7.0,56.63,229.91,0.55,75.18,49.27,24.06,80.5,79.33,52.33
2010,15,1503093,Goianésia Do Pará,0.56,0.404,0.585,0.743,7.99,5.79,22.67,93.63,84.4,15.41,7.3,51.42,303.9,0.54,63.51,35.6,16.34,85.42,97.16,43.21
2010,15,1503101,Gurupá,0.509,0.333,0.51,0.777,14.77,7.59,24.82,88.02,61.48,15.75,6.23,57.39,191.06,0.56,75.96,54.73,33.07,39.19,73.5,72.57
2010,15,1503200,Igarapé-Açu,0.595,0.49,0.579,0.743,6.74,3.85,15.57,96.23,78.5,14.02,8.47,37.46,293.71,0.56,68.84,42.96,17.77,85.97,94.98,46.38
2010,15,1503309,Igarapé-Miri,0.547,0.413,0.514,0.77,12.36,6.97,19.06,93.48,76.25,9.18,7.27,47.26,196.34,0.53,77.97,53.09,29.57,47.69,82.56,68.73
2010,15,1503408,Inhangapi,0.572,0.456,0.55,0.748,6.62,3.07,15.61,97.28,84.03,16.15,8.27,36.6,245.7,0.52,71.17,43.21,21.51,77.37,92.2,53.99
2010,15,1503457,Ipixuna Do Pará,0.489,0.304,0.508,0.757,7.69,5.88,22.82,74.8,48.82,13.08,6.21,62.21,188.48,0.57,79.43,52.27,30.85,76.56,77.37,57.74
2010,15,1503507,Irituia,0.559,0.427,0.536,0.763,6.11,3.95,19.65,97.32,79.96,7.12,8.19,45.67,224.25,0.58,76.39,53.19,29.98,82.58,91.26,53.84
2010,15,1503606,Itaituba,0.64,0.51,0.644,0.8,3.93,2.29,13.84,94.43,75.65,14.07,8.6,32.5,440.6,0.57,50.38,24.77,11.47,85.39,94.58,49.1
2010,15,1503705,Itupiranga,0.528,0.364,0.543,0.746,11.31,6.1,23.12,91.23,47.01,8.87,7.08,52.7,234.25,0.62,75.34,51.56,31.65,83.72,88.57,44.87
2010,15,1503754,Jacareacanga,0.505,0.279,0.577,0.8,13.15,7.5,27.41,90.14,67.4,22.57,5.91,55.87,289.16,0.69,68.61,52.6,42.41,68.44,85.15,76.4
2010,15,1503804,Jacundá,0.622,0.509,0.628,0.752,4.33,2.9,15.98,96.27,83.81,18.32,8.09,38.51,399.45,0.59,57.57,31.68,11.94,91.28,97.42,40.73
2010,15,1503903,Juruti,0.592,0.501,0.547,0.756,4.71,2.35,8.9,96.63,82.34,20.75,9.03,36.72,241.39,0.59,74.17,49.58,28.55,68.19,81.49,68.71
2010,15,1504000,Limoeiro Do Ajuru,0.541,0.425,0.493,0.754,9.55,4.43,14.75,97.66,81.92,14.08,7.79,49.05,172.12,0.58,80.77,63.67,38.31,24.73,79.52,75.51
2010,15,1504059,Mãe Do Rio,0.599,0.458,0.615,0.763,4.65,3.87,17.6,96.47,75.28,9.55,7.71,45.17,367.01,0.58,62.61,35.53,14.14,90.17,95.17,42.03
2010,15,1504109,Magalhães Barata,0.597,0.507,0.524,0.801,5.46,3.16,10.63,98.43,97.19,32.58,8.66,33.71,208.43,0.54,74.53,50.81,31.31,93.5,98.1,48.03
2010,15,1504208,Marabá,0.668,0.564,0.673,0.785,4.71,3.12,11.36,94.72,62.14,11.29,8.53,29.45,527.86,0.58,45.91,23.53,10.34,91.19,96.84,43.4
2010,15,1504307,Maracanã,0.57,0.454,0.534,0.764,6.55,2.49,12.0,98.12,85.87,23.33,8.49,43.17,221.89,0.59,76.97,54.06,31.11,80.26,92.3,53.11
2010,15,1504406,Marapanim,0.609,0.521,0.57,0.76,4.27,2.82,9.44,98.96,91.07,10.99,9.16,34.81,277.01,0.54,66.47,43.46,20.6,88.6,98.44,48.43
2010,15,1504422,Marituba,0.676,0.628,0.621,0.793,3.02,1.47,4.74,95.53,85.05,30.61,9.2,18.28,382.02,0.42,45.13,17.02,5.35,89.79,99.97,50.02
2010,15,1504455,Medicilândia,0.582,0.408,0.605,0.8,4.72,3.1,18.35,94.52,55.65,6.31,7.81,51.44,345.44,0.61,63.49,39.49,23.69,76.29,86.56,36.84
2010,15,1504505,Melgaço,0.418,0.207,0.454,0.776,27.57,17.79,36.68,85.35,44.02,8.36,5.51,77.89,135.21,0.55,89.26,73.43,43.92,21.93,64.06,86.43
2010,15,1504604,Mocajuba,0.575,0.467,0.539,0.754,8.66,3.33,10.92,96.49,91.13,18.78,8.07,41.92,229.18,0.58,78.65,56.69,28.12,76.1,83.19,65.91
2010,15,1504703,Moju,0.547,0.375,0.578,0.757,12.04,6.39,18.75,93.12,53.04,7.05,7.26,49.27,291.67,0.63,72.44,45.7,24.22,81.68,84.32,62.93
2010,15,1504802,Monte Alegre,0.589,0.495,0.541,0.764,6.05,2.89,14.27,96.11,78.33,17.42,8.8,40.01,231.65,0.59,73.56,51.73,31.58,79.96,82.69,50.12
2010,15,1504901,Muaná,0.547,0.391,0.54,0.775,8.19,3.68,13.01,92.6,42.88,3.76,7.8,48.87,230.14,0.56,75.81,52.07,24.12,51.45,76.73,72.67
2010,15,1504950,Nova Esperança Do Piriá,0.502,0.346,0.482,0.757,14.93,9.26,26.32,91.2,79.6,11.64,6.53,60.41,160.34,0.63,84.51,64.94,46.55,81.75,73.4,58.56
2010,15,1504976,Nova Ipixuna,0.581,0.435,0.59,0.766,5.95,4.14,21.91,95.11,63.42,6.02,7.73,47.63,315.1,0.59,67.93,44.7,18.07,87.59,93.88,41.03
2010,15,1505007,Nova Timboteua,0.609,0.507,0.564,0.791,6.66,3.85,20.06,97.62,88.95,15.91,8.72,35.72,267.59,0.52,65.35,41.2,20.78,90.57,91.6,39.62
2010,15,1505031,Novo Progresso,0.673,0.519,0.709,0.828,2.07,0.93,8.9,94.18,67.8,15.18,8.52,38.05,658.31,0.54,32.3,12.03,4.02,92.52,94.71,35.36
2010,15,1505064,Novo Repartimento,0.537,0.376,0.557,0.741,8.02,5.82,20.58,90.9,60.11,6.72,6.82,51.39,256.37,0.59,71.32,46.1,26.59,78.96,87.86,45.64
2010,15,1505106,Óbidos,0.594,0.499,0.556,0.756,7.23,3.59,12.68,95.38,82.72,16.47,8.89,38.59,255.03,0.59,74.44,48.27,24.98,63.35,77.46,57.4
2010,15,1505205,Oeiras Do Pará,0.507,0.344,0.502,0.754,15.02,8.12,18.43,95.6,65.93,13.48,7.46,60.29,181.86,0.56,79.4,59.37,35.57,67.95,74.52,74.47
2010,15,1505304,Oriximiná,0.623,0.52,0.599,0.778,5.66,3.23,11.47,96.34,77.26,8.97,9.32,35.68,332.29,0.64,68.05,46.08,26.43,54.63,86.22,60.33
2010,15,1505403,Ourém,0.568,0.438,0.575,0.727,7.43,3.98,20.61,97.36,80.56,15.78,8.43,46.22,285.61,0.62,72.19,48.02,25.23,87.49,97.4,37.63
2010,15,1505437,Ourilândia Do Norte,0.624,0.467,0.653,0.795,5.27,3.68,12.56,90.39,66.07,12.16,7.72,43.25,466.52,0.55,47.23,23.09,11.51,93.28,93.02,39.95
2010,15,1505486,Pacajá,0.515,0.338,0.541,0.746,10.5,5.65,21.53,93.04,32.92,1.82,6.55,57.23,231.91,0.65,75.86,55.04,38.87,79.89,72.7,46.5
2010,15,1505494,Palestina Do Pará,0.589,0.467,0.574,0.761,5.61,6.23,23.52,96.58,80.36,10.53,8.36,40.17,284.54,0.55,67.4,39.35,21.48,89.33,91.03,38.9
2010,15,1505502,Paragominas,0.645,0.514,0.667,0.781,3.51,2.8,12.93,95.89,65.08,8.74,8.52,35.77,507.16,0.6,51.97,24.5,7.49,93.2,98.67,45.76
2010,15,1505536,Parauapebas,0.715,0.644,0.701,0.809,3.26,1.97,8.11,95.83,76.43,11.62,9.26,20.41,627.61,0.53,34.69,13.17,4.42,93.58,99.8,46.62
2010,15,1505551,Pau D'Arco,0.574,0.443,0.571,0.748,6.69,4.36,22.46,95.46,61.65,13.35,8.29,43.74,279.72,0.51,63.12,38.62,21.56,70.6,91.55,35.11
2010,15,1505601,Peixe-Boi,0.581,0.478,0.543,0.754,7.39,4.22,22.16,95.48,85.32,9.85,8.65,45.68,234.4,0.55,71.19,47.64,28.09,90.31,91.9,39.98
2010,15,1505635,Piçarra,0.563,0.402,0.561,0.792,7.11,4.99,22.19,92.62,62.96,17.38,7.81,56.04,263.04,0.52,65.47,39.73,21.1,85.84,85.01,32.7
2010,15,1505650,Placas,0.552,0.404,0.541,0.77,4.78,3.66,17.12,92.01,39.81,2.01,8.33,49.4,231.94,0.59,76.36,53.83,29.33,76.33,71.98,48.09
2010,15,1505700,Ponta De Pedras,0.562,0.412,0.558,0.773,7.72,3.5,14.41,91.3,62.73,4.54,7.17,45.68,257.4,0.61,72.33,52.26,31.76,67.31,74.84,62.75
2010,15,1505809,Portel,0.483,0.286,0.513,0.767,20.34,12.28,30.1,89.68,56.81,16.16,6.19,68.95,195.22,0.64,80.46,60.55,39.4,62.51,71.78,78.34
2010,15,1505908,Porto De Moz,0.503,0.322,0.512,0.77,19.0,9.67,21.46,89.42,68.87,10.24,6.49,59.36,193.52,0.59,78.46,56.21,33.82,60.63,77.54,80.36
2010,15,1506005,Prainha,0.523,0.359,0.512,0.779,13.33,5.92,17.41,92.33,73.91,12.81,7.18,54.26,193.32,0.68,81.62,67.23,42.48,62.85,63.39,66.39
2010,15,1506104,Primavera,0.577,0.435,0.571,0.772,8.98,4.1,20.88,97.18,90.69,6.37,7.62,44.23,279.74,0.65,72.17,48.38,34.32,92.36,96.24,40.72
2010,15,1506112,Quatipuru,0.543,0.397,0.55,0.732,11.22,4.94,22.93,96.64,82.16,3.95,7.21,47.06,244.9,0.6,77.14,52.44,30.33,78.66,97.1,47.17
2010,15,1506138,Redenção,0.672,0.561,0.674,0.804,3.95,2.3,11.62,95.54,57.26,7.73,9.63,30.53,529.54,0.53,41.2,15.48,4.55,90.25,98.96,34.27
2010,15,1506161,Rio Maria,0.638,0.495,0.651,0.804,2.87,2.01,16.04,94.66,64.22,4.9,8.79,40.36,460.83,0.53,45.75,22.47,8.19,91.21,98.72,26.63
2010,15,1506187,Rondon Do Pará,0.602,0.457,0.606,0.788,5.11,3.83,20.07,91.83,63.58,10.63,8.15,44.85,346.74,0.54,60.53,30.0,14.11,84.44,89.83,39.79
2010,15,1506195,Rurópolis,0.548,0.392,0.548,0.764,5.13,3.23,17.78,87.01,65.44,10.95,6.5,50.39,242.49,0.57,73.89,48.07,24.43,79.87,62.89,44.84
2010,15,1506203,Salinópolis,0.647,0.541,0.628,0.798,3.59,2.45,11.05,97.26,85.53,15.59,9.17,27.81,398.58,0.52,53.2,27.12,9.8,91.51,99.23,52.22
2010,15,1506302,Salvaterra,0.608,0.488,0.58,0.793,4.15,2.43,9.04,97.88,91.72,10.89,8.6,34.18,296.28,0.57,67.15,42.33,23.43,96.19,96.93,48.97
2010,15,1506351,Santa Bárbara Do Pará,0.627,0.546,0.575,0.784,4.1,2.1,8.39,97.31,76.47,4.06,8.88,28.61,287.25,0.52,66.25,39.11,13.74,92.87,98.29,51.84
2010,15,1506401,Santa Cruz Do Arari,0.557,0.461,0.483,0.775,6.34,3.78,11.54,92.82,77.93,29.59,7.64,29.46,161.13,0.49,86.78,62.21,28.79,84.54,95.13,69.3
2010,15,1506500,Santa Isabel Do Pará,0.659,0.576,0.622,0.798,4.42,2.48,9.43,98.34,83.44,12.08,9.38,25.55,384.17,0.51,54.44,26.13,7.32,90.7,98.97,47.15
2010,15,1506559,Santa Luzia Do Pará,0.546,0.424,0.53,0.724,14.31,7.02,24.89,91.87,70.1,12.64,8.16,45.73,217.11,0.56,77.86,52.26,28.23,84.67,93.98,46.01
2010,15,1506583,Santa Maria Das Barreiras,0.544,0.37,0.555,0.783,6.33,5.69,18.65,93.65,49.89,3.88,7.36,58.09,253.55,0.56,69.3,44.03,27.83,88.35,77.51,37.58
2010,15,1506609,Santa Maria Do Pará,0.598,0.471,0.595,0.764,9.14,4.88,20.15,98.21,87.48,17.66,8.04,45.14,323.98,0.52,63.63,34.67,9.62,89.73,97.03,37.5
2010,15,1506708,Santana Do Araguaia,0.602,0.478,0.591,0.774,4.49,2.74,14.74,90.93,55.33,13.14,8.19,35.12,316.81,0.46,55.96,26.78,10.94,89.45,85.67,41.27
2010,15,1506807,Santarém,0.691,0.648,0.632,0.807,2.16,1.31,7.4,97.3,71.09,9.59,10.26,19.51,409.07,0.58,55.4,31.07,14.85,79.61,90.97,49.1
2010,15,1506906,Santarém Novo,0.587,0.502,0.52,0.774,5.58,3.05,17.2,98.54,77.41,2.53,8.35,33.99,203.0,0.56,79.53,55.9,29.2,85.65,97.81,44.99
2010,15,1507003,Santo Antônio Do Tauá,0.632,0.561,0.598,0.753,5.3,2.72,11.5,98.88,85.48,15.8,9.61,29.41,331.12,0.52,62.79,33.2,12.01,93.44,98.13,46.86
2010,15,1507102,São Caetano De Odivelas,0.585,0.473,0.552,0.767,6.33,3.32,11.34,96.16,92.33,17.54,8.97,38.83,247.8,0.48,69.96,43.12,17.27,89.79,98.59,51.34
2010,15,1507151,São Domingos Do Araguaia,0.594,0.451,0.629,0.738,7.66,4.47,19.7,96.12,73.77,9.99,8.08,40.12,400.66,0.59,60.51,30.7,12.52,94.05,90.26,37.14
2010,15,1507201,São Domingos Do Capim,0.532,0.382,0.509,0.773,14.11,4.42,21.67,96.36,70.74,6.62,7.35,49.76,189.39,0.6,81.11,60.67,36.22,68.89,73.16,62.95
2010,15,1507300,São Félix Do Xingu,0.594,0.411,0.638,0.798,6.31,3.82,11.59,77.95,50.43,14.06,6.45,44.62,423.85,0.62,54.07,32.79,21.25,89.01,83.19,33.19
2010,15,1507409,São Francisco Do Pará,0.608,0.502,0.571,0.785,4.8,2.57,15.91,97.7,67.86,9.3,9.51,37.85,279.19,0.48,65.06,35.45,14.22,87.27,98.71,46.19
2010,15,1507458,São Geraldo Do Araguaia,0.595,0.447,0.594,0.793,6.87,3.73,18.72,96.07,64.36,10.55,7.54,44.92,322.95,0.53,62.0,34.17,13.4,88.03,93.81,36.31
2010,15,1507466,São João Da Ponta,0.583,0.495,0.522,0.767,6.01,4.61,8.74,99.18,90.4,14.81,8.18,38.76,206.18,0.51,75.66,50.08,27.39,89.56,96.87,52.45
2010,15,1507474,São João De Pirabas,0.539,0.393,0.529,0.753,5.67,4.54,20.72,96.34,76.52,2.32,7.61,49.48,215.54,0.58,77.58,54.68,30.74,86.42,92.41,55.15
2010,15,1507508,São João Do Araguaia,0.55,0.424,0.53,0.741,9.61,6.51,24.76,91.63,77.65,19.76,7.3,48.06,216.86,0.55,74.15,48.84,26.18,80.31,86.53,49.06
2010,15,1507607,São Miguel Do Guamá,0.591,0.471,0.582,0.752,6.81,3.58,16.99,96.87,80.96,12.2,7.82,42.44,299.95,0.53,66.3,37.97,14.14,74.16,93.24,48.47
2010,15,1507706,São Sebastião Da Boa Vista,0.558,0.439,0.52,0.76,9.39,4.36,15.71,93.75,72.97,12.23,7.88,45.27,202.85,0.54,77.28,56.65,31.46,36.59,78.88,69.13
2010,15,1507755,Sapucaia,0.59,0.405,0.639,0.792,6.47,3.29,22.29,94.78,67.91,10.17,7.93,51.57,426.86,0.52,49.25,22.96,8.65,91.95,97.92,36.68
2010,15,1507805,Senador José Porfírio,0.514,0.338,0.533,0.754,6.38,5.12,22.71,92.35,62.49,7.26,7.56,62.44,219.97,0.54,77.73,53.06,25.82,75.2,69.84,56.49
2010,15,1507904,Soure,0.615,0.525,0.583,0.76,6.56,3.21,9.42,97.63,87.27,16.31,8.68,26.88,300.59,0.52,62.45,38.22,16.69,89.8,93.93,46.79
2010,15,1507953,Tailândia,0.588,0.45,0.583,0.776,4.96,3.18,13.52,89.71,60.62,13.16,7.74,39.42,300.85,0.52,66.19,33.6,11.99,95.47,97.87,63.63
2010,15,1507961,Terra Alta,0.605,0.536,0.555,0.743,4.8,2.47,9.63,97.38,82.46,8.77,8.99,31.7,252.51,0.54,71.27,44.56,21.84,94.07,96.83,47.69
2010,15,1507979,Terra Santa,0.635,0.558,0.602,0.763,2.11,1.56,8.47,97.03,84.45,9.56,9.33,24.37,338.44,0.58,65.01,38.14,14.91,85.35,89.93,60.86
2010,15,1508001,Tomé-Açu,0.586,0.424,0.596,0.798,6.07,4.03,16.07,95.56,71.48,10.55,8.32,45.55,326.18,0.54,63.98,33.93,12.7,87.72,88.16,51.44
2010,15,1508035,Tracuateua,0.531,0.376,0.514,0.776,11.98,6.67,21.44,95.6,67.3,6.55,7.79,51.91,195.97,0.59,81.34,57.89,32.91,73.62,87.47,51.06
2010,15,1508050,Trairão,0.562,0.392,0.594,0.763,3.78,3.55,19.76,94.32,68.45,11.43,7.28,50.81,322.61,0.55,57.99,35.18,21.86,76.93,78.99,48.2
2010,15,1508084,Tucumã,0.659,0.525,0.67,0.813,3.39,1.18,12.21,96.54,86.97,23.53,8.02,34.06,517.86,0.53,41.97,19.04,7.73,90.08,96.94,34.02
2010,15,1508100,Tucuruí,0.666,0.548,0.675,0.8,3.01,1.89,9.44,94.93,72.4,10.05,8.6,28.48,534.02,0.57,45.36,20.36,6.37,94.34,98.97,45.79
2010,15,1508126,Ulianópolis,0.604,0.425,0.682,0.759,4.31,3.28,15.0,82.73,66.04,13.31,6.9,47.43,558.72,0.7,58.24,27.74,11.7,85.58,88.89,60.35
2010,15,1508159,Uruará,0.589,0.42,0.609,0.798,4.92,3.29,15.11,92.08,51.17,7.43,7.81,43.82,353.67,0.57,55.73,34.51,20.27,79.48,77.79,44.67
2010,15,1508209,Vigia,0.617,0.516,0.594,0.768,4.26,2.67,10.03,97.28,81.08,10.34,8.75,35.93,323.12,0.5,58.65,32.74,11.22,90.41,99.23,51.83
2010,15,1508308,Viseu,0.515,0.366,0.482,0.776,12.62,8.14,22.2,94.87,76.04,11.58,6.97,55.6,160.09,0.62,84.66,65.78,44.66,77.42,90.73,55.24
2010,15,1508357,Vitória Do Xingu,0.596,0.451,0.594,0.792,5.71,4.63,16.09,94.19,73.09,8.88,8.41,43.25,323.18,0.6,65.86,42.76,18.88,80.48,85.37,58.06
2010,15,1508407,Xinguara,0.646,0.503,0.671,0.8,3.33,2.27,12.29,96.65,58.67,12.05,8.38,36.82,520.57,0.55,45.16,18.58,4.97,88.12,98.32,28.42
2010,16,1600055,Serra Do Navio,0.709,0.692,0.659,0.783,2.34,1.86,10.91,98.37,78.59,1.48,10.57,15.06,484.63,0.6,50.64,29.33,16.99,94.59,98.25,50.36
2010,16,1600105,Amapá,0.642,0.532,0.631,0.79,3.67,1.95,10.99,95.83,90.34,10.87,8.68,33.81,406.9,0.66,65.81,42.01,21.53,80.26,95.35,57.34
2010,16,1600154,Pedra Branca Do Amapari,0.626,0.502,0.628,0.779,12.07,6.55,16.98,92.08,65.34,3.25,7.5,39.07,397.98,0.61,59.06,36.14,19.65,80.56,84.87,63.13
2010,16,1600204,Calçoene,0.643,0.55,0.636,0.759,2.83,2.83,12.97,96.95,84.31,6.19,8.9,27.08,417.71,0.67,63.47,41.85,22.76,87.0,93.96,57.8
2010,16,1600212,Cutias,0.628,0.566,0.576,0.76,4.84,2.0,11.19,96.91,81.07,17.14,9.9,27.07,287.41,0.61,71.71,47.76,23.64,73.84,95.99,63.39
2010,16,1600238,Ferreira Gomes,0.656,0.542,0.635,0.82,4.86,3.99,13.46,96.17,79.64,11.03,9.05,27.74,416.72,0.6,59.25,33.75,14.94,77.82,95.57,56.28
2010,16,1600253,Itaubal,0.576,0.477,0.528,0.758,5.47,4.06,14.03,94.82,72.07,8.4,8.33,43.91,213.26,0.61,77.68,63.69,33.09,68.46,91.94,71.41
2010,16,1600279,Laranjal Do Jari,0.665,0.573,0.641,0.801,4.84,2.12,11.35,97.61,63.53,10.55,9.15,20.03,432.92,0.55,52.98,24.49,8.94,91.53,98.73,55.95
2010,16,1600303,Macapá,0.733,0.663,0.723,0.82,3.15,1.94,6.17,94.84,64.52,11.0,9.6,14.63,717.88,0.59,37.48,18.15,5.89,95.07,99.81,50.18
2010,16,1600402,Mazagão,0.592,0.449,0.609,0.758,6.36,5.49,21.27,92.85,68.52,15.16,8.3,41.6,353.61,0.65,64.48,43.51,24.89,62.42,85.86,66.86
2010,16,1600501,Oiapoque,0.658,0.527,0.693,0.779,3.24,2.5,9.05,95.99,78.01,19.67,8.55,28.77,598.38,0.69,51.02,31.24,21.31,84.3,95.52,63.01
2010,16,1600535,Porto Grande,0.64,0.554,0.61,0.777,5.07,3.13,12.78,97.78,77.02,5.5,9.29,27.87,356.65,0.56,58.21,35.58,18.0,84.5,94.51,56.12
2010,16,1600550,Pracuúba,0.614,0.544,0.539,0.79,4.99,2.23,11.79,98.67,84.78,6.0,9.71,28.58,228.81,0.65,77.46,55.75,37.72,95.26,98.25,66.13
2010,16,1600600,Santana,0.692,0.638,0.654,0.794,3.43,2.08,9.74,95.88,61.17,9.24,9.91,16.85,469.24,0.55,50.4,25.39,8.92,92.5,99.33,58.11
2010,16,1600709,Tartarugalzinho,0.592,0.473,0.553,0.794,6.95,2.46,16.7,94.27,62.21,5.83,8.51,39.67,250.2,0.65,73.12,56.61,36.87,81.57,90.14,65.28
2010,16,1600808,Vitória Do Jari,0.619,0.517,0.587,0.781,6.54,3.56,14.72,97.15,84.34,13.58,8.62,31.56,309.39,0.58,66.89,41.64,22.33,67.54,94.11,63.97
2010,17,1700251,Abreulândia,0.665,0.502,0.7,0.835,3.98,2.61,13.38,95.68,55.04,21.91,7.24,35.05,624.03,0.71,53.72,26.79,13.3,60.53,80.22,30.45
2010,17,1700301,Aguiarnópolis,0.657,0.571,0.618,0.804,2.74,5.64,17.15,96.86,64.99,5.39,8.93,28.93,374.27,0.48,54.11,22.35,6.95,93.34,97.77,43.69
2010,17,1700350,Aliança Do Tocantins,0.663,0.596,0.61,0.801,1.28,0.85,14.44,96.18,61.26,10.94,10.02,28.35,357.08,0.47,55.23,20.82,11.43,98.72,97.64,24.75
2010,17,1700400,Almas,0.636,0.524,0.616,0.796,4.01,2.44,21.72,94.4,73.44,9.68,9.09,39.17,369.39,0.57,60.14,34.89,15.32,93.17,88.62,32.29
2010,17,1700707,Alvorada,0.708,0.623,0.677,0.843,1.86,1.92,10.22,99.03,63.48,11.69,9.85,23.95,539.26,0.47,33.51,11.18,2.83,97.22,99.92,21.43
2010,17,1701002,Ananás,0.671,0.605,0.621,0.804,1.95,3.64,19.27,98.74,85.47,16.01,11.24,29.51,380.36,0.48,52.11,22.42,6.81,95.42,98.41,32.98
2010,17,1701051,Angico,0.648,0.612,0.576,0.773,1.92,2.17,17.21,99.43,85.89,2.51,10.71,28.89,288.86,0.47,62.42,29.18,13.51,88.95,98.24,33.77
2010,17,1701101,Aparecida Do Rio Negro,0.651,0.588,0.593,0.791,0.55,1.61,14.93,97.65,83.72,6.08,10.01,40.01,320.54,0.48,59.07,29.85,12.55,92.8,94.08,30.94
2010,17,1701309,Aragominas,0.593,0.461,0.611,0.739,2.97,3.08,23.8,97.17,54.8,2.21,9.2,44.63,357.45,0.54,54.79,33.63,17.63,79.42,98.02,31.59
2010,17,1701903,Araguacema,0.639,0.553,0.587,0.805,1.56,1.73,16.36,98.35,36.97,8.08,10.12,37.75,308.94,0.56,63.31,36.69,24.06,93.49,83.44,33.46
2010,17,1702000,Araguaçu,0.675,0.602,0.642,0.796,2.15,1.26,14.48,96.96,64.54,24.85,9.92,33.87,435.22,0.49,46.05,18.59,6.05,99.66,96.44,15.67
2010,17,1702109,Araguaína,0.752,0.712,0.727,0.821,2.03,1.15,8.58,97.54,87.72,22.9,10.05,16.41,737.63,0.56,30.6,11.18,2.91,97.76,98.97,31.09
2010,17,1702158,Araguanã,0.604,0.473,0.617,0.756,1.56,0.82,17.83,96.86,37.96,4.01,9.89,36.49,372.96,0.52,58.65,25.5,8.17,97.27,95.64,41.35
2010,17,1702208,Araguatins,0.631,0.525,0.604,0.793,4.0,2.71,19.77,95.52,39.9,7.91,9.62,35.46,342.07,0.57,63.75,36.03,19.69,88.75,93.25,40.67
2010,17,1702307,Arapoema,0.68,0.601,0.645,0.81,2.6,1.34,17.43,96.85,76.14,12.79,9.91,29.87,442.33,0.51,49.44,20.89,4.03,97.45,98.5,27.67
2010,17,1702406,Arraias,0.651,0.523,0.636,0.829,1.6,2.24,20.87,97.57,60.66,21.69,9.69,40.85,418.64,0.61,55.98,35.31,18.32,80.34,86.22,25.85
2010,17,1702554,Augustinópolis,0.67,0.619,0.614,0.793,2.17,1.57,22.29,97.13,79.34,9.58,10.53,26.59,364.32,0.52,58.67,28.83,9.01,94.03,96.53,34.21
2010,17,1702703,Aurora Do Tocantins,0.677,0.57,0.676,0.804,2.18,2.15,20.97,97.78,87.81,17.49,8.41,35.92,535.8,0.68,57.7,32.91,13.37,89.32,95.1,19.31
2010,17,1702901,Axixá Do Tocantins,0.627,0.566,0.595,0.733,3.92,2.62,23.95,98.99,92.28,30.2,10.11,33.0,324.56,0.5,57.6,32.65,16.48,97.96,96.37,40.54
2010,17,1703008,Babaçulândia,0.642,0.568,0.589,0.792,6.6,3.53,20.58,96.95,81.19,6.24,9.51,28.58,313.37,0.49,58.67,31.33,15.11,81.18,84.5,45.28
2010,17,1703057,Bandeirantes Do Tocantins,0.638,0.571,0.57,0.797,2.99,2.63,17.6,97.84,69.06,2.36,9.92,37.93,278.0,0.55,66.62,40.26,22.06,83.72,95.48,25.74
2010,17,1703073,Barra Do Ouro,0.603,0.517,0.557,0.76,6.64,2.91,22.53,96.89,82.4,8.27,9.18,34.19,256.28,0.55,66.31,45.73,28.37,87.18,83.65,43.54
2010,17,1703107,Barrolândia,0.642,0.541,0.6,0.817,3.99,1.74,15.96,95.65,57.61,0.0,9.52,39.67,335.26,0.44,52.84,29.67,10.56,91.73,96.88,28.91
2010,17,1703206,Bernardo Sayão,0.638,0.573,0.606,0.748,2.27,1.01,17.99,96.83,65.1,20.22,9.8,33.13,347.03,0.42,51.24,21.61,6.2,96.73,97.5,30.05
2010,17,1703305,Bom Jesus Do Tocantins,0.66,0.555,0.621,0.833,2.37,3.57,14.98,97.57,54.81,21.03,9.92,32.04,381.43,0.5,50.49,21.3,10.31,93.14,86.44,40.88
2010,17,1703602,Brasilândia Do Tocantins,0.684,0.601,0.64,0.831,0.0,1.42,16.82,98.71,92.25,36.34,10.06,34.51,428.48,0.53,49.79,21.03,9.07,98.69,94.34,29.87
2010,17,1703701,Brejinho De Nazaré,0.686,0.619,0.635,0.82,2.66,2.99,16.63,97.79,70.0,1.55,10.34,28.1,414.87,0.55,57.88,23.44,9.17,89.66,96.59,26.8
2010,17,1703800,Buriti Do Tocantins,0.627,0.601,0.575,0.713,2.83,2.53,22.36,95.79,84.12,12.88,9.79,23.2,287.05,0.56,71.67,40.34,19.26,98.33,96.26,48.53
2010,17,1703826,Cachoeirinha,0.627,0.59,0.548,0.762,1.79,0.66,18.2,98.73,61.85,1.73,10.77,29.87,241.7,0.47,65.84,41.05,18.58,90.54,97.4,47.73
2010,17,1703842,Campos Lindos,0.544,0.377,0.578,0.738,5.07,2.72,20.96,92.81,15.38,3.42,7.92,46.29,292.64,0.67,74.47,51.98,31.11,89.53,79.21,55.26
2010,17,1703867,Cariri Do Tocantins,0.662,0.549,0.639,0.826,1.9,0.46,14.43,99.32,57.38,0.0,9.38,30.41,425.49,0.46,41.52,17.69,5.8,97.67,96.99,25.42
2010,17,1703883,Carmolândia,0.64,0.521,0.621,0.81,2.3,1.16,19.02,98.74,87.08,31.42,9.39,34.52,382.31,0.48,49.03,23.69,6.67,98.19,98.86,26.19
2010,17,1703891,Carrasco Bonito,0.594,0.531,0.543,0.728,3.7,2.83,28.95,97.83,83.31,5.78,10.29,40.47,234.45,0.56,76.27,49.48,28.14,92.75,95.54,45.61
2010,17,1703909,Caseara,0.658,0.534,0.647,0.825,2.28,1.61,17.95,98.7,64.28,13.3,11.0,34.56,447.52,0.61,57.4,29.28,14.36,95.45,82.44,38.33
2010,17,1704105,Centenário,0.569,0.461,0.571,0.7,9.83,4.83,28.55,97.52,62.85,29.07,9.36,42.88,280.17,0.63,71.95,48.34,30.56,98.43,66.47,34.25
2010,17,1704600,Chapada De Areia,0.619,0.529,0.619,0.726,5.5,4.65,18.9,97.49,51.0,0.0,9.52,38.77,376.48,0.51,58.54,20.8,15.11,94.71,91.44,21.1
2010,17,1705102,Chapada Da Natividade,0.62,0.497,0.59,0.814,2.61,1.33,20.69,96.11,55.09,4.37,10.1,41.15,315.34,0.62,67.93,42.26,26.85,95.15,80.17,37.03
2010,17,1705508,Colinas Do Tocantins,0.701,0.614,0.69,0.814,2.03,2.37,12.02,97.69,81.29,25.25,9.52,29.14,587.11,0.56,40.86,17.38,4.55,98.48,98.19,26.45
2010,17,1705557,Combinado,0.697,0.639,0.649,0.815,1.31,1.15,18.29,98.59,86.57,16.58,11.17,29.14,455.39,0.52,48.46,23.2,4.18,93.18,96.66,17.12
2010,17,1705607,Conceição Do Tocantins,0.592,0.478,0.588,0.739,3.5,3.82,23.18,97.94,63.96,10.95,8.44,45.42,310.96,0.55,64.24,33.53,17.94,91.62,78.88,32.11
2010,17,1706001,Couto Magalhães,0.605,0.508,0.574,0.76,2.71,3.77,17.45,96.34,53.53,0.77,9.13,39.99,284.33,0.55,68.96,40.34,22.26,90.22,93.89,38.47
2010,17,1706100,Cristalândia,0.673,0.57,0.663,0.805,1.23,1.55,12.61,97.89,84.09,15.8,9.68,32.53,495.57,0.57,49.69,22.33,8.22,98.76,92.94,22.94
2010,17,1706258,Crixás Do Tocantins,0.644,0.555,0.603,0.798,0.78,1.52,10.67,100.0,79.86,2.09,9.46,35.53,341.27,0.48,51.46,25.73,15.07,98.98,89.33,27.58
2010,17,1706506,Darcinópolis,0.581,0.429,0.597,0.764,5.86,4.75,20.67,93.48,62.35,3.57,8.64,45.44,327.64,0.51,57.36,30.07,13.5,85.12,91.7,40.53
2010,17,1707009,Dianópolis,0.701,0.624,0.673,0.822,1.82,0.68,12.37,97.45,74.87,11.66,9.94,27.71,528.6,0.57,46.32,22.52,8.03,93.95,95.21,30.93
2010,17,1707108,Divinópolis Do Tocantins,0.683,0.585,0.667,0.816,2.09,2.2,16.43,97.43,83.74,15.64,9.97,34.5,507.04,0.64,53.85,26.67,13.42,98.92,90.61,23.74
2010,17,1707207,Dois Irmãos Do Tocantins,0.583,0.442,0.551,0.813,3.28,1.4,17.5,91.42,43.57,5.69,8.78,45.37,245.98,0.56,66.47,43.13,30.85,83.69,82.21,23.62
2010,17,1707306,Dueré,0.679,0.566,0.654,0.846,2.51,0.75,12.52,96.83,34.5,1.83,10.13,34.35,467.9,0.56,51.46,22.25,6.86,98.34,93.44,31.56
2010,17,1707405,Esperantina,0.57,0.524,0.495,0.715,3.32,2.87,22.67,97.66,83.9,17.81,10.26,40.14,174.51,0.55,81.74,58.86,36.37,94.89,95.86,52.0
2010,17,1707553,Fátima,0.697,0.638,0.653,0.813,3.92,0.44,14.92,98.24,89.21,8.45,10.16,28.29,464.94,0.56,49.93,22.14,7.95,99.03,97.46,24.9
2010,17,1707652,Figueirópolis,0.689,0.6,0.664,0.822,1.96,1.51,16.92,97.87,63.22,0.0,9.38,33.05,498.31,0.52,40.48,20.27,9.2,99.31,94.88,13.26
2010,17,1707702,Filadélfia,0.621,0.522,0.578,0.792,5.3,2.55,19.03,95.96,62.03,10.23,9.38,39.05,291.57,0.54,66.54,38.81,19.95,86.11,88.64,40.69
2010,17,1708205,Formoso Do Araguaia,0.67,0.587,0.64,0.801,2.55,2.32,12.89,97.57,58.3,3.25,9.16,30.02,429.17,0.52,48.66,22.09,12.31,97.72,96.56,28.54
2010,17,1708254,Fortaleza Do Tabocão,0.659,0.575,0.616,0.808,2.16,1.89,17.4,97.19,95.98,45.2,10.04,27.61,370.0,0.46,50.56,24.34,9.64,93.17,97.48,26.94
2010,17,1708304,Goianorte,0.621,0.497,0.598,0.805,6.51,3.47,16.77,98.84,42.28,4.02,8.9,45.11,329.64,0.54,61.0,33.53,15.9,93.32,87.22,24.93
2010,17,1709005,Goiatins,0.576,0.462,0.541,0.765,6.5,4.63,25.27,94.35,58.11,13.42,8.28,46.19,232.19,0.61,71.93,53.72,37.47,82.78,62.63,52.96
2010,17,1709302,Guaraí,0.741,0.67,0.724,0.839,1.89,1.68,11.23,98.59,78.19,8.91,10.08,21.75,722.83,0.61,38.82,15.09,4.21,95.4,99.52,25.43
2010,17,1709500,Gurupi,0.759,0.706,0.736,0.843,1.52,0.98,6.39,96.12,75.12,11.49,9.88,16.51,778.9,0.54,25.74,7.14,1.74,99.18,99.28,20.93
2010,17,1709807,Ipueiras,0.62,0.518,0.576,0.797,5.19,1.11,15.79,98.6,86.28,4.17,9.68,41.64,288.55,0.43,59.68,28.66,11.31,96.72,91.96,24.98
2010,17,1710508,Itacajá,0.612,0.491,0.585,0.798,9.66,7.73,18.24,94.83,44.93,1.29,8.91,42.52,304.55,0.58,65.28,40.07,25.42,89.95,74.49,38.08
2010,17,1710706,Itaguatins,0.616,0.511,0.572,0.799,6.07,5.63,24.79,94.92,84.08,16.58,9.46,43.32,281.62,0.57,65.87,43.77,23.75,88.27,90.14,41.46
2010,17,1710904,Itapiratins,0.601,0.446,0.611,0.796,2.1,1.28,19.09,97.19,40.75,18.02,9.81,48.0,357.54,0.52,55.6,30.78,13.87,80.98,78.99,35.56
2010,17,1711100,Itaporã Do Tocantins,0.65,0.531,0.613,0.842,2.97,1.92,18.83,97.2,34.54,1.6,9.68,39.51,363.13,0.44,51.72,19.48,5.56,97.05,95.57,21.77
2010,17,1711506,Jaú Do Tocantins,0.662,0.529,0.672,0.815,2.27,2.99,13.46,98.93,57.88,7.95,9.35,43.31,523.53,0.64,52.64,26.97,12.84,90.1,87.08,16.59
2010,17,1711803,Juarina,0.584,0.478,0.563,0.742,3.48,0.0,15.19,95.29,48.38,0.94,8.79,38.46,265.5,0.52,66.16,39.81,23.89,92.77,91.09,29.67
2010,17,1711902,Lagoa Da Confusão,0.627,0.496,0.63,0.787,8.63,5.23,13.48,88.55,48.9,8.0,7.9,35.48,404.61,0.51,50.23,24.83,7.39,89.25,85.86,47.33
2010,17,1711951,Lagoa Do Tocantins,0.579,0.471,0.543,0.758,7.71,4.4,22.58,97.79,71.44,16.6,8.3,42.73,235.28,0.6,74.48,52.69,33.42,94.44,88.27,46.44
2010,17,1712009,Lajeado,0.675,0.573,0.673,0.798,1.3,1.14,9.68,95.46,92.0,31.47,8.18,30.49,527.21,0.58,47.38,21.81,9.91,91.89,98.6,30.23
2010,17,1712157,Lavandeira,0.66,0.62,0.598,0.775,2.29,5.56,22.49,97.82,77.35,15.37,10.14,30.4,330.96,0.51,55.6,35.15,15.6,75.92,87.72,23.27
2010,17,1712405,Lizarda,0.57,0.415,0.584,0.765,6.35,5.98,22.36,95.91,26.37,7.79,9.06,49.91,302.83,0.74,74.72,59.39,48.36,79.68,72.7,38.05
2010,17,1712454,Luzinópolis,0.639,0.605,0.593,0.726,4.8,0.65,18.19,99.01,85.47,2.13,10.73,26.3,319.83,0.49,60.79,29.21,13.76,83.63,98.8,36.56
2010,17,1712504,Marianópolis Do Tocantins,0.631,0.504,0.63,0.792,5.44,2.4,17.97,98.43,60.93,20.6,9.39,39.51,403.96,0.53,49.21,26.53,11.5,98.58,94.55,32.58
2010,17,1712702,Mateiros,0.607,0.463,0.586,0.823,11.91,7.98,26.37,95.81,39.45,1.52,8.15,46.36,307.46,0.52,62.48,34.71,15.96,83.63,88.94,45.52
2010,17,1712801,Maurilândia Do Tocantins,0.58,0.498,0.542,0.724,4.01,4.76,23.61,97.85,60.53,5.64,8.83,41.89,233.68,0.52,70.87,43.96,25.93,88.71,95.77,42.22
2010,17,1713205,Miracema Do Tocantins,0.684,0.579,0.675,0.82,1.48,1.54,11.01,97.05,68.01,16.89,9.9,29.16,533.46,0.54,40.99,18.53,6.51,96.09,99.0,31.39
2010,17,1713304,Miranorte,0.662,0.571,0.633,0.804,1.39,2.22,13.75,97.03,42.59,7.59,9.49,31.33,410.45,0.48,46.55,20.53,8.31,97.1,98.27,24.39
2010,17,1713601,Monte Do Carmo,0.622,0.489,0.608,0.808,2.52,2.16,19.44,94.29,49.77,13.36,9.44,36.55,351.96,0.62,64.39,37.4,21.62,88.65,77.88,33.89
2010,17,1713700,Monte Santo Do Tocantins,0.62,0.547,0.572,0.76,0.55,0.85,16.31,97.22,60.99,1.32,9.48,39.21,280.98,0.48,60.49,35.39,17.83,90.96,94.04,22.3
2010,17,1713809,Palmeiras Do Tocantins,0.628,0.522,0.586,0.81,3.42,1.47,16.86,97.11,69.25,5.66,8.44,33.83,307.43,0.51,60.43,33.99,16.74,84.09,95.11,34.89
2010,17,1713957,Muricilândia,0.596,0.524,0.543,0.745,4.91,5.24,23.86,96.15,58.16,20.53,8.93,39.36,234.22,0.54,67.92,47.03,28.08,88.57,93.03,38.31
2010,17,1714203,Natividade,0.673,0.556,0.646,0.847,2.55,3.42,19.07,97.81,56.42,6.91,9.88,33.73,446.32,0.59,54.78,30.66,14.74,88.87,92.73,27.01
2010,17,1714302,Nazaré,0.643,0.576,0.584,0.792,1.75,2.85,20.92,98.64,87.53,9.34,10.39,30.37,302.39,0.52,62.75,32.26,17.81,92.64,98.63,24.02
2010,17,1714880,Nova Olinda,0.631,0.535,0.614,0.765,4.8,2.74,17.16,95.28,54.5,10.48,9.44,35.61,365.84,0.52,57.05,27.41,11.19,95.05,96.6,31.39
2010,17,1715002,Nova Rosalândia,0.661,0.628,0.582,0.791,1.85,1.56,15.36,98.2,75.32,30.42,10.69,24.72,299.38,0.52,63.67,33.45,23.45,98.77,99.18,25.67
2010,17,1715101,Novo Acordo,0.639,0.53,0.618,0.797,3.5,3.66,14.98,96.42,75.51,9.04,9.07,33.42,374.83,0.55,57.81,28.73,18.21,93.58,88.31,31.74
2010,17,1715150,Novo Alegre,0.699,0.654,0.642,0.812,0.51,0.0,13.78,99.12,94.58,26.19,11.04,23.84,433.31,0.52,51.58,24.37,8.86,84.62,94.04,19.68
2010,17,1715259,Novo Jardim,0.596,0.52,0.559,0.73,0.9,1.92,19.89,97.81,70.96,2.16,9.72,41.26,259.32,0.45,63.14,36.07,17.14,88.38,89.22,34.88
2010,17,1715507,Oliveira De Fátima,0.675,0.614,0.627,0.798,2.13,0.0,16.76,97.88,57.79,2.61,10.88,19.54,396.97,0.55,52.49,30.68,12.56,98.75,98.24,29.73
2010,17,1715705,Palmeirante,0.571,0.436,0.564,0.756,5.6,2.17,19.88,93.58,43.69,4.86,7.49,49.08,267.76,0.57,68.88,44.49,27.94,77.58,81.38,44.95
2010,17,1715754,Palmeirópolis,0.673,0.571,0.652,0.817,0.55,1.49,13.28,98.02,68.72,0.0,9.66,35.92,463.45,0.52,46.49,19.11,7.71,93.52,94.09,19.79
2010,17,1716109,Paraíso Do Tocantins,0.764,0.706,0.759,0.831,1.63,1.25,6.85,98.37,75.79,10.16,10.67,18.34,899.57,0.62,25.98,6.41,1.63,99.43,99.72,21.51
2010,17,1716208,Paranã,0.595,0.461,0.588,0.777,5.94,3.63,25.93,95.38,60.99,5.59,9.07,50.75,311.37,0.65,68.27,47.35,31.89,66.91,62.92,34.75
2010,17,1716307,Pau D'Arco,0.661,0.587,0.621,0.792,6.71,1.94,18.68,97.96,82.95,30.69,10.66,34.6,380.41,0.52,51.58,30.36,13.12,92.35,95.66,32.98
2010,17,1716505,Pedro Afonso,0.732,0.664,0.699,0.846,1.48,1.9,10.51,97.4,81.41,18.0,9.75,20.35,618.56,0.5,31.2,12.59,4.1,96.98,96.44,28.16
2010,17,1716604,Peixe,0.674,0.555,0.679,0.812,2.04,1.64,16.51,96.1,63.45,10.42,9.21,36.41,547.9,0.62,47.6,25.15,12.73,95.74,94.65,25.53
2010,17,1716653,Pequizeiro,0.627,0.518,0.589,0.806,1.35,1.35,19.67,99.35,67.37,17.7,10.48,45.97,313.34,0.47,60.88,27.04,9.4,89.43,95.71,33.74
2010,17,1716703,Colméia,0.671,0.574,0.645,0.816,2.79,2.3,18.97,98.26,80.9,9.28,10.78,38.41,442.96,0.5,46.34,20.86,4.81,93.95,95.95,20.6
2010,17,1717008,Pindorama Do Tocantins,0.605,0.521,0.579,0.733,3.75,2.73,14.79,94.98,53.99,5.57,9.13,39.11,293.47,0.56,66.93,41.73,23.32,94.69,81.14,34.33
2010,17,1717206,Piraquê,0.621,0.511,0.593,0.792,2.68,1.13,21.14,99.03,68.34,12.52,8.98,40.7,319.42,0.52,60.43,29.65,15.36,88.53,93.88,35.73
2010,17,1717503,Pium,0.65,0.527,0.633,0.822,4.78,4.44,19.37,92.82,47.24,15.96,8.89,38.85,411.25,0.52,49.8,24.21,8.95,92.79,80.65,31.53
2010,17,1717800,Ponte Alta Do Bom Jesus,0.603,0.455,0.589,0.82,2.7,3.09,25.2,96.6,55.62,10.31,9.43,46.36,313.2,0.63,67.41,47.55,31.17,62.29,88.53,21.12
2010,17,1717909,Ponte Alta Do Tocantins,0.624,0.531,0.587,0.779,3.81,2.08,16.62,95.02,39.29,2.42,9.07,36.95,308.4,0.55,65.06,38.4,19.53,89.5,80.21,28.47
2010,17,1718006,Porto Alegre Do Tocantins,0.645,0.584,0.586,0.785,2.8,2.51,19.87,98.47,78.18,22.6,9.43,36.84,305.98,0.51,55.21,36.12,17.42,85.75,90.68,35.77
2010,17,1718204,Porto Nacional,0.74,0.701,0.699,0.826,1.61,1.47,9.22,98.29,86.77,14.92,10.35,19.75,621.1,0.54,35.81,13.79,4.03,94.22,98.67,27.03
2010,17,1718303,Praia Norte,0.583,0.517,0.526,0.73,5.94,4.13,30.96,96.78,91.3,11.53,9.84,41.0,210.53,0.53,73.99,47.44,27.91,96.19,96.63,47.75
2010,17,1718402,Presidente Kennedy,0.669,0.582,0.628,0.82,2.01,2.03,16.35,98.6,71.02,3.36,11.53,33.3,398.02,0.51,55.94,23.96,4.65,91.73,97.48,28.14
2010,17,1718451,Pugmil,0.669,0.595,0.621,0.809,1.49,2.53,12.97,97.53,85.73,6.88,9.3,31.84,380.52,0.44,47.13,19.01,6.23,98.61,96.89,31.74
2010,17,1718501,Recursolândia,0.5,0.345,0.49,0.738,11.85,10.21,27.63,91.72,34.3,4.8,8.15,58.29,168.85,0.64,79.35,65.2,46.78,70.76,58.38,54.53
2010,17,1718550,Riachinho,0.572,0.49,0.503,0.76,3.51,2.57,22.56,98.17,82.57,11.53,9.24,44.9,182.97,0.53,77.57,50.83,35.04,91.3,83.51,41.62
2010,17,1718659,Rio Da Conceição,0.608,0.561,0.557,0.718,3.35,3.1,14.02,98.4,85.04,25.33,8.88,30.86,256.83,0.55,68.86,40.3,26.41,88.08,94.74,40.06
2010,17,1718709,Rio Dos Bois,0.616,0.501,0.588,0.795,3.45,3.92,19.25,98.07,78.52,14.53,9.26,40.71,310.91,0.48,60.07,28.6,15.8,82.34,89.66,29.51
2010,17,1718758,Rio Sono,0.6,0.482,0.574,0.779,2.98,2.12,19.89,96.09,51.13,10.07,9.47,42.27,285.17,0.59,67.67,45.36,27.2,88.04,64.17,40.65
2010,17,1718808,Sampaio,0.606,0.59,0.546,0.691,5.67,2.32,23.92,98.41,83.41,10.92,10.01,32.26,239.06,0.5,67.58,47.28,21.21,95.59,95.57,45.06
2010,17,1718840,Sandolândia,0.659,0.578,0.626,0.791,0.82,0.59,16.58,98.67,65.38,4.08,8.37,39.68,393.98,0.47,50.83,18.46,6.89,75.69,97.23,18.2
2010,17,1718865,Santa Fé Do Araguaia,0.616,0.482,0.604,0.804,5.91,2.92,19.69,92.42,47.27,21.45,8.82,37.19,342.15,0.54,60.15,31.68,15.21,93.85,96.82,41.46
2010,17,1718881,Santa Maria Do Tocantins,0.634,0.543,0.6,0.784,2.43,3.5,17.62,97.95,57.17,25.85,10.18,39.06,334.09,0.53,57.81,35.51,15.29,84.31,80.32,28.09
2010,17,1718899,Santa Rita Do Tocantins,0.651,0.527,0.63,0.83,2.62,0.0,14.99,95.01,48.77,1.7,9.75,35.52,402.99,0.53,55.52,24.57,9.14,90.24,78.03,24.55
2010,17,1718907,Santa Rosa Do Tocantins,0.595,0.471,0.574,0.78,1.3,0.36,17.72,97.0,43.65,9.08,10.11,44.1,284.63,0.54,66.42,39.15,22.74,89.4,81.25,31.67
2010,17,1719004,Santa Tereza Do Tocantins,0.662,0.575,0.618,0.817,2.52,2.91,14.57,97.08,51.07,0.0,9.85,33.09,373.96,0.47,51.76,19.51,7.81,93.95,92.74,32.29
2010,17,1720002,Santa Terezinha Do Tocantins,0.637,0.584,0.583,0.758,1.79,1.94,21.21,98.38,84.48,2.56,10.27,32.46,301.14,0.54,65.77,36.14,20.63,87.26,93.86,25.6
2010,17,1720101,São Bento Do Tocantins,0.605,0.506,0.595,0.736,5.17,2.39,19.66,96.44,32.23,2.41,10.17,33.24,324.27,0.56,64.01,32.66,18.2,84.56,90.93,42.67
2010,17,1720150,São Félix Do Tocantins,0.574,0.446,0.55,0.771,8.64,2.13,20.31,94.02,42.15,14.2,10.23,47.1,244.55,0.64,74.65,56.99,36.15,82.32,68.56,57.18
2010,17,1720200,São Miguel Do Tocantins,0.623,0.544,0.582,0.762,6.47,4.03,24.95,98.9,83.84,7.63,9.68,30.93,298.31,0.56,67.58,37.04,18.32,89.63,98.09,39.86
2010,17,1720259,São Salvador Do Tocantins,0.605,0.471,0.592,0.794,4.27,4.02,19.02,98.88,63.02,27.79,6.32,39.59,318.39,0.61,64.21,44.6,28.22,92.01,76.86,26.15
2010,17,1720309,São Sebastião Do Tocantins,0.573,0.487,0.516,0.748,7.27,5.19,25.75,96.59,87.06,33.4,9.08,41.25,198.01,0.55,77.93,53.58,29.96,82.67,93.42,43.58
2010,17,1720499,São Valério,0.643,0.539,0.605,0.814,2.89,1.04,20.01,96.18,46.65,5.55,10.25,33.77,344.49,0.56,63.92,34.58,17.2,93.9,86.69,29.58
2010,17,1720655,Silvanópolis,0.675,0.592,0.638,0.814,2.27,1.82,17.59,97.52,61.22,0.0,10.36,29.53,423.43,0.56,53.07,25.87,12.59,96.04,91.76,24.38
2010,17,1720804,Sítio Novo Do Tocantins,0.604,0.526,0.55,0.762,7.4,4.3,25.86,95.81,90.07,25.83,8.79,41.44,245.11,0.56,68.65,45.62,32.02,94.91,97.81,40.95
2010,17,1720853,Sucupira,0.667,0.599,0.623,0.794,0.69,3.13,15.26,98.08,94.0,6.98,10.2,35.66,386.22,0.5,51.97,22.02,7.45,97.64,97.67,26.26
2010,17,1720903,Taguatinga,0.634,0.497,0.628,0.818,2.64,1.9,19.2,96.64,48.99,4.85,8.52,41.29,399.35,0.64,62.22,38.45,21.96,80.05,92.57,24.65
2010,17,1720937,Taipas Do Tocantins,0.601,0.47,0.578,0.798,6.57,2.36,26.5,94.22,88.11,32.98,7.76,46.07,292.72,0.55,66.85,38.64,17.08,80.91,88.42,25.32
2010,17,1720978,Talismã,0.654,0.535,0.654,0.801,1.97,0.72,18.68,93.47,53.6,7.91,8.11,38.95,467.87,0.48,37.86,14.6,6.68,99.5,94.23,20.2
2010,17,1721000,Palmas,0.788,0.749,0.789,0.827,1.63,0.98,3.76,98.04,79.88,26.23,10.35,10.51,1087.35,0.58,21.7,6.91,1.52,99.16,99.81,30.29
2010,17,1721109,Tocantínia,0.589,0.459,0.57,0.782,10.96,7.58,20.17,85.66,43.36,16.56,7.79,38.91,277.25,0.62,68.93,49.36,32.5,81.04,92.21,57.44
2010,17,1721208,Tocantinópolis,0.681,0.623,0.634,0.801,4.72,3.52,15.69,98.75,81.28,19.61,9.88,23.96,414.08,0.52,53.78,24.43,10.17,93.82,98.39,34.64
2010,17,1721257,Tupirama,0.67,0.593,0.629,0.808,1.5,3.26,15.95,99.06,79.82,31.79,10.47,32.45,401.76,0.48,46.87,21.85,9.78,83.89,86.2,38.3
2010,17,1721307,Tupiratins,0.587,0.425,0.601,0.791,2.34,3.08,20.47,96.3,75.11,42.23,8.63,62.38,337.79,0.57,60.54,34.91,22.22,97.21,92.72,36.02
2010,17,1722081,Wanderlândia,0.638,0.561,0.619,0.748,2.97,2.65,18.92,96.02,85.2,22.55,10.08,32.39,376.35,0.51,55.33,27.35,8.79,92.38,94.27,40.86
2010,17,1722107,Xambioá,0.671,0.57,0.648,0.818,2.92,2.82,17.93,95.92,52.73,9.7,9.98,30.01,450.43,0.6,53.64,30.18,11.92,94.85,96.46,31.24
2010,21,2100055,Açailândia,0.672,0.602,0.643,0.785,4.0,2.77,17.69,97.72,86.27,8.16,9.34,30.05,438.56,0.56,53.86,25.17,10.12,89.57,99.34,38.91
2010,21,2100105,Afonso Cunha,0.529,0.434,0.471,0.725,6.97,5.11,34.64,96.56,89.03,11.28,8.62,51.2,149.78,0.59,82.32,66.8,45.54,67.77,97.2,61.48
2010,21,2100154,Água Doce Do Maranhão,0.5,0.363,0.494,0.697,14.36,9.62,36.03,98.29,96.32,20.27,8.07,59.27,172.55,0.59,79.64,59.52,39.02,86.73,97.78,34.78
2010,21,2100204,Alcântara,0.573,0.475,0.525,0.753,6.26,4.1,22.44,96.81,74.1,6.76,8.21,41.31,209.27,0.59,74.63,54.48,37.99,73.63,98.34,37.83
2010,21,2100303,Aldeias Altas,0.513,0.374,0.5,0.72,17.82,12.37,37.68,94.89,86.28,13.96,6.68,61.18,179.92,0.59,82.49,60.07,36.55,77.26,87.0,48.83
2010,21,2100402,Altamira Do Maranhão,0.549,0.473,0.486,0.719,11.57,5.56,32.98,91.52,86.88,25.59,8.75,44.25,164.24,0.52,80.55,55.51,36.66,88.24,97.75,43.44
2010,21,2100436,Alto Alegre Do Maranhão,0.554,0.444,0.516,0.744,7.27,5.3,29.28,95.54,77.35,14.75,8.64,49.95,198.43,0.51,75.95,50.64,27.6,84.36,98.28,51.11
2010,21,2100477,Alto Alegre Do Pindaré,0.558,0.483,0.465,0.774,5.88,4.48,32.25,96.73,92.24,24.82,9.8,46.67,144.91,0.57,86.17,64.61,42.95,92.99,94.4,50.17
2010,21,2100501,Alto Parnaíba,0.633,0.474,0.683,0.785,6.42,3.33,21.22,95.07,75.27,11.04,9.58,44.89,559.61,0.78,67.03,43.32,25.58,84.9,71.48,49.04
2010,21,2100550,Amapá Do Maranhão,0.52,0.406,0.503,0.688,13.74,7.73,33.27,98.07,87.76,18.47,8.36,52.6,182.63,0.57,80.3,58.52,37.78,86.03,98.76,48.24
2010,21,2100600,Amarante Do Maranhão,0.555,0.441,0.541,0.716,10.43,6.82,28.41,95.13,90.13,10.32,8.21,48.08,231.79,0.59,75.78,50.0,29.79,83.1,85.79,48.88
2010,21,2100709,Anajatuba,0.581,0.492,0.523,0.762,5.73,4.65,27.31,96.12,94.26,24.65,9.18,44.51,207.65,0.6,74.57,55.32,39.99,77.24,93.32,40.97
2010,21,2100808,Anapurus,0.581,0.502,0.511,0.764,12.95,7.59,29.9,97.98,94.01,18.47,10.1,34.3,192.8,0.54,77.09,54.45,32.99,93.3,96.96,42.87
2010,21,2100832,Apicum-Açu,0.568,0.483,0.529,0.718,6.12,2.91,18.69,96.78,92.25,22.11,9.68,38.49,215.17,0.52,76.5,51.98,24.7,86.43,97.93,50.61
2010,21,2100873,Araguanã,0.533,0.444,0.483,0.706,9.68,7.12,28.15,96.28,74.94,24.5,9.47,45.05,161.57,0.52,85.97,60.27,34.72,82.38,97.13,51.72
2010,21,2100907,Araioses,0.521,0.402,0.497,0.709,11.16,9.96,33.7,96.75,91.33,25.0,8.91,55.06,175.81,0.59,79.42,57.65,40.55,62.58,95.54,42.14
2010,21,2100956,Arame,0.512,0.365,0.525,0.701,13.77,9.65,33.02,89.84,84.86,14.07,6.87,57.19,210.09,0.72,83.15,64.91,44.31,76.23,95.75,51.97
2010,21,2101004,Arari,0.626,0.546,0.587,0.764,7.66,5.29,22.02,99.01,96.9,24.33,9.4,31.05,308.83,0.57,65.3,38.56,21.94,73.63,96.19,45.04
2010,21,2101103,Axixá,0.641,0.634,0.535,0.776,3.54,1.91,16.37,98.56,97.53,33.05,9.61,21.51,223.51,0.54,75.79,49.2,27.13,72.26,99.27,43.22
2010,21,2101202,Bacabal,0.651,0.591,0.619,0.753,5.88,4.21,21.4,97.18,85.22,18.69,9.79,31.33,375.57,0.55,58.35,29.79,12.93,90.81,99.23,42.86
2010,21,2101251,Bacabeira,0.629,0.58,0.558,0.768,5.08,3.58,18.3,98.36,76.02,3.84,9.44,25.04,257.4,0.54,69.99,41.72,21.44,69.48,92.33,48.43
2010,21,2101301,Bacuri,0.578,0.484,0.54,0.737,5.83,4.95,23.66,97.81,97.26,24.66,10.52,38.1,230.45,0.58,75.55,50.78,29.48,71.09,97.66,39.85
2010,21,2101350,Bacurituba,0.537,0.479,0.474,0.681,5.61,4.21,23.9,98.81,100.0,37.1,10.41,44.22,152.38,0.55,84.49,61.9,41.62,77.17,98.74,39.65
2010,21,2101400,Balsas,0.687,0.597,0.674,0.807,3.7,2.49,12.92,94.43,73.68,16.69,9.55,27.96,531.6,0.58,47.32,21.22,8.5,93.01,93.67,37.61
2010,21,2101509,Barão De Grajaú,0.592,0.484,0.578,0.743,3.92,3.72,22.7,95.79,83.91,7.37,8.82,43.74,292.55,0.52,61.38,37.68,20.75,81.42,95.97,33.42
2010,21,2101608,Barra Do Corda,0.606,0.498,0.585,0.763,7.39,5.14,27.71,95.81,90.35,17.97,8.95,44.34,305.61,0.62,67.13,44.97,26.21,73.48,97.14,38.49
2010,21,2101707,Barreirinhas,0.57,0.479,0.515,0.752,9.02,4.87,25.37,96.03,81.37,9.07,9.11,47.31,197.08,0.61,79.37,55.65,37.56,81.35,92.32,50.85
2010,21,2101731,Belágua,0.512,0.455,0.417,0.707,21.39,12.04,39.2,95.83,87.5,21.11,8.06,43.98,107.14,0.63,89.27,74.85,58.19,58.89,90.57,62.3
2010,21,2101772,Bela Vista Do Maranhão,0.554,0.45,0.515,0.735,11.73,7.33,29.44,98.54,92.94,15.63,9.23,48.08,197.65,0.5,78.95,51.65,24.23,94.22,99.27,48.5
2010,21,2101806,Benedito Leite,0.546,0.426,0.531,0.719,8.07,7.85,29.24,97.55,94.57,24.61,7.6,50.96,217.65,0.58,73.75,51.39,35.88,81.18,82.52,23.7
2010,21,2101905,Bequimão,0.601,0.561,0.51,0.757,4.66,3.19,24.22,95.69,84.0,12.76,8.61,34.04,190.84,0.55,77.31,52.52,34.72,78.29,97.47,26.72
2010,21,2101939,Bernardo Do Mearim,0.604,0.547,0.544,0.742,7.55,5.04,26.78,98.28,95.2,21.07,10.84,37.54,236.18,0.47,67.78,39.67,20.29,84.83,99.12,40.31
2010,21,2101970,Boa Vista Do Gurupi,0.545,0.461,0.515,0.681,6.29,5.17,23.74,97.71,86.15,10.27,9.38,47.15,196.78,0.52,78.03,54.35,27.77,93.51,96.72,57.47
2010,21,2102002,Bom Jardim,0.538,0.4,0.519,0.75,10.01,7.36,31.79,96.85,91.0,22.71,8.41,54.0,202.28,0.58,80.1,54.28,32.27,78.49,92.2,48.29
2010,21,2102036,Bom Jesus Das Selvas,0.558,0.431,0.537,0.751,12.22,7.78,27.35,88.75,79.85,24.23,8.22,48.11,226.09,0.62,75.92,51.02,34.87,68.73,89.17,58.43
2010,21,2102077,Bom Lugar,0.562,0.493,0.486,0.741,7.78,4.9,32.11,94.32,87.21,19.87,8.96,42.0,164.44,0.49,82.33,56.36,32.02,90.28,98.83,38.15
2010,21,2102101,Brejo,0.562,0.454,0.517,0.758,9.52,6.06,29.92,96.03,91.11,23.41,8.53,51.22,200.25,0.64,80.61,59.4,40.08,65.48,95.07,42.85
2010,21,2102150,Brejo De Areia,0.519,0.408,0.507,0.677,8.48,7.77,35.08,93.96,88.94,15.22,8.58,53.03,187.95,0.48,75.75,50.6,26.98,56.36,83.81,48.13
2010,21,2102200,Buriti,0.548,0.48,0.479,0.714,12.38,6.9,30.27,99.1,93.46,22.48,10.14,45.8,157.21,0.63,83.21,65.31,47.94,69.12,87.89,48.26
2010,21,2102309,Buriti Bravo,0.59,0.506,0.539,0.752,6.78,4.96,30.42,97.26,96.66,16.0,9.04,44.82,229.21,0.55,72.04,46.58,29.63,80.14,95.79,37.55
2010,21,2102325,Buriticupu,0.556,0.455,0.533,0.708,10.69,5.83,26.9,96.15,76.36,10.49,8.72,47.91,220.64,0.6,78.43,54.68,29.4,69.77,96.95,53.57
2010,21,2102358,Buritirana,0.583,0.505,0.54,0.725,7.01,5.6,28.45,98.01,90.82,24.2,10.27,42.37,230.11,0.5,71.17,45.3,23.52,94.17,97.38,38.72
2010,21,2102374,Cachoeira Grande,0.537,0.476,0.422,0.773,13.29,9.13,30.41,92.91,82.3,18.66,8.74,44.19,110.65,0.57,90.28,73.88,55.86,50.0,82.52,56.98
2010,21,2102408,Cajapió,0.553,0.505,0.466,0.72,15.14,8.82,25.58,97.22,97.8,21.98,9.02,38.66,145.01,0.57,85.6,64.11,45.03,67.92,93.47,50.09
2010,21,2102507,Cajari,0.523,0.421,0.456,0.747,11.59,6.9,21.74,96.4,82.36,5.99,7.61,51.2,136.39,0.63,86.38,68.86,51.36,56.62,93.71,60.98
2010,21,2102556,Campestre Do Maranhão,0.652,0.586,0.611,0.774,3.63,2.85,21.26,97.78,93.71,16.79,9.91,31.68,358.0,0.48,53.06,21.72,7.92,96.62,97.56,38.12
2010,21,2102606,Cândido Mendes,0.561,0.456,0.52,0.745,12.74,5.77,21.4,96.48,92.43,31.14,8.83,43.5,203.94,0.58,77.13,56.3,35.23,79.21,92.78,49.04
2010,21,2102705,Cantanhede,0.565,0.468,0.497,0.774,11.34,7.07,28.86,91.64,87.38,23.08,8.83,43.69,176.61,0.6,83.1,62.19,40.03,74.45,96.2,58.26
2010,21,2102754,Capinzal Do Norte,0.537,0.43,0.517,0.698,9.25,7.21,32.19,94.15,95.51,25.55,8.35,49.93,200.15,0.57,76.6,54.55,36.14,89.31,96.87,36.06
2010,21,2102804,Carolina,0.634,0.529,0.6,0.802,4.09,2.71,15.13,95.07,85.47,14.0,8.76,37.56,334.51,0.55,57.85,34.22,19.64,82.91,80.92,37.5
2010,21,2102903,Carutapera,0.574,0.476,0.533,0.747,5.62,4.25,19.64,98.22,94.33,24.68,9.72,41.27,220.91,0.54,71.45,52.0,27.76,79.55,97.97,50.95
2010,21,2103000,Caxias,0.624,0.543,0.595,0.753,8.14,5.29,25.75,95.21,75.13,17.25,9.66,37.07,324.9,0.55,62.48,35.21,17.21,85.0,96.71,38.73
2010,21,2103109,Cedral,0.605,0.57,0.52,0.748,4.77,2.27,17.14,97.92,98.94,16.17,9.22,28.35,202.86,0.56,79.3,57.46,31.59,91.11,99.58,41.52
2010,21,2103125,Central Do Maranhão,0.585,0.557,0.503,0.713,7.18,3.77,26.73,97.79,94.34,19.2,9.52,35.4,182.77,0.54,79.7,56.09,34.56,78.93,96.22,42.38
2010,21,2103158,Centro Do Guilherme,0.542,0.442,0.51,0.707,14.68,8.95,28.8,91.62,90.15,23.23,8.19,47.03,190.58,0.56,77.76,51.92,32.98,77.02,98.54,60.29
2010,21,2103174,Centro Novo Do Maranhão,0.518,0.382,0.508,0.717,10.39,7.54,25.34,87.69,79.16,21.79,7.66,54.75,188.88,0.56,78.45,53.65,35.33,78.89,82.55,54.37
2010,21,2103208,Chapadinha,0.604,0.517,0.554,0.77,9.1,5.08,25.42,92.62,81.0,9.44,8.72,42.81,251.75,0.59,72.05,48.38,29.79,71.3,93.68,47.49
2010,21,2103257,Cidelândia,0.6,0.529,0.562,0.728,6.94,3.8,24.29,98.91,93.73,20.31,9.67,39.52,263.53,0.47,64.37,36.27,16.72,92.43,98.29,39.29
2010,21,2103307,Codó,0.595,0.492,0.568,0.754,9.95,6.04,30.47,97.11,78.57,16.82,8.88,43.48,273.45,0.57,68.92,44.04,25.07,87.21,97.78,42.83
2010,21,2103406,Coelho Neto,0.564,0.454,0.544,0.728,7.83,4.97,28.95,96.53,73.79,8.63,8.28,44.82,236.47,0.54,73.62,47.3,23.04,93.95,96.69,49.01
2010,21,2103505,Colinas,0.596,0.524,0.571,0.709,11.65,7.19,29.83,97.16,87.33,8.46,9.2,42.35,279.81,0.63,71.52,48.71,30.88,72.78,95.95,43.48
2010,21,2103554,Conceição Do Lago-Açu,0.512,0.37,0.492,0.738,18.29,11.0,34.88,97.31,96.14,26.23,8.15,58.94,170.79,0.51,80.5,58.58,33.43,57.74,94.83,58.0
2010,21,2103604,Coroatá,0.576,0.475,0.545,0.737,7.09,5.8,32.2,95.92,86.14,13.03,9.35,47.55,237.3,0.58,73.19,49.57,31.93,91.32,95.27,43.58
2010,21,2103703,Cururupu,0.612,0.525,0.568,0.768,3.5,2.83,17.41,96.85,92.5,12.04,10.08,37.05,274.39,0.58,71.72,44.54,21.45,81.3,95.53,38.3
2010,21,2103752,Davinópolis,0.607,0.535,0.561,0.747,5.68,3.39,25.01,98.68,94.69,26.72,9.61,31.6,263.12,0.45,67.28,34.77,11.85,97.77,98.53,43.4
2010,21,2103802,Dom Pedro,0.622,0.545,0.582,0.759,4.24,3.41,24.23,96.49,92.42,17.71,8.9,40.41,298.33,0.48,62.06,33.56,14.32,94.21,99.12,36.09
2010,21,2103901,Duque Bacelar,0.533,0.451,0.485,0.693,15.14,7.21,31.97,95.76,91.31,31.1,8.82,45.79,163.87,0.6,81.63,63.58,41.83,76.61,93.7,55.39
2010,21,2104008,Esperantinópolis,0.586,0.503,0.561,0.713,8.53,5.43,30.88,97.19,92.71,20.31,9.82,39.43,262.41,0.59,72.09,46.89,27.04,85.17,98.11,36.71
2010,21,2104057,Estreito,0.659,0.536,0.666,0.8,8.0,4.24,15.18,93.37,73.37,9.66,7.73,31.42,503.29,0.56,46.88,22.67,10.52,95.08,96.67,36.12
2010,21,2104073,Feira Nova Do Maranhão,0.532,0.405,0.511,0.729,1.83,2.15,19.75,94.88,41.94,4.82,9.51,50.9,192.39,0.62,80.06,59.86,40.35,89.13,75.34,45.37
2010,21,2104081,Fernando Falcão,0.443,0.286,0.417,0.728,14.73,10.38,38.03,91.28,60.85,11.18,5.75,65.67,106.99,0.55,90.45,72.73,51.61,58.69,88.36,65.16
2010,21,2104099,Formosa Da Serra Negra,0.556,0.459,0.485,0.774,5.51,4.08,18.49,95.05,73.91,13.6,8.1,45.29,163.15,0.63,82.86,62.31,45.61,74.2,73.61,53.86
2010,21,2104107,Fortaleza Dos Nogueiras,0.616,0.534,0.566,0.773,1.85,1.82,15.94,97.64,93.4,21.77,8.65,35.47,271.6,0.53,64.9,38.76,22.48,87.72,89.85,40.87
2010,21,2104206,Fortuna,0.58,0.494,0.558,0.706,6.76,5.77,30.51,97.31,90.35,9.64,9.48,45.33,257.81,0.56,67.07,46.79,29.45,75.37,98.77,36.99
2010,21,2104305,Godofredo Viana,0.604,0.546,0.537,0.75,5.27,3.0,16.95,96.95,88.37,31.47,9.09,33.7,225.47,0.5,70.5,46.2,21.99,71.38,96.97,46.56
2010,21,2104404,Gonçalves Dias,0.568,0.445,0.542,0.758,12.25,8.65,34.75,96.85,91.88,18.2,8.86,48.85,233.2,0.59,72.79,53.83,34.03,85.06,96.25,40.63
2010,21,2104503,Governador Archer,0.565,0.481,0.545,0.687,7.39,5.72,31.48,96.63,92.51,32.81,9.3,49.17,237.47,0.55,72.31,47.57,26.16,89.25,98.51,45.86
2010,21,2104552,Governador Edison Lobão,0.629,0.552,0.589,0.764,4.98,1.78,19.63,97.65,81.05,11.2,9.52,35.54,312.56,0.46,60.96,28.48,9.25,93.83,96.65,42.39
2010,21,2104602,Governador Eugênio Barros,0.572,0.462,0.55,0.736,14.07,9.52,35.9,98.54,92.14,12.09,9.75,47.54,245.38,0.58,73.37,48.32,29.5,91.19,97.3,43.29
2010,21,2104628,Governador Luiz Rocha,0.544,0.459,0.508,0.692,7.68,6.26,30.85,98.6,92.12,14.68,9.35,44.81,188.68,0.55,75.07,52.7,37.56,94.4,97.6,41.17
2010,21,2104651,Governador Newton Bello,0.521,0.387,0.509,0.718,13.45,7.43,36.23,95.23,79.55,17.13,8.19,58.38,190.15,0.52,79.61,54.69,30.65,82.95,91.39,48.88
2010,21,2104677,Governador Nunes Freire,0.569,0.472,0.54,0.722,9.76,4.44,25.39,96.35,95.65,20.41,8.3,38.83,230.94,0.56,74.67,51.8,26.99,90.37,97.89,51.67
2010,21,2104701,Graça Aranha,0.57,0.459,0.538,0.748,8.41,6.29,30.1,97.27,92.48,17.1,8.55,47.14,227.51,0.53,72.32,46.2,30.44,96.05,99.02,33.63
2010,21,2104800,Grajaú,0.609,0.497,0.603,0.754,10.37,6.35,22.14,96.29,87.4,15.09,9.45,46.16,340.1,0.61,66.38,39.45,18.98,81.4,91.65,46.21
2010,21,2104909,Guimarães,0.625,0.592,0.535,0.772,3.44,1.99,15.79,93.78,95.03,29.77,9.84,25.78,223.14,0.56,73.69,50.94,30.96,84.82,97.8,36.95
2010,21,2105005,Humberto De Campos,0.535,0.455,0.443,0.759,10.23,5.66,23.6,96.98,87.02,21.86,9.46,43.15,125.91,0.64,89.03,71.22,53.44,75.93,93.25,55.74
2010,21,2105104,Icatu,0.546,0.472,0.475,0.727,3.89,2.51,22.13,94.93,78.63,14.97,9.75,44.83,154.09,0.59,81.44,63.72,43.21,54.36,94.09,51.98
2010,21,2105153,Igarapé Do Meio,0.569,0.506,0.53,0.687,11.37,5.66,28.4,96.64,96.9,25.21,9.02,37.73,216.25,0.5,74.47,45.84,24.65,92.54,99.01,46.18
2010,21,2105203,Igarapé Grande,0.614,0.536,0.578,0.747,6.74,4.98,28.55,98.71,87.4,19.28,9.96,36.14,292.16,0.52,67.24,36.57,15.75,87.71,98.43,32.92
2010,21,2105302,Imperatriz,0.731,0.698,0.697,0.803,3.03,1.77,10.87,98.4,94.24,30.48,9.9,16.78,613.87,0.56,38.33,14.35,3.51,96.58,99.9,32.87
2010,21,2105351,Itaipava Do Grajaú,0.518,0.419,0.456,0.726,14.89,8.96,34.13,96.99,89.59,13.25,8.82,51.54,136.77,0.55,85.61,64.21,45.49,82.8,95.45,53.05
2010,21,2105401,Itapecuru Mirim,0.599,0.539,0.534,0.747,7.0,4.43,27.09,94.21,86.06,22.29,9.59,38.88,221.87,0.56,75.32,49.69,30.38,76.9,96.26,46.18
2010,21,2105427,Itinga Do Maranhão,0.63,0.545,0.601,0.764,5.46,3.55,23.48,97.1,88.5,22.19,9.42,36.97,336.91,0.52,58.66,32.08,12.31,93.96,97.88,33.66
2010,21,2105450,Jatobá,0.561,0.481,0.522,0.702,9.13,6.78,32.4,97.87,92.73,28.4,10.14,42.79,206.58,0.57,76.08,52.13,36.01,94.39,97.51,38.53
2010,21,2105476,Jenipapo Dos Vieiras,0.49,0.346,0.445,0.766,18.81,12.91,34.07,80.65,58.44,13.74,6.75,57.66,127.24,0.67,86.0,70.33,54.26,75.15,94.24,55.05
2010,21,2105500,João Lisboa,0.641,0.573,0.585,0.785,6.61,3.53,22.32,99.29,98.38,23.13,9.35,30.96,303.91,0.44,57.28,27.23,10.77,94.3,99.79,37.46
2010,21,2105609,Joselândia,0.561,0.445,0.533,0.743,12.93,8.78,33.69,97.69,88.0,11.8,9.33,52.1,221.23,0.57,73.89,53.44,33.6,88.04,96.09,38.31
2010,21,2105658,Junco Do Maranhão,0.552,0.443,0.55,0.69,6.15,4.93,27.16,98.36,84.92,8.8,9.08,48.66,244.54,0.52,71.3,47.05,22.11,94.12,98.68,40.73
2010,21,2105708,Lago Da Pedra,0.589,0.502,0.561,0.724,10.61,6.75,30.58,97.72,86.12,14.43,9.53,41.89,263.13,0.55,70.17,43.06,21.54,80.59,96.47,44.21
2010,21,2105807,Lago Do Junco,0.581,0.492,0.537,0.741,6.95,5.07,32.97,94.53,76.68,13.98,9.78,44.67,226.69,0.6,76.25,55.4,32.17,87.74,99.12,43.03
2010,21,2105906,Lago Verde,0.557,0.466,0.508,0.731,9.46,4.8,33.02,97.15,94.71,24.41,8.54,45.79,188.31,0.51,80.71,53.97,28.41,75.05,95.35,55.41
2010,21,2105922,Lagoa Do Mato,0.566,0.475,0.525,0.726,6.36,3.87,33.04,97.67,94.32,25.16,9.52,45.55,210.29,0.52,69.85,48.76,31.48,81.93,95.53,38.73
2010,21,2105948,Lago Dos Rodrigues,0.602,0.534,0.555,0.737,5.11,5.21,30.06,97.33,85.0,22.49,10.19,37.2,252.89,0.47,68.05,39.36,16.05,94.57,98.96,33.6
2010,21,2105963,Lagoa Grande Do Maranhão,0.502,0.36,0.48,0.731,15.68,11.21,35.34,95.89,77.18,5.3,8.03,59.61,158.3,0.54,82.38,60.75,37.9,76.33,96.13,50.75
2010,21,2105989,Lajeado Novo,0.589,0.494,0.561,0.738,6.87,4.72,18.57,98.38,83.58,13.4,10.02,43.42,263.2,0.6,74.08,48.2,28.56,81.98,80.54,38.86
2010,21,2106003,Lima Campos,0.581,0.481,0.578,0.705,9.29,6.07,31.05,97.98,96.73,27.1,9.05,45.5,292.37,0.56,63.94,40.87,23.14,88.46,96.84,32.44
2010,21,2106102,Loreto,0.582,0.495,0.516,0.771,5.69,3.49,22.29,96.68,88.87,29.07,10.11,41.08,198.73,0.54,75.34,49.97,34.48,70.6,73.95,37.75
2010,21,2106201,Luís Domingues,0.588,0.512,0.541,0.734,5.81,5.27,19.44,98.09,82.93,28.01,9.13,37.56,232.06,0.6,73.72,53.38,33.85,80.59,97.7,50.28
2010,21,2106300,Magalhães De Almeida,0.567,0.499,0.502,0.729,11.2,6.34,30.45,97.11,93.5,19.3,9.19,41.12,181.73,0.59,79.71,57.66,39.39,87.66,99.14,45.47
2010,21,2106326,Maracaçumé,0.582,0.501,0.546,0.719,9.89,6.59,25.47,98.3,89.99,4.84,9.26,39.0,239.38,0.47,70.33,41.05,18.28,85.92,99.02,50.34
2010,21,2106359,Marajá Do Sena,0.452,0.299,0.4,0.774,19.57,15.53,39.98,91.26,87.59,16.2,6.62,69.91,96.25,0.62,91.57,78.23,60.72,58.67,57.49,64.77
2010,21,2106375,Maranhãozinho,0.55,0.465,0.497,0.719,12.99,8.95,27.58,89.93,83.94,20.12,8.5,40.6,176.36,0.51,79.06,54.95,30.36,88.43,96.1,48.55
2010,21,2106409,Mata Roma,0.57,0.494,0.483,0.776,12.2,8.35,28.48,96.35,84.68,16.54,9.4,39.66,161.49,0.57,81.58,58.31,39.4,81.51,96.38,46.21
2010,21,2106508,Matinha,0.619,0.56,0.579,0.731,7.79,4.7,18.79,96.83,95.69,14.56,9.65,32.67,294.51,0.64,74.43,47.31,27.83,80.61,99.22,38.85
2010,21,2106607,Matões,0.55,0.434,0.519,0.739,11.81,7.9,35.77,97.48,89.07,18.45,8.9,55.43,202.66,0.56,74.25,54.04,34.73,81.57,95.55,43.14
2010,21,2106631,Matões Do Norte,0.533,0.436,0.452,0.768,12.91,7.75,34.03,94.89,76.85,38.52,8.14,45.67,133.33,0.57,89.23,66.06,41.86,57.89,85.59,72.03
2010,21,2106672,Milagres Do Maranhão,0.527,0.413,0.465,0.764,13.39,8.88,35.38,97.49,89.63,15.15,8.51,58.29,144.42,0.54,83.74,64.26,43.45,76.32,92.48,44.23
2010,21,2106706,Mirador,0.545,0.451,0.485,0.74,12.56,8.94,29.53,96.12,90.96,21.51,8.47,49.16,163.97,0.64,82.46,64.64,50.29,56.16,79.89,43.11
2010,21,2106755,Miranda Do Norte,0.61,0.55,0.55,0.751,4.37,3.35,21.08,93.84,91.99,27.74,8.48,29.59,245.25,0.47,68.06,38.61,18.0,81.35,99.6,59.7
2010,21,2106805,Mirinzal,0.622,0.582,0.546,0.756,4.58,2.51,16.7,97.61,95.31,31.34,10.8,31.17,239.0,0.51,69.09,43.11,24.47,86.55,98.51,41.19
2010,21,2106904,Monção,0.546,0.464,0.499,0.704,10.62,7.71,27.56,97.21,89.6,24.67,8.76,47.52,178.1,0.52,80.39,55.01,30.98,81.12,95.88,52.67
2010,21,2107001,Montes Altos,0.575,0.486,0.534,0.732,4.93,3.92,19.77,97.65,87.32,13.15,8.64,40.53,221.57,0.56,73.81,47.9,33.15,87.35,87.07,46.09
2010,21,2107100,Morros,0.548,0.48,0.485,0.706,17.06,7.32,29.78,96.18,86.5,13.28,8.17,43.14,164.07,0.58,80.5,62.65,42.93,56.42,80.81,58.9
2010,21,2107209,Nina Rodrigues,0.585,0.547,0.474,0.774,12.3,7.2,28.43,95.55,80.89,19.79,8.98,33.68,152.75,0.62,83.38,66.3,46.2,65.24,95.58,65.74
2010,21,2107258,Nova Colinas,0.566,0.481,0.502,0.749,4.9,2.64,22.53,96.77,84.63,1.26,8.53,47.3,181.59,0.54,78.76,53.7,36.67,75.08,84.95,43.62
2010,21,2107308,Nova Iorque,0.584,0.489,0.558,0.729,9.62,4.89,30.8,97.41,88.15,25.08,10.08,42.83,257.61,0.53,67.31,41.97,24.85,63.79,86.94,34.18
2010,21,2107357,Nova Olinda Do Maranhão,0.581,0.484,0.536,0.755,3.76,2.81,27.87,98.12,92.79,34.56,9.59,40.36,225.16,0.47,74.1,43.72,19.1,88.15,97.94,43.29
2010,21,2107407,Olho D'Água Das Cunhãs,0.589,0.491,0.551,0.754,12.67,7.34,34.43,95.66,88.28,23.28,9.27,44.54,247.36,0.53,70.77,43.49,23.16,82.66,97.84,36.71
2010,21,2107456,Olinda Nova Do Maranhão,0.575,0.531,0.495,0.724,10.14,3.71,25.88,98.07,89.85,11.26,9.61,34.43,173.63,0.6,79.71,60.42,44.77,85.15,98.3,45.42
2010,21,2107506,Paço Do Lumiar,0.724,0.739,0.646,0.796,2.96,1.45,5.76,95.97,95.3,26.77,9.84,10.8,444.5,0.49,44.76,19.04,7.77,73.65,99.76,42.6
2010,21,2107605,Palmeirândia,0.556,0.492,0.488,0.715,7.89,5.32,26.15,97.0,97.37,21.87,9.49,44.49,167.06,0.57,83.15,60.2,40.37,86.76,96.49,38.59
2010,21,2107704,Paraibano,0.58,0.473,0.572,0.723,4.05,5.02,30.64,95.96,98.21,28.46,9.2,43.11,281.23,0.54,64.81,41.77,23.72,73.94,96.52,36.28
2010,21,2107803,Parnarama,0.542,0.416,0.504,0.758,13.56,10.01,35.89,97.06,90.62,26.53,8.34,57.47,183.8,0.55,78.42,54.7,38.17,85.61,94.63,43.22
2010,21,2107902,Passagem Franca,0.532,0.401,0.525,0.717,11.04,9.66,35.41,97.04,97.41,30.03,8.15,60.61,210.4,0.55,74.47,50.54,31.68,83.54,96.43,36.89
2010,21,2108009,Pastos Bons,0.61,0.559,0.54,0.753,5.21,4.15,24.41,97.41,90.13,22.43,10.14,32.05,230.94,0.55,71.56,47.87,28.56,89.25,95.55,37.86
2010,21,2108058,Paulino Neves,0.561,0.511,0.481,0.72,10.32,7.16,30.06,97.85,95.53,23.19,10.11,39.63,159.46,0.62,83.14,63.86,46.26,78.71,73.0,53.72
2010,21,2108108,Paulo Ramos,0.549,0.447,0.546,0.677,14.35,8.74,36.33,97.81,96.2,24.97,9.12,51.36,239.23,0.58,74.97,49.3,26.77,80.85,93.72,45.72
2010,21,2108207,Pedreiras,0.682,0.621,0.644,0.792,4.89,2.97,19.23,97.45,94.32,22.76,10.04,28.3,441.42,0.59,54.25,28.4,12.11,89.43,99.7,31.16
2010,21,2108256,Pedro Do Rosário,0.516,0.415,0.475,0.696,14.89,7.76,28.65,98.07,92.08,21.59,8.36,51.74,154.0,0.58,83.77,64.9,42.76,77.99,94.06,50.83
2010,21,2108306,Penalva,0.554,0.472,0.519,0.693,7.96,4.31,20.8,97.76,88.99,24.32,8.56,44.61,201.99,0.51,76.08,48.09,28.63,73.89,93.73,50.44
2010,21,2108405,Peri Mirim,0.599,0.572,0.506,0.744,4.47,3.79,22.49,97.21,94.86,15.08,10.26,36.36,186.95,0.53,79.54,51.21,35.05,78.07,96.61,40.75
2010,21,2108454,Peritoró,0.564,0.464,0.499,0.774,14.2,8.6,36.67,95.49,87.1,14.18,9.24,49.95,178.51,0.6,82.16,61.02,39.96,73.65,97.08,44.37
2010,21,2108504,Pindaré-Mirim,0.633,0.592,0.568,0.755,6.66,3.17,20.06,98.03,96.16,39.79,9.83,26.81,274.84,0.51,65.83,42.06,18.31,85.58,99.14,43.59
2010,21,2108603,Pinheiro,0.637,0.579,0.579,0.771,5.57,3.65,17.8,96.61,95.06,25.47,9.67,30.98,292.88,0.51,61.35,36.43,19.22,81.09,98.36,32.86
2010,21,2108702,Pio Xii,0.541,0.408,0.535,0.727,10.94,9.75,31.5,94.8,92.29,17.8,7.93,52.92,223.37,0.53,74.32,47.24,27.79,84.78,98.16,45.02
2010,21,2108801,Pirapemas,0.576,0.514,0.501,0.741,11.3,6.86,30.09,93.75,81.4,27.56,9.97,41.31,181.05,0.6,79.42,59.87,40.84,75.56,90.71,51.81
2010,21,2108900,Poção De Pedras,0.576,0.481,0.543,0.732,8.01,5.37,31.61,97.52,97.63,25.87,9.97,45.57,234.72,0.54,71.36,46.16,27.78,80.43,97.19,35.23
2010,21,2109007,Porto Franco,0.684,0.606,0.664,0.796,3.85,1.91,15.4,97.68,90.4,20.24,9.46,28.54,497.56,0.57,47.8,23.3,9.32,91.59,96.29,35.81
2010,21,2109056,Porto Rico Do Maranhão,0.615,0.561,0.538,0.772,2.69,2.43,15.45,99.21,98.47,10.98,10.29,29.11,227.87,0.52,75.0,49.64,25.13,93.08,99.03,39.15
2010,21,2109106,Presidente Dutra,0.653,0.563,0.628,0.788,6.3,4.08,21.59,96.42,89.42,12.74,9.53,35.28,398.15,0.56,57.21,28.8,12.42,87.27,99.54,35.49
2010,21,2109205,Presidente Juscelino,0.563,0.532,0.452,0.743,9.22,4.69,28.34,98.33,82.64,17.99,8.53,36.5,133.03,0.61,85.89,68.31,51.89,44.07,93.06,57.71
2010,21,2109239,Presidente Médici,0.591,0.522,0.518,0.762,6.55,3.02,25.72,95.77,95.39,44.03,9.44,34.14,201.15,0.52,77.3,50.95,27.0,93.48,98.09,49.0
2010,21,2109270,Presidente Sarney,0.557,0.472,0.486,0.752,10.12,6.12,30.36,97.53,96.49,36.7,9.5,46.57,164.13,0.51,79.82,55.46,35.86,85.73,95.93,46.93
2010,21,2109304,Presidente Vargas,0.587,0.56,0.47,0.768,13.26,5.28,28.75,94.73,92.13,20.5,10.14,35.97,149.19,0.61,83.36,63.81,50.19,51.25,85.82,51.04
2010,21,2109403,Primeira Cruz,0.512,0.414,0.448,0.722,14.87,9.19,26.12,95.76,90.44,38.33,8.69,55.2,129.85,0.6,87.67,71.42,49.79,71.42,78.93,57.57
2010,21,2109452,Raposa,0.626,0.587,0.568,0.735,5.31,3.82,15.27,96.61,95.58,26.15,9.67,28.85,274.0,0.48,64.38,33.44,15.47,85.27,99.48,52.16
2010,21,2109502,Riachão,0.576,0.442,0.572,0.757,5.41,3.42,20.09,95.56,59.02,9.45,9.4,50.53,281.53,0.6,66.34,46.22,29.23,81.83,78.76,34.53
2010,21,2109551,Ribamar Fiquene,0.615,0.527,0.592,0.744,4.84,3.59,21.84,97.2,88.36,14.19,8.62,35.4,317.75,0.57,65.65,36.86,18.36,89.98,98.03,34.44
2010,21,2109601,Rosário,0.632,0.592,0.566,0.752,6.46,3.67,18.1,96.33,84.27,23.96,9.84,31.18,271.65,0.51,65.17,39.7,20.14,79.81,96.94,48.77
2010,21,2109700,Sambaíba,0.565,0.456,0.542,0.728,5.57,4.27,22.05,96.35,66.56,9.36,9.24,43.6,233.92,0.55,72.97,49.23,25.43,68.52,79.57,34.37
2010,21,2109759,Santa Filomena Do Maranhão,0.525,0.435,0.461,0.722,10.42,5.54,31.5,98.97,95.78,18.43,9.56,55.15,140.76,0.58,86.03,66.16,49.12,95.15,96.78,47.12
2010,21,2109809,Santa Helena,0.571,0.471,0.531,0.746,9.34,6.59,22.82,92.59,89.08,34.3,8.53,43.1,217.94,0.5,72.5,46.24,25.23,71.58,93.87,44.01
2010,21,2109908,Santa Inês,0.674,0.615,0.633,0.788,5.45,3.36,17.59,97.15,91.14,11.76,10.18,27.43,411.04,0.53,53.23,24.38,9.26,96.72,99.7,38.3
2010,21,2110005,Santa Luzia,0.55,0.452,0.525,0.7,10.55,7.18,33.3,94.97,86.12,12.62,9.55,50.15,210.3,0.58,77.94,51.91,33.69,78.21,92.73,50.14
2010,21,2110039,Santa Luzia Do Paruá,0.599,0.51,0.583,0.723,5.58,4.21,23.86,97.25,91.83,22.62,9.14,34.96,301.39,0.52,63.22,36.28,15.83,94.73,97.29,47.75
2010,21,2110104,Santa Quitéria Do Maranhão,0.555,0.458,0.49,0.76,14.88,9.57,32.83,95.6,92.13,14.71,8.34,45.91,168.77,0.51,80.09,57.13,33.72,74.43,94.46,50.21
2010,21,2110203,Santa Rita,0.609,0.551,0.553,0.743,7.38,4.36,22.12,97.46,93.7,24.0,9.54,33.33,249.26,0.53,67.24,44.19,27.0,77.57,97.57,46.56
2010,21,2110237,Santana Do Maranhão,0.51,0.394,0.445,0.758,6.66,4.6,34.33,95.75,85.51,16.04,8.03,49.83,127.77,0.57,86.87,70.94,47.14,88.71,96.75,52.85
2010,21,2110278,Santo Amaro Do Maranhão,0.518,0.416,0.454,0.738,5.72,3.3,24.54,94.07,86.8,28.21,7.95,47.79,135.04,0.62,87.67,69.53,50.78,80.52,88.57,65.31
2010,21,2110302,Santo Antônio Dos Lopes,0.566,0.465,0.547,0.714,7.41,4.41,30.57,98.2,95.56,26.88,8.51,42.08,240.2,0.57,72.7,47.84,28.46,80.82,96.24,39.88
2010,21,2110401,São Benedito Do Rio Preto,0.541,0.452,0.468,0.749,13.73,7.75,31.01,95.73,79.56,7.52,8.91,50.74,147.34,0.62,85.31,66.57,49.14,76.86,92.07,50.62
2010,21,2110500,São Bento,0.602,0.545,0.525,0.762,5.21,3.49,19.71,95.67,87.61,17.69,9.04,29.58,210.47,0.55,73.94,52.46,31.08,81.08,95.19,45.62
2010,21,2110609,São Bernardo,0.572,0.479,0.514,0.762,9.5,6.67,29.24,94.94,93.49,17.76,8.96,42.12,196.57,0.59,76.94,55.34,36.03,54.07,98.82,40.2
2010,21,2110658,São Domingos Do Azeitão,0.59,0.486,0.576,0.732,12.52,11.33,29.99,96.9,94.28,29.75,6.97,46.23,288.68,0.69,76.65,52.93,32.69,87.55,97.11,38.29
2010,21,2110708,São Domingos Do Maranhão,0.582,0.504,0.549,0.713,4.68,4.03,27.83,97.82,90.12,16.53,9.6,43.75,243.74,0.6,73.27,49.91,30.09,91.46,98.12,35.34
2010,21,2110807,São Félix De Balsas,0.557,0.43,0.517,0.778,7.52,8.95,29.59,95.88,77.07,5.31,8.25,47.78,199.47,0.57,73.3,55.13,35.58,24.59,78.48,24.51
2010,21,2110856,São Francisco Do Brejão,0.584,0.479,0.556,0.748,6.41,4.43,26.65,96.13,95.62,20.07,9.12,40.89,253.78,0.51,69.87,39.42,21.26,83.26,99.56,39.58
2010,21,2110906,São Francisco Do Maranhão,0.528,0.4,0.503,0.733,14.06,8.22,36.08,94.85,90.37,11.11,8.61,58.08,182.63,0.57,77.73,54.8,40.44,58.05,80.06,37.61
2010,21,2111003,São João Batista,0.598,0.577,0.493,0.752,4.76,3.78,22.03,96.94,93.54,29.69,9.76,31.04,171.53,0.63,84.89,61.22,45.59,65.75,97.7,54.94
2010,21,2111029,São João Do Carú,0.509,0.397,0.487,0.684,10.89,8.64,34.87,96.99,87.03,13.78,7.91,53.86,165.38,0.53,81.41,56.58,34.95,81.87,88.35,58.51
2010,21,2111052,São João Do Paraíso,0.609,0.542,0.554,0.753,8.09,4.09,21.15,98.02,73.65,7.66,9.37,38.24,251.04,0.53,70.54,43.8,22.29,81.11,76.05,45.59
2010,21,2111078,São João Do Soter,0.517,0.401,0.486,0.711,13.33,7.12,39.71,97.26,92.6,23.08,8.72,56.16,165.1,0.52,79.52,59.16,37.0,82.77,93.19,50.76
2010,21,2111102,São João Dos Patos,0.615,0.522,0.613,0.726,5.65,4.45,24.13,97.81,94.57,13.9,8.79,37.51,362.47,0.56,59.73,32.44,16.92,93.14,98.96,32.34
2010,21,2111201,São José De Ribamar,0.708,0.7,0.642,0.79,2.43,1.28,6.7,97.1,88.16,21.61,10.21,14.4,435.4,0.51,48.11,20.24,7.41,74.61,99.93,43.87
2010,21,2111250,São José Dos Basílios,0.557,0.48,0.501,0.719,10.56,4.8,32.47,97.64,94.21,25.87,9.21,39.68,180.77,0.55,78.77,54.45,37.54,90.1,97.93,41.08
2010,21,2111300,São Luís,0.768,0.752,0.741,0.813,2.37,1.35,4.65,96.77,93.27,27.69,9.84,10.52,805.36,0.61,35.27,13.81,4.53,83.18,99.89,36.37
2010,21,2111409,São Luís Gonzaga Do Maranhão,0.54,0.438,0.503,0.716,12.74,7.4,35.51,94.35,88.88,26.18,8.56,51.19,182.83,0.55,79.69,55.21,35.78,80.72,96.15,46.22
2010,21,2111508,São Mateus Do Maranhão,0.616,0.515,0.627,0.723,12.78,7.2,31.39,95.26,80.31,11.71,9.58,41.74,396.29,0.68,65.65,42.03,23.7,82.21,95.71,45.02
2010,21,2111532,São Pedro Da Água Branca,0.605,0.523,0.577,0.735,4.61,4.15,28.44,96.27,95.46,27.73,10.48,41.59,289.7,0.53,69.44,39.05,14.53,91.9,97.5,42.58
2010,21,2111573,São Pedro Dos Crentes,0.6,0.524,0.558,0.738,4.83,2.1,19.1,97.01,47.59,4.82,9.85,39.77,257.76,0.51,65.66,40.81,22.8,84.25,86.8,38.73
2010,21,2111607,São Raimundo Das Mangabeiras,0.61,0.521,0.583,0.749,3.52,2.35,20.24,98.22,88.3,14.78,9.38,38.49,301.25,0.55,66.02,38.95,19.08,76.97,91.2,31.55
2010,21,2111631,São Raimundo Do Doca Bezerra,0.516,0.41,0.478,0.7,11.13,8.35,38.05,97.83,92.05,16.5,8.39,54.0,156.4,0.54,81.1,58.8,38.58,77.94,91.67,43.0
2010,21,2111672,São Roberto,0.516,0.391,0.475,0.738,17.53,8.37,34.74,96.42,92.75,22.93,8.81,53.98,153.65,0.54,82.67,63.71,39.74,71.12,91.01,47.56
2010,21,2111706,São Vicente Ferrer,0.592,0.541,0.504,0.762,11.0,7.21,26.28,97.3,93.18,34.77,8.82,31.74,184.71,0.62,82.75,57.66,41.57,68.64,98.62,48.42
2010,21,2111722,Satubinha,0.493,0.369,0.45,0.72,6.19,6.14,30.35,88.41,74.75,15.95,7.71,58.57,131.73,0.58,89.94,69.89,44.53,91.43,92.65,55.3
2010,21,2111748,Senador Alexandre Costa,0.538,0.435,0.52,0.689,11.49,8.62,34.08,95.3,92.54,23.81,7.99,51.63,203.17,0.51,74.16,47.2,30.37,69.62,97.77,44.38
2010,21,2111763,Senador La Rocque,0.602,0.515,0.57,0.743,12.75,7.3,29.58,98.83,94.24,20.82,9.03,37.76,277.19,0.53,67.21,40.06,18.87,94.7,99.3,41.33
2010,21,2111789,Serrano Do Maranhão,0.519,0.433,0.44,0.735,14.31,8.02,32.56,95.62,90.82,22.77,8.89,47.69,123.44,0.59,88.02,71.98,48.68,76.9,86.66,50.06
2010,21,2111805,Sítio Novo,0.564,0.456,0.509,0.774,7.27,5.85,20.95,95.06,46.0,5.82,7.92,43.85,190.06,0.59,79.18,58.69,38.47,81.75,75.74,43.16
2010,21,2111904,Sucupira Do Norte,0.579,0.505,0.526,0.731,9.91,4.26,25.86,97.01,86.07,21.1,9.46,40.05,210.88,0.59,74.45,56.71,35.5,77.04,89.93,37.53
2010,21,2111953,Sucupira Do Riachão,0.568,0.447,0.538,0.761,10.44,5.0,32.99,96.45,84.82,0.79,9.29,47.96,226.96,0.51,72.34,44.48,24.56,91.67,95.01,30.43
2010,21,2112001,Tasso Fragoso,0.599,0.491,0.562,0.777,4.98,4.95,17.8,96.76,79.67,20.75,9.53,45.13,264.76,0.58,69.54,43.65,27.43,87.14,77.58,41.22
2010,21,2112100,Timbiras,0.537,0.427,0.498,0.73,14.03,11.17,37.82,92.36,72.63,12.58,8.57,50.77,177.46,0.62,82.56,62.89,41.53,77.92,88.15,55.46
2010,21,2112209,Timon,0.649,0.579,0.614,0.768,6.32,3.28,17.26,96.88,92.3,17.57,9.46,30.31,365.26,0.5,55.07,25.6,9.62,89.47,98.66,39.6
2010,21,2112233,Trizidela Do Vale,0.606,0.534,0.565,0.738,6.6,4.81,24.81,96.65,98.37,24.78,9.69,38.77,269.74,0.46,64.89,33.33,14.71,92.02,98.36,36.55
2010,21,2112274,Tufilândia,0.555,0.481,0.502,0.709,8.29,5.85,34.12,99.4,95.86,33.46,9.47,43.75,181.75,0.48,80.25,50.52,26.98,95.92,96.82,53.56
2010,21,2112308,Tuntum,0.572,0.483,0.534,0.726,9.09,6.6,29.84,96.23,95.73,23.27,9.06,46.64,221.27,0.57,73.56,51.89,31.92,87.83,96.35,38.33
2010,21,2112407,Turiaçu,0.561,0.461,0.493,0.776,15.05,7.47,24.84,96.68,95.16,25.73,8.65,48.31,171.5,0.59,78.82,59.12,41.61,49.79,93.26,50.42
2010,21,2112456,Turilândia,0.536,0.402,0.495,0.774,16.53,9.7,30.36,93.88,95.13,35.13,7.09,51.33,174.09,0.52,80.47,57.75,32.69,82.15,92.85,50.19
2010,21,2112506,Tutóia,0.561,0.451,0.543,0.722,12.77,6.23,28.94,96.56,93.72,20.32,9.02,44.81,235.35,0.56,73.92,48.27,28.75,76.29,95.48,45.57
2010,21,2112605,Urbano Santos,0.588,0.522,0.506,0.77,12.64,6.88,30.0,95.7,77.56,12.91,9.71,37.04,186.07,0.6,79.93,58.13,38.12,74.37,96.31,51.7
2010,21,2112704,Vargem Grande,0.542,0.425,0.487,0.768,13.64,8.82,32.02,88.86,71.94,26.74,7.77,50.71,165.37,0.59,81.13,63.72,41.19,63.03,87.21,57.84
2010,21,2112803,Viana,0.618,0.548,0.567,0.758,7.07,3.84,17.79,97.52,89.49,7.36,8.92,34.1,272.76,0.57,68.56,44.43,23.39,76.32,98.33,43.4
2010,21,2112852,Vila Nova Dos Martírios,0.581,0.491,0.555,0.718,6.51,4.21,28.17,93.03,84.09,17.21,8.33,39.58,252.89,0.45,69.64,36.31,13.22,88.38,94.98,44.7
2010,21,2112902,Vitória Do Mearim,0.596,0.534,0.54,0.733,8.5,5.72,25.05,98.26,93.7,24.18,10.22,37.88,230.76,0.56,71.48,48.81,29.47,86.51,97.12,44.83
2010,21,2113009,Vitorino Freire,0.57,0.477,0.563,0.688,8.88,5.28,32.75,97.3,94.81,29.61,9.57,47.58,265.69,0.57,70.98,44.92,25.55,83.11,98.23,39.42
2010,21,2114007,Zé Doca,0.595,0.505,0.559,0.745,6.67,5.33,24.21,95.33,90.47,20.69,9.59,36.67,259.21,0.52,68.08,41.2,21.13,89.28,95.44,44.57
2010,22,2200053,Acauã,0.528,0.411,0.517,0.692,7.49,4.62,30.41,97.53,59.59,7.13,9.0,56.85,199.35,0.5,73.12,49.62,32.12,25.57,98.99,36.52
2010,22,2200103,Agricolândia,0.599,0.526,0.55,0.742,6.31,5.35,27.47,97.53,97.59,11.22,9.98,37.78,245.68,0.49,65.81,41.1,24.0,97.2,99.73,24.62
2010,22,2200202,Água Branca,0.639,0.569,0.6,0.763,5.42,4.31,24.14,98.58,95.32,28.6,9.67,33.49,335.63,0.49,56.11,30.26,14.39,92.8,99.01,26.9
2010,22,2200251,Alagoinha Do Piauí,0.531,0.391,0.535,0.716,15.7,11.72,44.4,93.62,83.65,16.13,7.0,58.42,222.87,0.51,69.96,48.56,28.91,47.65,86.1,24.04
2010,22,2200277,Alegrete Do Piauí,0.585,0.475,0.564,0.749,4.73,5.7,35.26,96.71,90.78,17.42,8.69,43.16,268.12,0.5,63.35,39.16,22.97,89.99,98.34,34.6
2010,22,2200301,Alto Longá,0.585,0.47,0.567,0.751,5.32,2.49,32.83,97.94,86.83,10.57,8.22,49.82,272.28,0.58,69.67,43.49,27.19,90.24,83.34,32.5
2010,22,2200400,Altos,0.614,0.512,0.59,0.767,7.19,3.81,26.04,97.59,83.69,11.03,9.35,38.94,314.48,0.55,63.75,36.67,18.61,84.33,98.23,33.65
2010,22,2200459,Alvorada Do Gurguéia,0.578,0.496,0.52,0.749,6.11,4.32,25.8,97.37,94.85,26.93,9.14,42.49,203.23,0.6,78.11,56.77,39.72,88.17,93.82,38.35
2010,22,2200509,Amarante,0.598,0.497,0.574,0.75,10.07,4.98,27.95,97.25,88.77,15.46,9.08,39.14,284.71,0.53,61.45,38.76,23.92,73.71,96.91,29.53
2010,22,2200608,Angical Do Piauí,0.63,0.555,0.61,0.737,4.21,3.24,24.89,96.95,93.89,20.07,9.81,35.79,356.17,0.6,61.96,35.52,21.6,96.0,99.01,22.11
2010,22,2200707,Anísio De Abreu,0.594,0.512,0.534,0.768,12.04,6.37,29.18,98.26,87.47,13.57,9.11,41.74,221.91,0.52,67.6,48.41,32.14,57.9,94.66,28.25
2010,22,2200806,Antônio Almeida,0.62,0.527,0.579,0.781,4.25,4.44,24.8,99.67,96.57,35.89,10.34,34.21,293.53,0.51,63.33,33.76,20.76,90.89,86.56,23.65
2010,22,2200905,Aroazes,0.583,0.468,0.563,0.752,4.16,2.12,30.77,98.85,100.0,28.26,8.9,41.86,265.91,0.52,64.66,43.99,22.62,78.14,99.07,30.7
2010,22,2200954,Aroeiras Do Itaim,0.519,0.378,0.502,0.738,9.24,6.9,36.64,94.1,86.43,4.67,6.87,56.56,182.29,0.48,77.84,45.57,30.94,55.75,89.45,30.71
2010,22,2201002,Arraial,0.56,0.449,0.514,0.761,10.76,4.03,31.52,97.64,93.51,20.42,8.49,45.33,195.46,0.55,76.84,52.58,35.53,75.68,91.89,29.5
2010,22,2201051,Assunção Do Piauí,0.499,0.382,0.462,0.706,19.09,15.71,39.32,97.87,98.37,30.01,8.31,57.26,141.79,0.57,84.18,63.17,48.32,78.55,96.86,45.67
2010,22,2201101,Avelino Lopes,0.554,0.442,0.532,0.722,8.46,5.85,23.12,97.19,78.63,10.34,8.75,52.47,218.97,0.56,73.06,50.65,32.35,70.09,69.16,25.93
2010,22,2201150,Baixa Grande Do Ribeiro,0.564,0.446,0.537,0.751,8.59,4.44,20.62,96.33,86.28,9.58,7.88,46.02,225.94,0.56,73.59,47.37,30.2,89.17,78.98,35.83
2010,22,2201176,Barra D'Alcântara,0.577,0.471,0.526,0.777,3.67,2.64,31.12,96.06,98.5,27.6,9.25,45.69,211.18,0.51,69.61,47.56,32.35,95.16,99.13,22.66
2010,22,2201200,Barras,0.595,0.485,0.558,0.779,7.17,5.22,32.16,97.55,91.0,12.11,8.56,43.48,257.99,0.51,66.74,38.78,20.74,77.46,96.86,37.13
2010,22,2201309,Barreiras Do Piauí,0.557,0.423,0.56,0.73,9.74,5.23,20.38,98.5,69.27,16.78,7.56,39.68,260.79,0.53,66.36,42.95,21.75,86.06,70.96,32.38
2010,22,2201408,Barro Duro,0.612,0.514,0.611,0.729,7.17,4.6,27.69,96.87,98.73,20.63,9.66,39.22,359.06,0.51,55.61,29.64,10.02,82.24,98.51,33.48
2010,22,2201507,Batalha,0.545,0.398,0.54,0.755,5.74,5.19,35.73,99.23,95.57,18.12,8.6,56.71,230.66,0.54,71.76,46.11,29.85,84.77,91.3,32.05
2010,22,2201556,Bela Vista Do Piauí,0.576,0.519,0.52,0.709,4.35,3.67,22.61,97.66,80.93,8.46,10.21,40.13,203.61,0.59,78.52,53.46,36.9,90.71,74.44,31.44
2010,22,2201572,Belém Do Piauí,0.551,0.448,0.537,0.696,5.79,5.88,36.69,97.05,100.0,30.55,9.39,48.08,226.26,0.53,78.41,43.41,25.72,54.23,84.6,29.39
2010,22,2201606,Beneditinos,0.557,0.394,0.561,0.78,9.45,5.95,32.71,97.26,89.9,28.94,8.3,55.94,263.09,0.55,66.93,46.15,28.99,86.96,84.43,32.52
2010,22,2201705,Bertolínia,0.612,0.507,0.596,0.758,6.65,7.25,24.93,97.65,89.72,31.97,10.09,37.33,325.94,0.53,57.68,32.82,20.27,85.87,92.84,29.94
2010,22,2201739,Betânia Do Piauí,0.489,0.342,0.486,0.702,11.19,8.64,38.63,96.98,41.37,10.04,9.15,60.43,164.69,0.54,80.78,62.59,42.15,6.33,79.14,41.86
2010,22,2201770,Boa Hora,0.575,0.46,0.534,0.772,7.84,6.87,37.91,99.01,99.28,42.05,9.21,44.56,221.27,0.51,72.77,48.93,24.45,85.59,89.1,38.78
2010,22,2201804,Bocaina,0.632,0.532,0.614,0.773,3.7,4.52,22.86,97.36,63.05,0.0,10.07,40.86,366.07,0.58,55.35,34.28,23.57,95.81,97.68,26.22
2010,22,2201903,Bom Jesus,0.668,0.562,0.665,0.799,5.38,3.53,18.17,97.91,89.71,13.67,8.7,31.78,501.14,0.62,52.2,31.29,15.83,92.48,95.43,31.58
2010,22,2201919,Bom Princípio Do Piauí,0.532,0.372,0.526,0.77,10.47,8.28,34.36,97.75,80.99,22.68,7.89,56.7,211.44,0.57,76.9,56.16,33.09,83.9,92.22,39.97
2010,22,2201929,Bonfim Do Piauí,0.542,0.415,0.542,0.707,13.77,6.34,33.23,97.54,80.88,2.12,8.95,52.67,233.05,0.45,63.68,40.59,22.6,17.79,60.29,28.05
2010,22,2201945,Boqueirão Do Piauí,0.56,0.434,0.555,0.729,7.26,3.66,32.8,98.82,96.3,22.41,9.55,49.87,253.4,0.5,62.64,40.01,25.65,88.09,96.98,30.45
2010,22,2201960,Brasileira,0.577,0.446,0.572,0.752,10.24,5.96,36.63,96.66,84.43,5.29,9.16,49.96,281.71,0.48,60.16,33.7,20.72,82.59,89.51,28.81
2010,22,2201988,Brejo Do Piauí,0.515,0.354,0.531,0.725,14.66,9.13,38.08,98.0,62.52,0.0,8.21,61.13,218.15,0.52,73.8,49.09,26.39,59.2,75.29,29.5
2010,22,2202000,Buriti Dos Lopes,0.565,0.452,0.544,0.735,8.96,5.89,29.63,97.47,88.85,12.74,8.84,45.28,236.13,0.54,72.64,48.71,26.43,78.48,93.53,36.55
2010,22,2202026,Buriti Dos Montes,0.574,0.46,0.527,0.78,6.52,5.45,32.29,98.29,96.46,44.6,8.78,48.05,212.72,0.57,72.37,54.09,37.07,83.66,84.5,42.15
2010,22,2202059,Cabeceiras Do Piauí,0.583,0.476,0.54,0.769,4.66,2.55,33.63,98.31,100.0,22.39,10.01,44.59,229.86,0.53,68.73,46.24,28.73,83.88,94.64,27.57
2010,22,2202075,Cajazeiras Do Piauí,0.562,0.449,0.525,0.752,13.04,4.41,30.61,99.12,93.32,30.25,8.14,43.09,210.45,0.49,72.97,45.69,25.86,85.59,86.93,28.9
2010,22,2202083,Cajueiro Da Praia,0.546,0.4,0.551,0.739,8.59,7.08,32.67,95.03,83.47,25.1,8.89,52.59,246.88,0.63,78.51,53.52,30.61,62.23,93.11,38.34
2010,22,2202091,Caldeirão Grande Do Piauí,0.588,0.486,0.561,0.744,6.96,6.46,34.75,98.08,82.47,29.16,10.57,49.51,262.36,0.53,69.03,45.56,23.6,7.01,85.78,39.47
2010,22,2202109,Campinas Do Piauí,0.544,0.397,0.524,0.776,13.96,7.67,27.68,97.8,93.46,31.41,7.99,53.62,209.0,0.55,71.36,52.21,36.69,51.37,88.6,22.34
2010,22,2202117,Campo Alegre Do Fidalgo,0.537,0.385,0.528,0.762,12.11,4.84,32.83,97.47,91.69,12.92,8.49,55.52,213.61,0.65,79.3,60.3,44.8,34.66,66.34,42.57
2010,22,2202133,Campo Grande Do Piauí,0.56,0.446,0.545,0.721,7.52,4.62,36.39,98.5,96.83,13.25,9.11,53.76,237.66,0.48,66.39,42.89,24.44,43.53,98.81,28.13
2010,22,2202174,Campo Largo Do Piauí,0.528,0.401,0.479,0.766,13.33,7.27,38.09,97.15,83.9,26.69,7.94,52.89,158.02,0.54,81.77,61.88,41.44,73.69,96.06,52.36
2010,22,2202208,Campo Maior,0.656,0.566,0.629,0.793,4.98,3.57,22.12,98.31,93.32,31.31,9.69,33.72,401.74,0.53,53.87,26.73,9.49,91.53,97.91,27.12
2010,22,2202251,Canavieira,0.583,0.485,0.525,0.778,7.95,6.33,26.93,99.54,97.44,32.51,9.52,50.64,209.47,0.51,71.16,46.03,32.09,78.7,92.77,33.1
2010,22,2202307,Canto Do Buriti,0.576,0.462,0.571,0.724,6.28,4.59,29.69,96.61,74.57,9.3,8.14,51.44,279.71,0.52,65.95,39.77,20.56,66.95,91.01,29.58
2010,22,2202406,Capitão De Campos,0.583,0.465,0.552,0.773,7.37,4.4,31.42,98.64,94.46,25.22,8.94,50.5,248.79,0.51,66.0,41.95,27.12,76.15,96.47,35.01
2010,22,2202455,Capitão Gervásio Oliveira,0.553,0.464,0.503,0.725,8.45,4.63,31.92,98.65,84.6,23.83,8.6,47.06,182.53,0.56,78.48,54.85,40.19,47.03,45.36,36.54
2010,22,2202505,Caracol,0.552,0.409,0.533,0.771,15.91,11.82,35.34,96.61,92.58,12.87,7.4,54.1,221.08,0.62,75.35,53.68,37.2,39.3,97.09,29.06
2010,22,2202539,Caraúbas Do Piauí,0.505,0.347,0.48,0.775,17.79,11.29,43.83,93.89,96.76,20.68,6.86,65.23,158.13,0.58,82.9,62.44,45.59,66.48,73.51,43.19
2010,22,2202554,Caridade Do Piauí,0.541,0.426,0.52,0.715,7.69,6.23,32.22,99.46,90.1,34.27,8.55,50.7,203.34,0.53,76.33,49.1,32.55,48.93,75.86,43.91
2010,22,2202604,Castelo Do Piauí,0.587,0.473,0.566,0.754,3.52,4.16,28.55,97.99,97.19,33.44,8.82,47.88,270.82,0.48,64.17,37.2,18.36,83.27,85.89,35.17
2010,22,2202653,Caxingó,0.488,0.329,0.498,0.708,20.71,9.28,43.76,96.85,84.51,7.15,7.68,67.19,177.35,0.52,78.5,56.8,35.63,55.96,87.15,41.81
2010,22,2202703,Cocal,0.497,0.334,0.516,0.712,11.55,8.85,35.77,96.23,46.48,3.81,7.56,64.53,198.58,0.56,76.65,55.61,36.81,58.27,89.65,38.78
2010,22,2202711,Cocal De Telha,0.555,0.399,0.55,0.78,3.02,1.92,33.4,98.72,93.15,12.8,8.41,56.63,245.15,0.51,67.59,40.86,26.2,87.65,93.65,23.17
2010,22,2202729,Cocal Dos Alves,0.498,0.315,0.504,0.779,5.19,5.72,36.12,96.27,76.75,1.66,6.25,65.68,183.59,0.59,77.22,57.95,46.74,77.36,92.3,39.64
2010,22,2202737,Coivaras,0.565,0.453,0.543,0.732,6.69,5.29,31.74,98.19,92.09,16.3,8.56,45.93,234.94,0.48,71.37,41.27,20.9,89.56,87.99,33.29
2010,22,2202752,Colônia Do Gurguéia,0.628,0.55,0.578,0.778,8.95,6.84,22.03,98.82,95.25,31.66,10.62,34.01,291.37,0.49,63.07,33.09,17.1,95.39,97.68,24.94
2010,22,2202778,Colônia Do Piauí,0.588,0.462,0.57,0.772,8.24,4.9,34.89,98.59,97.36,18.78,9.09,46.39,277.73,0.51,63.09,38.35,21.6,93.47,95.02,37.82
2010,22,2202802,Conceição Do Canindé,0.589,0.482,0.559,0.759,13.24,7.49,30.16,96.76,90.78,13.88,9.99,47.67,258.93,0.53,70.62,40.31,22.54,63.54,82.28,30.71
2010,22,2202851,Coronel José Dias,0.546,0.433,0.518,0.725,8.33,3.16,32.45,96.92,83.22,17.5,7.93,49.09,200.41,0.57,73.36,51.52,39.46,34.14,47.88,23.63
2010,22,2202901,Corrente,0.642,0.54,0.62,0.789,8.3,4.76,18.82,97.31,75.41,6.25,8.65,35.92,378.39,0.6,59.61,40.16,20.97,78.25,82.36,31.54
2010,22,2203008,Cristalândia Do Piauí,0.573,0.469,0.521,0.77,13.18,7.97,25.81,96.91,87.59,16.43,7.76,47.03,204.49,0.61,77.16,58.48,40.47,80.58,64.71,28.05
2010,22,2203107,Cristino Castro,0.566,0.434,0.586,0.713,9.36,5.55,24.86,97.91,85.56,10.9,8.45,47.35,307.32,0.59,66.9,40.6,25.13,87.05,90.44,32.02
2010,22,2203206,Curimatá,0.607,0.527,0.574,0.741,7.72,2.99,18.46,97.65,95.87,21.24,9.22,39.96,285.52,0.55,64.3,40.77,21.27,84.26,85.71,28.84
2010,22,2203230,Currais,0.542,0.438,0.49,0.743,13.44,7.02,32.73,98.6,80.48,6.89,7.75,46.06,168.68,0.51,78.14,54.66,34.88,78.16,84.7,38.61
2010,22,2203255,Curralinhos,0.555,0.438,0.512,0.762,5.68,4.58,31.07,84.68,73.84,17.93,7.69,48.18,193.65,0.53,75.25,54.34,32.68,95.83,95.59,35.46
2010,22,2203271,Curral Novo Do Piauí,0.527,0.422,0.506,0.685,9.11,6.19,35.45,95.65,79.11,13.17,8.85,50.93,186.24,0.58,78.93,58.42,37.49,39.76,53.2,53.13
2010,22,2203305,Demerval Lobão,0.618,0.515,0.588,0.781,6.18,5.18,25.45,97.91,97.53,28.58,9.25,37.19,311.48,0.48,58.34,30.16,12.84,90.24,97.66,28.25
2010,22,2203354,Dirceu Arcoverde,0.561,0.436,0.563,0.718,8.32,4.94,28.81,97.5,78.95,11.78,8.45,51.84,265.3,0.52,63.74,40.47,26.24,39.17,50.04,24.12
2010,22,2203404,Dom Expedito Lopes,0.601,0.488,0.583,0.762,2.99,4.11,26.7,98.49,89.06,15.78,9.17,45.24,300.31,0.52,64.09,34.92,17.1,92.3,99.37,21.29
2010,22,2203420,Domingos Mourão,0.55,0.403,0.547,0.755,5.37,5.54,31.05,95.79,80.35,8.6,8.07,55.31,240.24,0.56,71.83,49.67,30.7,69.08,63.38,37.08
2010,22,2203453,Dom Inocêncio,0.549,0.439,0.498,0.756,5.5,1.47,25.05,98.39,48.71,3.8,9.36,48.96,177.27,0.54,77.15,54.71,39.23,21.51,44.16,29.26
2010,22,2203503,Elesbão Veloso,0.58,0.45,0.573,0.758,6.62,5.65,35.87,98.87,90.98,11.45,8.55,49.35,283.38,0.48,60.76,33.64,19.6,91.88,93.22,24.99
2010,22,2203602,Eliseu Martins,0.595,0.462,0.616,0.742,4.39,2.95,21.43,98.41,92.75,21.54,9.29,51.07,370.7,0.57,57.52,38.25,18.23,90.96,92.77,20.35
2010,22,2203701,Esperantina,0.605,0.497,0.579,0.769,9.45,6.53,29.18,97.5,91.87,12.45,8.91,38.82,293.39,0.51,61.0,37.61,18.75,82.34,92.65,32.19
2010,22,2203750,Fartura Do Piauí,0.548,0.441,0.506,0.738,10.56,5.15,33.07,96.36,87.97,15.49,9.35,57.12,186.85,0.52,73.7,52.85,36.24,28.11,64.98,39.74
2010,22,2203800,Flores Do Piauí,0.547,0.443,0.525,0.704,8.61,2.93,32.22,98.97,91.6,11.09,7.95,52.76,210.02,0.57,75.82,54.18,35.07,72.92,81.41,24.26
2010,22,2203859,Floresta Do Piauí,0.538,0.391,0.53,0.753,11.92,4.7,40.51,99.23,89.38,17.79,8.82,54.48,216.87,0.51,68.23,48.47,35.1,73.85,99.88,29.79
2010,22,2203909,Floriano,0.7,0.633,0.676,0.802,2.79,2.31,13.18,98.08,83.93,12.3,9.59,23.8,536.3,0.55,42.5,18.98,6.56,92.03,94.35,27.61
2010,22,2204006,Francinópolis,0.564,0.475,0.523,0.722,5.7,4.93,34.26,97.45,87.93,15.05,8.99,42.8,206.73,0.56,74.73,50.52,36.88,90.14,94.71,27.84
2010,22,2204105,Francisco Ayres,0.577,0.45,0.565,0.756,10.45,5.63,30.18,98.07,93.6,20.42,7.82,45.85,268.41,0.52,63.2,39.79,26.45,82.77,89.69,21.13
2010,22,2204154,Francisco Macedo,0.553,0.425,0.567,0.701,10.09,7.53,36.33,97.79,92.01,14.94,9.74,53.49,273.23,0.5,59.04,37.41,26.1,41.86,99.13,31.27
2010,22,2204204,Francisco Santos,0.608,0.498,0.598,0.754,5.63,4.75,27.99,97.38,93.54,29.15,8.59,44.81,330.49,0.51,54.02,34.37,17.5,63.0,96.04,26.9
2010,22,2204303,Fronteiras,0.619,0.511,0.621,0.748,4.42,6.25,29.05,97.51,85.18,17.41,9.55,44.86,380.62,0.56,54.54,31.94,18.62,71.04,96.8,35.32
2010,22,2204352,Geminiano,0.561,0.446,0.524,0.755,6.04,4.94,34.95,97.07,79.33,12.25,8.67,50.48,208.67,0.46,72.89,42.66,23.21,60.74,97.31,25.69
2010,22,2204402,Gilbués,0.548,0.38,0.574,0.753,9.58,7.36,23.0,93.68,77.83,13.71,6.81,52.35,285.45,0.68,69.88,53.13,37.16,81.54,69.57,37.82
2010,22,2204501,Guadalupe,0.65,0.542,0.639,0.794,5.21,4.68,18.79,98.81,94.81,15.33,8.96,37.21,426.79,0.5,46.97,20.89,7.18,94.03,95.68,32.01
2010,22,2204550,Guaribas,0.508,0.381,0.483,0.711,11.85,4.4,34.84,98.22,90.42,28.53,7.6,59.02,162.06,0.57,79.98,59.67,43.4,54.76,100.0,25.39
2010,22,2204600,Hugo Napoleão,0.599,0.524,0.528,0.776,4.67,5.99,32.05,96.78,91.4,26.39,9.69,40.28,214.09,0.52,73.45,46.42,30.11,82.21,96.63,23.01
2010,22,2204659,Ilha Grande,0.563,0.472,0.534,0.708,7.99,6.18,26.74,98.12,91.49,10.6,8.75,37.55,221.81,0.51,76.51,48.51,22.87,86.86,95.53,32.92
2010,22,2204709,Inhuma,0.624,0.56,0.562,0.772,3.14,2.38,27.35,98.77,93.13,20.59,9.4,38.72,263.73,0.52,66.69,40.29,23.7,83.49,98.03,27.53
2010,22,2204808,Ipiranga Do Piauí,0.63,0.583,0.56,0.765,5.0,2.43,22.68,94.93,99.05,34.49,9.62,29.49,261.12,0.47,64.88,36.46,16.63,86.32,97.95,30.88
2010,22,2204907,Isaías Coelho,0.582,0.41,0.628,0.767,14.15,7.45,34.79,95.0,94.86,16.22,8.49,51.67,397.98,0.79,77.12,54.14,39.39,40.98,70.18,39.29
2010,22,2205003,Itainópolis,0.541,0.401,0.545,0.725,6.14,3.58,37.54,97.1,87.2,2.45,8.47,53.06,237.76,0.5,65.74,41.58,28.52,57.98,91.61,27.24
2010,22,2205102,Itaueira,0.583,0.46,0.594,0.727,6.03,3.86,27.8,98.67,83.59,13.65,8.73,54.49,321.64,0.55,63.03,36.31,21.34,84.93,86.97,32.41
2010,22,2205151,Jacobina Do Piauí,0.535,0.416,0.509,0.724,10.65,8.52,36.3,97.68,87.43,28.21,8.64,55.29,190.04,0.52,74.6,48.89,35.64,45.52,62.49,35.2
2010,22,2205201,Jaicós,0.524,0.366,0.556,0.709,15.8,10.81,38.49,95.06,48.89,8.22,7.92,56.0,254.28,0.52,67.63,41.96,25.68,60.12,83.42,35.05
2010,22,2205250,Jardim Do Mulato,0.593,0.55,0.532,0.711,3.62,3.63,29.59,98.86,98.48,4.61,10.62,37.16,219.06,0.51,72.07,44.64,27.14,96.6,97.54,21.37
2010,22,2205276,Jatobá Do Piauí,0.566,0.442,0.525,0.78,5.26,2.33,30.4,98.94,92.11,17.18,9.32,50.04,209.21,0.46,66.9,42.41,26.21,83.91,93.15,26.29
2010,22,2205300,Jerumenha,0.591,0.461,0.569,0.787,5.38,4.23,25.01,97.35,95.84,26.31,9.06,43.17,275.19,0.49,63.93,34.55,21.99,96.51,93.27,28.67
2010,22,2205359,João Costa,0.561,0.46,0.51,0.752,14.42,7.06,28.42,96.89,96.95,7.79,8.52,43.05,191.63,0.49,74.18,50.7,30.11,34.6,90.93,33.82
2010,22,2205409,Joaquim Pires,0.522,0.384,0.485,0.765,6.37,5.38,36.31,96.18,78.06,4.73,7.82,57.75,163.33,0.6,81.33,62.62,45.4,83.29,94.94,44.88
2010,22,2205458,Joca Marques,0.504,0.353,0.501,0.726,8.5,6.1,38.44,97.13,87.36,28.92,7.46,60.8,181.17,0.57,81.46,58.72,36.52,69.67,89.86,43.06
2010,22,2205508,José De Freitas,0.618,0.512,0.591,0.781,7.98,5.36,24.53,98.69,88.42,18.94,9.08,34.49,316.27,0.57,65.55,37.18,20.25,81.5,96.53,40.07
2010,22,2205516,Juazeiro Do Piauí,0.57,0.47,0.522,0.753,8.22,4.06,29.23,99.09,97.85,38.64,9.03,45.62,206.61,0.51,73.22,47.16,28.83,75.73,82.15,35.99
2010,22,2205524,Júlio Borges,0.582,0.508,0.5,0.777,10.12,4.5,18.16,98.62,87.53,21.47,8.97,39.37,179.61,0.53,77.41,54.96,36.78,50.04,88.21,27.08
2010,22,2205532,Jurema,0.555,0.435,0.511,0.767,8.43,3.75,35.48,99.26,95.12,17.53,8.73,49.64,191.96,0.54,74.47,52.7,37.01,58.97,91.65,29.14
2010,22,2205540,Lagoinha Do Piauí,0.597,0.488,0.561,0.776,8.64,5.49,27.22,96.89,100.0,21.85,8.64,46.32,262.04,0.53,68.05,44.29,20.9,99.48,99.3,21.46
2010,22,2205557,Lagoa Alegre,0.55,0.425,0.538,0.728,5.53,3.42,31.89,97.79,94.74,12.36,7.89,44.44,227.89,0.53,71.27,50.1,27.25,77.43,95.88,42.37
2010,22,2205565,Lagoa Do Barro Do Piauí,0.502,0.358,0.474,0.744,6.23,2.79,27.73,94.78,26.41,2.9,8.1,54.39,152.61,0.59,81.47,62.64,48.02,24.51,96.85,45.15
2010,22,2205573,Lagoa De São Francisco,0.529,0.4,0.499,0.743,6.5,6.57,33.64,98.34,91.64,19.43,8.09,53.37,178.26,0.53,77.71,55.25,36.33,42.81,94.73,29.82
2010,22,2205581,Lagoa Do Piauí,0.583,0.464,0.548,0.778,7.57,5.78,27.04,98.93,96.77,24.24,8.97,47.43,242.33,0.47,66.72,36.76,22.08,70.43,90.36,34.66
2010,22,2205599,Lagoa Do Sítio,0.541,0.421,0.504,0.745,9.33,10.71,35.78,96.59,80.51,9.89,8.94,56.95,183.92,0.55,75.77,55.53,40.47,87.89,91.69,27.46
2010,22,2205607,Landri Sales,0.584,0.48,0.563,0.738,9.93,5.78,26.59,98.65,97.55,37.46,9.03,46.46,266.01,0.54,64.39,41.99,29.6,93.71,97.63,24.54
2010,22,2205706,Luís Correia,0.541,0.398,0.544,0.73,8.36,5.61,29.76,95.39,74.17,20.52,8.18,49.36,236.9,0.59,73.69,50.3,30.32,64.22,94.47,41.1
2010,22,2205805,Luzilândia,0.545,0.42,0.55,0.7,13.45,9.26,35.46,96.08,95.95,27.78,8.3,52.78,245.02,0.51,67.49,42.96,23.84,69.34,95.05,33.73
2010,22,2205854,Madeiro,0.563,0.489,0.472,0.772,9.38,4.6,33.11,97.75,96.9,34.07,9.79,40.05,150.89,0.53,85.39,59.37,40.57,78.87,96.95,44.65
2010,22,2205904,Manoel Emídio,0.573,0.466,0.534,0.758,2.62,4.49,23.88,98.99,94.42,44.52,8.71,43.66,222.62,0.55,72.07,50.16,32.63,82.36,98.18,18.41
2010,22,2205953,Marcolândia,0.562,0.438,0.578,0.7,11.37,9.33,34.12,94.53,84.16,19.61,8.63,47.09,291.91,0.49,62.17,34.66,12.45,0.5,98.91,33.87
2010,22,2206001,Marcos Parente,0.59,0.494,0.58,0.717,5.23,2.55,25.31,97.35,97.38,30.95,8.91,44.8,295.66,0.48,58.29,35.32,17.55,95.87,94.95,28.33
2010,22,2206050,Massapê Do Piauí,0.525,0.386,0.514,0.73,14.94,9.58,43.42,98.56,80.45,4.58,8.09,56.62,195.88,0.51,74.7,50.24,32.24,32.13,79.37,39.27
2010,22,2206100,Matias Olímpio,0.562,0.438,0.521,0.779,11.21,7.95,34.28,98.52,94.4,26.3,9.14,46.88,204.46,0.52,75.47,49.64,28.79,67.88,91.23,36.04
2010,22,2206209,Miguel Alves,0.539,0.396,0.533,0.742,16.88,7.79,38.0,96.61,86.39,10.26,7.69,53.32,220.05,0.6,77.01,55.02,35.92,74.72,87.34,44.71
2010,22,2206308,Miguel Leão,0.623,0.533,0.579,0.782,11.21,2.6,28.65,99.58,90.03,13.21,9.33,35.89,294.48,0.52,62.27,42.37,18.81,83.89,95.57,43.01
2010,22,2206357,Milton Brandão,0.508,0.357,0.476,0.772,10.09,3.5,37.21,98.86,96.63,32.23,8.24,61.81,154.73,0.55,79.17,62.15,43.95,69.92,67.74,34.84
2010,22,2206407,Monsenhor Gil,0.615,0.524,0.568,0.781,3.08,2.08,24.74,98.8,98.62,22.18,9.87,36.99,273.95,0.5,63.55,36.39,20.05,87.81,97.38,27.6
2010,22,2206506,Monsenhor Hipólito,0.561,0.404,0.591,0.739,5.86,7.63,34.83,96.63,83.57,6.91,7.37,52.61,315.6,0.53,57.92,38.61,22.01,61.07,84.66,34.24
2010,22,2206605,Monte Alegre Do Piauí,0.578,0.474,0.531,0.768,7.92,3.85,23.7,98.27,82.14,12.03,8.69,43.61,217.23,0.57,76.51,53.45,30.39,88.93,80.13,33.58
2010,22,2206654,Morro Cabeça No Tempo,0.542,0.435,0.472,0.774,6.85,5.1,25.1,97.72,83.59,14.58,8.94,51.47,150.52,0.58,83.91,60.65,45.63,65.27,55.76,30.23
2010,22,2206670,Morro Do Chapéu Do Piauí,0.55,0.418,0.536,0.742,4.63,3.51,35.48,98.82,98.24,26.19,9.45,53.65,225.37,0.53,70.26,46.31,30.3,86.09,86.71,43.54
2010,22,2206696,Murici Dos Portelas,0.53,0.391,0.489,0.777,10.81,6.82,39.4,96.14,90.83,25.81,8.0,57.8,167.87,0.6,85.17,59.32,41.32,58.32,81.48,45.43
2010,22,2206704,Nazaré Do Piauí,0.576,0.51,0.531,0.707,7.96,4.65,31.15,99.34,87.99,12.35,9.88,44.87,218.07,0.56,68.33,50.25,34.62,69.45,93.88,27.6
2010,22,2206720,Nazária,0.602,0.512,0.546,0.78,5.26,3.51,30.57,97.07,91.16,18.88,10.15,46.58,239.37,0.5,70.66,43.64,19.13,81.08,99.62,39.11
2010,22,2206753,Nossa Senhora De Nazaré,0.586,0.462,0.557,0.78,6.42,3.02,25.7,95.5,96.34,22.35,9.56,45.79,256.22,0.5,67.78,39.82,19.74,83.1,91.92,29.19
2010,22,2206803,Nossa Senhora Dos Remédios,0.533,0.411,0.503,0.732,7.2,4.49,36.04,96.58,97.56,59.82,7.45,51.57,183.4,0.48,76.83,54.02,28.3,70.11,88.34,54.13
2010,22,2206902,Novo Oriente Do Piauí,0.562,0.418,0.547,0.775,6.72,5.22,32.84,97.72,97.42,21.59,8.85,54.38,240.65,0.51,69.38,41.41,28.15,76.59,92.27,22.03
2010,22,2206951,Novo Santo Antônio,0.528,0.392,0.536,0.702,3.46,3.13,37.54,96.54,80.43,31.35,7.96,56.89,224.54,0.56,72.77,50.65,34.64,65.39,56.78,29.44
2010,22,2207009,Oeiras,0.634,0.547,0.619,0.753,6.87,4.31,25.51,97.9,92.44,19.15,9.23,40.26,376.95,0.58,59.03,33.36,18.68,75.84,87.99,25.81
2010,22,2207108,Olho D'Água Do Piauí,0.576,0.477,0.537,0.746,3.15,1.74,20.91,96.63,74.74,18.3,10.2,42.92,225.8,0.56,73.49,50.85,33.14,93.65,98.4,28.76
2010,22,2207207,Padre Marcos,0.541,0.427,0.531,0.699,6.22,5.2,41.08,99.47,73.96,27.26,9.2,58.49,217.66,0.52,71.32,47.44,30.35,58.74,97.45,28.31
2010,22,2207306,Paes Landim,0.575,0.492,0.537,0.721,7.11,2.59,25.61,98.57,90.83,4.15,8.88,42.72,225.53,0.49,69.84,43.77,26.8,67.19,85.32,29.29
2010,22,2207355,Pajeú Do Piauí,0.559,0.427,0.56,0.732,5.2,1.52,33.06,98.0,62.35,5.79,10.1,56.77,261.36,0.6,68.13,49.03,35.27,65.79,72.62,23.97
2010,22,2207405,Palmeira Do Piauí,0.557,0.431,0.57,0.704,4.36,3.72,26.47,97.41,60.75,7.83,8.43,53.73,278.54,0.6,69.0,45.73,29.6,88.32,80.23,35.29
2010,22,2207504,Palmeirais,0.562,0.443,0.515,0.776,10.04,6.73,31.85,98.34,94.7,29.68,8.67,48.67,197.04,0.59,76.66,55.86,38.83,83.24,93.66,33.66
2010,22,2207553,Paquetá,0.509,0.348,0.519,0.731,8.13,5.41,43.69,96.92,78.78,15.09,7.24,57.83,202.6,0.51,74.75,51.51,29.53,64.55,90.83,37.7
2010,22,2207603,Parnaguá,0.575,0.464,0.526,0.777,8.79,4.66,25.96,96.38,92.68,7.91,7.71,45.32,211.44,0.56,74.66,53.38,32.77,71.43,75.34,40.7
2010,22,2207702,Parnaíba,0.687,0.604,0.658,0.816,5.57,3.66,16.47,97.5,91.18,15.23,10.09,25.43,479.58,0.57,51.94,26.51,7.96,93.8,98.79,31.37
2010,22,2207751,Passagem Franca Do Piauí,0.561,0.393,0.594,0.758,18.57,11.5,38.84,98.84,96.23,29.45,8.22,49.58,323.31,0.54,56.51,36.21,23.26,76.62,80.84,42.44
2010,22,2207777,Patos Do Piauí,0.563,0.448,0.529,0.755,9.63,6.71,39.43,98.35,79.02,11.6,8.52,49.13,215.75,0.5,71.67,46.74,29.44,60.51,88.86,36.25
2010,22,2207793,Pau D'Arco Do Piauí,0.514,0.376,0.488,0.742,10.45,4.04,34.78,98.03,91.9,15.16,7.81,60.58,167.01,0.6,77.1,59.22,49.0,77.21,89.56,35.88
2010,22,2207801,Paulistana,0.6,0.472,0.596,0.767,10.93,7.4,30.09,97.92,89.51,29.58,8.61,53.03,327.06,0.6,65.01,41.37,25.58,61.61,89.4,38.03
2010,22,2207850,Pavussu,0.526,0.379,0.512,0.748,14.8,8.37,35.2,97.76,59.27,4.71,8.18,53.84,193.61,0.53,72.21,54.33,34.29,65.41,78.75,34.61
2010,22,2207900,Pedro Ii,0.571,0.428,0.566,0.767,9.19,5.85,31.11,97.26,79.77,7.8,8.66,51.14,270.17,0.58,70.52,46.62,26.27,74.33,88.61,32.61
2010,22,2207934,Pedro Laurentino,0.562,0.496,0.479,0.746,3.76,4.27,22.3,97.07,92.55,8.52,8.63,39.18,157.24,0.55,83.12,61.24,42.27,88.09,98.92,40.93
2010,22,2207959,Nova Santa Rita,0.554,0.425,0.52,0.77,12.27,7.43,29.29,97.14,85.86,9.06,9.11,53.29,202.99,0.62,76.88,57.52,42.6,52.55,90.15,37.11
2010,22,2208007,Picos,0.698,0.621,0.684,0.8,3.51,2.44,17.7,98.35,96.97,19.25,9.48,28.4,563.88,0.56,41.11,17.93,6.92,89.39,99.28,29.32
2010,22,2208106,Pimenteiras,0.566,0.423,0.553,0.774,10.81,6.67,34.71,98.91,91.7,16.43,8.39,53.62,249.17,0.57,68.9,48.21,30.09,73.84,93.45,35.6
2010,22,2208205,Pio Ix,0.564,0.44,0.538,0.758,4.85,4.75,31.11,98.83,65.04,14.21,9.42,49.16,227.79,0.56,73.05,47.36,31.12,45.31,84.37,34.07
2010,22,2208304,Piracuruca,0.596,0.478,0.575,0.77,4.67,4.61,29.96,94.8,91.16,14.39,9.31,46.87,286.63,0.54,64.89,40.66,20.46,79.1,88.51,32.86
2010,22,2208403,Piripiri,0.635,0.533,0.621,0.775,4.5,3.58,26.3,97.26,82.83,13.01,9.96,38.9,380.67,0.55,55.63,30.18,14.22,84.08,95.45,27.66
2010,22,2208502,Porto,0.549,0.406,0.537,0.758,12.99,8.88,35.01,98.0,95.95,30.54,8.06,53.68,226.34,0.57,77.07,50.16,28.71,69.7,87.77,49.59
2010,22,2208551,Porto Alegre Do Piauí,0.563,0.452,0.539,0.732,4.78,6.67,27.64,98.96,95.51,8.67,8.64,49.9,228.65,0.49,72.49,39.3,24.69,91.06,99.11,27.9
2010,22,2208601,Prata Do Piauí,0.565,0.448,0.527,0.764,6.61,7.73,35.27,98.62,95.93,20.81,9.04,44.89,212.64,0.54,73.9,52.59,30.22,84.22,83.44,27.12
2010,22,2208650,Queimada Nova,0.515,0.368,0.49,0.758,9.41,4.78,31.3,99.3,45.64,7.62,7.57,54.23,168.78,0.53,79.34,56.59,38.55,15.52,96.01,42.73
2010,22,2208700,Redenção Do Gurguéia,0.589,0.478,0.557,0.766,5.67,3.72,21.78,97.9,95.94,15.2,8.89,38.52,255.92,0.57,69.17,48.55,28.59,87.74,95.9,33.14
2010,22,2208809,Regeneração,0.591,0.498,0.582,0.714,6.9,5.25,31.82,97.41,89.06,19.43,9.36,43.33,299.65,0.57,64.83,40.9,21.25,61.22,95.22,27.78
2010,22,2208858,Riacho Frio,0.541,0.431,0.483,0.761,10.26,3.48,20.08,98.93,94.61,20.34,7.71,43.14,161.99,0.6,82.12,62.65,45.67,76.54,68.97,32.43
2010,22,2208874,Ribeira Do Piauí,0.52,0.368,0.505,0.758,4.49,2.84,30.47,98.47,92.65,22.98,8.65,62.25,185.05,0.58,78.75,57.85,41.37,85.67,86.2,32.63
2010,22,2208908,Ribeiro Gonçalves,0.601,0.485,0.568,0.787,7.39,8.33,22.68,96.88,83.07,16.95,8.18,45.3,274.79,0.57,65.05,42.23,27.22,65.9,70.73,31.13
2010,22,2209005,Rio Grande Do Piauí,0.572,0.442,0.552,0.767,6.1,7.82,29.77,96.46,95.71,16.84,7.94,47.3,248.87,0.54,65.99,45.13,31.13,66.9,89.78,28.66
2010,22,2209104,Santa Cruz Do Piauí,0.601,0.53,0.57,0.72,11.39,8.14,35.88,96.87,75.62,10.94,9.56,39.74,278.49,0.49,63.2,33.99,20.32,91.67,87.34,25.34
2010,22,2209153,Santa Cruz Dos Milagres,0.577,0.509,0.524,0.719,7.3,4.09,34.0,98.65,96.74,33.55,9.03,41.01,208.49,0.44,70.31,44.34,21.2,93.23,94.24,32.68
2010,22,2209203,Santa Filomena,0.544,0.385,0.53,0.789,8.9,5.86,24.39,97.62,69.23,18.58,6.72,52.67,216.61,0.59,78.58,53.49,32.86,53.04,69.58,41.0
2010,22,2209302,Santa Luz,0.588,0.49,0.539,0.768,6.11,5.19,26.42,99.46,94.53,22.16,8.87,42.83,228.71,0.51,72.6,48.31,24.62,73.67,96.59,29.78
2010,22,2209351,Santana Do Piauí,0.574,0.476,0.539,0.736,2.95,3.42,30.34,96.11,96.72,18.06,8.93,51.28,228.52,0.47,67.05,42.54,23.7,95.77,99.23,29.77
2010,22,2209377,Santa Rosa Do Piauí,0.567,0.483,0.539,0.699,7.24,5.44,31.65,98.94,86.45,16.32,10.22,49.94,229.29,0.52,69.91,48.21,30.14,76.23,89.41,27.29
2010,22,2209401,Santo Antônio De Lisboa,0.584,0.473,0.597,0.704,8.39,5.1,28.57,93.47,93.01,18.96,7.16,43.93,329.44,0.47,56.14,31.38,8.88,84.35,97.37,35.41
2010,22,2209450,Santo Antônio Dos Milagres,0.619,0.582,0.524,0.776,12.78,3.39,27.8,97.53,100.0,29.39,9.93,25.8,208.58,0.49,74.84,44.14,27.11,38.42,95.82,39.85
2010,22,2209500,Santo Inácio Do Piauí,0.613,0.546,0.543,0.776,4.43,3.47,29.75,99.3,93.99,2.36,9.76,39.35,235.42,0.52,67.63,42.63,30.41,91.47,92.84,23.22
2010,22,2209559,São Braz Do Piauí,0.596,0.514,0.533,0.771,6.93,4.58,30.41,98.72,92.24,20.31,8.63,43.98,220.96,0.53,67.4,47.0,33.26,6.99,94.04,24.48
2010,22,2209609,São Félix Do Piauí,0.61,0.52,0.587,0.742,4.42,4.2,34.11,100.0,100.0,27.22,9.52,40.38,309.48,0.52,62.5,38.48,17.57,74.76,93.36,19.05
2010,22,2209658,São Francisco De Assis Do Piauí,0.485,0.336,0.462,0.734,9.78,9.61,38.95,96.01,66.64,15.12,7.26,67.89,141.81,0.6,83.9,65.37,48.38,24.66,65.84,44.33
2010,22,2209708,São Francisco Do Piauí,0.57,0.448,0.557,0.744,7.06,4.11,32.1,98.4,100.0,20.87,9.38,53.07,256.79,0.54,71.11,43.98,23.88,66.32,83.27,30.33
2010,22,2209757,São Gonçalo Do Gurguéia,0.56,0.438,0.572,0.701,6.57,5.39,24.51,97.51,86.74,6.54,8.15,46.63,281.43,0.67,74.46,51.86,35.08,78.78,55.08,33.93
2010,22,2209807,São Gonçalo Do Piauí,0.616,0.588,0.538,0.739,3.85,2.47,27.6,97.69,94.57,27.93,9.76,35.39,227.37,0.55,69.1,51.3,32.24,96.86,99.43,27.56
2010,22,2209856,São João Da Canabrava,0.559,0.446,0.539,0.726,12.53,4.93,36.43,96.76,79.36,10.52,7.84,48.93,229.34,0.52,69.14,46.32,30.03,85.68,94.97,27.88
2010,22,2209872,São João Da Fronteira,0.515,0.351,0.516,0.753,14.07,4.44,36.99,88.33,68.82,29.78,8.04,64.24,198.13,0.54,77.54,52.6,35.25,81.73,85.3,36.44
2010,22,2209906,São João Da Serra,0.582,0.478,0.545,0.757,7.68,8.03,38.26,99.12,94.19,37.98,9.24,50.11,237.11,0.57,70.37,48.48,33.98,73.95,67.87,29.7
2010,22,2209955,São João Da Varjota,0.559,0.46,0.536,0.708,7.18,3.34,35.38,96.93,100.0,19.76,9.57,45.17,224.99,0.57,70.4,49.6,32.98,43.31,96.09,34.06
2010,22,2209971,São João Do Arraial,0.523,0.401,0.496,0.72,6.77,4.43,36.29,98.39,94.36,26.3,9.9,56.75,174.82,0.55,79.76,56.77,41.12,91.63,95.25,36.66
2010,22,2210003,São João Do Piauí,0.645,0.567,0.615,0.769,7.63,4.63,22.22,98.31,90.86,14.51,10.14,33.89,368.36,0.57,58.42,32.56,17.77,83.51,96.04,31.76
2010,22,2210052,São José Do Divino,0.565,0.44,0.529,0.775,5.61,6.67,36.09,99.15,99.03,40.63,8.81,51.71,214.48,0.49,74.46,44.84,25.79,76.62,91.08,32.71
2010,22,2210102,São José Do Peixe,0.573,0.449,0.548,0.766,10.88,4.04,30.05,97.51,89.59,17.87,8.59,50.97,242.73,0.57,70.12,50.47,29.91,93.88,93.5,35.74
2010,22,2210201,São José Do Piauí,0.552,0.423,0.569,0.7,10.02,8.44,37.91,97.52,72.21,14.07,9.12,55.67,275.18,0.43,58.94,32.84,13.45,90.21,91.82,28.51
2010,22,2210300,São Julião,0.594,0.455,0.593,0.775,15.38,10.73,38.71,94.27,84.31,28.66,7.89,48.29,321.2,0.51,57.96,36.54,17.4,71.12,94.29,31.94
2010,22,2210359,São Lourenço Do Piauí,0.595,0.499,0.56,0.753,6.5,3.57,24.65,99.0,80.3,10.37,8.38,40.59,261.24,0.47,59.42,35.88,23.29,26.29,44.27,22.86
2010,22,2210375,São Luis Do Piauí,0.554,0.433,0.52,0.757,5.5,3.09,33.46,96.87,69.42,0.0,7.85,45.68,202.89,0.5,68.11,45.89,35.36,95.29,89.89,30.19
2010,22,2210383,São Miguel Da Baixa Grande,0.563,0.413,0.557,0.774,13.79,8.66,37.68,98.81,97.92,18.48,8.06,52.82,256.03,0.54,67.53,43.6,27.56,89.07,90.57,23.02
2010,22,2210391,São Miguel Do Fidalgo,0.535,0.407,0.505,0.747,11.99,13.22,32.94,98.66,96.63,14.73,8.02,52.29,185.84,0.55,78.73,53.02,34.99,76.62,89.23,37.62
2010,22,2210409,São Miguel Do Tapuio,0.556,0.434,0.508,0.78,7.77,4.82,36.03,97.46,85.02,15.67,8.95,52.74,189.01,0.57,76.91,55.14,40.28,85.46,76.7,37.94
2010,22,2210508,São Pedro Do Piauí,0.595,0.492,0.553,0.776,11.4,7.34,29.58,98.4,94.05,22.65,9.44,43.91,249.23,0.56,69.38,46.17,30.59,78.05,97.3,33.14
2010,22,2210607,São Raimundo Nonato,0.661,0.587,0.631,0.779,6.47,3.9,20.16,98.04,85.1,8.21,9.82,33.05,406.2,0.55,54.6,25.71,12.78,67.75,87.75,25.91
2010,22,2210623,Sebastião Barros,0.536,0.394,0.508,0.77,10.76,4.57,22.91,99.36,88.15,12.28,7.51,54.37,189.25,0.59,79.97,60.7,36.57,66.25,46.09,29.97
2010,22,2210631,Sebastião Leal,0.562,0.467,0.516,0.736,4.41,5.63,27.72,97.55,94.3,12.48,9.54,47.29,198.01,0.58,77.04,52.02,40.57,86.03,89.46,19.83
2010,22,2210656,Sigefredo Pacheco,0.581,0.496,0.518,0.764,5.76,6.29,33.77,99.24,93.89,26.28,8.77,46.81,200.91,0.51,74.01,47.52,32.11,89.51,82.44,26.86
2010,22,2210706,Simões,0.575,0.44,0.56,0.771,7.43,4.3,30.25,95.33,87.51,14.07,7.84,49.03,261.23,0.51,67.2,43.47,20.01,46.98,84.2,42.13
2010,22,2210805,Simplício Mendes,0.627,0.525,0.613,0.767,8.75,4.3,23.7,98.56,88.59,18.29,9.56,36.19,362.56,0.57,58.33,33.72,17.41,84.91,93.69,28.27
2010,22,2210904,Socorro Do Piauí,0.561,0.465,0.513,0.739,9.68,4.97,27.3,97.9,87.28,16.27,8.23,45.69,195.08,0.57,73.54,54.73,41.92,66.95,91.8,28.27
2010,22,2210938,Sussuapara,0.586,0.476,0.563,0.749,5.64,3.81,30.36,93.71,80.43,12.9,8.43,43.82,265.42,0.46,66.09,33.3,14.29,97.74,99.11,29.1
2010,22,2210953,Tamboril Do Piauí,0.501,0.36,0.509,0.685,9.52,3.88,36.05,99.67,78.6,11.18,6.82,57.71,189.63,0.54,77.99,56.11,34.66,65.22,82.38,30.85
2010,22,2210979,Tanque Do Piauí,0.579,0.499,0.553,0.704,6.67,3.18,28.53,97.78,92.02,26.29,8.22,43.81,250.37,0.48,66.41,39.55,23.58,92.5,96.65,26.92
2010,22,2211001,Teresina,0.751,0.707,0.731,0.82,2.21,1.6,9.1,97.82,95.96,29.52,10.36,15.51,757.57,0.61,37.83,14.6,4.44,96.22,99.89,28.47
2010,22,2211100,União,0.577,0.453,0.542,0.781,7.13,4.98,28.74,97.93,93.15,16.57,8.57,43.8,232.7,0.52,72.34,43.67,24.75,82.2,96.94,38.42
2010,22,2211209,Uruçuí,0.631,0.516,0.614,0.794,6.97,5.15,18.12,97.05,89.87,10.91,8.2,39.8,364.39,0.53,53.84,29.7,16.54,90.55,85.37,29.56
2010,22,2211308,Valença Do Piauí,0.647,0.566,0.62,0.773,7.29,3.43,26.08,98.58,96.32,11.86,9.52,35.29,380.19,0.53,56.49,28.5,13.3,94.36,98.67,18.17
2010,22,2211357,Várzea Branca,0.553,0.44,0.518,0.743,9.93,5.71,31.49,97.87,84.99,12.95,7.94,49.94,201.49,0.57,72.38,54.59,38.19,27.22,54.87,39.65
2010,22,2211407,Várzea Grande,0.571,0.474,0.554,0.708,5.03,3.24,33.09,99.61,91.12,24.58,9.14,46.94,251.64,0.51,64.68,42.66,27.31,95.94,98.57,21.77
2010,22,2211506,Vera Mendes,0.503,0.375,0.494,0.685,8.94,6.94,43.69,98.24,76.22,9.67,8.5,55.19,173.56,0.58,78.43,58.19,45.68,67.93,99.27,26.99
2010,22,2211605,Vila Nova Do Piauí,0.565,0.471,0.559,0.685,7.48,5.59,30.17,98.81,100.0,21.77,7.63,41.28,259.38,0.6,74.27,47.16,31.43,21.07,99.15,25.85
2010,22,2211704,Wall Ferraz,0.544,0.443,0.513,0.708,7.0,3.43,35.26,97.34,96.91,9.86,9.38,50.39,195.12,0.51,77.19,49.94,31.84,35.07,96.79,34.37
2010,23,2300101,Abaiara,0.628,0.612,0.54,0.748,3.98,3.85,29.4,96.76,93.17,27.93,9.7,31.8,229.74,0.48,71.86,44.64,20.96,71.44,99.36,44.41
2010,23,2300150,Acarape,0.606,0.562,0.559,0.709,3.52,5.11,21.77,96.84,95.65,19.01,9.14,28.69,259.03,0.43,66.26,32.88,12.31,76.94,99.43,34.05
2010,23,2300200,Acaraú,0.601,0.517,0.554,0.758,5.08,3.78,28.83,96.79,96.08,24.63,10.03,39.79,250.79,0.6,75.35,51.22,28.32,86.17,95.58,35.14
2010,23,2300309,Acopiara,0.595,0.517,0.563,0.724,5.97,5.44,32.87,97.25,94.31,25.55,9.94,43.64,266.65,0.57,68.34,45.21,29.5,61.0,98.4,33.1
2010,23,2300408,Aiuaba,0.569,0.474,0.518,0.749,5.75,4.71,34.14,97.54,90.3,33.27,8.79,46.22,200.6,0.53,75.02,52.55,30.97,55.79,94.64,35.93
2010,23,2300507,Alcântaras,0.6,0.524,0.549,0.751,2.21,3.99,29.11,97.74,93.32,38.49,9.43,37.67,243.73,0.46,67.24,37.34,20.12,62.59,98.13,44.4
2010,23,2300606,Altaneira,0.602,0.515,0.547,0.774,5.12,1.85,31.83,95.72,93.99,52.85,10.36,43.79,240.97,0.55,72.18,49.56,28.68,95.55,98.77,37.43
2010,23,2300705,Alto Santo,0.601,0.499,0.563,0.774,7.53,4.79,30.13,96.46,92.33,21.79,9.12,42.77,265.07,0.48,64.21,36.02,17.8,67.39,98.65,34.99
2010,23,2300754,Amontada,0.606,0.582,0.503,0.761,6.46,3.79,25.67,97.03,95.57,29.02,10.25,29.95,182.47,0.56,79.23,57.54,37.41,77.08,95.14,37.55
2010,23,2300804,Antonina Do Norte,0.599,0.506,0.55,0.772,7.5,4.07,32.61,95.68,95.78,32.03,9.39,42.78,244.83,0.51,69.7,43.92,21.79,79.62,98.51,37.21
2010,23,2300903,Apuiarés,0.618,0.593,0.536,0.741,6.27,3.21,26.8,98.63,94.43,40.18,10.63,31.74,224.63,0.54,70.96,49.77,29.96,83.41,98.48,31.41
2010,23,2301000,Aquiraz,0.641,0.55,0.608,0.788,5.2,4.09,20.83,96.54,89.37,20.97,9.05,32.92,352.6,0.48,56.63,24.19,8.09,77.76,98.9,35.86
2010,23,2301109,Aracati,0.655,0.624,0.607,0.742,5.03,3.84,20.82,98.47,94.74,31.69,10.39,26.67,349.26,0.53,59.26,31.68,14.18,82.01,98.82,27.5
2010,23,2301208,Aracoiaba,0.615,0.556,0.55,0.759,7.41,5.24,30.07,96.48,94.1,27.67,9.46,33.29,245.24,0.51,68.61,42.69,23.0,65.97,98.88,33.83
2010,23,2301257,Ararendá,0.59,0.516,0.522,0.763,8.28,6.91,34.02,98.91,80.22,37.93,9.77,42.15,205.43,0.53,73.87,51.04,36.31,75.64,98.95,36.2
2010,23,2301307,Araripe,0.564,0.459,0.515,0.759,5.99,5.14,33.54,96.32,81.38,26.0,9.12,49.62,197.14,0.56,76.33,56.0,36.68,68.42,97.59,43.27
2010,23,2301406,Aratuba,0.622,0.587,0.53,0.775,3.33,2.38,25.35,97.02,98.72,39.87,9.98,32.16,215.94,0.49,73.01,46.35,25.67,82.06,99.96,36.29
2010,23,2301505,Arneiroz,0.618,0.564,0.565,0.74,6.97,5.22,30.26,97.55,90.52,32.65,9.7,37.98,269.77,0.53,69.82,40.76,19.9,59.54,97.77,30.95
2010,23,2301604,Assaré,0.6,0.482,0.573,0.783,5.75,4.63,31.68,96.58,70.97,26.22,9.61,46.3,282.6,0.59,67.59,45.07,27.95,79.51,99.41,36.5
2010,23,2301703,Aurora,0.605,0.521,0.557,0.764,4.42,4.77,28.05,97.94,90.48,29.9,9.1,44.74,255.78,0.53,67.38,45.69,24.46,65.28,99.26,34.5
2010,23,2301802,Baixio,0.627,0.575,0.563,0.763,6.31,3.66,23.75,97.97,82.2,36.21,9.41,28.13,265.94,0.46,62.83,35.89,17.63,83.47,99.85,28.08
2010,23,2301851,Banabuiú,0.606,0.53,0.54,0.779,7.55,5.35,30.18,97.99,90.75,24.48,9.97,37.15,229.99,0.55,73.97,48.92,28.36,66.09,98.14,38.44
2010,23,2301901,Barbalha,0.683,0.637,0.613,0.817,4.21,2.55,18.79,98.28,96.2,34.17,10.4,22.65,362.9,0.51,57.68,28.35,10.0,82.13,99.84,36.66
2010,23,2301950,Barreira,0.616,0.551,0.551,0.771,5.42,4.99,27.46,97.81,93.48,28.17,9.57,36.7,246.69,0.5,69.35,41.44,21.19,70.02,99.75,35.41
2010,23,2302008,Barro,0.599,0.51,0.556,0.758,5.46,3.24,23.37,97.06,92.45,38.45,9.67,40.09,254.44,0.5,66.64,41.46,24.08,75.86,99.46,34.31
2010,23,2302057,Barroquinha,0.571,0.505,0.512,0.72,4.69,4.09,36.5,97.92,98.99,36.32,10.22,40.96,192.96,0.55,78.46,55.93,35.21,75.31,97.93,40.7
2010,23,2302107,Baturité,0.619,0.548,0.574,0.753,6.32,5.63,22.03,95.86,92.56,25.68,10.13,32.11,284.88,0.48,62.33,34.41,14.44,71.88,99.7,31.9
2010,23,2302206,Beberibe,0.638,0.571,0.585,0.778,3.07,2.55,26.05,98.21,96.62,28.37,10.02,34.39,304.61,0.55,64.22,38.18,20.15,75.77,98.79,23.94
2010,23,2302305,Bela Cruz,0.623,0.598,0.533,0.76,6.57,3.97,27.09,98.94,93.9,29.05,10.31,30.92,221.07,0.55,74.88,51.91,28.97,82.31,94.98,36.95
2010,23,2302404,Boa Viagem,0.598,0.504,0.553,0.768,4.99,3.64,32.57,97.61,81.56,10.33,8.87,42.03,250.47,0.59,71.03,48.83,31.91,74.18,98.13,33.62
2010,23,2302503,Brejo Santo,0.647,0.592,0.596,0.768,7.03,4.13,22.68,92.51,96.77,35.93,9.02,30.16,325.64,0.52,61.28,32.29,13.83,83.49,99.22,41.48
2010,23,2302602,Camocim,0.62,0.578,0.565,0.729,4.91,3.12,26.49,97.77,91.48,25.08,9.95,32.18,269.0,0.56,71.72,45.76,22.12,93.62,98.71,37.9
2010,23,2302701,Campos Sales,0.63,0.556,0.584,0.769,5.12,4.96,29.21,98.29,92.38,34.73,10.57,38.54,303.68,0.58,66.09,46.64,23.58,71.86,98.92,29.41
2010,23,2302800,Canindé,0.612,0.526,0.571,0.765,4.2,3.39,24.67,97.51,90.29,26.94,9.15,38.84,278.9,0.58,69.79,45.24,26.44,73.73,99.07,36.55
2010,23,2302909,Capistrano,0.611,0.593,0.527,0.73,9.39,5.94,27.78,96.27,95.68,36.04,10.31,30.4,211.95,0.57,75.65,52.79,32.97,55.07,99.38,35.45
2010,23,2303006,Caridade,0.592,0.505,0.528,0.779,5.26,5.22,26.83,97.29,88.48,30.04,8.18,41.4,213.18,0.5,72.88,47.06,26.58,81.04,99.59,34.12
2010,23,2303105,Cariré,0.596,0.526,0.537,0.749,4.73,3.45,30.47,97.89,91.68,21.46,10.09,38.04,225.75,0.54,72.04,49.87,28.47,81.42,98.13,34.9
2010,23,2303204,Caririaçu,0.578,0.483,0.549,0.73,5.07,4.77,31.65,96.05,88.19,16.38,9.66,43.47,243.1,0.51,69.23,45.21,21.83,82.1,99.29,42.43
2010,23,2303303,Cariús,0.597,0.519,0.546,0.751,4.09,3.22,31.79,97.12,89.18,22.53,9.71,42.82,239.39,0.52,67.79,44.85,28.7,62.25,98.84,32.84
2010,23,2303402,Carnaubal,0.593,0.513,0.536,0.76,4.95,4.56,29.66,97.07,96.45,18.45,10.32,41.31,224.37,0.53,73.86,49.64,27.18,75.15,99.51,26.35
2010,23,2303501,Cascavel,0.646,0.578,0.587,0.793,4.22,3.25,22.89,96.66,94.89,16.86,9.74,30.98,309.14,0.48,60.09,31.25,12.08,79.4,99.28,29.31
2010,23,2303600,Catarina,0.618,0.56,0.551,0.764,5.62,5.27,29.44,94.31,84.8,35.14,8.93,36.35,246.38,0.51,71.73,42.19,21.25,58.69,95.32,30.3
2010,23,2303659,Catunda,0.609,0.587,0.537,0.717,6.51,2.55,30.02,98.72,100.0,45.9,10.38,32.36,225.43,0.53,75.83,48.19,27.33,75.83,97.71,36.53
2010,23,2303709,Caucaia,0.682,0.632,0.62,0.808,4.81,3.34,12.86,96.35,94.18,32.15,9.71,23.73,379.63,0.48,51.67,22.82,6.53,91.28,99.3,39.39
2010,23,2303808,Cedro,0.627,0.553,0.592,0.753,5.84,5.69,27.52,97.52,89.4,26.57,9.51,35.51,317.69,0.56,62.81,39.13,23.13,79.3,99.62,31.04
2010,23,2303907,Chaval,0.586,0.536,0.524,0.716,8.76,4.16,32.47,97.36,95.32,34.02,10.25,38.89,208.7,0.5,74.23,49.91,23.66,72.98,97.28,40.51
2010,23,2303931,Choró,0.585,0.523,0.493,0.778,4.64,4.71,32.43,97.21,95.56,44.74,9.94,35.56,171.62,0.58,79.0,60.78,41.75,38.92,97.84,35.64
2010,23,2303956,Chorozinho,0.604,0.522,0.57,0.742,8.44,5.23,28.72,97.45,87.36,22.57,9.35,40.34,277.4,0.5,66.03,36.15,17.2,59.2,99.16,30.42
2010,23,2304004,Coreaú,0.61,0.568,0.526,0.758,7.81,5.99,36.91,97.47,96.55,19.54,10.04,34.04,210.65,0.51,74.62,47.57,30.29,68.58,98.36,43.91
2010,23,2304103,Crateús,0.644,0.55,0.618,0.787,6.21,5.08,24.99,97.51,89.36,18.92,9.25,35.15,373.18,0.6,61.12,37.07,19.44,77.54,99.44,32.04
2010,23,2304202,Crato,0.713,0.673,0.655,0.822,3.31,2.28,14.94,97.77,93.42,28.99,10.47,20.67,470.46,0.57,50.89,24.54,8.61,90.03,99.7,34.3
2010,23,2304236,Croatá,0.59,0.544,0.497,0.76,6.37,4.16,35.25,97.44,95.94,21.92,10.45,37.25,176.12,0.57,79.3,58.91,41.08,94.62,99.32,28.07
2010,23,2304251,Cruz,0.632,0.586,0.573,0.752,1.98,2.12,24.64,98.46,99.02,30.29,10.04,30.58,282.51,0.58,67.89,46.29,24.71,90.21,98.73,33.4
2010,23,2304269,Deputado Irapuan Pinheiro,0.609,0.562,0.542,0.742,5.41,3.56,32.28,99.31,96.55,11.68,10.17,38.28,233.15,0.5,64.99,45.38,29.11,80.2,96.92,28.55
2010,23,2304277,Ererê,0.61,0.547,0.551,0.754,7.0,7.86,30.73,97.97,100.0,34.28,9.14,31.32,246.27,0.46,65.65,39.25,20.15,79.31,99.51,34.97
2010,23,2304285,Eusébio,0.701,0.621,0.7,0.794,2.32,2.48,13.49,98.3,95.16,27.3,10.13,23.99,623.01,0.65,49.32,22.03,5.6,87.18,99.41,37.15
2010,23,2304301,Farias Brito,0.633,0.605,0.541,0.774,3.99,3.34,27.62,99.26,96.88,36.96,10.73,31.01,231.88,0.54,70.27,48.78,30.83,78.91,99.33,36.21
2010,23,2304350,Forquilha,0.644,0.602,0.583,0.76,3.89,4.08,26.18,96.44,100.0,29.97,10.3,28.68,300.9,0.45,59.2,29.57,11.42,92.19,99.69,44.28
2010,23,2304400,Fortaleza,0.754,0.695,0.749,0.824,3.21,2.19,6.94,96.11,90.39,28.36,10.04,16.14,846.36,0.61,32.88,12.14,3.36,98.7,99.75,31.46
2010,23,2304459,Fortim,0.624,0.588,0.562,0.734,3.97,2.48,26.79,97.5,94.68,29.13,9.44,30.29,264.14,0.51,67.94,39.33,19.95,84.85,99.64,25.3
2010,23,2304509,Frecheirinha,0.604,0.536,0.551,0.746,4.99,4.74,33.33,97.81,92.97,26.26,9.36,41.2,246.03,0.53,70.94,45.88,24.26,70.27,98.28,34.29
2010,23,2304608,General Sampaio,0.568,0.449,0.548,0.744,7.97,6.12,32.58,96.16,87.99,34.58,9.61,46.59,242.1,0.51,71.11,43.35,22.62,64.36,97.82,45.33
2010,23,2304657,Graça,0.57,0.477,0.514,0.755,3.52,2.63,35.69,99.11,93.39,29.28,9.74,50.19,195.67,0.55,74.44,55.15,37.99,65.87,98.52,36.93
2010,23,2304707,Granja,0.559,0.453,0.495,0.778,9.05,7.19,38.57,94.71,81.18,20.91,9.46,48.51,173.99,0.62,82.31,63.91,43.63,70.73,92.71,46.49
2010,23,2304806,Granjeiro,0.585,0.526,0.533,0.715,4.25,2.79,30.62,98.74,85.93,31.42,9.31,35.08,221.14,0.51,70.13,46.36,27.99,86.42,99.54,48.15
2010,23,2304905,Groaíras,0.633,0.598,0.585,0.724,3.52,1.87,25.24,97.93,94.35,18.99,10.37,31.73,304.64,0.47,61.02,31.9,14.32,86.81,99.91,34.81
2010,23,2304954,Guaiúba,0.617,0.56,0.546,0.768,5.04,4.13,23.07,94.19,95.78,28.52,9.3,33.01,239.69,0.47,69.62,40.45,17.67,87.12,98.36,37.33
2010,23,2305001,Guaraciaba Do Norte,0.609,0.528,0.552,0.776,4.11,3.42,28.43,97.72,97.66,26.67,9.52,38.87,247.55,0.51,71.11,43.42,19.81,87.07,99.8,29.02
2010,23,2305100,Guaramiranga,0.637,0.61,0.576,0.736,1.58,2.81,17.85,97.58,96.02,18.47,9.34,26.78,287.35,0.47,64.55,35.52,9.44,78.04,99.13,39.75
2010,23,2305209,Hidrolândia,0.597,0.499,0.549,0.775,4.43,3.58,30.19,97.94,97.01,21.29,9.38,45.07,243.41,0.51,68.14,44.0,25.49,75.34,97.68,31.29
2010,23,2305233,Horizonte,0.658,0.61,0.594,0.788,3.3,3.6,15.65,97.08,89.33,13.38,9.29,25.59,322.78,0.42,54.91,22.32,7.51,93.98,99.56,33.45
2010,23,2305266,Ibaretama,0.577,0.489,0.517,0.759,12.12,9.27,34.67,95.35,93.97,24.77,8.86,43.51,199.63,0.55,76.65,54.03,34.72,17.04,98.42,34.4
2010,23,2305308,Ibiapina,0.608,0.525,0.559,0.767,3.68,3.18,25.48,98.53,93.49,23.62,9.94,40.09,258.57,0.47,66.87,38.71,15.06,81.04,99.3,24.78
2010,23,2305332,Ibicuitinga,0.606,0.571,0.514,0.758,5.72,6.06,29.34,97.92,94.62,33.64,9.94,31.6,196.54,0.52,76.05,53.82,31.29,75.54,98.15,32.67
2010,23,2305357,Icapuí,0.616,0.541,0.572,0.757,4.9,4.68,26.07,96.76,100.0,28.72,8.66,36.08,280.79,0.47,64.15,33.32,13.7,85.41,98.8,22.15
2010,23,2305407,Icó,0.606,0.536,0.568,0.731,13.78,10.29,32.83,96.65,86.82,14.69,9.0,36.73,274.01,0.55,66.06,42.14,24.65,78.49,99.46,37.11
2010,23,2305506,Iguatu,0.677,0.599,0.642,0.808,4.82,3.26,23.36,96.77,93.21,17.3,9.49,30.3,434.67,0.54,50.24,24.31,10.86,87.24,99.83,29.73
2010,23,2305605,Independência,0.632,0.592,0.561,0.759,3.13,3.53,28.74,97.64,95.93,27.46,9.92,35.23,262.34,0.55,68.32,45.52,28.13,66.52,99.47,31.31
2010,23,2305654,Ipaporanga,0.579,0.506,0.502,0.766,4.94,4.58,34.29,97.15,96.3,31.32,9.79,46.32,182.11,0.55,76.24,55.78,42.11,82.55,97.66,30.2
2010,23,2305704,Ipaumirim,0.606,0.491,0.621,0.729,7.49,6.72,27.32,96.7,88.76,33.64,8.91,39.97,380.61,0.63,63.58,36.35,18.95,77.76,99.38,36.4
2010,23,2305803,Ipu,0.618,0.532,0.583,0.762,6.5,4.65,28.13,97.27,96.84,32.1,8.82,37.85,301.38,0.56,66.43,42.15,21.08,82.05,99.13,31.78
2010,23,2305902,Ipueiras,0.573,0.479,0.534,0.735,6.25,5.18,32.03,98.12,94.44,24.02,9.61,47.48,222.22,0.56,74.37,51.9,33.07,89.16,99.43,32.15
2010,23,2306009,Iracema,0.652,0.632,0.597,0.733,4.29,4.97,26.59,98.05,90.69,54.03,10.38,29.12,328.61,0.55,61.63,33.85,18.59,76.05,99.63,29.49
2010,23,2306108,Irauçuba,0.605,0.557,0.526,0.755,8.93,5.17,28.01,95.19,93.7,12.12,10.24,31.39,211.75,0.61,76.5,56.58,35.65,76.14,94.5,40.31
2010,23,2306207,Itaiçaba,0.656,0.642,0.581,0.758,2.56,2.89,22.82,99.53,96.53,22.99,10.97,29.73,296.81,0.44,59.22,26.94,11.24,88.18,99.36,18.36
2010,23,2306256,Itaitinga,0.626,0.548,0.583,0.768,4.19,2.98,17.2,91.42,96.31,26.48,9.1,31.14,300.15,0.45,61.11,29.31,9.11,92.98,99.25,41.29
2010,23,2306306,Itapagé,0.623,0.568,0.561,0.76,4.79,3.0,23.36,97.06,96.21,21.03,9.56,31.98,263.18,0.54,69.87,42.45,22.46,79.83,97.38,41.35
2010,23,2306405,Itapipoca,0.64,0.613,0.562,0.761,4.85,3.35,22.68,97.86,95.21,27.25,9.79,27.22,264.08,0.56,69.64,45.0,25.35,76.96,97.96,36.65
2010,23,2306504,Itapiúna,0.604,0.542,0.525,0.775,7.38,5.25,30.42,95.28,92.41,27.45,9.27,35.37,209.53,0.5,72.52,46.42,26.66,61.27,99.54,35.79
2010,23,2306553,Itarema,0.606,0.558,0.529,0.753,4.76,4.87,26.9,96.62,95.93,28.97,10.16,32.31,214.89,0.53,77.45,49.01,27.82,83.03,97.27,41.17
2010,23,2306603,Itatira,0.562,0.463,0.514,0.747,8.26,6.07,32.57,97.63,90.11,18.06,8.83,44.82,196.02,0.54,75.39,53.79,33.92,53.92,98.18,44.63
2010,23,2306702,Jaguaretama,0.612,0.535,0.552,0.776,7.0,6.05,28.53,96.74,90.4,24.91,9.46,35.31,247.85,0.56,71.55,47.29,27.99,62.13,99.14,27.55
2010,23,2306801,Jaguaribara,0.618,0.559,0.575,0.735,4.97,4.78,25.97,97.43,96.99,32.36,9.74,30.68,287.08,0.45,60.42,32.21,12.86,87.99,98.96,28.52
2010,23,2306900,Jaguaribe,0.621,0.543,0.58,0.76,6.81,4.82,25.56,96.35,84.97,31.17,9.46,37.36,294.97,0.52,62.37,37.3,19.58,83.81,99.76,30.07
2010,23,2307007,Jaguaruana,0.624,0.548,0.568,0.779,7.9,5.69,27.15,98.42,94.93,19.19,9.84,36.57,274.9,0.47,61.74,34.35,14.91,84.38,99.2,26.92
2010,23,2307106,Jardim,0.614,0.542,0.547,0.779,4.71,2.43,26.29,98.37,96.49,21.72,9.58,34.43,241.09,0.53,70.28,45.8,25.63,48.55,99.1,40.69
2010,23,2307205,Jati,0.651,0.634,0.562,0.776,4.87,3.35,26.25,98.11,97.59,34.41,9.97,28.91,264.55,0.5,66.82,41.91,18.98,80.33,99.33,33.37
2010,23,2307254,Jijoca De Jericoacoara,0.652,0.625,0.614,0.723,2.34,1.79,23.51,98.77,98.82,29.82,10.45,30.66,365.46,0.59,61.49,36.4,18.71,93.34,99.05,30.04
2010,23,2307304,Juazeiro Do Norte,0.694,0.642,0.644,0.81,4.33,2.81,16.2,97.25,97.06,31.44,10.14,23.54,439.53,0.54,51.95,23.43,6.73,95.04,99.58,40.05
2010,23,2307403,Jucás,0.598,0.511,0.541,0.772,3.57,4.18,31.18,97.47,87.53,16.9,9.82,39.92,232.22,0.49,70.58,44.11,22.49,77.2,96.35,37.13
2010,23,2307502,Lavras Da Mangabeira,0.613,0.515,0.576,0.778,6.78,4.99,28.88,97.24,90.24,23.63,8.27,39.36,288.15,0.6,69.23,46.26,25.73,70.74,99.12,38.26
2010,23,2307601,Limoeiro Do Norte,0.682,0.623,0.633,0.804,3.9,3.04,19.21,98.04,92.91,25.14,9.52,26.93,410.03,0.49,49.38,21.09,7.98,95.81,99.79,20.86
2010,23,2307635,Madalena,0.61,0.545,0.536,0.778,4.55,3.08,26.12,98.35,96.84,20.86,9.85,35.43,225.22,0.58,73.93,49.8,34.36,64.35,99.14,35.73
2010,23,2307650,Maracanaú,0.686,0.665,0.617,0.788,3.23,2.11,9.6,97.38,93.25,30.62,10.23,17.91,372.91,0.43,47.69,18.97,4.59,97.03,99.43,38.9
2010,23,2307700,Maranguape,0.659,0.618,0.587,0.788,3.23,1.93,15.39,94.87,81.7,17.14,9.91,20.05,307.81,0.44,57.64,25.4,8.52,86.24,99.07,38.78
2010,23,2307809,Marco,0.612,0.553,0.564,0.734,9.68,7.74,28.6,97.41,92.1,28.78,9.28,38.16,266.87,0.54,71.84,41.45,20.27,83.32,98.25,44.08
2010,23,2307908,Martinópole,0.599,0.522,0.541,0.76,3.84,3.83,29.87,97.78,92.05,22.46,9.72,40.35,232.17,0.59,74.68,51.02,33.95,81.15,98.05,43.39
2010,23,2308005,Massapê,0.616,0.554,0.541,0.778,5.78,4.63,28.49,98.3,97.15,36.5,10.03,33.54,231.47,0.47,68.12,41.67,21.32,77.77,98.84,40.24
2010,23,2308104,Mauriti,0.605,0.526,0.544,0.772,4.39,4.34,29.51,98.14,92.26,38.34,9.83,35.8,236.11,0.56,72.26,48.76,29.78,72.02,98.99,40.43
2010,23,2308203,Meruoca,0.618,0.554,0.559,0.761,2.21,1.96,18.71,97.76,95.39,25.52,8.79,30.72,258.78,0.47,68.67,35.68,14.97,77.06,99.24,43.0
2010,23,2308302,Milagres,0.628,0.569,0.561,0.777,5.47,4.51,28.84,96.17,99.54,34.52,9.07,32.2,261.96,0.47,67.27,36.4,17.6,67.85,99.33,37.21
2010,23,2308351,Milhã,0.626,0.558,0.56,0.784,6.77,4.61,28.8,97.48,94.65,25.1,9.71,37.15,260.95,0.54,65.53,44.12,25.82,71.93,98.84,33.01
2010,23,2308377,Miraíma,0.592,0.523,0.51,0.778,6.58,5.41,32.27,98.61,98.77,36.91,10.09,41.2,191.56,0.64,82.32,64.35,41.87,68.86,98.18,39.59
2010,23,2308401,Missão Velha,0.622,0.552,0.579,0.754,6.25,4.96,28.05,96.78,93.93,31.04,9.79,35.42,293.16,0.57,68.98,44.81,20.65,84.74,98.53,36.47
2010,23,2308500,Mombaça,0.582,0.489,0.549,0.735,8.44,7.46,34.02,96.44,79.52,14.56,9.22,47.73,243.85,0.54,69.52,45.53,27.66,63.74,98.91,36.55
2010,23,2308609,Monsenhor Tabosa,0.61,0.538,0.545,0.773,8.99,5.8,29.84,99.15,95.16,28.6,8.99,37.09,237.18,0.55,71.01,49.73,29.71,70.03,96.73,32.57
2010,23,2308708,Morada Nova,0.61,0.525,0.569,0.758,5.47,4.14,28.22,97.63,93.08,23.24,9.08,38.75,276.36,0.52,64.53,39.18,22.85,78.29,99.17,27.25
2010,23,2308807,Moraújo,0.581,0.516,0.495,0.768,8.09,4.83,31.98,97.42,89.44,19.78,9.43,33.08,174.55,0.51,79.16,58.9,34.34,67.56,97.64,40.95
2010,23,2308906,Morrinhos,0.588,0.511,0.524,0.76,8.75,6.56,28.44,95.13,91.83,34.56,9.6,43.05,208.9,0.54,72.79,54.57,32.3,78.64,96.02,36.61
2010,23,2309003,Mucambo,0.607,0.541,0.565,0.732,2.97,2.39,31.61,98.65,91.7,33.22,9.82,41.43,269.65,0.57,68.1,46.25,29.28,72.53,99.62,38.24
2010,23,2309102,Mulungu,0.607,0.534,0.551,0.759,3.82,2.89,22.98,96.92,96.74,34.45,9.33,34.73,246.35,0.55,71.08,47.55,25.33,63.52,98.63,38.41
2010,23,2309201,Nova Olinda,0.625,0.554,0.567,0.779,3.89,3.95,23.3,97.26,95.73,25.62,9.88,37.1,272.1,0.57,71.45,46.47,23.04,80.98,99.8,39.39
2010,23,2309300,Nova Russas,0.614,0.524,0.585,0.754,7.6,6.98,28.44,97.98,93.41,26.0,9.87,41.34,304.52,0.5,60.75,33.63,16.55,90.74,99.57,28.23
2010,23,2309409,Novo Oriente,0.605,0.526,0.552,0.763,4.55,4.62,34.07,97.93,94.66,31.14,10.04,40.39,247.79,0.6,70.52,50.09,35.93,75.22,99.42,39.36
2010,23,2309458,Ocara,0.594,0.519,0.524,0.771,4.67,3.34,30.07,98.22,83.41,8.13,9.97,37.1,208.77,0.53,74.16,49.99,32.09,53.9,99.59,30.58
2010,23,2309508,Orós,0.636,0.557,0.582,0.793,4.36,5.18,29.69,97.42,99.09,35.17,9.25,35.92,298.84,0.49,59.42,33.03,15.74,88.29,99.76,30.91
2010,23,2309607,Pacajus,0.659,0.596,0.609,0.788,4.55,3.1,18.26,98.21,94.45,27.53,9.91,27.93,354.78,0.47,52.87,24.7,7.96,80.04,99.42,30.51
2010,23,2309706,Pacatuba,0.675,0.652,0.605,0.779,2.78,1.77,9.38,94.58,88.17,24.54,9.77,19.97,344.63,0.44,54.06,22.0,6.66,97.76,99.63,42.23
2010,23,2309805,Pacoti,0.635,0.58,0.571,0.773,0.88,2.19,20.33,96.52,100.0,35.72,9.28,31.41,279.49,0.5,64.75,37.95,17.0,78.91,99.39,36.94
2010,23,2309904,Pacujá,0.621,0.571,0.562,0.745,4.94,5.68,28.15,98.55,98.71,32.57,9.99,35.39,264.03,0.5,67.18,41.68,17.87,72.56,99.71,27.06
2010,23,2310001,Palhano,0.638,0.628,0.572,0.723,4.89,2.26,28.38,98.07,98.64,36.07,10.33,25.35,281.69,0.47,61.66,34.53,17.94,72.0,99.15,15.65
2010,23,2310100,Palmácia,0.622,0.551,0.59,0.742,5.43,3.33,24.09,91.68,91.57,40.79,9.06,33.32,315.23,0.63,72.19,45.85,24.51,60.64,98.63,49.43
2010,23,2310209,Paracuru,0.637,0.581,0.597,0.746,4.79,3.33,20.15,97.21,94.47,28.28,10.0,33.24,328.2,0.55,64.0,36.59,16.65,94.62,98.54,35.46
2010,23,2310258,Paraipaba,0.634,0.602,0.574,0.738,3.09,3.24,19.94,97.76,96.62,28.83,9.42,28.38,283.79,0.5,65.05,38.48,17.3,88.53,99.15,37.81
2010,23,2310308,Parambu,0.57,0.46,0.526,0.764,7.45,6.38,35.09,96.65,89.28,19.04,10.11,48.55,211.05,0.53,74.35,51.58,28.46,63.73,96.28,34.43
2010,23,2310407,Paramoti,0.583,0.518,0.515,0.741,7.59,4.82,29.78,98.74,95.13,24.4,10.01,38.12,196.63,0.52,77.17,49.98,32.31,68.21,98.06,38.92
2010,23,2310506,Pedra Branca,0.603,0.521,0.541,0.779,9.63,6.18,33.19,98.06,91.98,26.76,9.69,41.24,231.56,0.5,71.21,41.95,25.04,73.19,98.09,39.47
2010,23,2310605,Penaforte,0.646,0.626,0.566,0.761,6.35,4.14,22.17,96.69,94.51,31.41,10.11,29.36,271.18,0.45,62.1,34.26,16.07,76.06,99.5,33.69
2010,23,2310704,Pentecoste,0.629,0.604,0.562,0.734,7.31,5.27,24.8,97.35,91.77,16.16,9.85,30.97,264.95,0.56,71.69,44.8,25.4,80.2,98.22,37.69
2010,23,2310803,Pereiro,0.601,0.534,0.525,0.776,5.33,4.61,29.57,97.9,93.79,31.86,9.2,37.9,209.49,0.53,73.49,51.12,32.65,78.53,98.98,40.72
2010,23,2310852,Pindoretama,0.636,0.588,0.581,0.754,4.59,2.91,21.7,97.64,95.92,25.0,9.46,29.38,296.99,0.45,60.66,30.09,11.67,87.36,98.73,30.8
2010,23,2310902,Piquet Carneiro,0.6,0.523,0.53,0.779,3.46,4.04,26.34,95.99,87.82,15.84,9.16,41.02,217.02,0.52,70.66,48.21,29.58,63.96,99.27,35.08
2010,23,2310951,Pires Ferreira,0.591,0.526,0.51,0.769,2.9,2.05,29.94,96.86,98.79,23.95,10.4,38.7,191.39,0.51,78.85,52.34,33.14,72.27,99.78,35.87
2010,23,2311009,Poranga,0.581,0.5,0.527,0.746,6.06,5.06,33.97,98.77,95.76,37.85,9.28,45.26,212.87,0.54,73.31,53.0,32.89,72.34,97.78,30.36
2010,23,2311108,Porteiras,0.622,0.592,0.531,0.765,3.66,4.03,29.17,97.61,98.81,47.71,9.42,32.49,218.44,0.49,74.42,47.62,24.96,62.63,99.47,39.68
2010,23,2311207,Potengi,0.562,0.441,0.529,0.759,6.89,4.98,34.52,92.75,87.05,25.05,8.34,47.7,215.12,0.58,76.22,53.53,33.2,65.49,99.12,32.86
2010,23,2311231,Potiretama,0.604,0.538,0.544,0.754,12.63,6.25,29.11,98.06,98.35,39.12,9.5,36.57,236.09,0.5,66.34,43.54,23.51,50.5,98.93,30.02
2010,23,2311264,Quiterianópolis,0.594,0.518,0.524,0.774,6.72,5.61,32.81,98.49,97.81,39.91,10.04,43.46,208.58,0.55,74.2,49.89,33.36,61.06,96.17,29.47
2010,23,2311306,Quixadá,0.659,0.624,0.592,0.775,7.47,4.91,22.94,95.81,91.04,23.36,9.69,26.38,317.66,0.53,62.51,36.21,17.65,72.09,99.39,35.42
2010,23,2311355,Quixelô,0.591,0.52,0.548,0.725,4.31,5.62,36.7,97.8,91.41,27.74,10.34,41.53,242.27,0.51,67.54,45.02,27.44,82.24,99.69,28.18
2010,23,2311405,Quixeramobim,0.642,0.567,0.592,0.789,4.43,2.86,24.2,96.73,90.2,21.55,9.35,32.33,317.45,0.56,63.18,38.37,19.57,78.72,99.07,29.93
2010,23,2311504,Quixeré,0.622,0.556,0.56,0.774,4.44,4.55,26.03,97.49,89.22,18.76,9.73,35.36,260.79,0.44,64.03,34.25,13.93,88.55,99.35,21.79
2010,23,2311603,Redenção,0.626,0.577,0.567,0.75,4.04,3.87,24.32,98.12,92.62,22.73,9.3,30.95,273.08,0.5,62.93,38.32,19.99,72.84,99.91,32.22
2010,23,2311702,Reriutaba,0.601,0.509,0.56,0.761,4.34,3.89,29.25,96.69,96.9,25.21,9.72,43.83,260.65,0.6,71.72,50.02,29.29,77.73,99.38,31.17
2010,23,2311801,Russas,0.674,0.626,0.617,0.791,3.6,3.16,19.59,97.18,96.24,26.84,10.48,27.6,372.43,0.46,50.17,22.09,7.55,88.02,99.73,23.46
2010,23,2311900,Saboeiro,0.575,0.499,0.533,0.715,3.56,3.41,33.5,97.08,96.83,31.83,9.0,43.73,220.94,0.54,72.71,50.76,31.8,62.66,91.09,33.09
2010,23,2311959,Salitre,0.54,0.434,0.497,0.732,9.2,8.49,39.98,97.29,92.05,22.12,8.94,54.65,176.75,0.49,78.59,53.46,30.94,13.46,94.95,45.48
2010,23,2312007,Santana Do Acaraú,0.587,0.5,0.536,0.755,8.17,6.29,29.56,95.38,95.63,24.22,8.84,41.46,224.83,0.66,79.57,59.47,39.1,61.98,98.68,43.67
2010,23,2312106,Santana Do Cariri,0.612,0.557,0.527,0.779,3.5,3.48,30.0,97.91,95.9,36.67,10.32,34.79,212.7,0.56,74.39,56.11,33.68,60.84,97.3,47.2
2010,23,2312205,Santa Quitéria,0.616,0.553,0.546,0.775,5.09,3.36,27.43,97.6,93.69,20.03,9.82,36.0,238.84,0.56,71.68,48.79,30.69,70.35,97.59,30.78
2010,23,2312304,São Benedito,0.611,0.531,0.562,0.764,3.64,2.83,27.09,98.14,98.05,28.63,9.64,40.16,263.94,0.51,68.21,42.61,19.29,86.7,99.86,27.03
2010,23,2312403,São Gonçalo Do Amarante,0.665,0.646,0.587,0.775,3.85,2.82,20.12,98.1,96.84,28.19,10.28,25.77,309.14,0.51,60.4,33.04,15.32,84.02,98.46,33.31
2010,23,2312502,São João Do Jaguaribe,0.654,0.576,0.62,0.784,3.2,3.08,25.8,99.18,90.44,26.57,9.94,34.46,378.76,0.5,48.56,27.57,14.25,96.16,99.72,19.58
2010,23,2312601,São Luís Do Curu,0.62,0.593,0.558,0.719,9.2,5.17,22.37,95.43,91.24,28.19,9.55,30.4,257.9,0.51,66.88,42.2,22.07,69.28,98.38,34.31
2010,23,2312700,Senador Pompeu,0.619,0.537,0.574,0.77,6.56,5.61,27.06,96.42,96.42,25.23,9.99,38.24,283.8,0.51,63.31,37.35,21.06,76.83,98.49,26.56
2010,23,2312809,Senador Sá,0.603,0.565,0.528,0.735,6.2,5.68,33.16,98.21,96.52,30.28,9.45,34.42,214.23,0.52,72.41,50.98,30.99,82.46,97.71,43.02
2010,23,2312908,Sobral,0.714,0.675,0.647,0.832,1.58,1.73,17.0,97.92,95.78,37.22,10.66,21.35,448.89,0.56,51.76,25.2,8.9,95.01,99.53,38.22
2010,23,2313005,Solonópole,0.625,0.574,0.565,0.754,6.3,5.06,26.22,98.63,93.46,31.53,9.91,34.47,269.25,0.51,65.5,40.69,22.85,75.98,99.52,24.81
2010,23,2313104,Tabuleiro Do Norte,0.645,0.547,0.62,0.791,4.75,2.61,22.54,97.38,91.03,20.25,9.19,37.54,379.75,0.53,51.46,30.02,15.35,75.47,99.67,23.75
2010,23,2313203,Tamboril,0.58,0.476,0.526,0.779,7.08,7.08,32.97,97.15,96.04,20.02,9.61,44.42,211.64,0.52,72.76,49.31,31.03,81.34,99.02,35.42
2010,23,2313252,Tarrafas,0.576,0.482,0.529,0.751,4.48,4.67,35.51,96.8,96.58,44.17,9.69,46.41,214.72,0.54,69.93,49.69,36.36,77.41,98.44,39.08
2010,23,2313302,Tauá,0.633,0.56,0.585,0.773,6.92,4.78,27.34,97.67,96.85,35.45,9.86,36.92,305.42,0.57,65.43,41.03,20.19,78.22,98.83,28.01
2010,23,2313351,Tejuçuoca,0.584,0.52,0.517,0.742,3.69,4.04,27.78,98.27,96.5,45.82,9.42,41.27,199.81,0.52,75.43,51.38,30.68,59.92,97.79,46.21
2010,23,2313401,Tianguá,0.657,0.587,0.628,0.768,4.52,4.01,24.02,98.0,93.26,31.44,9.68,36.05,398.29,0.61,62.35,34.54,13.16,89.94,99.48,32.86
2010,23,2313500,Trairi,0.606,0.577,0.522,0.739,4.28,2.79,23.62,98.13,94.95,24.91,10.45,32.29,205.89,0.55,76.17,53.07,32.4,75.99,96.45,35.08
2010,23,2313559,Tururu,0.606,0.576,0.508,0.76,6.45,6.65,28.0,96.21,90.48,29.4,9.89,32.93,188.84,0.54,76.66,54.19,34.36,79.47,99.09,39.91
2010,23,2313609,Ubajara,0.648,0.594,0.595,0.769,4.09,2.06,24.57,98.71,96.19,22.12,9.88,29.97,325.13,0.54,63.62,36.4,14.77,80.45,99.13,28.12
2010,23,2313708,Umari,0.591,0.497,0.535,0.778,10.68,8.43,32.46,96.52,86.12,34.9,8.51,42.63,223.62,0.55,75.19,50.85,30.53,80.46,99.75,32.49
2010,23,2313757,Umirim,0.587,0.524,0.514,0.751,5.75,3.77,28.47,95.57,90.11,33.89,9.1,36.51,195.42,0.53,79.01,52.27,32.4,77.86,98.57,42.46
2010,23,2313807,Uruburetama,0.639,0.608,0.564,0.76,5.57,6.55,22.85,95.96,92.15,11.77,10.14,29.77,267.47,0.54,72.38,41.37,18.78,76.87,98.56,45.58
2010,23,2313906,Uruoca,0.566,0.485,0.503,0.745,6.86,5.83,36.46,97.66,98.6,34.31,9.85,47.34,182.85,0.53,78.85,56.79,34.17,71.33,97.31,41.43
2010,23,2313955,Varjota,0.611,0.545,0.575,0.728,6.3,6.04,26.67,96.63,96.94,35.59,9.47,37.36,286.41,0.52,66.15,40.41,18.45,91.82,99.32,33.83
2010,23,2314003,Várzea Alegre,0.629,0.576,0.569,0.759,5.35,4.62,28.56,97.0,90.3,31.37,9.8,31.85,276.17,0.54,63.98,42.91,25.16,84.62,99.71,31.02
2010,23,2314102,Viçosa Do Ceará,0.571,0.475,0.521,0.753,4.01,3.42,31.42,96.89,73.73,17.51,8.94,43.57,204.23,0.6,79.99,57.51,36.84,65.81,98.56,39.57
2010,24,2400109,Acari,0.679,0.634,0.633,0.779,2.9,2.93,17.81,97.58,94.58,24.8,10.05,25.76,410.61,0.49,49.44,20.79,5.18,87.52,99.96,25.18
2010,24,2400208,Açu,0.661,0.568,0.641,0.795,5.9,4.91,22.48,97.58,95.32,23.99,9.72,31.6,432.38,0.53,52.23,22.16,7.68,88.83,98.65,25.66
2010,24,2400307,Afonso Bezerra,0.585,0.502,0.56,0.713,14.71,8.69,30.68,98.78,94.88,15.09,9.66,40.66,261.3,0.53,67.61,40.0,21.79,76.2,99.45,30.36
2010,24,2400406,Água Nova,0.616,0.572,0.527,0.776,3.21,0.49,22.66,99.22,81.34,34.97,10.52,27.93,212.82,0.44,74.3,42.81,17.77,86.49,99.14,17.14
2010,24,2400505,Alexandria,0.606,0.491,0.581,0.779,9.23,6.33,33.42,97.52,91.14,31.57,8.74,40.15,296.5,0.53,63.76,39.4,21.46,84.87,98.68,32.14
2010,24,2400604,Almino Afonso,0.624,0.568,0.578,0.739,7.92,6.06,25.05,95.51,94.78,24.31,9.91,32.78,291.3,0.49,63.5,34.52,17.02,73.19,99.47,26.19
2010,24,2400703,Alto Do Rodrigues,0.672,0.585,0.647,0.8,7.35,3.99,19.3,97.32,96.79,16.72,9.86,31.47,447.67,0.47,42.36,16.86,7.74,85.87,99.45,23.7
2010,24,2400802,Angicos,0.624,0.53,0.606,0.756,6.71,4.97,26.34,96.52,76.41,19.42,9.39,31.91,347.65,0.51,57.43,29.17,11.04,90.47,98.64,26.49
2010,24,2400901,Antônio Martins,0.578,0.458,0.554,0.76,9.31,6.57,30.78,98.0,79.42,11.56,8.73,48.36,251.04,0.51,67.63,42.55,25.46,84.71,99.32,26.11
2010,24,2401008,Apodi,0.639,0.571,0.611,0.747,5.11,3.47,23.91,97.17,96.4,27.48,9.58,32.91,358.66,0.55,58.37,31.03,13.98,71.44,98.98,18.05
2010,24,2401107,Areia Branca,0.682,0.621,0.647,0.79,5.5,3.0,16.31,99.35,93.91,30.22,10.36,25.79,449.02,0.48,42.96,19.46,6.17,86.47,99.49,28.14
2010,24,2401206,Arês,0.606,0.523,0.587,0.725,8.11,6.35,25.69,97.82,95.25,36.06,9.03,36.15,309.04,0.53,63.38,36.12,16.86,86.96,99.02,37.44
2010,24,2401305,Augusto Severo,0.621,0.495,0.624,0.774,10.01,5.33,28.88,98.01,85.41,23.5,8.84,42.64,388.39,0.68,67.86,41.22,23.56,55.03,98.32,30.72
2010,24,2401404,Baía Formosa,0.609,0.534,0.59,0.718,6.06,3.49,22.88,98.12,96.85,33.3,9.46,32.82,315.25,0.47,59.76,28.35,11.09,90.93,99.94,34.97
2010,24,2401453,Baraúna,0.574,0.446,0.562,0.756,7.61,5.57,28.1,96.9,92.15,26.53,8.32,51.9,263.68,0.42,64.59,27.97,12.08,80.07,98.96,28.94
2010,24,2401503,Barcelona,0.566,0.442,0.564,0.726,8.13,3.42,29.51,98.56,98.18,30.87,9.34,48.04,266.71,0.5,65.85,37.89,20.03,80.12,98.41,31.71
2010,24,2401602,Bento Fernandes,0.582,0.494,0.542,0.737,11.04,6.4,28.3,98.52,95.57,16.69,10.13,38.24,233.48,0.47,68.04,41.72,22.61,75.37,99.68,39.23
2010,24,2401651,Bodó,0.629,0.565,0.57,0.772,10.2,3.73,24.86,98.29,90.35,24.63,8.65,28.24,277.16,0.52,65.87,40.52,23.42,76.83,99.55,22.18
2010,24,2401701,Bom Jesus,0.584,0.46,0.583,0.743,9.55,6.79,32.05,99.25,91.71,17.17,8.84,49.88,300.38,0.54,65.65,38.16,20.26,87.55,99.13,30.76
2010,24,2401800,Brejinho,0.592,0.492,0.585,0.722,10.28,5.4,31.23,95.27,92.13,28.97,8.44,46.14,304.8,0.49,62.78,33.96,11.95,86.99,99.54,32.46
2010,24,2401859,Caiçara Do Norte,0.574,0.454,0.572,0.727,8.25,3.62,25.52,97.36,92.47,35.4,8.27,44.28,280.53,0.53,66.03,43.31,22.32,92.22,97.7,34.2
2010,24,2401909,Caiçara Do Rio Do Vento,0.587,0.499,0.553,0.734,7.63,4.57,25.65,96.35,84.12,41.18,9.43,41.48,250.07,0.49,66.87,41.66,23.06,89.46,98.96,35.66
2010,24,2402006,Caicó,0.71,0.619,0.703,0.824,2.85,2.62,15.34,97.27,93.22,32.03,9.97,22.6,637.13,0.56,34.65,12.1,3.69,93.35,99.46,22.66
2010,24,2402105,Campo Redondo,0.626,0.584,0.554,0.758,4.95,4.03,25.71,96.13,89.78,16.22,9.88,31.24,251.73,0.56,70.75,43.34,28.19,50.76,98.56,34.66
2010,24,2402204,Canguaretama,0.579,0.486,0.557,0.718,6.62,4.62,26.63,97.55,89.61,21.2,8.64,42.8,256.22,0.49,66.56,39.54,18.11,92.07,98.13,42.83
2010,24,2402303,Caraúbas,0.638,0.556,0.594,0.786,6.79,4.18,26.71,98.69,92.9,27.62,9.62,34.51,321.99,0.54,58.96,35.25,20.91,78.57,98.61,20.58
2010,24,2402402,Carnaúba Dos Dantas,0.659,0.577,0.624,0.796,1.94,2.93,14.37,97.79,95.64,33.03,9.6,31.43,387.8,0.41,42.7,15.98,4.55,79.1,99.43,19.7
2010,24,2402501,Carnaubais,0.589,0.476,0.583,0.738,8.26,4.21,25.64,97.43,89.21,32.22,8.82,37.98,300.27,0.52,67.07,33.1,16.41,87.53,97.63,33.68
2010,24,2402600,Ceará-Mirim,0.616,0.505,0.599,0.774,9.72,5.7,21.76,95.5,82.46,18.7,8.75,37.16,332.89,0.51,58.91,31.29,12.12,81.18,99.44,40.25
2010,24,2402709,Cerro Corá,0.607,0.518,0.573,0.754,5.47,3.1,27.39,98.16,96.49,21.57,10.09,38.36,282.84,0.54,63.5,41.08,25.88,67.07,99.01,27.14
2010,24,2402808,Coronel Ezequiel,0.587,0.476,0.545,0.778,6.39,5.12,29.97,98.97,86.01,23.15,9.06,49.97,238.25,0.55,68.9,46.48,32.31,51.3,99.22,26.49
2010,24,2402907,Coronel João Pessoa,0.578,0.471,0.549,0.748,10.61,5.71,33.16,96.08,85.16,22.15,8.69,48.86,243.22,0.5,69.47,43.15,23.05,86.02,99.79,35.03
2010,24,2403004,Cruzeta,0.654,0.621,0.602,0.748,3.1,2.47,22.23,99.32,96.68,29.79,9.96,29.99,339.38,0.42,52.86,20.57,7.41,85.01,99.48,20.12
2010,24,2403103,Currais Novos,0.691,0.617,0.673,0.794,3.34,2.74,17.87,97.81,94.21,31.4,9.91,23.89,526.96,0.58,46.57,22.64,7.7,88.17,99.38,22.53
2010,24,2403202,Doutor Severiano,0.621,0.566,0.567,0.747,3.12,3.15,24.76,97.58,96.77,35.41,9.99,35.18,272.21,0.49,61.85,37.37,23.33,90.91,99.39,35.38
2010,24,2403251,Parnamirim,0.766,0.726,0.75,0.825,3.71,2.44,7.96,97.87,91.89,32.86,10.24,15.01,850.44,0.55,29.01,10.91,2.68,98.66,99.89,24.24
2010,24,2403301,Encanto,0.629,0.536,0.589,0.787,3.69,2.73,24.28,97.54,92.29,24.95,9.33,40.7,312.34,0.47,56.36,31.52,13.74,78.6,99.78,29.75
2010,24,2403400,Equador,0.623,0.546,0.578,0.765,2.68,3.92,22.82,98.89,90.51,36.41,9.61,38.7,292.55,0.5,65.65,34.24,14.93,78.87,99.24,28.36
2010,24,2403509,Espírito Santo,0.558,0.423,0.549,0.748,16.26,9.95,38.36,95.52,79.44,12.53,9.2,49.21,243.23,0.54,71.97,46.01,24.76,89.32,98.71,35.44
2010,24,2403608,Extremoz,0.66,0.555,0.64,0.808,8.56,4.97,17.2,96.56,89.51,29.19,8.84,31.23,428.65,0.54,51.29,23.67,9.19,93.88,99.1,40.53
2010,24,2403707,Felipe Guerra,0.636,0.575,0.582,0.768,5.66,3.15,21.46,99.21,96.65,36.27,9.67,32.62,298.6,0.48,58.89,32.1,15.92,77.07,97.05,20.53
2010,24,2403756,Fernando Pedroza,0.597,0.519,0.565,0.727,14.21,7.95,29.64,95.27,87.97,21.25,8.6,33.27,269.67,0.55,67.91,39.83,25.87,79.69,96.21,32.43
2010,24,2403806,Florânia,0.642,0.56,0.611,0.775,7.02,4.81,23.2,97.66,95.42,34.75,9.28,32.65,359.0,0.49,51.1,26.34,14.24,83.2,99.9,24.93
2010,24,2403905,Francisco Dantas,0.606,0.523,0.582,0.732,10.24,9.19,29.06,97.73,89.89,23.35,8.12,40.99,298.43,0.5,60.23,33.49,18.26,80.0,99.45,26.9
2010,24,2404002,Frutuoso Gomes,0.597,0.512,0.565,0.737,5.32,4.82,25.67,98.24,94.99,24.81,9.33,38.76,269.48,0.47,63.24,35.42,18.06,81.24,100.0,22.43
2010,24,2404101,Galinhos,0.564,0.429,0.578,0.723,8.52,8.76,26.85,99.55,100.0,18.21,8.53,54.28,291.78,0.57,68.94,39.6,21.02,74.01,99.3,34.72
2010,24,2404200,Goianinha,0.638,0.537,0.619,0.783,5.77,4.8,23.82,98.07,97.36,29.99,9.05,33.67,377.59,0.55,56.68,29.09,14.03,80.34,99.58,39.03
2010,24,2404309,Governador Dix-Sept Rosado,0.592,0.485,0.564,0.759,10.75,5.84,23.96,96.73,88.87,21.82,8.79,41.75,267.12,0.49,61.91,36.91,22.19,59.72,98.77,27.97
2010,24,2404408,Grossos,0.664,0.585,0.633,0.79,8.81,7.26,25.88,97.85,91.93,23.68,10.51,33.01,410.84,0.49,48.46,19.85,8.2,87.02,98.79,20.37
2010,24,2404507,Guamaré,0.626,0.505,0.632,0.769,10.12,5.78,22.78,96.79,94.88,29.13,8.45,38.57,407.49,0.51,51.64,23.79,8.72,87.74,98.3,37.67
2010,24,2404606,Ielmo Marinho,0.55,0.418,0.521,0.766,9.65,5.22,28.12,95.78,86.75,21.73,8.48,52.89,204.5,0.51,75.08,46.4,26.37,51.9,97.81,41.57
2010,24,2404705,Ipanguaçu,0.603,0.518,0.568,0.744,10.01,6.15,27.74,97.6,93.86,21.9,8.94,39.23,273.8,0.48,64.43,34.99,15.18,74.92,98.26,29.29
2010,24,2404804,Ipueira,0.679,0.633,0.627,0.788,3.2,4.55,23.94,98.04,100.0,48.34,9.62,31.95,395.09,0.4,38.8,15.35,7.79,94.38,99.92,16.49
2010,24,2404853,Itajá,0.624,0.539,0.586,0.769,5.62,4.76,25.52,98.0,92.04,16.37,9.38,36.75,306.0,0.42,57.53,24.86,8.5,74.27,98.56,31.66
2010,24,2404903,Itaú,0.614,0.542,0.588,0.727,3.98,1.69,22.07,98.44,98.8,44.02,10.33,34.67,310.63,0.48,62.83,30.66,13.71,89.11,99.66,22.59
2010,24,2405009,Jaçanã,0.604,0.509,0.559,0.773,3.18,3.43,27.81,98.54,98.16,19.86,9.29,41.02,259.77,0.48,64.27,39.31,21.18,64.86,99.52,26.59
2010,24,2405108,Jandaíra,0.569,0.462,0.561,0.709,10.98,4.65,32.59,98.27,93.07,21.48,8.85,46.49,261.85,0.53,71.45,41.64,22.77,71.66,98.2,35.39
2010,24,2405207,Janduís,0.615,0.529,0.567,0.776,4.53,6.03,27.76,97.39,92.63,60.95,8.82,37.39,272.39,0.47,66.99,36.84,14.19,77.69,99.66,25.53
2010,24,2405306,Januário Cicco,0.574,0.481,0.511,0.771,10.69,8.03,35.46,96.4,92.28,19.43,9.94,43.8,192.34,0.53,75.89,55.65,32.12,76.74,99.29,39.83
2010,24,2405405,Japi,0.569,0.48,0.528,0.726,14.92,9.51,34.8,97.88,76.76,12.28,9.65,46.2,214.04,0.51,74.08,48.65,28.19,58.06,99.4,34.0
2010,24,2405504,Jardim De Angicos,0.565,0.437,0.557,0.74,21.03,5.52,26.92,97.0,79.1,10.83,9.28,49.73,255.49,0.53,66.72,43.62,24.47,45.07,98.68,33.94
2010,24,2405603,Jardim De Piranhas,0.603,0.469,0.59,0.792,4.09,5.52,25.77,96.5,88.39,19.29,8.97,42.22,314.6,0.42,55.98,22.22,9.16,82.65,99.61,37.29
2010,24,2405702,Jardim Do Seridó,0.663,0.584,0.647,0.772,1.62,2.11,18.47,99.61,87.56,44.19,10.13,32.9,447.53,0.5,45.45,17.42,5.56,91.0,98.9,15.35
2010,24,2405801,João Câmara,0.595,0.484,0.6,0.724,10.73,6.68,26.78,97.76,81.1,17.16,9.75,45.22,335.64,0.56,62.19,35.99,15.56,78.63,99.4,36.09
2010,24,2405900,João Dias,0.53,0.39,0.495,0.771,18.37,10.0,38.86,87.76,64.12,9.27,7.58,48.6,174.39,0.55,79.73,56.29,41.36,79.65,98.2,41.23
2010,24,2406007,José Da Penha,0.608,0.489,0.583,0.788,9.24,3.78,29.73,98.38,79.7,13.26,9.53,48.33,301.09,0.47,57.88,31.13,16.28,93.86,99.21,21.93
2010,24,2406106,Jucurutu,0.601,0.492,0.583,0.755,5.69,5.18,31.53,98.5,89.42,29.49,9.4,45.78,301.94,0.46,57.4,29.48,14.88,86.85,98.52,26.72
2010,24,2406155,Jundiá,0.595,0.492,0.552,0.775,14.95,7.56,35.44,97.0,89.06,17.03,8.93,45.61,248.13,0.44,66.76,36.66,15.21,71.23,99.82,33.82
2010,24,2406205,Lagoa D'Anta,0.601,0.507,0.58,0.739,14.16,10.5,33.2,95.78,88.95,24.7,9.73,42.82,295.37,0.54,63.6,41.93,18.95,87.4,99.22,32.56
2010,24,2406304,Lagoa De Pedras,0.553,0.436,0.529,0.734,12.3,6.76,36.72,98.77,96.89,16.67,8.92,52.27,214.84,0.52,72.75,49.61,28.71,62.67,99.0,36.91
2010,24,2406403,Lagoa De Velhos,0.589,0.458,0.566,0.789,11.5,6.99,26.65,97.5,100.0,34.97,8.17,40.85,270.76,0.42,58.91,33.11,13.01,87.5,97.66,32.07
2010,24,2406502,Lagoa Nova,0.585,0.483,0.542,0.764,6.62,6.56,29.24,95.48,88.11,27.36,9.19,44.38,233.77,0.5,69.53,44.26,24.91,85.06,99.51,34.15
2010,24,2406601,Lagoa Salgada,0.582,0.464,0.551,0.771,15.02,7.84,36.93,96.01,82.5,20.15,8.93,42.52,247.22,0.54,71.07,43.02,25.72,77.91,99.23,34.89
2010,24,2406700,Lajes,0.624,0.557,0.578,0.756,9.27,4.19,26.98,98.98,95.6,37.51,9.14,37.63,292.5,0.49,65.27,33.77,14.48,78.74,98.8,28.45
2010,24,2406809,Lajes Pintadas,0.625,0.568,0.559,0.769,6.53,5.92,27.51,95.83,92.23,14.5,9.35,31.49,258.98,0.45,63.2,36.87,16.75,68.65,99.82,29.62
2010,24,2406908,Lucrécia,0.646,0.551,0.624,0.785,5.97,1.8,23.93,99.54,100.0,50.44,9.17,34.37,388.31,0.62,59.68,37.17,20.04,80.68,99.92,24.78
2010,24,2407005,Luís Gomes,0.608,0.531,0.545,0.776,6.63,3.85,29.21,99.34,95.55,48.64,9.82,38.02,237.26,0.55,75.95,46.87,26.91,85.0,99.47,42.23
2010,24,2407104,Macaíba,0.64,0.545,0.613,0.784,8.53,6.2,22.55,97.61,91.76,21.68,9.31,35.3,363.97,0.5,56.29,26.57,8.6,86.5,99.29,34.12
2010,24,2407203,Macau,0.665,0.572,0.65,0.792,6.66,4.25,18.94,97.71,95.52,42.61,9.18,31.11,457.22,0.5,42.91,18.75,7.58,90.17,98.34,28.4
2010,24,2407252,Major Sales,0.617,0.529,0.573,0.774,4.78,4.31,29.03,99.49,96.8,43.77,10.43,40.93,282.48,0.51,65.04,37.65,18.39,98.8,100.0,26.9
2010,24,2407302,Marcelino Vieira,0.609,0.51,0.571,0.776,6.42,5.69,30.23,97.25,100.0,34.66,9.62,41.84,279.42,0.52,62.87,38.87,23.94,88.63,99.25,32.75
2010,24,2407401,Martins,0.622,0.538,0.58,0.772,5.67,5.66,19.21,98.92,96.18,23.98,9.56,33.95,295.35,0.49,57.59,34.34,19.29,76.2,99.55,27.33
2010,24,2407500,Maxaranguape,0.608,0.506,0.582,0.764,5.81,3.79,21.8,98.03,91.96,24.92,9.79,40.55,298.87,0.52,64.8,38.32,13.59,95.99,99.03,42.79
2010,24,2407609,Messias Targino,0.644,0.565,0.608,0.779,12.94,6.61,32.39,96.96,97.49,37.98,10.02,33.02,350.8,0.44,51.5,22.22,5.63,76.87,99.12,32.94
2010,24,2407708,Montanhas,0.557,0.447,0.553,0.7,7.21,4.93,30.23,94.65,85.41,10.29,8.38,49.81,249.75,0.53,70.84,44.68,26.0,92.37,99.51,37.83
2010,24,2407807,Monte Alegre,0.609,0.507,0.578,0.77,11.43,8.26,28.92,98.6,94.25,32.42,9.29,39.17,292.15,0.52,64.19,38.34,15.17,92.77,99.72,36.76
2010,24,2407906,Monte Das Gameleiras,0.598,0.509,0.56,0.752,8.33,5.66,30.5,98.17,92.89,30.39,9.78,35.47,261.41,0.48,63.17,37.98,17.47,74.31,98.14,21.71
2010,24,2408003,Mossoró,0.72,0.663,0.694,0.811,4.54,2.58,13.8,97.68,92.81,32.51,9.97,20.58,600.28,0.52,35.33,12.81,3.72,92.76,99.57,27.37
2010,24,2408102,Natal,0.763,0.694,0.768,0.835,4.51,2.87,8.33,96.34,88.39,29.08,9.85,15.65,950.34,0.61,29.16,10.5,2.92,98.91,99.84,26.83
2010,24,2408201,Nísia Floresta,0.622,0.518,0.601,0.773,8.36,5.68,22.36,97.6,88.26,19.82,9.56,36.32,337.75,0.53,59.9,34.43,14.57,85.22,99.28,37.58
2010,24,2408300,Nova Cruz,0.629,0.537,0.589,0.788,11.12,9.35,31.48,98.23,94.97,28.77,9.07,39.39,313.34,0.52,60.69,35.8,18.69,81.96,99.75,34.27
2010,24,2408409,Olho-D'Água Do Borges,0.585,0.482,0.577,0.719,10.19,10.75,35.11,98.51,98.66,38.37,9.77,46.72,290.17,0.48,62.52,32.31,16.7,80.53,98.7,25.66
2010,24,2408508,Ouro Branco,0.645,0.558,0.61,0.789,4.62,3.6,21.05,96.96,90.29,21.95,8.67,35.17,355.71,0.43,47.55,22.67,6.7,83.3,98.42,23.26
2010,24,2408607,Paraná,0.589,0.496,0.532,0.776,14.86,8.48,33.51,98.84,95.33,29.71,9.27,47.2,219.34,0.49,71.68,43.95,26.74,88.95,99.69,29.11
2010,24,2408706,Paraú,0.603,0.522,0.582,0.721,9.15,8.26,27.94,98.46,93.15,32.35,9.71,34.18,298.75,0.46,59.21,29.79,13.79,85.0,96.81,26.7
2010,24,2408805,Parazinho,0.549,0.424,0.543,0.719,7.1,10.53,32.92,98.67,95.45,22.04,8.94,49.25,234.75,0.52,70.63,47.58,23.2,86.5,96.99,40.88
2010,24,2408904,Parelhas,0.676,0.617,0.625,0.802,3.25,1.97,17.19,98.34,84.12,28.2,10.3,28.73,390.54,0.45,46.77,17.84,5.72,90.72,98.94,23.11
2010,24,2408953,Rio Do Fogo,0.569,0.457,0.546,0.738,8.57,6.9,26.84,98.8,96.36,20.79,9.99,42.83,239.1,0.52,69.4,46.86,23.47,95.91,98.27,34.63
2010,24,2409100,Passa E Fica,0.606,0.516,0.565,0.763,10.05,4.8,32.4,96.99,97.52,25.78,9.24,41.5,269.09,0.51,66.45,41.09,19.59,87.26,98.64,34.75
2010,24,2409209,Passagem,0.589,0.501,0.547,0.747,5.96,5.78,28.25,98.32,96.67,31.6,9.62,44.08,241.15,0.41,71.76,32.8,11.88,75.92,99.6,25.77
2010,24,2409308,Patu,0.618,0.513,0.599,0.768,9.63,5.89,27.88,96.82,91.6,18.86,9.65,38.72,331.98,0.52,59.03,32.52,14.62,62.71,97.83,25.76
2010,24,2409332,Santa Maria,0.59,0.477,0.554,0.779,9.82,6.27,28.85,97.68,90.41,33.83,9.49,42.62,251.9,0.45,66.52,36.95,15.45,72.64,99.45,35.99
2010,24,2409407,Pau Dos Ferros,0.678,0.584,0.666,0.803,5.47,3.74,18.06,95.46,88.37,27.25,10.15,30.14,504.82,0.54,44.98,19.54,6.13,96.88,99.8,26.67
2010,24,2409506,Pedra Grande,0.559,0.43,0.526,0.773,13.47,7.87,24.7,97.17,87.57,28.37,8.61,48.38,210.52,0.48,71.67,47.63,24.72,67.0,98.79,39.11
2010,24,2409605,Pedra Preta,0.558,0.435,0.53,0.752,13.71,3.8,23.09,98.45,60.35,15.85,9.35,50.57,216.3,0.56,77.05,52.53,28.7,41.54,99.7,37.34
2010,24,2409704,Pedro Avelino,0.583,0.435,0.577,0.788,10.16,4.46,28.15,98.78,89.87,36.64,8.94,48.12,289.53,0.52,64.98,35.73,17.93,71.22,98.11,33.16
2010,24,2409803,Pedro Velho,0.568,0.442,0.562,0.738,12.46,6.71,31.53,98.8,98.65,26.53,9.5,47.68,263.8,0.51,67.11,40.74,19.74,96.7,99.31,36.41
2010,24,2409902,Pendências,0.631,0.526,0.633,0.753,6.71,5.09,22.97,97.73,97.72,33.4,9.06,38.63,412.01,0.55,54.38,25.5,10.67,91.99,99.83,30.04
2010,24,2410009,Pilões,0.614,0.527,0.566,0.777,7.17,4.76,29.59,97.89,90.74,34.73,9.26,35.89,270.87,0.47,64.72,35.11,18.18,88.65,99.44,28.54
2010,24,2410108,Poço Branco,0.587,0.471,0.562,0.766,12.84,8.55,29.64,94.99,65.64,11.48,9.1,42.88,263.9,0.56,70.32,44.06,24.91,91.49,99.35,46.87
2010,24,2410207,Portalegre,0.621,0.547,0.581,0.754,6.88,2.93,23.8,98.47,98.54,35.88,9.69,36.08,296.9,0.52,63.4,36.04,21.33,62.07,99.0,25.66
2010,24,2410256,Porto Do Mangue,0.59,0.504,0.558,0.732,15.16,3.65,27.66,97.21,99.04,29.72,9.53,44.08,257.49,0.55,70.99,47.11,24.12,58.43,94.88,29.07
2010,24,2410306,Presidente Juscelino,0.563,0.453,0.552,0.713,13.25,6.35,32.07,95.45,88.03,18.52,8.81,48.1,247.77,0.56,70.96,44.94,28.21,85.23,99.46,41.8
2010,24,2410405,Pureza,0.567,0.456,0.516,0.774,9.17,4.74,28.22,99.05,96.55,32.07,8.75,41.35,198.93,0.53,75.39,54.16,29.88,57.74,97.9,38.36
2010,24,2410504,Rafael Fernandes,0.608,0.518,0.588,0.737,7.59,4.3,24.43,96.36,85.71,28.42,9.91,34.98,311.04,0.45,57.08,29.99,10.58,51.0,99.24,29.38
2010,24,2410603,Rafael Godeiro,0.654,0.607,0.583,0.789,1.29,3.09,25.81,100.0,98.21,36.51,10.88,28.73,300.88,0.49,59.74,34.67,16.74,72.75,99.8,18.77
2010,24,2410702,Riacho Da Cruz,0.584,0.487,0.545,0.751,7.78,3.3,25.85,98.73,94.92,42.8,8.52,43.47,237.37,0.47,69.28,39.06,19.81,87.82,100.0,19.07
2010,24,2410801,Riacho De Santana,0.591,0.489,0.545,0.776,5.37,1.29,27.45,99.64,93.76,23.74,9.23,43.31,237.37,0.5,65.05,42.55,27.17,78.94,99.85,26.87
2010,24,2410900,Riachuelo,0.592,0.481,0.561,0.767,11.93,9.07,30.28,96.79,94.49,39.14,8.43,40.23,262.85,0.54,69.2,44.06,21.63,80.72,99.62,40.51
2010,24,2411007,Rodolfo Fernandes,0.604,0.519,0.561,0.758,7.04,5.93,30.44,99.02,97.52,49.92,9.58,38.33,263.32,0.46,63.05,38.54,16.45,88.43,98.7,27.45
2010,24,2411056,Tibau,0.635,0.53,0.627,0.769,7.36,2.96,22.61,97.82,96.11,32.05,9.61,38.31,396.51,0.55,55.13,25.79,10.19,88.82,98.78,36.67
2010,24,2411106,Ruy Barbosa,0.605,0.517,0.548,0.78,10.22,4.38,30.96,98.71,73.0,17.74,9.54,35.91,241.96,0.51,70.02,45.02,24.09,57.59,97.99,34.59
2010,24,2411205,Santa Cruz,0.635,0.564,0.597,0.761,5.73,4.51,24.23,95.7,77.38,23.39,9.73,33.2,327.61,0.52,59.41,34.56,15.6,86.96,98.55,32.26
2010,24,2411403,Santana Do Matos,0.591,0.482,0.559,0.767,7.59,6.68,28.98,97.62,93.33,27.86,8.92,42.53,258.64,0.55,69.32,43.45,27.13,65.75,99.01,23.16
2010,24,2411429,Santana Do Seridó,0.642,0.58,0.595,0.767,6.21,5.0,19.54,99.1,97.7,41.81,8.92,32.53,325.16,0.41,50.78,24.2,8.16,82.57,100.0,24.15
2010,24,2411502,Santo Antônio,0.62,0.512,0.595,0.782,8.14,4.52,30.4,97.89,93.7,22.73,9.29,40.71,323.81,0.57,65.27,38.2,20.39,80.55,98.78,32.47
2010,24,2411601,São Bento Do Norte,0.555,0.415,0.541,0.76,16.4,5.71,32.41,98.64,95.49,33.09,7.89,51.77,231.17,0.54,75.78,49.87,23.11,78.09,99.5,34.59
2010,24,2411700,São Bento Do Trairí,0.595,0.525,0.526,0.763,5.44,5.95,28.19,92.9,78.96,19.29,9.17,38.28,210.78,0.49,73.45,47.25,24.21,71.08,99.28,37.0
2010,24,2411809,São Fernando,0.608,0.508,0.591,0.75,6.69,4.41,27.2,96.84,95.75,29.04,9.45,43.49,316.21,0.44,56.39,24.88,11.41,82.95,100.0,16.85
2010,24,2411908,São Francisco Do Oeste,0.628,0.547,0.581,0.779,8.33,7.14,26.86,96.6,94.65,24.07,9.25,35.13,298.15,0.41,56.54,25.45,11.43,92.24,100.0,23.17
2010,24,2412005,São Gonçalo Do Amarante,0.661,0.564,0.619,0.829,7.0,4.52,14.74,95.8,83.56,20.4,9.18,29.85,377.16,0.44,47.58,18.83,6.05,97.0,99.63,34.71
2010,24,2412104,São João Do Sabugi,0.655,0.581,0.62,0.779,5.32,1.53,20.42,96.91,89.18,34.83,9.73,29.22,379.2,0.47,49.4,24.26,6.19,84.23,99.83,24.69
2010,24,2412203,São José De Mipibu,0.611,0.508,0.599,0.748,10.6,6.57,24.52,96.34,89.03,21.75,9.01,44.32,331.85,0.55,63.45,37.28,17.32,77.09,98.93,39.6
2010,24,2412302,São José Do Campestre,0.615,0.522,0.564,0.789,6.33,4.5,29.13,96.95,88.09,27.88,9.45,41.26,267.55,0.5,65.6,39.43,21.83,84.14,99.52,36.54
2010,24,2412401,São José Do Seridó,0.694,0.647,0.634,0.815,0.38,0.0,16.23,97.03,93.06,37.33,10.01,24.78,414.22,0.43,41.45,16.28,4.88,92.65,99.35,21.08
2010,24,2412500,São Miguel,0.606,0.518,0.574,0.747,5.77,4.25,30.17,96.59,83.59,23.89,10.27,39.42,285.2,0.53,65.14,38.55,19.87,89.68,99.64,37.3
2010,24,2412559,São Miguel Do Gostoso,0.591,0.468,0.558,0.79,6.79,5.43,29.63,98.73,96.76,27.62,8.79,40.94,257.1,0.51,67.38,42.01,21.71,88.21,99.84,44.95
2010,24,2412609,São Paulo Do Potengi,0.622,0.555,0.584,0.744,7.32,6.24,25.22,97.86,89.14,35.88,9.19,37.09,303.74,0.48,58.61,32.43,15.32,84.56,99.96,31.95
2010,24,2412708,São Pedro,0.589,0.449,0.574,0.794,11.9,6.58,30.39,97.65,83.22,30.35,8.96,48.51,285.21,0.52,64.81,39.67,18.48,66.34,99.12,37.92
2010,24,2412807,São Rafael,0.611,0.493,0.588,0.787,7.28,6.8,31.55,98.18,88.39,17.57,10.07,44.22,309.77,0.52,59.63,33.38,17.98,82.95,95.72,20.64
2010,24,2412906,São Tomé,0.585,0.461,0.565,0.77,8.01,4.96,30.91,97.16,87.32,30.82,8.94,47.0,268.71,0.49,63.86,36.86,20.2,63.4,97.32,33.95
2010,24,2413003,São Vicente,0.642,0.556,0.606,0.787,5.82,7.1,23.22,92.45,74.2,14.43,9.24,33.93,346.89,0.52,56.35,29.46,14.02,93.93,99.27,24.13
2010,24,2413102,Senador Elói De Souza,0.583,0.504,0.523,0.752,7.65,6.26,31.07,97.68,82.92,18.39,9.53,42.09,207.76,0.5,73.46,48.58,27.17,83.74,98.3,35.01
2010,24,2413201,Senador Georgino Avelino,0.57,0.455,0.543,0.748,11.58,11.38,27.45,97.15,91.8,26.36,7.72,49.72,234.85,0.43,70.66,39.67,11.63,92.61,99.28,42.84
2010,24,2413300,Serra De São Bento,0.582,0.482,0.551,0.741,14.65,9.19,37.01,97.43,83.03,18.88,9.0,42.21,247.06,0.53,67.54,43.8,26.18,61.87,99.72,33.05
2010,24,2413359,Serra Do Mel,0.614,0.521,0.574,0.773,8.21,4.3,25.15,97.78,93.82,18.75,9.19,36.38,284.48,0.5,66.69,33.57,16.04,83.29,98.3,28.09
2010,24,2413409,Serra Negra Do Norte,0.597,0.468,0.578,0.787,3.58,3.42,25.16,95.5,93.31,14.85,8.47,41.65,292.16,0.42,57.23,27.78,10.43,74.11,99.75,26.3
2010,24,2413508,Serrinha,0.592,0.502,0.547,0.757,5.22,3.31,31.62,98.95,93.0,17.93,10.2,44.76,240.51,0.52,67.13,44.27,27.68,56.45,98.85,36.73
2010,24,2413557,Serrinha Dos Pintos,0.598,0.492,0.555,0.782,7.86,6.01,26.27,96.12,65.73,36.2,9.42,44.95,252.46,0.5,65.82,38.39,23.75,93.51,99.75,19.63
2010,24,2413607,Severiano Melo,0.604,0.522,0.579,0.728,7.02,3.86,28.24,97.14,98.79,28.5,9.41,40.74,293.49,0.52,61.2,40.01,21.0,69.51,98.94,19.43
2010,24,2413706,Sítio Novo,0.572,0.491,0.528,0.722,8.29,5.0,31.22,99.43,92.07,13.3,9.74,43.02,214.04,0.46,71.99,44.04,22.85,72.25,99.61,34.95
2010,24,2413805,Taboleiro Grande,0.612,0.507,0.57,0.792,5.26,3.01,23.23,95.81,95.75,33.27,10.36,43.3,277.54,0.48,67.25,37.62,15.6,59.57,98.25,21.75
2010,24,2413904,Taipu,0.569,0.435,0.544,0.778,15.9,9.3,34.33,95.53,82.25,18.34,8.41,44.74,235.78,0.45,68.98,41.08,16.2,76.98,99.08,44.16
2010,24,2414001,Tangará,0.608,0.516,0.566,0.77,4.38,2.54,26.77,98.09,85.95,19.03,9.32,40.27,270.47,0.52,67.67,40.15,20.78,88.89,99.5,33.82
2010,24,2414100,Tenente Ananias,0.592,0.468,0.57,0.779,9.49,4.26,26.35,95.06,96.99,24.0,8.43,49.79,276.94,0.46,60.95,30.98,16.07,73.71,99.08,38.29
2010,24,2414159,Tenente Laurentino Cruz,0.623,0.586,0.559,0.737,4.93,2.54,21.96,98.12,91.87,31.01,10.62,32.69,259.72,0.47,67.52,38.97,17.34,93.64,99.22,33.91
2010,24,2414209,Tibau Do Sul,0.645,0.504,0.672,0.794,8.97,6.97,21.48,95.76,83.88,18.92,7.7,36.2,523.75,0.6,49.87,25.13,5.76,89.66,98.84,41.9
2010,24,2414308,Timbaúba Dos Batistas,0.64,0.591,0.614,0.723,1.31,4.44,23.23,99.38,98.56,38.16,10.18,29.28,365.42,0.36,41.48,11.76,3.21,88.59,99.87,20.25
2010,24,2414407,Touros,0.572,0.466,0.562,0.716,9.12,6.36,29.63,99.15,89.47,20.68,8.77,45.18,264.4,0.52,67.41,43.37,21.48,81.76,98.43,36.46
2010,24,2414456,Triunfo Potiguar,0.602,0.516,0.579,0.73,10.07,8.13,29.83,97.75,89.86,30.42,9.89,41.66,294.09,0.48,57.61,35.84,15.89,80.81,96.69,36.91
2010,24,2414506,Umarizal,0.618,0.506,0.59,0.792,8.38,3.9,25.54,97.34,95.96,28.02,9.84,42.89,313.6,0.51,61.96,33.29,16.21,90.33,99.02,23.69
2010,24,2414605,Upanema,0.596,0.516,0.542,0.758,6.22,4.79,28.69,97.96,82.53,14.18,8.6,44.05,233.97,0.54,67.67,45.63,31.82,72.46,98.58,23.91
2010,24,2414704,Várzea,0.626,0.552,0.577,0.771,5.78,3.26,31.24,97.77,98.27,24.22,10.16,38.76,289.33,0.48,63.05,33.25,12.47,87.84,99.81,32.25
2010,24,2414753,Venha-Ver,0.555,0.473,0.501,0.722,6.01,4.71,32.42,98.8,97.41,34.4,8.93,46.3,180.53,0.5,77.57,48.98,33.73,94.84,98.74,49.82
2010,24,2414803,Vera Cruz,0.587,0.494,0.558,0.735,9.73,5.36,31.68,97.83,77.66,11.37,9.16,43.51,258.12,0.42,64.85,31.47,12.44,85.21,99.53,36.93
2010,24,2414902,Viçosa,0.592,0.502,0.552,0.747,0.75,3.51,22.42,99.05,100.0,60.51,8.99,37.34,247.9,0.47,69.34,36.19,19.0,91.27,99.55,24.23
2010,24,2415008,Vila Flor,0.576,0.471,0.561,0.722,11.19,5.85,23.99,99.04,93.21,35.1,8.45,32.93,262.96,0.46,72.26,30.15,12.72,97.96,97.24,50.23
2010,25,2500106,Água Branca,0.572,0.484,0.542,0.712,3.99,4.18,26.36,97.59,69.99,13.37,7.87,43.35,233.65,0.54,71.11,46.27,29.14,62.95,99.44,31.17
2010,25,2500205,Aguiar,0.597,0.447,0.632,0.753,8.79,8.33,37.65,98.84,94.51,23.98,9.36,51.71,407.32,0.65,63.76,38.4,20.07,61.9,99.4,29.13
2010,25,2500304,Alagoa Grande,0.582,0.43,0.576,0.797,8.09,6.07,34.7,97.36,78.41,19.17,7.78,53.56,287.94,0.53,69.77,39.36,17.77,81.83,98.76,36.22
2010,25,2500403,Alagoa Nova,0.576,0.451,0.567,0.749,4.65,4.55,28.54,97.85,87.08,11.04,8.97,51.86,272.81,0.54,67.03,43.82,21.43,62.44,99.66,32.26
2010,25,2500502,Alagoinha,0.595,0.462,0.574,0.795,5.87,4.73,35.29,98.71,84.6,15.01,9.01,47.52,284.64,0.52,67.22,42.05,16.72,79.22,98.44,31.86
2010,25,2500536,Alcantil,0.578,0.458,0.55,0.765,6.31,5.59,30.6,95.64,85.28,11.86,7.82,49.07,245.01,0.48,66.1,41.92,21.64,2.94,99.3,26.39
2010,25,2500577,Algodão De Jandaíra,0.548,0.413,0.532,0.749,3.37,2.8,32.68,98.64,74.42,15.34,9.03,53.0,218.7,0.47,70.3,44.78,21.57,22.59,99.0,38.46
2010,25,2500601,Alhandra,0.582,0.465,0.544,0.778,7.26,4.76,26.27,96.31,78.64,16.94,8.67,46.95,236.14,0.45,69.27,39.52,17.03,89.62,99.0,35.3
2010,25,2500700,São João Do Rio Do Peixe,0.608,0.49,0.586,0.782,4.59,4.84,27.83,98.71,90.34,17.75,9.45,43.34,306.87,0.53,60.24,38.29,19.15,73.6,98.83,28.36
2010,25,2500734,Amparo,0.606,0.551,0.537,0.752,3.03,0.0,21.49,97.97,96.09,18.38,9.7,38.77,225.5,0.5,71.88,47.32,24.23,58.65,99.68,23.12
2010,25,2500775,Aparecida,0.578,0.456,0.567,0.747,5.43,2.35,29.29,96.21,56.4,10.9,9.09,48.97,271.98,0.51,64.52,38.01,21.15,81.74,99.25,32.66
2010,25,2500809,Araçagi,0.549,0.412,0.54,0.745,9.99,7.3,38.6,94.98,78.66,12.89,8.13,56.05,230.52,0.53,70.62,47.59,29.18,61.37,99.14,28.0
2010,25,2500908,Arara,0.548,0.407,0.569,0.712,7.3,6.14,38.52,97.23,79.25,9.01,8.66,55.45,276.67,0.54,64.33,42.53,24.2,76.4,98.45,24.59
2010,25,2501005,Araruna,0.567,0.439,0.549,0.758,11.94,8.73,39.54,97.47,83.56,16.05,9.56,52.16,244.02,0.52,67.3,44.45,27.04,64.38,98.96,34.99
2010,25,2501104,Areia,0.594,0.467,0.593,0.756,4.45,3.98,29.96,97.52,64.91,15.22,9.1,48.44,319.92,0.55,63.14,36.99,17.11,79.97,98.29,33.31
2010,25,2501153,Areia De Baraúnas,0.562,0.462,0.566,0.68,6.25,8.96,32.56,98.89,87.35,5.36,9.79,41.92,270.54,0.46,64.33,37.49,14.59,56.76,99.82,45.62
2010,25,2501203,Areial,0.608,0.503,0.573,0.779,1.58,1.58,26.65,98.13,96.28,14.95,9.73,46.85,282.18,0.49,61.06,37.1,20.09,61.97,99.92,24.51
2010,25,2501302,Aroeiras,0.548,0.411,0.537,0.745,9.65,7.01,35.56,97.91,86.78,12.66,8.23,56.7,226.05,0.58,72.5,51.12,33.96,39.92,99.0,35.13
2010,25,2501351,Assunção,0.609,0.51,0.601,0.738,4.98,2.63,26.26,99.02,95.34,32.32,9.41,45.19,336.67,0.54,63.33,34.81,13.15,0.77,100.0,28.35
2010,25,2501401,Baía Da Traição,0.581,0.495,0.541,0.731,5.22,2.99,25.2,98.69,97.95,37.14,8.8,39.58,231.78,0.58,72.76,51.72,31.57,91.84,99.07,44.24
2010,25,2501500,Bananeiras,0.568,0.43,0.555,0.766,6.1,5.19,35.39,94.61,83.52,15.51,8.74,50.85,253.3,0.59,69.91,48.12,31.39,63.09,99.7,33.09
2010,25,2501534,Baraúna,0.558,0.459,0.526,0.718,3.27,4.18,28.29,96.92,80.43,17.96,9.12,47.53,211.36,0.51,73.08,45.85,32.03,0.15,100.0,24.69
2010,25,2501575,Barra De Santana,0.567,0.465,0.526,0.747,4.84,5.06,30.94,97.62,89.24,11.54,9.05,46.61,211.08,0.5,69.61,49.7,27.08,16.73,98.01,32.5
2010,25,2501609,Barra De Santa Rosa,0.562,0.434,0.542,0.753,6.93,5.29,37.21,96.92,82.6,10.78,8.39,55.35,233.51,0.52,70.05,47.35,26.93,57.58,99.02,32.09
2010,25,2501708,Barra De São Miguel,0.572,0.44,0.584,0.728,4.08,7.0,23.61,97.46,87.61,26.28,8.77,51.33,302.44,0.45,56.6,31.77,13.83,69.87,99.32,31.58
2010,25,2501807,Bayeux,0.649,0.566,0.619,0.779,4.35,3.16,15.49,96.43,85.69,21.94,9.02,31.08,376.74,0.46,49.86,20.28,6.86,98.46,99.65,31.88
2010,25,2501906,Belém,0.592,0.492,0.557,0.759,7.33,5.91,34.08,94.69,93.2,14.09,9.0,47.12,256.2,0.49,66.71,39.82,21.98,85.4,98.71,32.81
2010,25,2502003,Belém Do Brejo Do Cruz,0.578,0.451,0.55,0.779,7.09,6.16,38.15,96.41,82.96,21.45,8.97,47.58,245.71,0.46,67.03,38.54,18.19,74.42,97.74,35.81
2010,25,2502052,Bernardino Batista,0.558,0.462,0.526,0.716,5.15,3.15,30.83,98.65,90.12,11.84,9.66,44.34,211.04,0.55,71.46,51.3,33.94,47.43,98.87,42.21
2010,25,2502102,Boa Ventura,0.599,0.48,0.566,0.79,8.97,6.55,29.33,97.62,87.82,15.52,9.13,41.73,271.06,0.46,59.25,34.05,18.24,74.6,98.31,36.4
2010,25,2502151,Boa Vista,0.649,0.582,0.59,0.796,1.57,1.08,16.01,98.46,94.05,20.22,10.49,30.92,314.11,0.42,54.29,24.29,8.96,61.5,98.23,21.82
2010,25,2502201,Bom Jesus,0.597,0.477,0.584,0.762,2.12,2.17,25.16,98.96,88.88,6.11,9.73,44.43,303.29,0.5,62.77,33.6,13.87,74.82,99.56,38.09
2010,25,2502300,Bom Sucesso,0.592,0.494,0.558,0.752,6.41,6.32,30.94,96.46,72.11,3.99,10.07,39.69,257.9,0.45,62.44,37.31,22.0,90.68,99.06,34.17
2010,25,2502409,Bonito De Santa Fé,0.574,0.427,0.564,0.786,9.79,7.25,29.26,96.37,80.26,16.01,7.48,49.76,267.09,0.52,64.8,40.59,22.33,76.22,99.05,37.75
2010,25,2502508,Boqueirão,0.607,0.496,0.592,0.763,4.58,2.5,24.08,96.01,80.75,20.55,9.14,41.5,319.11,0.46,56.15,30.31,9.96,73.46,99.17,29.5
2010,25,2502607,Igaracy,0.61,0.496,0.575,0.794,5.21,4.22,32.19,97.86,92.83,12.08,9.23,46.77,286.68,0.52,62.26,38.65,21.31,77.28,99.73,34.34
2010,25,2502706,Borborema,0.558,0.426,0.544,0.75,6.28,7.24,32.56,98.11,91.14,17.95,8.39,50.56,236.01,0.5,69.86,45.57,23.5,84.3,99.59,30.37
2010,25,2502805,Brejo Do Cruz,0.597,0.463,0.575,0.798,7.21,6.5,31.58,97.16,80.34,16.31,8.95,47.15,287.2,0.47,59.14,33.44,13.54,75.92,98.55,36.74
2010,25,2502904,Brejo Dos Santos,0.619,0.541,0.564,0.776,4.75,3.44,28.37,96.69,72.74,9.52,10.02,40.77,267.6,0.46,63.93,33.43,20.09,87.29,99.72,34.22
2010,25,2503001,Caaporã,0.602,0.509,0.565,0.757,8.03,6.22,23.86,98.08,94.02,15.52,8.97,41.97,268.46,0.47,65.06,34.74,12.68,86.11,98.52,36.61
2010,25,2503100,Cabaceiras,0.611,0.523,0.574,0.759,2.28,2.41,18.04,99.68,93.19,9.0,9.63,39.1,283.93,0.46,59.72,34.32,15.73,74.6,98.31,25.71
2010,25,2503209,Cabedelo,0.748,0.651,0.782,0.822,2.87,2.99,10.67,97.27,86.47,33.23,9.85,23.97,1036.21,0.7,39.32,15.61,5.27,97.74,99.71,28.1
2010,25,2503308,Cachoeira Dos Índios,0.587,0.453,0.583,0.766,8.13,5.0,27.27,95.86,77.11,15.84,9.04,49.85,301.77,0.5,57.4,35.41,20.08,72.55,99.25,37.74
2010,25,2503407,Cacimba De Areia,0.596,0.497,0.553,0.771,4.74,5.06,26.83,93.38,83.56,13.01,8.82,40.99,249.79,0.49,65.38,34.74,23.81,58.39,99.11,28.77
2010,25,2503506,Cacimba De Dentro,0.564,0.419,0.551,0.777,5.21,4.56,38.84,97.2,84.44,12.73,9.02,55.24,246.21,0.53,69.39,43.92,25.44,72.19,99.05,31.12
2010,25,2503555,Cacimbas,0.523,0.425,0.501,0.672,8.09,3.34,36.11,96.42,87.81,4.72,8.68,57.63,181.17,0.53,76.21,54.82,36.97,55.09,98.24,40.39
2010,25,2503605,Caiçara,0.592,0.488,0.58,0.733,8.4,7.42,34.16,97.72,94.93,28.64,9.08,48.25,294.68,0.51,65.56,36.18,16.8,72.24,99.22,27.46
2010,25,2503704,Cajazeiras,0.679,0.574,0.668,0.815,4.02,3.43,19.45,97.22,84.14,15.33,9.92,33.42,511.56,0.56,44.82,21.8,9.05,86.38,99.34,31.87
2010,25,2503753,Cajazeirinhas,0.55,0.413,0.521,0.773,4.42,3.28,34.81,96.89,100.0,26.95,8.32,53.53,205.12,0.5,76.01,46.83,27.03,53.28,98.19,45.26
2010,25,2503803,Caldas Brandão,0.568,0.451,0.562,0.723,10.65,8.29,35.88,96.41,94.04,13.31,8.87,49.68,264.06,0.47,67.69,33.13,16.85,78.92,98.3,29.92
2010,25,2503902,Camalaú,0.567,0.431,0.549,0.77,3.66,2.72,29.73,96.87,90.03,27.77,8.0,53.15,242.92,0.46,68.25,39.77,22.0,57.78,99.52,20.44
2010,25,2504009,Campina Grande,0.72,0.654,0.702,0.812,3.45,2.38,11.68,97.59,93.26,28.48,9.69,22.86,630.03,0.58,40.74,16.34,5.02,97.87,99.86,25.54
2010,25,2504033,Capim,0.533,0.4,0.52,0.728,13.17,9.16,39.85,95.65,84.07,12.02,8.32,57.77,203.67,0.48,77.37,45.4,22.54,89.87,99.44,39.34
2010,25,2504074,Caraúbas,0.585,0.485,0.58,0.71,4.03,2.59,19.09,98.35,87.62,20.93,8.73,52.24,296.38,0.45,59.73,32.0,14.94,65.74,99.27,25.66
2010,25,2504108,Carrapateira,0.603,0.543,0.529,0.765,4.4,3.23,28.08,98.33,93.47,16.15,9.14,33.1,214.54,0.47,71.8,43.95,25.46,71.53,99.81,50.85
2010,25,2504157,Casserengue,0.514,0.379,0.492,0.73,6.26,8.19,41.06,98.15,77.48,5.69,8.79,61.36,171.37,0.57,78.02,60.98,43.17,48.9,97.47,29.3
2010,25,2504207,Catingueira,0.574,0.455,0.553,0.753,5.98,7.51,35.77,97.05,81.72,5.48,9.15,50.28,249.16,0.52,67.06,44.24,24.58,74.29,99.61,31.36
2010,25,2504306,Catolé Do Rocha,0.64,0.539,0.617,0.787,3.62,3.26,23.14,97.96,81.62,10.18,9.38,38.21,371.92,0.5,52.61,25.92,10.51,85.15,99.74,28.93
2010,25,2504355,Caturité,0.623,0.502,0.617,0.782,2.12,2.96,22.44,99.52,88.16,16.71,9.39,37.78,371.05,0.56,58.66,32.76,11.48,44.85,99.52,28.76
2010,25,2504405,Conceição,0.592,0.476,0.577,0.754,12.84,6.65,32.72,95.67,65.8,11.25,8.4,43.34,290.63,0.56,65.99,41.03,23.33,78.05,98.58,30.93
2010,25,2504504,Condado,0.594,0.476,0.573,0.769,8.92,3.97,29.61,97.08,90.85,12.59,9.08,48.85,282.25,0.48,61.53,36.04,19.21,81.54,97.6,29.62
2010,25,2504603,Conde,0.618,0.5,0.591,0.797,6.33,4.5,23.19,95.6,80.24,17.92,8.69,42.42,316.81,0.52,62.34,33.02,13.75,66.65,98.98,38.62
2010,25,2504702,Congo,0.581,0.477,0.562,0.731,6.16,5.32,28.54,98.53,90.26,30.67,7.97,45.63,263.84,0.49,64.74,39.52,18.58,69.15,99.79,19.88
2010,25,2504801,Coremas,0.592,0.452,0.578,0.794,8.72,5.41,33.41,94.64,79.16,13.79,8.94,50.21,291.3,0.51,63.49,39.64,18.25,85.04,99.82,28.95
2010,25,2504850,Coxixola,0.641,0.567,0.586,0.794,0.0,0.96,21.21,98.04,93.24,0.0,9.41,38.77,306.15,0.48,57.61,33.86,14.52,93.2,99.87,13.11
2010,25,2504900,Cruz Do Espírito Santo,0.552,0.408,0.531,0.778,8.99,6.15,33.05,96.14,76.29,10.4,8.03,51.82,217.47,0.43,72.41,41.99,15.63,73.17,98.16,38.61
2010,25,2505006,Cubati,0.566,0.448,0.545,0.742,5.9,5.62,27.75,98.29,83.46,9.89,9.5,51.04,237.71,0.48,68.64,43.48,21.07,70.7,99.47,26.5
2010,25,2505105,Cuité,0.591,0.47,0.574,0.766,5.32,5.45,31.72,98.27,81.65,23.66,9.15,46.4,284.57,0.51,62.36,39.34,19.63,67.23,99.33,29.92
2010,25,2505204,Cuitegi,0.57,0.45,0.563,0.732,7.31,6.1,34.36,96.49,88.51,15.37,8.14,51.32,265.78,0.49,66.91,39.28,15.61,90.57,97.71,36.7
2010,25,2505238,Cuité De Mamanguape,0.524,0.398,0.529,0.683,15.3,10.08,41.21,98.38,82.64,8.8,7.52,56.33,214.92,0.48,74.27,45.65,21.65,64.26,97.47,33.97
2010,25,2505279,Curral De Cima,0.529,0.392,0.528,0.715,9.96,6.03,40.5,97.37,78.69,8.5,8.23,59.81,214.4,0.52,72.77,50.03,29.47,34.4,95.83,37.38
2010,25,2505303,Curral Velho,0.606,0.491,0.613,0.739,13.3,6.59,34.92,99.15,95.01,39.48,9.05,49.2,362.28,0.59,63.04,37.35,21.36,77.31,98.53,27.32
2010,25,2505352,Damião,0.521,0.391,0.503,0.72,9.54,4.64,39.66,97.4,81.82,7.65,9.35,60.12,182.89,0.49,77.23,55.88,32.36,29.65,97.79,34.42
2010,25,2505402,Desterro,0.58,0.49,0.551,0.724,3.56,2.62,25.49,97.54,88.43,26.58,8.96,45.36,247.16,0.54,70.34,45.85,26.33,63.11,99.16,30.35
2010,25,2505501,Vista Serrana,0.566,0.424,0.554,0.773,6.12,6.81,25.55,92.82,81.2,0.0,8.88,49.06,251.49,0.47,65.79,36.01,20.55,56.66,99.6,36.97
2010,25,2505600,Diamante,0.593,0.496,0.562,0.748,9.28,9.23,30.3,95.4,90.39,19.45,8.74,41.71,264.08,0.55,69.4,44.37,24.7,73.24,98.25,37.43
2010,25,2505709,Dona Inês,0.545,0.447,0.524,0.69,3.32,3.76,39.32,98.03,51.21,7.22,9.53,49.45,208.12,0.54,72.85,54.57,36.05,45.3,98.52,30.57
2010,25,2505808,Duas Estradas,0.603,0.488,0.565,0.795,4.94,5.63,30.58,97.04,89.73,12.29,8.76,43.75,269.85,0.51,65.28,41.23,22.16,77.28,98.59,32.7
2010,25,2505907,Emas,0.595,0.492,0.554,0.773,6.25,5.29,30.43,99.55,69.01,16.08,10.44,36.81,251.41,0.46,70.87,40.16,13.47,78.75,99.85,38.94
2010,25,2506004,Esperança,0.623,0.526,0.598,0.767,4.28,4.07,26.04,97.33,85.52,10.73,9.52,46.1,330.66,0.54,60.47,35.6,16.73,70.98,99.84,26.41
2010,25,2506103,Fagundes,0.56,0.432,0.543,0.749,6.47,5.37,32.24,97.63,90.46,17.08,8.69,56.83,235.02,0.52,70.12,45.51,26.26,55.88,98.96,35.04
2010,25,2506202,Frei Martinho,0.641,0.542,0.631,0.77,2.04,1.52,29.96,100.0,96.44,14.42,10.01,41.24,405.38,0.57,50.36,29.34,14.24,80.94,99.43,14.87
2010,25,2506251,Gado Bravo,0.513,0.373,0.491,0.737,8.15,6.55,32.83,96.86,93.28,9.25,8.36,55.29,170.29,0.56,79.49,58.49,37.6,18.84,98.87,43.4
2010,25,2506301,Guarabira,0.673,0.586,0.641,0.812,4.33,3.63,20.25,95.68,92.66,22.82,9.23,32.06,430.83,0.53,49.97,24.23,7.55,96.08,99.35,25.39
2010,25,2506400,Gurinhém,0.556,0.435,0.544,0.728,11.67,6.74,37.77,97.23,85.21,16.15,8.36,51.77,235.88,0.45,67.91,40.47,17.95,60.0,98.82,35.34
2010,25,2506509,Gurjão,0.625,0.581,0.576,0.729,3.77,3.09,21.02,98.37,94.84,23.51,10.12,33.97,288.53,0.45,60.59,32.13,12.52,71.02,98.28,24.91
2010,25,2506608,Ibiara,0.586,0.479,0.548,0.768,10.36,6.15,37.98,96.1,86.28,18.29,9.26,46.69,242.08,0.53,68.88,43.87,28.77,74.06,98.76,28.21
2010,25,2506707,Imaculada,0.557,0.461,0.524,0.715,8.43,5.23,30.75,97.87,72.51,6.12,8.98,48.34,208.83,0.52,72.06,47.71,29.28,59.39,99.1,38.86
2010,25,2506806,Ingá,0.592,0.471,0.573,0.768,11.4,7.64,36.42,97.68,84.24,14.44,9.27,48.76,282.85,0.49,64.3,34.75,16.78,70.11,99.25,30.85
2010,25,2506905,Itabaiana,0.613,0.536,0.592,0.727,7.23,6.55,27.46,96.7,88.6,20.48,9.15,37.4,319.34,0.5,60.18,34.43,11.37,76.26,99.33,26.84
2010,25,2507002,Itaporanga,0.615,0.517,0.607,0.742,6.39,6.42,22.84,96.96,83.53,23.22,9.37,40.98,349.02,0.5,54.66,30.81,13.94,81.46,99.96,29.69
2010,25,2507101,Itapororoca,0.564,0.437,0.543,0.757,9.09,6.62,33.62,97.12,89.82,16.05,9.04,50.29,235.44,0.48,69.79,42.48,21.85,76.25,99.27,30.91
2010,25,2507200,Itatuba,0.562,0.436,0.549,0.742,9.84,10.81,38.07,95.53,94.66,14.89,8.36,52.82,244.16,0.49,69.34,43.44,22.04,57.25,99.08,38.57
2010,25,2507309,Jacaraú,0.558,0.435,0.554,0.72,6.33,4.16,32.93,97.75,80.21,5.53,8.88,55.12,250.76,0.54,69.33,45.62,25.83,84.0,99.08,30.49
2010,25,2507408,Jericó,0.603,0.476,0.577,0.798,5.35,8.04,28.8,98.11,90.34,14.31,9.88,49.63,290.17,0.51,63.22,33.33,18.42,82.39,99.87,35.07
2010,25,2507507,João Pessoa,0.763,0.693,0.77,0.832,2.54,1.97,8.11,96.93,84.53,28.41,9.87,17.1,964.82,0.62,30.3,11.59,3.48,99.51,99.96,22.22
2010,25,2507606,Juarez Távora,0.579,0.465,0.544,0.768,6.32,4.6,35.85,97.73,81.8,12.83,9.04,52.25,236.56,0.48,69.37,42.08,20.29,83.22,98.66,34.38
2010,25,2507705,Juazeirinho,0.567,0.435,0.557,0.753,6.52,4.71,26.01,97.77,74.87,12.66,8.62,50.79,255.68,0.51,68.03,40.72,20.8,57.58,99.46,33.87
2010,25,2507804,Junco Do Seridó,0.617,0.576,0.571,0.715,7.4,5.91,21.71,96.27,83.62,10.69,9.44,39.76,280.15,0.47,64.81,33.64,13.09,76.31,98.53,29.34
2010,25,2507903,Juripiranga,0.548,0.448,0.544,0.677,7.87,7.98,34.34,97.44,88.56,17.62,8.67,54.07,235.6,0.53,71.6,46.18,26.35,76.41,99.42,35.2
2010,25,2508000,Juru,0.57,0.443,0.552,0.758,5.15,4.11,33.41,97.16,74.21,11.51,8.2,51.56,247.78,0.51,67.09,41.84,26.55,67.92,99.41,25.56
2010,25,2508109,Lagoa,0.563,0.448,0.533,0.747,9.57,5.5,33.84,93.82,76.01,6.87,9.06,47.72,219.92,0.45,70.8,42.27,21.7,66.08,98.23,36.47
2010,25,2508208,Lagoa De Dentro,0.57,0.444,0.539,0.772,3.29,3.19,31.9,97.61,91.34,17.26,8.38,51.77,228.8,0.52,71.98,46.93,28.45,58.46,98.7,29.01
2010,25,2508307,Lagoa Seca,0.627,0.516,0.621,0.769,4.93,2.92,21.26,97.41,91.95,19.9,8.53,40.82,380.73,0.54,57.95,31.8,10.93,53.52,99.74,27.15
2010,25,2508406,Lastro,0.533,0.38,0.532,0.747,5.56,6.76,31.09,97.97,93.48,11.91,9.74,54.28,219.67,0.44,69.89,38.53,22.53,53.38,97.58,38.74
2010,25,2508505,Livramento,0.566,0.473,0.523,0.732,3.61,2.49,23.13,97.34,72.64,6.41,8.7,47.46,207.73,0.5,73.82,48.84,27.37,44.69,99.16,29.63
2010,25,2508554,Logradouro,0.583,0.47,0.544,0.776,6.76,5.51,34.11,98.57,84.55,18.83,9.29,45.35,236.33,0.42,68.54,38.52,15.05,66.58,99.17,31.07
2010,25,2508604,Lucena,0.583,0.469,0.577,0.734,7.8,4.91,25.32,94.44,87.29,18.39,8.08,49.11,289.29,0.55,71.33,42.91,15.24,88.52,98.97,40.51
2010,25,2508703,Mãe D'Água,0.542,0.429,0.52,0.712,9.24,5.16,30.2,96.42,62.92,24.59,9.09,46.81,202.88,0.5,74.47,46.84,29.35,78.08,98.96,30.5
2010,25,2508802,Malta,0.642,0.533,0.62,0.8,5.88,3.12,27.97,96.76,95.12,18.77,9.66,39.06,378.53,0.58,58.16,32.54,14.46,88.84,98.17,31.98
2010,25,2508901,Mamanguape,0.585,0.453,0.585,0.756,10.13,6.21,27.9,96.47,88.42,16.28,8.53,48.43,305.46,0.52,62.94,37.04,15.64,81.02,99.61,33.81
2010,25,2509008,Manaíra,0.543,0.426,0.537,0.698,14.83,11.81,35.01,95.76,84.0,7.42,8.25,52.67,225.93,0.53,71.04,47.91,32.63,69.27,98.49,32.99
2010,25,2509057,Marcação,0.529,0.408,0.525,0.691,13.23,8.14,33.33,97.84,91.24,17.73,7.91,51.7,209.46,0.51,73.97,47.34,28.2,96.72,99.45,40.41
2010,25,2509107,Mari,0.548,0.429,0.553,0.692,4.46,4.64,35.54,98.68,93.53,16.02,9.0,52.41,250.22,0.46,65.7,38.18,19.75,90.83,99.31,28.8
2010,25,2509156,Marizópolis,0.608,0.512,0.582,0.753,3.93,4.0,27.07,97.31,72.63,7.01,9.59,38.33,299.15,0.51,62.62,34.8,17.84,92.65,99.17,35.58
2010,25,2509206,Massaranduba,0.567,0.441,0.552,0.747,4.26,4.11,30.75,98.49,88.65,14.55,8.97,54.65,247.98,0.46,68.63,36.48,18.29,52.65,99.55,33.12
2010,25,2509305,Mataraca,0.536,0.427,0.533,0.675,4.57,6.58,27.14,98.01,89.33,15.17,8.53,51.5,219.95,0.48,74.99,45.29,20.03,95.5,98.7,39.14
2010,25,2509339,Matinhas,0.541,0.4,0.531,0.747,6.98,8.39,31.61,96.84,88.89,9.18,8.34,57.97,217.6,0.44,72.45,43.67,19.51,35.04,99.38,37.53
2010,25,2509370,Mato Grosso,0.565,0.419,0.566,0.76,3.98,6.55,41.52,94.42,80.52,8.23,7.92,48.65,271.56,0.45,66.0,35.09,13.76,79.42,98.99,38.9
2010,25,2509396,Maturéia,0.572,0.474,0.54,0.73,4.45,0.99,28.13,98.38,83.91,13.25,9.51,49.55,230.63,0.51,68.67,45.01,27.92,66.01,99.81,26.1
2010,25,2509404,Mogeiro,0.574,0.481,0.538,0.732,6.37,4.44,32.28,98.63,90.18,13.99,8.7,47.01,227.05,0.5,70.51,44.98,24.61,33.45,99.48,31.63
2010,25,2509503,Montadas,0.59,0.505,0.545,0.748,2.96,0.37,25.28,97.01,84.52,4.58,9.04,48.89,238.17,0.47,65.4,39.35,25.72,62.15,99.41,23.03
2010,25,2509602,Monte Horebe,0.587,0.463,0.579,0.755,6.25,6.21,29.46,98.46,81.33,2.02,8.01,51.9,292.96,0.54,59.88,40.78,23.02,66.18,99.09,36.62
2010,25,2509701,Monteiro,0.628,0.558,0.625,0.709,4.01,3.59,27.38,97.45,83.02,18.19,9.7,42.84,392.05,0.57,57.69,31.19,13.46,72.46,99.55,19.35
2010,25,2509800,Mulungu,0.565,0.423,0.548,0.778,10.5,7.31,35.24,98.17,82.54,6.83,7.73,52.01,242.9,0.49,69.82,43.94,18.37,68.06,98.95,30.8
2010,25,2509909,Natuba,0.541,0.432,0.516,0.71,11.99,8.62,38.93,99.28,92.08,15.28,9.18,53.54,198.68,0.54,77.11,54.86,33.3,48.02,99.11,35.64
2010,25,2510006,Nazarezinho,0.562,0.449,0.528,0.747,4.47,4.63,31.5,96.51,72.79,8.55,8.92,49.38,213.53,0.52,72.01,48.25,31.93,50.47,99.29,29.18
2010,25,2510105,Nova Floresta,0.601,0.498,0.576,0.758,5.71,4.52,28.62,96.74,89.59,18.03,9.57,42.3,287.45,0.51,61.86,40.01,20.33,86.1,99.5,25.46
2010,25,2510204,Nova Olinda,0.573,0.453,0.557,0.744,8.07,6.56,31.75,97.42,86.21,21.72,7.99,45.68,255.69,0.52,68.06,41.01,23.84,78.52,98.49,29.05
2010,25,2510303,Nova Palmeira,0.595,0.488,0.567,0.762,1.59,1.75,24.66,99.13,79.21,14.62,9.38,44.33,272.29,0.45,62.04,39.25,13.21,59.16,99.95,18.85
2010,25,2510402,Olho D'Água,0.572,0.452,0.533,0.776,5.24,2.59,33.58,97.99,80.63,5.72,9.39,46.2,220.96,0.55,73.89,48.89,30.88,63.19,99.59,41.64
2010,25,2510501,Olivedos,0.603,0.54,0.531,0.766,1.86,2.42,19.37,98.81,75.33,7.79,8.32,31.65,217.32,0.49,69.5,48.31,28.05,53.54,99.9,20.86
2010,25,2510600,Ouro Velho,0.614,0.518,0.585,0.764,2.39,1.76,22.91,92.21,86.83,29.99,6.98,34.91,305.23,0.47,58.69,33.36,13.08,73.43,99.45,16.01
2010,25,2510659,Parari,0.584,0.467,0.583,0.733,2.08,1.47,20.85,99.25,100.0,12.98,9.27,49.5,300.27,0.49,56.6,34.6,22.47,60.7,99.8,19.1
2010,25,2510709,Passagem,0.62,0.534,0.566,0.79,6.54,8.18,29.23,97.63,85.85,4.97,10.74,35.43,270.29,0.51,66.0,38.25,20.72,58.78,98.64,33.3
2010,25,2510808,Patos,0.701,0.628,0.667,0.821,5.07,4.04,18.42,97.75,86.04,19.9,10.14,27.22,508.52,0.56,47.06,18.86,5.38,95.65,99.57,31.75
2010,25,2510907,Paulista,0.587,0.461,0.587,0.747,3.63,4.68,32.2,96.0,77.25,9.71,9.25,47.73,308.48,0.49,58.65,33.87,13.38,57.19,99.64,31.83
2010,25,2511004,Pedra Branca,0.599,0.532,0.532,0.761,4.39,4.18,25.55,97.93,87.07,11.86,9.34,39.81,219.29,0.5,71.39,45.9,27.49,80.24,99.09,36.2
2010,25,2511103,Pedra Lavrada,0.574,0.458,0.564,0.733,5.19,3.09,27.76,98.8,91.59,17.55,9.31,51.09,267.79,0.49,67.23,38.47,18.06,45.91,99.45,24.35
2010,25,2511202,Pedras De Fogo,0.59,0.468,0.568,0.771,8.38,4.69,30.27,96.82,94.46,20.74,9.32,45.21,273.39,0.53,65.97,41.27,21.35,82.67,99.89,37.38
2010,25,2511301,Piancó,0.621,0.55,0.593,0.736,6.14,4.23,29.26,97.35,90.18,23.2,9.39,36.53,321.21,0.53,60.46,35.0,17.94,76.67,99.05,29.81
2010,25,2511400,Picuí,0.608,0.506,0.596,0.745,3.38,2.76,24.66,97.71,87.48,21.68,8.98,42.38,326.53,0.53,61.4,33.95,16.61,70.7,99.61,26.19
2010,25,2511509,Pilar,0.579,0.461,0.544,0.775,8.81,6.06,31.64,97.22,94.2,13.46,9.36,47.5,236.08,0.49,72.62,41.05,20.96,69.71,98.16,32.69
2010,25,2511608,Pilões,0.56,0.409,0.559,0.767,10.29,8.27,36.17,97.55,84.41,10.59,7.94,49.57,259.0,0.59,74.76,46.12,25.54,69.76,99.66,39.6
2010,25,2511707,Pilõezinhos,0.564,0.421,0.532,0.802,3.6,3.86,33.23,95.97,89.95,17.42,7.79,54.22,218.98,0.43,71.28,40.66,16.97,75.37,99.88,41.59
2010,25,2511806,Pirpirituba,0.595,0.499,0.566,0.745,6.76,5.12,29.9,96.66,90.62,14.01,8.54,41.27,270.98,0.52,65.98,39.96,22.85,82.41,99.53,32.04
2010,25,2511905,Pitimbu,0.57,0.456,0.538,0.753,8.39,6.63,27.59,97.28,85.42,18.13,8.99,47.0,227.76,0.51,73.96,47.7,22.04,74.79,98.87,35.55
2010,25,2512002,Pocinhos,0.591,0.477,0.556,0.779,3.26,2.51,25.15,98.24,91.15,13.59,9.1,49.0,253.75,0.46,64.87,38.75,17.66,59.59,99.7,27.63
2010,25,2512036,Poço Dantas,0.525,0.408,0.506,0.702,12.65,7.11,36.46,98.34,87.97,16.82,9.02,49.25,186.82,0.49,75.33,50.83,31.41,79.92,99.62,39.15
2010,25,2512077,Poço De José De Moura,0.612,0.497,0.578,0.797,3.7,2.76,27.03,98.52,95.28,24.44,9.26,39.83,291.18,0.45,57.98,32.12,16.72,69.08,99.71,26.03
2010,25,2512101,Pombal,0.634,0.515,0.629,0.787,3.68,2.78,26.08,95.39,74.19,13.72,9.03,42.15,401.6,0.54,55.34,26.6,10.22,82.43,99.37,29.28
2010,25,2512200,Prata,0.608,0.514,0.566,0.772,3.59,2.43,23.49,98.97,97.94,25.92,10.04,38.13,271.47,0.44,59.57,33.64,15.15,76.55,98.9,27.76
2010,25,2512309,Princesa Isabel,0.606,0.514,0.6,0.72,4.96,4.27,25.33,95.74,93.68,16.73,9.55,41.57,334.74,0.47,52.26,25.97,13.22,77.96,99.42,24.43
2010,25,2512408,Puxinanã,0.617,0.542,0.574,0.754,3.9,2.39,21.59,98.41,95.65,3.01,10.24,36.37,283.93,0.45,60.4,33.32,13.76,61.74,99.58,26.19
2010,25,2512507,Queimadas,0.608,0.489,0.578,0.796,4.84,4.39,22.56,96.63,92.56,21.42,8.95,41.78,292.5,0.46,59.09,31.78,14.47,73.21,99.8,28.03
2010,25,2512606,Quixabá,0.622,0.579,0.564,0.737,3.55,5.45,26.24,99.01,94.29,25.4,10.48,33.26,267.39,0.46,59.96,34.31,17.4,47.67,99.63,46.02
2010,25,2512705,Remígio,0.607,0.474,0.592,0.797,5.63,4.81,30.7,97.1,78.62,14.32,9.31,49.08,319.14,0.55,62.13,38.78,18.74,78.76,98.87,31.91
2010,25,2512721,Pedro Régis,0.542,0.399,0.529,0.754,10.24,7.27,42.86,99.18,81.82,7.46,8.95,59.62,215.39,0.51,73.96,48.88,26.94,64.97,99.2,26.59
2010,25,2512747,Riachão,0.574,0.481,0.515,0.763,2.44,2.46,31.48,98.85,89.73,34.64,9.66,47.34,197.04,0.49,76.03,47.37,31.13,70.43,100.0,27.8
2010,25,2512754,Riachão Do Bacamarte,0.553,0.417,0.561,0.721,15.0,7.55,35.81,96.94,93.47,12.67,9.06,53.57,262.31,0.49,67.85,40.26,19.06,58.48,99.14,27.48
2010,25,2512762,Riachão Do Poço,0.555,0.426,0.537,0.748,6.33,4.07,33.63,97.41,95.6,15.88,9.14,51.34,225.44,0.49,71.89,43.06,25.33,39.74,99.14,32.29
2010,25,2512788,Riacho De Santo Antônio,0.594,0.502,0.569,0.735,0.68,2.7,24.64,98.16,91.45,39.43,8.72,42.64,275.73,0.43,62.92,33.46,12.35,61.52,98.32,36.08
2010,25,2512804,Riacho Dos Cavalos,0.568,0.447,0.546,0.752,5.11,6.21,32.64,97.15,71.97,0.86,7.89,44.24,239.15,0.44,70.48,37.61,16.29,61.03,99.59,37.93
2010,25,2512903,Rio Tinto,0.585,0.48,0.562,0.742,10.28,7.1,26.56,97.56,88.35,24.7,8.68,43.5,264.5,0.5,64.34,40.28,21.53,60.38,98.43,26.58
2010,25,2513000,Salgadinho,0.563,0.454,0.531,0.739,5.72,3.41,33.02,97.51,93.04,17.79,9.16,46.45,217.39,0.46,69.93,42.28,23.95,34.59,98.61,35.77
2010,25,2513109,Salgado De São Félix,0.568,0.448,0.531,0.77,10.61,6.88,36.87,97.3,89.17,27.23,8.25,53.68,217.45,0.5,72.64,45.74,27.29,63.82,98.87,32.44
2010,25,2513158,Santa Cecília,0.525,0.402,0.515,0.699,7.24,5.16,35.61,98.48,86.35,13.47,8.49,56.87,197.49,0.48,74.96,50.59,27.85,1.22,99.36,35.15
2010,25,2513208,Santa Cruz,0.618,0.523,0.578,0.779,3.98,1.95,28.18,96.46,83.08,9.23,10.42,39.03,291.16,0.46,54.4,30.87,21.34,86.85,99.6,26.9
2010,25,2513307,Santa Helena,0.609,0.504,0.57,0.786,3.39,3.48,26.11,98.46,91.62,22.41,10.11,42.51,277.52,0.5,62.36,36.89,20.78,76.2,99.17,25.92
2010,25,2513356,Santa Inês,0.572,0.492,0.54,0.706,6.5,5.74,32.15,96.19,64.09,13.65,9.12,40.59,229.72,0.55,76.01,48.87,29.62,62.69,94.3,36.92
2010,25,2513406,Santa Luzia,0.682,0.635,0.62,0.804,4.41,4.01,20.02,97.83,90.28,12.8,9.78,29.14,379.3,0.51,52.22,28.12,9.9,92.99,99.36,27.12
2010,25,2513505,Santana De Mangueira,0.535,0.414,0.488,0.756,10.64,6.63,36.29,94.49,66.45,5.21,7.85,55.38,166.28,0.54,80.61,58.22,38.59,71.35,99.41,42.75
2010,25,2513604,Santana Dos Garrotes,0.594,0.479,0.568,0.772,9.01,5.9,35.17,96.23,93.23,20.35,9.4,39.91,274.26,0.48,61.34,36.73,19.46,75.24,99.46,34.29
2010,25,2513653,Santarém,0.622,0.568,0.553,0.765,9.04,3.9,35.85,98.59,85.22,29.78,10.45,32.97,249.67,0.44,67.07,34.96,15.45,81.2,99.46,30.67
2010,25,2513703,Santa Rita,0.627,0.534,0.597,0.774,6.24,3.96,20.61,96.31,81.51,18.92,8.95,35.82,328.16,0.46,55.93,26.14,8.91,88.41,99.5,31.72
2010,25,2513802,Santa Teresinha,0.627,0.513,0.586,0.82,2.74,2.23,27.14,98.81,84.16,13.39,10.14,46.79,306.95,0.59,66.46,37.24,23.26,69.78,99.89,34.15
2010,25,2513851,Santo André,0.6,0.476,0.568,0.797,3.23,3.59,27.15,99.12,100.0,15.25,9.35,43.15,273.72,0.47,61.87,32.13,15.9,2.14,99.76,12.92
2010,25,2513901,São Bento,0.58,0.424,0.597,0.769,9.63,8.82,33.59,95.26,83.97,16.24,8.32,54.0,328.99,0.47,59.08,28.67,7.37,84.69,99.88,37.51
2010,25,2513927,São Bentinho,0.606,0.491,0.575,0.787,1.06,3.15,32.8,97.91,83.8,12.08,9.52,40.02,286.99,0.46,62.52,36.03,11.0,76.23,99.81,29.65
2010,25,2513943,São Domingos Do Cariri,0.589,0.438,0.603,0.773,2.81,1.99,23.81,97.16,98.24,13.04,8.52,52.82,341.56,0.47,52.5,28.06,14.03,62.2,99.27,29.2
2010,25,2513968,São Domingos,0.548,0.394,0.555,0.754,7.29,7.19,38.55,94.03,74.76,26.84,8.93,53.98,253.36,0.46,67.33,34.76,18.6,49.58,99.21,25.95
2010,25,2513984,São Francisco,0.58,0.481,0.56,0.726,5.0,3.61,31.46,96.87,84.78,39.93,10.02,47.33,261.15,0.45,63.28,34.4,17.54,88.65,100.0,26.03
2010,25,2514008,São João Do Cariri,0.622,0.488,0.618,0.797,4.85,1.22,18.73,98.39,84.98,15.21,9.17,40.04,373.55,0.53,54.39,28.35,12.91,68.69,99.5,16.55
2010,25,2514107,São João Do Tigre,0.552,0.424,0.523,0.758,8.05,6.48,35.78,96.09,80.0,7.33,7.27,59.48,207.42,0.51,73.35,48.97,32.14,27.47,98.79,24.73
2010,25,2514206,São José Da Lagoa Tapada,0.53,0.389,0.53,0.722,7.17,4.45,42.35,93.53,62.4,13.1,8.14,56.23,216.66,0.49,69.99,43.46,29.31,65.24,98.67,32.04
2010,25,2514305,São José De Caiana,0.565,0.434,0.545,0.762,10.88,7.16,32.19,97.25,78.61,5.97,7.87,51.48,238.28,0.44,64.57,39.0,19.48,46.44,97.2,40.58
2010,25,2514404,São José De Espinharas,0.577,0.448,0.543,0.79,8.14,6.1,32.0,96.36,81.09,11.44,9.17,44.6,234.08,0.45,67.17,42.46,18.74,49.23,97.55,34.39
2010,25,2514453,São José Dos Ramos,0.541,0.406,0.527,0.738,8.6,7.33,38.36,98.11,86.77,11.66,8.61,55.04,212.12,0.51,74.39,46.85,26.5,45.1,99.32,33.57
2010,25,2514503,São José De Piranhas,0.591,0.461,0.594,0.755,3.98,3.1,25.03,97.47,90.66,11.63,9.19,50.36,321.53,0.5,55.68,32.25,17.56,74.09,99.15,30.39
2010,25,2514552,São José De Princesa,0.565,0.443,0.533,0.765,4.35,3.21,31.1,96.34,94.3,7.99,8.23,45.28,221.16,0.45,66.36,37.83,23.52,49.36,99.2,26.31
2010,25,2514602,São José Do Bonfim,0.578,0.493,0.549,0.713,4.53,3.5,26.58,96.49,75.07,14.73,9.34,42.76,244.14,0.48,66.17,40.09,20.45,62.32,99.51,34.93
2010,25,2514651,São José Do Brejo Do Cruz,0.581,0.473,0.535,0.776,3.7,2.13,27.92,97.82,95.98,31.31,8.32,38.97,223.11,0.46,69.85,45.47,22.46,8.29,99.18,34.04
2010,25,2514701,São José Do Sabugi,0.617,0.514,0.584,0.781,5.7,5.13,27.22,98.68,82.85,15.35,10.2,36.24,302.36,0.43,56.84,28.25,7.69,79.01,97.98,23.68
2010,25,2514800,São José Dos Cordeiros,0.556,0.407,0.542,0.778,3.39,1.91,22.64,98.5,81.74,11.91,9.24,59.24,233.71,0.49,69.9,43.76,22.64,49.4,99.57,12.22
2010,25,2514909,São Mamede,0.641,0.558,0.617,0.765,2.21,4.5,24.75,99.0,91.26,19.26,9.4,35.93,371.01,0.52,55.31,29.02,12.11,86.87,98.96,26.2
2010,25,2515005,São Miguel De Taipu,0.548,0.443,0.516,0.721,12.9,11.27,40.92,97.4,89.69,23.19,8.86,50.15,198.63,0.49,76.78,49.99,23.67,60.24,99.23,40.56
2010,25,2515104,São Sebastião De Lagoa De Roça,0.594,0.471,0.561,0.795,4.04,2.87,26.02,98.42,89.71,9.91,9.07,47.61,262.87,0.48,63.74,40.51,18.56,54.78,99.85,27.72
2010,25,2515203,São Sebastião Do Umbuzeiro,0.581,0.459,0.561,0.763,5.22,1.12,25.13,96.49,92.97,9.47,9.81,51.13,263.04,0.46,63.39,39.48,15.15,71.07,98.26,21.76
2010,25,2515302,Sapé,0.569,0.461,0.563,0.711,7.97,5.97,30.8,95.91,86.28,17.19,8.62,46.83,266.29,0.5,68.21,36.79,18.52,81.53,98.93,34.04
2010,25,2515401,Seridó,0.555,0.453,0.528,0.714,2.84,4.96,22.86,97.2,80.27,9.7,8.69,47.34,214.38,0.47,72.23,45.71,25.72,47.1,98.56,36.46
2010,25,2515500,Serra Branca,0.628,0.537,0.598,0.77,2.23,1.97,19.85,98.24,85.03,25.89,9.91,38.84,330.05,0.48,56.6,29.43,13.29,78.65,99.63,21.48
2010,25,2515609,Serra Da Raiz,0.626,0.544,0.57,0.792,2.95,3.85,31.81,99.69,85.02,10.74,9.44,38.36,278.22,0.5,65.87,34.68,16.7,82.7,98.67,27.1
2010,25,2515708,Serra Grande,0.586,0.491,0.549,0.745,9.52,6.16,30.81,95.7,84.17,18.98,9.06,43.49,244.05,0.47,68.0,36.51,21.11,64.23,99.21,29.98
2010,25,2515807,Serra Redonda,0.57,0.424,0.565,0.772,6.88,4.72,31.9,97.07,86.9,18.77,8.72,52.97,268.53,0.48,60.7,38.17,21.28,55.68,99.18,30.86
2010,25,2515906,Serraria,0.547,0.392,0.536,0.779,7.83,11.3,41.2,96.34,71.53,11.3,7.87,56.78,224.2,0.5,72.16,47.72,24.56,68.9,98.4,31.54
2010,25,2515930,Sertãozinho,0.621,0.561,0.554,0.769,3.81,4.18,28.43,97.74,97.98,24.73,10.83,40.56,252.11,0.46,62.96,38.87,21.67,64.67,99.28,23.06
2010,25,2515971,Sobrado,0.573,0.477,0.525,0.753,4.87,2.48,33.3,97.94,84.82,9.34,9.43,46.94,210.08,0.49,72.04,44.39,25.88,68.78,98.63,32.37
2010,25,2516003,Solânea,0.595,0.468,0.592,0.762,6.66,5.48,31.21,97.38,82.55,11.6,8.89,48.95,318.38,0.56,63.63,40.38,20.91,75.87,99.14,27.47
2010,25,2516102,Soledade,0.616,0.506,0.598,0.772,6.06,2.6,20.08,98.47,89.13,18.76,9.88,44.64,330.05,0.51,59.59,32.04,13.21,72.86,99.67,26.21
2010,25,2516151,Sossêgo,0.573,0.46,0.531,0.769,6.18,4.76,31.34,100.0,91.02,20.06,10.05,51.38,218.2,0.5,71.11,46.95,28.38,1.2,99.57,29.14
2010,25,2516201,Sousa,0.668,0.567,0.645,0.814,3.51,3.34,22.53,97.61,73.28,3.99,9.71,36.57,443.81,0.54,51.61,24.19,9.58,93.39,99.13,33.81
2010,25,2516300,Sumé,0.627,0.534,0.602,0.765,5.77,3.53,25.49,97.49,84.45,20.93,9.64,41.87,339.68,0.5,58.32,30.91,11.31,79.65,99.39,18.61
2010,25,2516409,Tacima,0.551,0.45,0.513,0.726,4.63,3.69,30.76,97.02,87.99,27.25,8.56,45.85,195.07,0.49,76.55,49.73,27.34,64.89,99.3,45.21
2010,25,2516508,Taperoá,0.578,0.456,0.564,0.749,4.68,4.66,28.22,96.81,81.14,16.18,8.14,49.9,267.88,0.48,65.02,37.33,17.92,66.23,99.23,30.1
2010,25,2516607,Tavares,0.586,0.462,0.56,0.777,6.36,4.07,30.95,98.35,84.41,7.99,8.79,45.27,260.75,0.52,66.91,41.15,24.22,59.06,99.81,26.58
2010,25,2516706,Teixeira,0.605,0.527,0.566,0.741,6.23,3.86,23.97,97.32,91.92,18.72,8.87,39.85,271.44,0.55,67.24,45.28,25.63,69.57,99.41,30.48
2010,25,2516755,Tenório,0.581,0.49,0.565,0.707,12.72,9.36,29.09,95.72,96.81,5.32,8.16,41.2,269.63,0.43,61.3,28.42,13.91,1.83,98.91,31.85
2010,25,2516805,Triunfo,0.609,0.501,0.578,0.78,6.25,5.03,28.54,98.83,93.65,21.06,8.65,40.24,292.24,0.49,58.66,33.88,19.83,75.37,99.38,34.27
2010,25,2516904,Uiraúna,0.636,0.528,0.612,0.797,6.27,5.1,26.73,97.84,80.82,8.17,9.48,39.28,361.37,0.54,58.2,28.46,14.62,84.41,99.66,27.89
2010,25,2517001,Umbuzeiro,0.584,0.514,0.545,0.712,6.09,6.66,35.17,99.41,88.99,11.49,9.56,43.72,237.25,0.54,71.04,47.97,27.1,23.9,99.04,33.67
2010,25,2517100,Várzea,0.707,0.714,0.619,0.8,2.01,0.88,13.3,99.4,98.05,25.94,10.34,25.75,377.4,0.4,42.47,21.01,6.76,79.15,98.41,22.65
2010,25,2517209,Vieirópolis,0.571,0.455,0.537,0.762,2.99,3.02,37.93,98.63,76.68,18.07,9.56,45.39,226.49,0.45,65.56,39.28,23.59,69.56,99.73,33.57
2010,25,2517407,Zabelê,0.623,0.587,0.567,0.725,2.82,1.75,22.99,97.4,88.79,20.05,10.77,36.99,272.94,0.43,61.19,32.71,12.76,80.03,99.32,22.64
2010,26,2600054,Abreu E Lima,0.679,0.632,0.625,0.791,3.53,2.35,10.15,97.17,89.19,26.17,10.01,23.6,390.4,0.45,46.99,20.2,6.99,96.57,99.99,26.74
2010,26,2600104,Afogados Da Ingazeira,0.657,0.565,0.623,0.807,3.96,3.26,23.12,97.28,82.32,17.15,9.67,36.72,386.56,0.56,56.98,31.66,16.09,84.92,99.78,21.65
2010,26,2600203,Afrânio,0.588,0.493,0.542,0.761,2.18,1.27,25.78,98.73,80.74,6.16,10.09,44.81,233.59,0.53,69.98,46.77,27.14,43.04,98.27,37.66
2010,26,2600302,Agrestina,0.592,0.47,0.581,0.76,7.64,5.01,32.35,96.36,91.92,20.11,8.78,50.43,297.02,0.48,61.08,33.9,15.31,82.68,99.65,27.24
2010,26,2600401,Água Preta,0.553,0.432,0.514,0.761,10.02,6.24,30.66,93.97,63.31,10.32,8.8,46.75,195.47,0.49,78.1,48.36,24.59,77.8,99.17,45.58
2010,26,2600500,Águas Belas,0.526,0.385,0.546,0.691,18.11,13.32,40.23,96.08,59.67,5.6,7.51,57.39,239.3,0.58,72.41,50.88,31.96,65.38,99.23,34.53
2010,26,2600609,Alagoinha,0.599,0.472,0.569,0.801,8.57,5.66,26.62,96.32,88.49,20.58,8.29,50.25,275.5,0.49,64.87,37.1,18.93,38.3,99.3,25.36
2010,26,2600708,Aliança,0.604,0.488,0.565,0.799,9.19,6.05,27.22,96.97,88.28,15.09,8.48,44.29,269.86,0.49,71.24,35.28,11.87,88.99,99.77,32.45
2010,26,2600807,Altinho,0.598,0.482,0.559,0.792,6.06,6.36,34.63,96.91,89.43,12.66,9.98,51.3,259.21,0.51,66.91,42.07,22.53,66.1,99.37,24.07
2010,26,2600906,Amaraji,0.58,0.454,0.575,0.748,8.97,5.25,30.92,96.59,73.74,16.31,8.9,50.26,286.59,0.5,67.92,37.0,11.07,86.88,99.26,34.03
2010,26,2601003,Angelim,0.572,0.448,0.555,0.751,9.43,5.77,33.4,96.36,85.02,16.07,8.57,50.81,253.26,0.58,70.9,48.55,27.85,74.85,99.45,28.31
2010,26,2601052,Araçoiaba,0.592,0.498,0.544,0.765,4.92,4.95,24.04,96.97,90.2,23.56,9.16,37.94,236.1,0.45,68.93,36.6,16.32,80.12,99.73,35.67
2010,26,2601102,Araripina,0.602,0.467,0.595,0.785,8.03,6.95,25.33,95.2,86.97,12.78,8.39,47.45,324.01,0.56,63.82,37.84,17.75,57.12,97.69,39.54
2010,26,2601201,Arcoverde,0.667,0.567,0.654,0.799,5.23,4.9,17.57,97.34,83.51,21.79,9.28,33.15,469.53,0.58,51.54,28.8,13.31,88.64,99.19,26.98
2010,26,2601300,Barra De Guabiraba,0.577,0.474,0.558,0.726,7.88,8.35,34.84,93.64,75.82,8.25,8.87,49.02,257.4,0.51,68.73,41.45,17.45,95.85,98.95,41.2
2010,26,2601409,Barreiros,0.586,0.491,0.561,0.73,10.34,7.72,23.56,94.58,79.22,16.27,8.09,37.51,263.2,0.54,69.95,42.13,21.12,82.06,99.54,39.44
2010,26,2601508,Belém De Maria,0.578,0.479,0.537,0.749,5.51,3.29,32.49,98.52,70.49,2.83,10.33,46.69,226.82,0.47,72.27,47.98,15.21,66.88,99.96,40.83
2010,26,2601607,Belém Do São Francisco,0.642,0.553,0.611,0.784,7.18,5.25,21.71,97.31,87.07,30.03,9.36,32.48,357.77,0.63,65.36,40.02,22.24,65.45,97.67,41.32
2010,26,2601706,Belo Jardim,0.629,0.514,0.617,0.783,7.13,4.84,24.82,97.08,83.77,19.0,8.73,41.1,372.93,0.51,53.78,27.81,12.11,88.91,99.34,24.29
2010,26,2601805,Betânia,0.559,0.441,0.533,0.742,10.21,7.66,32.98,93.76,79.44,18.3,8.78,53.91,220.19,0.55,71.58,49.63,31.35,69.88,98.89,31.56
2010,26,2601904,Bezerros,0.606,0.487,0.608,0.752,4.67,4.2,28.12,95.89,86.45,20.98,8.86,47.66,351.75,0.52,56.75,30.07,14.75,83.81,99.28,23.87
2010,26,2602001,Bodocó,0.565,0.445,0.543,0.745,9.07,6.72,29.91,95.73,66.43,20.18,8.97,47.4,234.36,0.55,70.37,49.61,28.08,47.85,96.47,42.92
2010,26,2602100,Bom Conselho,0.563,0.433,0.585,0.704,10.35,7.47,34.05,96.22,67.83,9.45,8.47,53.1,305.57,0.62,68.79,48.42,27.22,68.85,99.44,30.01
2010,26,2602209,Bom Jardim,0.602,0.515,0.552,0.767,5.33,4.55,30.14,97.04,84.51,15.17,9.55,39.48,248.98,0.48,66.77,39.36,21.75,68.61,99.57,28.43
2010,26,2602308,Bonito,0.561,0.42,0.559,0.754,8.3,7.02,31.6,96.69,75.16,14.36,8.19,54.21,258.52,0.55,71.13,44.81,23.7,88.36,99.3,32.96
2010,26,2602407,Brejão,0.547,0.417,0.54,0.725,8.34,5.72,31.86,96.3,76.31,17.1,8.28,48.57,230.85,0.49,72.71,44.83,19.77,81.76,99.4,31.18
2010,26,2602506,Brejinho,0.574,0.493,0.563,0.681,4.38,3.35,25.37,98.25,85.37,12.38,9.6,48.14,266.21,0.49,61.3,37.49,22.81,50.4,98.59,22.95
2010,26,2602605,Brejo Da Madre De Deus,0.562,0.417,0.581,0.734,9.02,7.67,32.31,95.65,81.26,22.7,7.98,54.6,296.7,0.47,61.59,31.16,12.87,54.89,99.42,31.1
2010,26,2602704,Buenos Aires,0.593,0.481,0.556,0.778,5.49,5.87,28.11,97.4,94.57,22.89,8.92,46.24,254.03,0.45,66.85,36.4,13.79,83.66,99.43,30.58
2010,26,2602803,Buíque,0.527,0.395,0.497,0.746,15.15,10.81,40.18,94.69,56.12,7.24,7.95,58.34,176.76,0.57,80.25,62.2,38.73,49.71,97.47,41.87
2010,26,2602902,Cabo De Santo Agostinho,0.686,0.609,0.654,0.812,4.73,3.75,13.0,96.46,85.91,22.43,9.33,26.48,467.07,0.53,46.81,19.71,5.98,94.52,99.93,29.63
2010,26,2603009,Cabrobó,0.623,0.539,0.581,0.773,5.9,4.42,23.71,97.59,93.95,18.95,9.38,37.25,298.14,0.58,69.41,43.43,22.12,79.12,98.03,37.73
2010,26,2603108,Cachoeirinha,0.579,0.439,0.587,0.753,7.35,7.5,32.13,95.33,74.39,15.84,8.62,52.36,308.18,0.48,58.53,33.67,15.44,68.18,99.38,26.95
2010,26,2603207,Caetés,0.522,0.392,0.497,0.732,8.26,7.95,38.63,92.6,83.01,8.51,8.29,58.05,176.77,0.6,77.46,59.51,42.77,26.91,99.46,33.08
2010,26,2603306,Calçado,0.566,0.468,0.529,0.731,6.48,6.45,32.38,97.12,89.47,17.75,9.83,49.27,215.47,0.53,73.67,51.63,30.24,46.17,99.46,25.42
2010,26,2603405,Calumbi,0.571,0.46,0.567,0.715,6.15,7.12,32.6,95.29,72.37,7.94,9.9,53.37,272.66,0.54,65.55,40.42,25.95,81.56,99.58,30.7
2010,26,2603454,Camaragibe,0.692,0.628,0.656,0.805,2.32,1.98,10.79,97.44,89.37,28.76,9.82,21.88,473.78,0.51,43.89,16.91,5.1,94.34,99.85,28.52
2010,26,2603504,Camocim De São Félix,0.588,0.472,0.585,0.738,5.36,4.49,31.95,96.98,87.66,19.57,8.68,47.88,305.53,0.53,65.22,38.93,16.0,88.55,99.42,25.67
2010,26,2603603,Camutanga,0.606,0.514,0.57,0.76,6.21,4.87,26.87,97.86,95.22,23.35,9.29,39.07,278.04,0.48,64.2,34.99,15.0,89.44,98.66,22.77
2010,26,2603702,Canhotinho,0.541,0.403,0.543,0.725,8.89,6.56,36.31,91.83,61.41,6.25,7.84,57.78,234.75,0.52,71.61,49.04,23.79,78.26,98.35,30.56
2010,26,2603801,Capoeiras,0.549,0.419,0.529,0.746,5.72,4.32,31.88,96.47,70.02,9.98,9.56,53.84,215.71,0.5,72.72,45.24,26.23,38.78,99.6,34.15
2010,26,2603900,Carnaíba,0.583,0.505,0.54,0.727,2.59,2.3,27.07,96.06,81.6,9.53,9.41,45.06,229.87,0.53,70.05,45.99,30.19,60.89,99.37,23.56
2010,26,2603926,Carnaubeira Da Penha,0.573,0.508,0.491,0.755,12.16,6.53,27.46,98.07,85.79,24.25,8.65,35.98,170.02,0.56,79.34,62.04,40.47,42.1,97.35,47.79
2010,26,2604007,Carpina,0.68,0.619,0.63,0.806,3.85,2.85,16.09,95.52,92.13,25.0,9.59,27.24,403.76,0.5,52.86,23.54,8.86,90.06,99.68,24.29
2010,26,2604106,Caruaru,0.677,0.569,0.681,0.799,4.77,3.93,15.58,94.91,78.01,23.35,8.89,34.55,553.99,0.53,39.22,16.31,5.66,89.22,99.68,26.84
2010,26,2604155,Casinhas,0.567,0.489,0.518,0.721,5.02,5.17,31.43,97.49,75.86,5.44,9.08,42.57,200.83,0.45,72.67,44.08,23.28,23.16,99.14,33.27
2010,26,2604205,Catende,0.609,0.515,0.578,0.76,12.09,8.19,26.79,95.23,77.99,17.07,8.87,38.88,292.74,0.54,66.18,40.34,17.49,84.24,99.67,36.3
2010,26,2604304,Cedro,0.615,0.573,0.565,0.717,4.03,3.12,22.32,95.49,90.49,20.62,9.81,31.82,269.64,0.56,69.88,44.63,22.82,65.57,99.44,39.49
2010,26,2604403,Chã De Alegria,0.604,0.529,0.546,0.762,5.45,4.79,24.69,97.15,92.25,16.91,9.18,42.09,239.04,0.44,67.36,36.63,18.95,70.63,99.1,30.91
2010,26,2604502,Chã Grande,0.599,0.443,0.603,0.803,5.07,4.52,30.8,96.75,90.78,21.94,8.92,50.64,341.34,0.55,63.4,36.09,12.43,76.02,99.85,29.53
2010,26,2604601,Condado,0.602,0.527,0.581,0.713,8.23,6.51,27.23,97.29,89.82,16.62,9.06,34.24,297.68,0.53,66.26,36.09,15.29,79.37,99.63,31.33
2010,26,2604700,Correntes,0.536,0.385,0.551,0.726,8.47,4.99,32.51,93.08,73.07,16.83,8.33,57.79,247.2,0.52,70.82,45.52,20.16,77.69,99.49,40.18
2010,26,2604809,Cortês,0.568,0.478,0.541,0.707,5.86,5.02,28.89,97.18,88.65,20.71,9.29,49.02,232.22,0.47,70.67,42.14,17.97,82.16,99.95,32.75
2010,26,2604908,Cumaru,0.572,0.47,0.553,0.72,5.14,3.71,32.07,98.47,90.99,18.98,9.19,48.34,249.32,0.5,68.24,40.11,22.42,32.13,99.74,27.77
2010,26,2605004,Cupira,0.592,0.453,0.601,0.763,7.1,5.57,30.69,97.3,60.57,17.37,9.02,51.14,336.81,0.49,57.53,29.9,12.1,86.27,99.33,27.04
2010,26,2605103,Custódia,0.594,0.489,0.607,0.706,8.02,7.21,27.21,97.08,90.84,14.57,8.92,48.37,350.0,0.53,56.37,30.61,17.83,61.54,99.4,18.88
2010,26,2605152,Dormentes,0.589,0.495,0.558,0.741,3.58,2.53,26.22,97.0,78.36,15.15,8.59,43.6,257.72,0.47,68.03,37.74,16.8,49.98,96.95,32.82
2010,26,2605202,Escada,0.632,0.543,0.594,0.781,6.73,4.89,21.7,94.15,85.9,18.3,8.84,34.1,322.46,0.46,59.87,25.31,9.35,88.12,99.86,32.47
2010,26,2605301,Exu,0.576,0.454,0.543,0.775,7.21,3.96,25.22,95.17,68.23,9.53,8.66,42.59,234.83,0.57,74.87,52.25,29.07,51.59,97.96,41.03
2010,26,2605400,Feira Nova,0.6,0.46,0.581,0.807,3.9,3.68,29.32,97.62,89.41,19.78,9.44,50.27,296.5,0.48,59.54,33.53,15.18,72.18,99.68,24.05
2010,26,2605459,Fernando De Noronha,0.788,0.748,0.781,0.839,3.2,3.54,5.01,100.0,100.0,67.6,10.76,7.59,1034.14,0.46,5.12,2.2,0.0,99.32,100.0,38.02
2010,26,2605509,Ferreiros,0.622,0.519,0.589,0.787,6.08,3.82,28.44,97.9,94.16,26.6,9.44,41.39,311.83,0.5,63.39,30.13,13.0,84.48,99.56,31.49
2010,26,2605608,Flores,0.556,0.423,0.544,0.745,5.66,5.61,32.94,96.38,76.65,15.92,8.82,53.88,236.31,0.5,66.47,42.68,28.03,57.55,98.98,29.46
2010,26,2605707,Floresta,0.626,0.538,0.588,0.775,5.34,3.93,18.4,95.62,76.81,22.55,9.02,29.22,310.39,0.52,59.49,35.02,16.24,66.8,97.74,39.72
2010,26,2605806,Frei Miguelinho,0.576,0.438,0.575,0.758,3.88,4.01,31.52,95.42,87.66,17.51,8.48,54.6,286.08,0.46,59.84,33.96,17.1,33.96,99.79,25.56
2010,26,2605905,Gameleira,0.602,0.532,0.541,0.759,6.64,4.54,26.69,96.96,87.21,34.2,9.24,37.47,231.5,0.46,74.09,41.67,14.12,70.38,99.44,44.04
2010,26,2606002,Garanhuns,0.664,0.556,0.662,0.795,5.08,3.94,17.57,96.85,77.06,17.74,9.26,34.51,492.44,0.59,51.18,26.72,12.07,90.06,99.66,24.51
2010,26,2606101,Glória Do Goitá,0.604,0.506,0.57,0.765,7.13,5.97,29.98,98.29,91.67,16.39,9.12,44.34,278.33,0.52,66.88,40.22,16.55,58.05,99.56,31.59
2010,26,2606200,Goiana,0.651,0.576,0.614,0.779,7.45,5.3,18.56,96.66,85.87,23.0,9.86,29.58,364.77,0.54,59.36,30.42,12.71,85.85,99.77,30.99
2010,26,2606309,Granito,0.595,0.502,0.543,0.773,7.38,3.68,27.12,98.46,87.89,28.27,8.73,38.2,234.9,0.54,69.98,48.35,28.79,58.19,96.37,35.32
2010,26,2606408,Gravatá,0.634,0.51,0.63,0.794,5.42,4.05,22.27,97.19,87.16,23.77,8.69,42.63,402.96,0.53,53.37,25.1,9.67,87.3,99.58,27.52
2010,26,2606507,Iati,0.528,0.369,0.518,0.768,13.02,9.93,39.37,90.51,72.43,16.99,7.86,60.38,200.95,0.55,75.87,52.28,34.12,52.34,97.86,37.15
2010,26,2606606,Ibimirim,0.552,0.446,0.533,0.706,11.31,7.47,31.97,93.66,67.44,13.61,8.53,48.3,220.98,0.51,73.55,47.87,25.84,63.28,99.03,39.26
2010,26,2606705,Ibirajuba,0.58,0.476,0.545,0.753,4.13,4.91,35.41,96.66,77.25,19.81,9.87,48.15,238.23,0.47,68.06,41.7,20.91,48.69,98.96,31.09
2010,26,2606804,Igarassu,0.665,0.606,0.622,0.781,4.26,2.83,14.2,97.85,89.16,22.35,9.92,28.11,384.1,0.48,51.4,20.9,8.44,91.5,99.76,29.8
2010,26,2606903,Iguaraci,0.598,0.48,0.58,0.77,4.29,3.93,28.45,98.66,76.4,6.14,8.1,43.54,295.88,0.54,64.3,43.66,19.08,62.99,98.59,24.7
2010,26,2607000,Inajá,0.523,0.4,0.503,0.711,26.63,20.51,35.98,84.17,69.97,13.26,6.93,49.59,182.73,0.6,79.89,63.21,41.19,52.01,98.05,53.16
2010,26,2607109,Ingazeira,0.608,0.51,0.575,0.766,6.04,4.56,26.87,98.21,89.89,2.71,8.98,37.62,286.41,0.53,66.99,39.35,20.9,60.39,98.81,22.94
2010,26,2607208,Ipojuca,0.619,0.499,0.613,0.774,7.77,5.68,20.64,97.31,78.85,15.87,8.65,38.02,362.68,0.5,55.78,27.22,8.71,81.18,99.4,36.27
2010,26,2607307,Ipubi,0.55,0.433,0.541,0.712,7.55,7.38,30.23,95.15,65.85,6.43,8.56,53.71,231.47,0.53,72.96,47.4,26.09,45.3,96.32,42.68
2010,26,2607406,Itacuruba,0.595,0.523,0.567,0.712,3.95,3.11,21.56,97.57,86.92,47.47,9.42,32.02,271.71,0.46,62.94,31.69,16.09,85.38,93.94,30.87
2010,26,2607505,Itaíba,0.51,0.364,0.531,0.688,14.24,9.02,39.73,93.3,79.48,5.87,7.84,60.76,218.32,0.51,71.8,49.22,27.48,58.45,98.31,33.89
2010,26,2607604,Ilha De Itamaracá,0.653,0.548,0.627,0.809,3.09,2.19,15.34,97.61,84.38,23.95,9.24,30.0,394.85,0.6,61.12,35.54,15.06,86.45,98.42,36.29
2010,26,2607653,Itambé,0.575,0.463,0.566,0.727,7.83,5.24,30.5,94.64,80.37,22.46,8.81,48.24,271.0,0.5,66.41,38.89,16.39,92.11,99.48,34.94
2010,26,2607703,Itapetim,0.592,0.494,0.598,0.704,4.51,3.31,25.63,97.5,82.55,12.4,9.13,47.23,331.14,0.55,57.37,36.76,23.82,66.24,99.6,18.09
2010,26,2607752,Itapissuma,0.633,0.564,0.589,0.764,4.4,3.87,18.53,97.56,90.14,25.26,10.23,34.15,312.47,0.54,65.92,33.57,15.35,89.87,100.0,33.79
2010,26,2607802,Itaquitinga,0.586,0.509,0.554,0.715,7.85,5.53,27.72,97.31,94.5,23.19,9.67,40.53,251.09,0.45,66.74,35.61,16.22,77.26,99.32,31.79
2010,26,2607901,Jaboatão Dos Guararapes,0.717,0.642,0.692,0.83,3.51,2.51,9.13,96.77,87.92,29.53,9.25,22.48,593.9,0.58,42.63,17.61,6.35,92.31,99.94,26.62
2010,26,2607950,Jaqueira,0.575,0.454,0.557,0.751,9.3,6.07,32.67,95.43,73.68,11.49,8.91,46.27,256.76,0.59,75.88,48.84,24.15,62.56,99.26,42.01
2010,26,2608008,Jataúba,0.53,0.381,0.549,0.712,11.0,6.36,34.29,97.55,88.46,15.74,8.14,62.17,244.26,0.49,68.66,41.76,20.78,31.09,98.08,31.18
2010,26,2608057,Jatobá,0.645,0.573,0.604,0.775,8.05,3.44,22.63,97.66,88.94,24.44,9.47,33.78,342.33,0.57,59.16,38.48,21.07,77.92,99.67,30.22
2010,26,2608107,João Alfredo,0.576,0.466,0.569,0.72,7.82,5.27,35.7,97.06,86.25,13.92,9.09,49.59,276.15,0.49,62.41,37.34,19.74,63.52,99.54,28.31
2010,26,2608206,Joaquim Nabuco,0.554,0.449,0.561,0.676,8.78,5.51,29.65,95.48,78.81,10.49,8.9,49.02,263.01,0.48,65.89,36.26,15.13,77.55,99.79,36.76
2010,26,2608255,Jucati,0.55,0.451,0.541,0.681,5.73,4.1,32.67,97.99,86.43,13.78,9.57,52.84,232.08,0.5,70.66,44.61,24.71,47.07,98.93,27.16
2010,26,2608305,Jupi,0.575,0.487,0.56,0.698,6.74,4.68,32.19,96.24,88.18,19.5,9.33,47.76,260.42,0.5,65.45,41.93,23.09,44.73,99.64,27.88
2010,26,2608404,Jurema,0.509,0.372,0.522,0.681,6.74,5.74,37.95,95.98,68.15,20.71,8.89,62.4,206.22,0.51,74.52,48.57,30.28,77.25,99.14,31.84
2010,26,2608453,Lagoa Do Carro,0.609,0.505,0.566,0.789,6.43,3.72,23.66,97.78,96.55,28.27,9.67,42.18,271.36,0.45,62.19,32.8,15.32,65.59,99.21,25.33
2010,26,2608503,Lagoa De Itaenga,0.602,0.509,0.555,0.774,4.16,3.68,26.86,98.88,90.4,16.11,9.84,45.57,252.8,0.45,68.06,37.41,13.83,73.88,99.64,30.36
2010,26,2608602,Lagoa Do Ouro,0.525,0.369,0.536,0.733,11.63,8.68,40.14,96.51,68.76,12.7,7.15,59.11,224.13,0.51,70.81,48.01,26.09,91.88,99.51,27.64
2010,26,2608701,Lagoa Dos Gatos,0.551,0.416,0.555,0.725,8.12,7.19,39.05,96.49,77.26,11.81,8.8,57.44,253.4,0.5,65.92,41.7,21.98,62.46,99.97,31.23
2010,26,2608750,Lagoa Grande,0.597,0.52,0.581,0.705,6.1,4.03,24.43,96.29,69.68,8.75,9.12,39.09,296.99,0.52,63.02,32.76,16.39,76.41,98.29,39.2
2010,26,2608800,Lajedo,0.611,0.503,0.599,0.758,5.35,5.14,26.23,97.92,90.83,28.7,9.77,45.38,333.52,0.5,56.52,33.28,13.16,81.59,99.45,25.28
2010,26,2608909,Limoeiro,0.663,0.583,0.628,0.797,2.56,1.81,20.0,97.98,93.76,16.77,9.9,31.93,398.37,0.51,51.8,24.77,9.27,72.74,99.59,24.91
2010,26,2609006,Macaparana,0.609,0.508,0.571,0.778,7.7,6.49,31.59,97.94,91.65,23.44,9.28,40.67,278.93,0.51,65.11,38.14,17.16,91.93,99.33,35.12
2010,26,2609105,Machados,0.578,0.466,0.541,0.767,11.81,8.26,29.35,82.89,64.5,16.29,8.49,45.62,231.75,0.48,68.41,42.83,19.98,79.83,99.57,38.7
2010,26,2609154,Manari,0.487,0.354,0.477,0.682,16.15,9.92,39.85,93.42,77.13,11.95,7.8,60.97,155.49,0.54,81.03,60.91,41.05,30.95,97.95,51.91
2010,26,2609204,Maraial,0.534,0.403,0.541,0.698,12.52,9.34,35.09,94.07,58.84,7.4,8.72,54.05,232.31,0.54,77.77,49.51,22.18,73.85,98.21,44.77
2010,26,2609303,Mirandiba,0.591,0.525,0.512,0.769,11.62,7.26,23.67,95.79,73.09,15.33,8.97,37.82,193.86,0.58,79.61,58.12,34.58,67.01,96.88,40.49
2010,26,2609402,Moreno,0.652,0.564,0.61,0.805,5.7,3.43,16.83,95.82,89.74,24.94,9.2,32.46,356.7,0.53,59.07,30.11,12.07,91.35,99.82,29.07
2010,26,2609501,Nazaré Da Mata,0.662,0.604,0.608,0.789,6.21,4.47,19.2,96.08,96.48,36.43,9.58,30.91,351.46,0.49,57.05,26.63,11.04,86.3,99.54,26.21
2010,26,2609600,Olinda,0.735,0.675,0.704,0.836,3.21,2.34,7.03,96.89,89.39,33.01,9.63,18.21,640.13,0.55,36.97,15.18,4.99,97.33,99.93,27.69
2010,26,2609709,Orobó,0.61,0.528,0.545,0.787,6.65,4.08,29.41,97.21,90.26,33.52,9.95,37.28,237.64,0.52,68.78,42.83,25.35,53.87,99.63,35.69
2010,26,2609808,Orocó,0.61,0.553,0.536,0.766,6.22,5.02,23.97,98.01,79.06,10.21,10.18,36.45,224.41,0.51,73.87,49.17,23.16,84.23,98.93,40.4
2010,26,2609907,Ouricuri,0.572,0.419,0.578,0.773,13.04,7.73,28.77,92.37,60.47,8.05,7.86,49.33,291.75,0.6,69.1,43.46,25.72,60.18,97.56,39.84
2010,26,2610004,Palmares,0.622,0.55,0.588,0.744,7.53,3.85,21.46,96.32,79.21,28.18,8.79,34.73,311.09,0.49,60.34,32.14,13.14,88.52,99.74,39.11
2010,26,2610103,Palmeirina,0.549,0.438,0.554,0.681,7.81,6.13,33.07,94.0,66.72,15.64,8.17,53.4,251.44,0.51,67.85,47.29,22.85,73.76,99.15,29.43
2010,26,2610202,Panelas,0.569,0.433,0.546,0.778,6.7,5.85,38.0,98.55,84.73,14.66,9.45,56.58,238.61,0.56,71.63,49.52,29.62,62.99,99.07,33.92
2010,26,2610301,Paranatama,0.537,0.418,0.528,0.703,10.0,5.22,37.07,97.93,82.95,15.93,8.16,53.98,213.74,0.55,72.3,49.1,34.36,42.28,99.74,29.08
2010,26,2610400,Parnamirim,0.599,0.499,0.556,0.776,5.4,5.64,24.8,96.96,68.95,8.95,9.5,38.06,255.27,0.59,70.76,49.35,30.95,57.59,94.91,39.63
2010,26,2610509,Passira,0.592,0.487,0.559,0.763,3.72,4.62,32.15,95.89,82.63,14.8,9.44,47.57,259.04,0.5,67.19,40.63,19.53,63.84,99.85,30.58
2010,26,2610608,Paudalho,0.639,0.545,0.612,0.782,5.9,4.75,21.18,96.69,86.41,15.44,9.37,36.46,360.06,0.56,63.96,30.92,11.74,81.26,99.58,31.4
2010,26,2610707,Paulista,0.732,0.703,0.673,0.83,2.39,1.72,6.13,97.87,90.4,29.55,9.83,15.54,528.04,0.49,37.58,14.83,5.25,97.84,99.97,24.64
2010,26,2610806,Pedra,0.567,0.445,0.55,0.743,9.34,8.5,32.98,92.0,77.17,21.33,7.87,53.38,244.48,0.53,72.15,46.49,23.23,60.29,98.37,34.33
2010,26,2610905,Pesqueira,0.61,0.506,0.597,0.751,6.9,5.62,25.33,97.41,85.49,18.22,8.97,41.29,329.16,0.56,62.5,39.31,20.08,71.46,99.06,28.44
2010,26,2611002,Petrolândia,0.623,0.531,0.604,0.755,5.3,2.73,18.15,96.0,82.54,9.13,8.61,34.9,344.04,0.55,60.63,34.12,16.39,90.13,98.68,38.89
2010,26,2611101,Petrolina,0.697,0.611,0.695,0.799,3.71,2.82,12.04,97.0,76.18,14.35,9.25,26.94,605.06,0.62,45.73,19.61,6.99,91.95,99.18,36.89
2010,26,2611200,Poção,0.528,0.402,0.542,0.677,6.25,6.66,33.96,97.05,85.16,17.52,8.34,58.96,233.91,0.54,69.21,48.44,29.56,53.8,99.72,25.16
2010,26,2611309,Pombos,0.598,0.463,0.584,0.79,6.97,5.91,28.73,94.98,86.97,25.2,9.49,43.81,302.97,0.48,60.1,35.01,12.99,70.64,99.35,24.68
2010,26,2611408,Primavera,0.58,0.444,0.572,0.767,10.06,5.85,28.18,96.73,81.94,29.26,8.15,46.69,281.27,0.44,62.79,32.41,10.91,68.62,99.51,37.3
2010,26,2611507,Quipapá,0.552,0.427,0.53,0.743,7.27,5.94,36.45,97.26,77.24,16.83,8.97,52.56,215.92,0.48,74.96,46.59,21.35,78.48,99.07,37.67
2010,26,2611533,Quixaba,0.577,0.482,0.53,0.752,3.13,3.41,28.18,99.17,92.87,22.3,8.04,39.85,216.87,0.49,70.86,44.68,27.64,50.78,99.72,31.92
2010,26,2611606,Recife,0.772,0.698,0.798,0.825,3.05,2.4,7.13,97.05,90.91,35.56,9.53,16.67,1144.26,0.68,32.91,13.2,4.77,97.45,99.92,25.78
2010,26,2611705,Riacho Das Almas,0.57,0.418,0.586,0.757,6.16,7.37,34.47,93.39,73.92,4.51,8.58,56.21,306.61,0.51,61.37,34.47,17.62,49.94,99.37,27.39
2010,26,2611804,Ribeirão,0.602,0.516,0.595,0.711,5.51,4.31,23.29,92.86,84.69,27.14,8.72,37.75,324.47,0.5,61.94,31.16,9.98,88.59,99.62,36.62
2010,26,2611903,Rio Formoso,0.613,0.506,0.562,0.809,4.8,2.7,22.49,89.47,86.82,22.46,8.71,40.17,264.16,0.44,64.32,34.33,12.51,80.54,99.94,41.28
2010,26,2612000,Sairé,0.585,0.44,0.581,0.784,3.89,3.33,33.57,97.64,94.5,25.66,9.06,54.85,297.91,0.45,58.7,28.7,10.97,74.78,99.33,25.0
2010,26,2612109,Salgadinho,0.534,0.405,0.516,0.73,10.58,13.85,43.21,87.58,90.65,19.5,6.71,53.47,198.91,0.52,75.54,49.62,27.47,44.47,96.19,47.25
2010,26,2612208,Salgueiro,0.669,0.58,0.645,0.799,4.57,2.17,16.25,96.68,78.69,16.36,9.56,30.46,441.79,0.59,54.59,30.1,13.7,87.62,99.12,35.02
2010,26,2612307,Saloá,0.559,0.421,0.559,0.744,8.98,7.26,35.05,97.43,80.97,16.52,8.65,54.42,259.1,0.55,66.21,44.12,29.48,54.78,99.12,24.94
2010,26,2612406,Sanharó,0.603,0.514,0.564,0.758,4.4,4.45,25.83,93.22,89.44,30.72,9.4,42.01,267.58,0.51,68.59,41.54,18.03,81.07,99.73,31.91
2010,26,2612455,Santa Cruz,0.549,0.438,0.522,0.722,8.75,4.58,32.51,97.56,83.16,17.72,9.18,47.13,206.07,0.57,75.56,53.84,34.75,41.67,93.37,40.14
2010,26,2612471,Santa Cruz Da Baixa Verde,0.612,0.523,0.557,0.786,5.01,3.91,26.02,97.83,84.2,20.68,10.47,38.51,256.26,0.51,67.8,41.67,22.31,65.79,99.17,28.87
2010,26,2612505,Santa Cruz Do Capibaribe,0.648,0.506,0.667,0.806,4.17,3.62,16.01,95.66,80.33,23.16,8.34,42.02,507.05,0.45,32.11,10.26,3.13,79.67,99.92,29.39
2010,26,2612554,Santa Filomena,0.533,0.406,0.496,0.752,7.3,4.29,31.93,97.01,68.61,12.25,8.35,52.73,175.48,0.55,80.91,55.58,38.32,36.57,93.15,38.1
2010,26,2612604,Santa Maria Da Boa Vista,0.59,0.472,0.564,0.773,7.37,5.92,21.2,97.44,68.75,6.23,8.26,39.6,267.86,0.55,68.46,43.26,22.14,76.59,97.71,41.17
2010,26,2612703,Santa Maria Do Cambucá,0.548,0.393,0.571,0.735,5.74,6.92,35.38,96.43,83.52,19.41,8.63,59.02,279.1,0.46,60.68,33.69,16.22,33.56,99.75,33.14
2010,26,2612802,Santa Terezinha,0.593,0.524,0.54,0.737,4.04,4.05,24.7,97.81,86.49,13.05,8.86,43.0,229.83,0.51,67.91,46.61,28.32,69.63,98.64,33.38
2010,26,2612901,São Benedito Do Sul,0.53,0.406,0.499,0.736,12.73,9.96,33.36,83.7,58.62,10.3,7.62,48.31,178.27,0.52,78.76,56.46,30.47,65.47,99.93,51.95
2010,26,2613008,São Bento Do Una,0.593,0.446,0.593,0.789,8.37,5.46,29.57,93.03,58.69,9.53,8.53,48.77,319.47,0.6,67.59,41.95,20.97,58.05,99.5,32.25
2010,26,2613107,São Caitano,0.591,0.469,0.583,0.756,5.48,5.25,29.38,97.2,75.21,15.48,9.78,48.63,300.16,0.5,59.69,35.59,18.6,66.51,99.09,30.41
2010,26,2613206,São João,0.57,0.426,0.565,0.768,6.46,3.93,32.83,96.25,73.94,5.54,8.34,52.77,269.44,0.56,69.08,45.26,25.34,62.37,99.64,30.45
2010,26,2613305,São Joaquim Do Monte,0.537,0.381,0.549,0.741,5.86,5.51,35.12,94.17,64.34,9.62,7.85,61.31,244.22,0.53,69.61,45.67,25.25,81.56,99.06,29.26
2010,26,2613404,São José Da Coroa Grande,0.608,0.522,0.585,0.736,11.7,8.23,23.63,95.8,75.3,15.37,9.69,37.06,304.5,0.58,67.54,43.59,21.15,88.52,99.77,41.12
2010,26,2613503,São José Do Belmonte,0.61,0.52,0.569,0.769,6.66,5.4,28.22,96.18,75.56,2.22,9.01,39.1,275.14,0.54,65.76,41.65,23.99,68.29,98.05,34.29
2010,26,2613602,São José Do Egito,0.635,0.554,0.602,0.769,4.12,4.39,22.1,98.94,90.72,23.48,9.63,39.8,338.9,0.53,59.09,34.97,16.55,76.42,99.49,19.16
2010,26,2613701,São Lourenço Da Mata,0.653,0.571,0.614,0.793,5.22,3.76,15.96,97.1,86.82,21.87,9.34,31.07,364.43,0.5,55.22,26.07,11.04,88.46,99.78,29.92
2010,26,2613800,São Vicente Ferrer,0.549,0.414,0.558,0.715,7.53,5.55,30.69,95.22,62.22,16.31,8.85,51.92,257.47,0.56,74.59,48.74,20.16,68.83,99.59,36.81
2010,26,2613909,Serra Talhada,0.661,0.571,0.632,0.8,7.36,4.99,21.03,96.7,74.64,13.39,9.59,35.18,407.34,0.56,54.44,30.39,14.68,83.64,99.61,28.47
2010,26,2614006,Serrita,0.595,0.512,0.542,0.76,6.94,3.71,26.25,98.06,80.71,18.95,10.22,34.21,233.56,0.56,74.2,49.47,27.94,47.0,98.65,40.83
2010,26,2614105,Sertânia,0.613,0.51,0.601,0.752,5.06,4.67,27.18,94.55,81.79,11.92,8.62,41.87,337.53,0.6,64.36,39.73,21.81,64.92,99.65,28.23
2010,26,2614204,Sirinhaém,0.597,0.492,0.568,0.763,9.09,6.01,25.43,94.1,84.57,12.01,8.78,40.17,273.75,0.44,66.08,34.24,8.7,79.36,99.49,36.9
2010,26,2614303,Moreilândia,0.6,0.54,0.522,0.768,5.4,3.81,25.13,96.82,94.31,20.45,10.15,35.82,206.11,0.54,76.15,53.67,29.35,65.13,99.37,36.92
2010,26,2614402,Solidão,0.585,0.485,0.547,0.755,4.05,4.44,25.96,96.9,74.42,6.99,9.18,44.62,240.64,0.56,69.18,48.01,30.11,42.52,98.92,28.2
2010,26,2614501,Surubim,0.635,0.548,0.617,0.756,4.66,4.23,24.87,97.85,87.18,12.96,8.85,37.62,372.11,0.52,54.3,27.55,12.33,82.11,99.95,22.13
2010,26,2614600,Tabira,0.605,0.504,0.57,0.77,5.95,4.85,23.09,97.23,87.88,13.14,8.67,41.94,278.14,0.51,65.75,37.88,18.5,75.87,99.2,19.63
2010,26,2614709,Tacaimbó,0.554,0.423,0.536,0.748,9.05,8.79,36.79,94.41,85.63,14.47,8.17,53.91,225.21,0.5,69.47,44.15,26.26,51.97,99.08,23.28
2010,26,2614808,Tacaratu,0.573,0.507,0.521,0.711,6.93,4.8,25.11,96.34,83.48,15.95,9.19,35.51,205.06,0.49,71.11,45.82,28.74,43.09,98.3,36.66
2010,26,2614857,Tamandaré,0.593,0.479,0.583,0.745,7.41,6.75,22.95,95.54,83.35,14.48,8.22,42.54,301.15,0.55,68.37,37.67,16.0,82.97,99.8,41.68
2010,26,2615003,Taquaritinga Do Norte,0.641,0.52,0.636,0.796,4.0,3.15,22.95,96.25,80.86,14.3,8.75,42.54,419.74,0.42,37.38,16.74,4.23,44.39,99.84,24.11
2010,26,2615102,Terezinha,0.545,0.425,0.536,0.711,7.82,6.11,37.15,95.77,77.92,18.2,8.43,53.07,225.28,0.53,73.28,50.18,26.1,54.4,99.35,31.63
2010,26,2615201,Terra Nova,0.599,0.533,0.545,0.741,2.84,2.47,20.94,98.21,89.78,11.5,10.14,35.55,237.89,0.49,69.03,43.32,25.53,77.65,99.35,38.4
2010,26,2615300,Timbaúba,0.618,0.519,0.592,0.769,5.43,4.66,21.39,97.7,93.9,24.79,9.0,39.1,318.8,0.5,60.66,31.94,14.55,83.87,99.37,30.46
2010,26,2615409,Toritama,0.618,0.452,0.655,0.797,7.09,6.22,20.6,91.53,73.81,10.85,7.91,49.51,470.44,0.43,34.43,9.84,2.71,80.18,100.0,38.33
2010,26,2615508,Tracunhaém,0.605,0.504,0.567,0.776,5.97,4.18,25.21,97.03,89.57,20.29,8.78,44.59,272.81,0.46,69.67,34.14,9.22,79.14,99.46,30.92
2010,26,2615607,Trindade,0.595,0.455,0.602,0.768,6.21,6.13,25.56,97.94,76.0,14.57,7.84,50.49,338.39,0.57,64.9,37.28,14.5,85.71,99.47,41.16
2010,26,2615706,Triunfo,0.67,0.591,0.624,0.817,1.69,1.55,16.95,98.34,87.79,27.45,10.06,28.95,389.44,0.56,54.78,32.22,15.96,65.93,99.62,24.1
2010,26,2615805,Tupanatinga,0.519,0.379,0.494,0.747,8.94,7.93,38.41,96.03,75.46,9.32,8.46,63.31,172.52,0.61,80.89,62.13,45.08,45.89,98.36,40.76
2010,26,2615904,Tuparetama,0.634,0.557,0.612,0.749,2.36,2.03,21.43,98.54,77.28,24.26,9.21,38.75,360.29,0.47,52.28,25.44,7.08,81.29,99.77,18.08
2010,26,2616001,Venturosa,0.592,0.484,0.57,0.751,9.81,6.54,27.6,97.55,90.68,15.31,8.26,45.0,276.94,0.52,66.52,43.28,18.59,60.95,99.39,30.66
2010,26,2616100,Verdejante,0.605,0.52,0.56,0.76,6.7,4.13,26.35,95.03,84.35,31.28,10.06,40.48,260.66,0.54,67.95,44.76,26.06,75.41,97.35,38.69
2010,26,2616183,Vertente Do Lério,0.563,0.461,0.532,0.726,4.47,4.42,33.24,96.69,87.74,22.08,9.11,48.93,219.88,0.45,70.16,42.05,21.34,2.38,99.53,29.96
2010,26,2616209,Vertentes,0.582,0.45,0.602,0.728,5.38,6.56,24.44,94.13,84.01,22.38,8.21,50.17,337.92,0.46,53.23,27.5,10.58,62.58,99.49,30.01
2010,26,2616308,Vicência,0.605,0.534,0.551,0.754,6.2,4.74,23.5,95.61,84.14,24.68,9.17,35.38,246.44,0.48,70.77,38.9,17.12,89.32,99.26,38.0
2010,26,2616407,Vitória De Santo Antão,0.64,0.543,0.629,0.768,6.68,4.85,21.77,96.92,84.55,23.53,9.41,36.17,401.16,0.54,55.68,25.19,10.51,83.68,99.77,24.03
2010,26,2616506,Xexéu,0.552,0.436,0.549,0.703,10.66,7.57,33.29,94.97,77.01,17.56,8.7,48.47,243.39,0.49,70.17,42.44,16.88,87.81,99.58,36.87
2010,27,2700102,Água Branca,0.549,0.432,0.527,0.728,8.86,5.52,30.92,96.99,75.33,6.9,8.66,50.29,213.0,0.56,74.54,52.87,33.3,61.78,97.12,40.81
2010,27,2700201,Anadia,0.568,0.444,0.546,0.756,9.91,9.24,36.16,94.41,79.62,13.84,8.64,51.46,239.53,0.53,72.74,47.59,21.93,61.62,99.76,33.99
2010,27,2700300,Arapiraca,0.649,0.549,0.638,0.78,5.98,4.56,22.45,95.92,78.0,17.84,9.61,35.04,423.28,0.55,52.64,26.65,11.15,94.68,99.56,30.83
2010,27,2700409,Atalaia,0.561,0.431,0.545,0.752,11.92,8.1,33.57,92.5,65.62,19.42,8.29,50.62,237.33,0.5,75.74,42.73,16.39,82.49,99.06,41.43
2010,27,2700508,Barra De Santo Antônio,0.557,0.428,0.552,0.732,11.41,8.25,27.94,93.27,75.02,14.9,8.25,50.22,247.81,0.52,73.98,44.24,18.89,91.16,99.47,48.77
2010,27,2700607,Barra De São Miguel,0.615,0.475,0.638,0.767,8.74,5.94,23.71,96.16,85.24,25.66,8.46,44.62,422.78,0.55,54.5,23.89,9.21,90.49,99.1,42.5
2010,27,2700706,Batalha,0.594,0.496,0.563,0.752,6.97,5.33,30.84,95.9,83.9,28.09,8.54,43.75,265.62,0.49,68.54,39.85,14.89,70.93,98.93,41.21
2010,27,2700805,Belém,0.593,0.464,0.587,0.764,8.75,7.17,33.33,97.49,93.78,21.59,9.35,49.19,309.5,0.56,64.41,37.05,19.73,62.16,98.89,27.58
2010,27,2700904,Belo Monte,0.517,0.376,0.507,0.725,9.66,9.26,38.11,96.3,76.86,20.42,8.22,61.95,187.77,0.65,80.99,60.98,43.52,40.13,97.68,39.22
2010,27,2701001,Boca Da Mata,0.604,0.518,0.56,0.758,5.1,3.48,27.32,95.31,81.24,15.97,9.95,39.65,260.2,0.51,70.12,42.95,15.82,87.43,99.89,34.89
2010,27,2701100,Branquinha,0.513,0.362,0.534,0.699,14.12,9.23,41.58,90.03,77.54,17.5,8.04,62.7,221.93,0.42,73.63,40.52,13.72,81.68,98.08,38.45
2010,27,2701209,Cacimbinhas,0.531,0.384,0.559,0.697,13.3,9.38,40.61,96.48,67.44,13.53,9.13,62.47,259.72,0.6,72.19,48.26,26.56,21.47,98.3,32.14
2010,27,2701308,Cajueiro,0.562,0.473,0.542,0.691,13.4,7.97,33.86,96.19,85.81,19.49,8.78,48.95,232.85,0.49,75.91,40.86,17.05,90.12,99.15,45.57
2010,27,2701357,Campestre,0.559,0.435,0.55,0.729,12.97,7.32,32.41,95.52,69.07,11.44,8.59,52.94,245.43,0.47,68.96,39.34,17.46,85.25,99.54,39.65
2010,27,2701407,Campo Alegre,0.57,0.47,0.531,0.742,5.73,4.59,27.41,91.09,62.69,10.35,7.74,40.73,217.72,0.47,76.23,43.67,18.66,66.83,99.66,52.14
2010,27,2701506,Campo Grande,0.524,0.387,0.502,0.739,13.81,8.05,39.27,96.28,90.07,7.35,8.57,60.45,181.54,0.58,81.02,57.5,39.94,84.83,97.72,35.44
2010,27,2701605,Canapi,0.506,0.357,0.504,0.719,11.56,9.1,40.35,97.52,79.34,24.98,8.44,67.39,183.83,0.6,79.8,60.69,43.44,28.02,96.97,44.21
2010,27,2701704,Capela,0.573,0.456,0.554,0.743,8.08,6.73,31.98,93.03,76.74,16.07,8.7,45.62,251.36,0.49,70.52,43.45,16.49,84.92,98.95,46.1
2010,27,2701803,Carneiros,0.526,0.398,0.517,0.709,11.55,10.63,29.96,96.24,82.35,6.27,7.85,54.59,199.58,0.54,74.93,54.21,32.31,60.09,97.94,42.75
2010,27,2701902,Chã Preta,0.575,0.481,0.537,0.737,9.38,8.89,35.51,97.6,84.45,7.95,9.62,48.33,226.6,0.5,70.36,49.05,23.42,91.37,97.51,41.04
2010,27,2702009,Coité Do Nóia,0.533,0.398,0.52,0.73,8.03,7.01,38.95,96.46,75.53,5.07,9.33,60.45,203.15,0.52,73.12,49.16,32.43,43.61,99.75,28.91
2010,27,2702108,Colônia Leopoldina,0.517,0.363,0.548,0.693,14.37,8.25,34.59,92.55,62.46,5.99,7.11,61.4,242.28,0.53,72.36,45.62,22.18,74.62,97.18,39.98
2010,27,2702207,Coqueiro Seco,0.586,0.457,0.582,0.757,10.78,6.51,28.23,95.68,87.83,21.36,9.76,48.8,299.47,0.49,62.66,31.06,14.34,89.53,99.46,34.56
2010,27,2702306,Coruripe,0.626,0.541,0.591,0.769,3.12,2.77,23.9,97.62,83.17,21.21,10.04,35.26,315.85,0.52,63.87,33.79,16.0,91.44,97.9,35.4
2010,27,2702355,Craíbas,0.525,0.408,0.517,0.687,11.43,9.15,39.67,96.46,83.63,6.11,8.82,56.0,199.54,0.53,75.77,51.16,30.89,63.6,98.63,39.01
2010,27,2702405,Delmiro Gouveia,0.612,0.494,0.599,0.774,10.48,6.18,23.35,96.05,82.73,9.73,8.67,42.55,332.13,0.52,58.16,33.1,16.76,90.47,99.13,34.81
2010,27,2702504,Dois Riachos,0.532,0.385,0.513,0.762,14.57,12.04,39.13,93.85,81.01,17.76,8.41,59.45,194.81,0.55,77.26,57.39,33.71,34.56,99.28,36.1
2010,27,2702553,Estrela De Alagoas,0.534,0.41,0.515,0.72,13.32,9.93,40.47,96.71,77.89,19.94,9.42,58.01,196.92,0.51,74.73,52.35,31.5,33.69,98.58,28.67
2010,27,2702603,Feira Grande,0.533,0.402,0.512,0.736,11.1,9.27,38.76,94.77,71.55,10.98,8.94,56.65,193.07,0.53,76.89,55.98,30.9,77.36,98.88,33.48
2010,27,2702702,Feliz Deserto,0.565,0.462,0.55,0.708,8.85,8.36,33.5,96.52,88.93,25.77,9.08,49.39,245.49,0.49,70.92,41.07,17.64,32.7,96.14,33.33
2010,27,2702801,Flexeiras,0.527,0.4,0.528,0.693,9.93,5.12,32.2,95.79,77.01,14.47,8.75,56.54,213.44,0.47,74.96,42.93,19.56,66.76,98.07,46.46
2010,27,2702900,Girau Do Ponciano,0.536,0.405,0.498,0.762,11.77,7.9,35.97,94.31,81.73,14.1,9.09,56.11,177.55,0.58,80.41,59.05,39.22,50.24,98.76,45.05
2010,27,2703007,Ibateguara,0.518,0.393,0.517,0.684,9.22,9.02,38.75,96.63,68.22,6.36,8.19,61.94,199.68,0.53,80.05,54.97,25.56,82.28,98.75,38.2
2010,27,2703106,Igaci,0.564,0.424,0.547,0.774,13.0,8.41,38.08,94.34,73.51,7.9,9.64,54.32,241.17,0.57,72.36,47.63,30.19,48.49,98.06,31.3
2010,27,2703205,Igreja Nova,0.568,0.428,0.556,0.771,12.26,7.68,36.97,97.85,80.95,8.25,7.72,52.18,254.34,0.65,76.41,51.79,32.99,80.07,99.72,37.22
2010,27,2703304,Inhapi,0.484,0.316,0.501,0.718,13.79,10.9,40.36,82.79,65.4,8.46,7.47,67.45,180.64,0.67,84.69,65.08,44.91,42.16,92.54,45.93
2010,27,2703403,Jacaré Dos Homens,0.583,0.481,0.543,0.759,9.74,6.09,28.12,97.68,85.3,9.43,8.75,47.6,235.11,0.49,74.63,46.94,16.2,81.42,98.99,40.42
2010,27,2703502,Jacuípe,0.548,0.41,0.532,0.755,10.8,7.38,30.82,96.79,91.06,22.35,8.8,53.54,219.52,0.46,74.6,44.58,16.42,68.66,97.97,41.66
2010,27,2703601,Japaratinga,0.57,0.451,0.56,0.735,11.8,8.58,29.67,96.6,88.4,17.92,8.95,51.71,260.92,0.52,71.05,41.76,19.12,79.03,97.3,44.12
2010,27,2703700,Jaramataia,0.552,0.451,0.532,0.701,8.53,6.01,39.17,97.09,73.48,11.2,8.63,47.02,219.1,0.48,75.85,50.05,17.23,64.73,98.55,42.52
2010,27,2703759,Jequiá Da Praia,0.556,0.43,0.517,0.772,6.17,5.33,28.14,97.43,80.38,14.17,9.05,53.02,199.39,0.47,78.12,51.14,20.48,86.93,98.44,39.33
2010,27,2703809,Joaquim Gomes,0.531,0.386,0.509,0.764,15.28,9.73,39.68,93.9,75.61,10.82,8.37,59.26,190.23,0.5,78.04,50.96,26.85,73.62,95.75,50.05
2010,27,2703908,Jundiá,0.562,0.434,0.573,0.715,9.46,5.98,33.73,96.2,83.63,25.84,8.7,45.5,282.87,0.54,71.07,38.28,16.9,77.94,98.92,38.26
2010,27,2704005,Junqueiro,0.575,0.454,0.586,0.714,7.22,6.27,32.26,97.81,82.71,13.38,9.16,49.28,306.96,0.57,65.65,40.18,19.81,91.27,99.07,31.21
2010,27,2704104,Lagoa Da Canoa,0.552,0.443,0.541,0.703,16.28,9.36,38.38,95.19,71.84,10.68,9.37,48.32,231.56,0.51,71.03,47.44,23.16,75.33,98.56,36.29
2010,27,2704203,Limoeiro De Anadia,0.58,0.457,0.575,0.742,9.33,5.53,35.1,94.88,83.42,20.51,8.44,50.44,285.98,0.64,76.47,47.66,25.23,71.72,98.89,35.09
2010,27,2704302,Maceió,0.721,0.635,0.739,0.799,5.89,3.62,11.86,95.03,81.69,25.05,9.43,23.79,792.54,0.63,39.1,15.57,5.29,80.17,99.9,28.3
2010,27,2704401,Major Isidoro,0.566,0.424,0.566,0.755,12.11,9.78,35.91,95.94,78.71,11.71,8.92,53.83,270.04,0.54,68.47,45.15,21.88,43.93,99.08,34.3
2010,27,2704500,Maragogi,0.574,0.443,0.556,0.766,13.31,8.8,29.35,95.59,71.53,16.46,8.24,48.98,253.86,0.54,70.26,44.64,21.19,75.44,98.47,43.75
2010,27,2704609,Maravilha,0.569,0.46,0.539,0.742,12.14,6.8,30.08,97.45,85.99,27.04,9.1,47.09,229.39,0.58,76.0,50.79,30.95,46.19,98.08,43.76
2010,27,2704708,Marechal Deodoro,0.642,0.52,0.641,0.793,8.43,6.13,21.9,94.57,66.27,12.83,9.14,39.4,431.43,0.6,58.74,32.01,13.34,97.25,98.79,40.59
2010,27,2704807,Maribondo,0.597,0.487,0.581,0.751,7.32,5.58,29.69,97.55,89.08,26.11,9.65,47.02,297.05,0.49,61.09,34.99,12.98,64.59,98.84,27.96
2010,27,2704906,Mar Vermelho,0.577,0.465,0.54,0.766,4.78,4.72,29.99,97.9,95.42,25.35,9.44,51.93,229.81,0.47,69.74,44.07,18.2,74.28,98.48,26.96
2010,27,2705002,Mata Grande,0.504,0.369,0.506,0.685,17.4,11.82,38.79,94.53,77.24,13.01,8.38,62.55,186.87,0.57,76.19,58.03,41.39,43.05,96.24,43.66
2010,27,2705101,Matriz De Camaragibe,0.584,0.473,0.541,0.777,10.69,7.24,31.47,97.3,91.35,19.23,9.53,46.26,231.82,0.46,72.0,39.73,16.2,84.98,99.49,42.1
2010,27,2705200,Messias,0.568,0.46,0.557,0.714,9.34,5.93,29.9,96.39,86.69,13.32,8.76,49.91,256.45,0.49,69.54,40.96,13.84,90.4,99.26,39.97
2010,27,2705309,Minador Do Negrão,0.563,0.43,0.541,0.767,15.33,11.32,43.89,97.89,78.72,8.81,8.95,58.56,231.37,0.54,71.88,46.98,26.59,32.95,99.72,25.12
2010,27,2705408,Monteirópolis,0.539,0.443,0.497,0.71,13.52,11.98,37.49,97.59,87.21,11.31,9.46,53.21,176.62,0.49,79.24,56.76,29.33,61.08,99.7,42.67
2010,27,2705507,Murici,0.527,0.395,0.542,0.685,9.96,8.53,30.65,93.73,68.0,12.32,8.16,53.04,233.16,0.48,73.07,42.57,18.59,76.92,93.0,46.53
2010,27,2705606,Novo Lino,0.521,0.375,0.546,0.69,12.68,9.53,36.14,93.64,57.81,10.32,8.11,59.86,239.75,0.55,76.62,47.9,22.2,73.43,97.98,42.5
2010,27,2705705,Olho D'Água Das Flores,0.565,0.422,0.568,0.752,10.89,7.34,29.22,94.68,64.34,7.75,8.66,54.5,274.46,0.55,70.83,42.29,19.15,84.24,99.04,32.32
2010,27,2705804,Olho D'Água Do Casado,0.525,0.35,0.527,0.785,15.65,9.76,35.08,96.13,67.1,5.02,7.93,62.25,211.97,0.54,73.76,52.74,30.1,69.65,94.6,42.52
2010,27,2705903,Olho D'Água Grande,0.503,0.399,0.473,0.673,16.11,9.54,41.97,97.87,87.91,5.82,9.34,59.62,151.62,0.59,85.85,66.88,46.25,50.65,97.34,41.75
2010,27,2706000,Olivença,0.493,0.345,0.513,0.677,9.79,7.2,36.66,95.82,67.43,6.14,9.08,65.16,195.19,0.56,76.5,56.57,34.74,45.1,99.43,36.5
2010,27,2706109,Ouro Branco,0.547,0.434,0.538,0.7,12.94,7.53,30.53,95.64,79.83,4.3,8.27,48.83,227.56,0.55,71.93,48.54,30.39,37.82,99.14,40.06
2010,27,2706208,Palestina,0.558,0.467,0.505,0.735,11.97,10.42,34.56,98.57,93.78,19.28,9.77,45.42,185.39,0.59,81.49,61.71,35.35,82.31,99.26,38.12
2010,27,2706307,Palmeira Dos Índios,0.638,0.523,0.625,0.794,9.07,5.57,24.41,95.15,82.8,27.1,9.72,40.43,391.37,0.56,56.82,30.72,15.3,80.3,99.33,25.86
2010,27,2706406,Pão De Açúcar,0.593,0.491,0.536,0.793,11.92,7.08,30.72,96.26,72.61,18.16,10.37,40.9,224.33,0.57,74.05,51.74,31.38,76.86,98.49,40.76
2010,27,2706422,Pariconha,0.548,0.416,0.526,0.754,8.54,5.76,31.96,97.86,69.04,1.82,9.48,53.44,211.13,0.5,71.08,45.24,28.06,61.52,95.91,43.23
2010,27,2706448,Paripueira,0.605,0.486,0.595,0.767,11.68,9.19,24.19,96.2,73.57,11.61,8.82,41.23,324.93,0.53,64.94,32.54,11.01,92.47,98.11,43.76
2010,27,2706505,Passo De Camaragibe,0.533,0.421,0.513,0.703,10.55,8.17,32.23,97.33,88.18,11.67,8.55,54.73,194.73,0.48,78.61,51.5,23.75,75.59,99.08,42.88
2010,27,2706604,Paulo Jacinto,0.589,0.507,0.551,0.732,6.55,5.27,32.0,97.67,94.08,18.39,9.9,45.12,247.2,0.52,72.29,45.09,20.93,84.47,99.55,35.21
2010,27,2706703,Penedo,0.63,0.536,0.602,0.774,7.23,5.37,22.83,94.61,85.06,15.64,9.45,36.99,339.15,0.55,62.91,36.82,15.87,95.06,98.6,31.96
2010,27,2706802,Piaçabuçu,0.572,0.479,0.538,0.727,11.19,8.23,31.77,96.79,82.58,14.25,9.2,45.08,227.65,0.52,75.54,49.21,23.35,84.15,97.95,39.32
2010,27,2706901,Pilar,0.61,0.509,0.578,0.771,9.22,6.1,24.48,96.8,89.92,24.5,8.3,40.23,292.06,0.51,67.21,35.27,15.2,90.01,99.46,39.41
2010,27,2707008,Pindoba,0.574,0.465,0.579,0.703,12.24,6.53,35.29,97.94,88.43,34.77,10.18,54.89,292.88,0.58,65.66,44.63,23.0,85.15,96.04,34.32
2010,27,2707107,Piranhas,0.589,0.462,0.563,0.786,10.54,6.24,30.49,92.76,70.65,12.09,8.65,50.04,265.96,0.6,70.33,48.72,31.07,71.91,95.59,41.42
2010,27,2707206,Poço Das Trincheiras,0.526,0.419,0.484,0.719,12.04,6.26,33.63,96.99,88.27,23.29,9.29,51.69,162.21,0.64,84.17,67.57,46.66,23.79,97.66,48.34
2010,27,2707305,Porto Calvo,0.586,0.498,0.558,0.723,10.55,6.02,28.44,95.37,83.55,13.37,8.5,44.89,257.64,0.47,68.86,37.71,13.58,86.25,98.45,40.57
2010,27,2707404,Porto De Pedras,0.541,0.379,0.542,0.769,12.43,8.38,32.26,97.19,89.04,25.9,8.02,58.69,233.72,0.53,77.1,51.44,22.34,72.2,97.19,43.09
2010,27,2707503,Porto Real Do Colégio,0.551,0.431,0.513,0.758,13.07,8.54,34.46,94.05,86.08,9.03,8.49,49.56,195.26,0.61,79.28,60.38,38.12,71.29,99.65,42.78
2010,27,2707602,Quebrangulo,0.559,0.421,0.536,0.775,5.4,3.43,32.23,96.53,75.1,14.74,8.99,50.92,224.78,0.53,73.86,49.56,27.11,76.59,95.21,36.55
2010,27,2707701,Rio Largo,0.643,0.547,0.616,0.788,7.62,4.26,18.28,96.56,86.21,20.38,9.45,33.42,369.11,0.48,54.81,24.26,7.86,77.58,99.38,33.46
2010,27,2707800,Roteiro,0.505,0.365,0.524,0.672,10.12,9.88,38.03,96.36,85.71,13.32,8.35,64.88,208.84,0.47,78.89,43.61,22.33,87.83,99.08,46.36
2010,27,2707909,Santa Luzia Do Norte,0.597,0.477,0.58,0.77,6.08,3.91,23.13,97.45,91.51,23.8,10.08,45.7,295.95,0.48,64.28,32.72,13.27,71.34,98.92,39.11
2010,27,2708006,Santana Do Ipanema,0.591,0.463,0.579,0.77,11.59,8.56,28.94,95.67,64.29,11.16,8.75,48.9,293.85,0.61,69.15,47.02,29.25,71.05,98.4,38.43
2010,27,2708105,Santana Do Mundaú,0.519,0.362,0.513,0.752,10.79,8.07,38.72,86.74,55.26,7.05,7.83,58.4,194.87,0.49,74.76,48.88,27.39,78.5,98.23,39.04
2010,27,2708204,São Brás,0.572,0.48,0.533,0.732,7.84,6.12,34.7,93.87,88.96,6.73,10.12,48.22,220.92,0.61,77.6,58.31,37.67,89.74,98.61,33.62
2010,27,2708303,São José Da Laje,0.573,0.434,0.574,0.755,8.14,5.85,31.13,92.82,55.13,6.12,8.8,53.13,284.02,0.48,67.53,36.67,9.97,87.25,98.64,39.92
2010,27,2708402,São José Da Tapera,0.527,0.409,0.508,0.703,13.0,9.3,37.04,96.55,62.69,10.33,8.63,56.44,188.84,0.58,78.47,58.39,39.7,48.62,98.06,46.06
2010,27,2708501,São Luís Do Quitunde,0.536,0.4,0.55,0.701,14.08,10.91,33.85,90.38,53.55,9.18,7.97,51.47,244.85,0.5,71.95,43.33,18.87,52.47,98.16,47.42
2010,27,2708600,São Miguel Dos Campos,0.623,0.514,0.612,0.77,5.2,3.86,21.28,96.57,77.72,16.2,9.02,35.51,360.82,0.51,57.23,28.11,10.11,96.16,99.54,35.93
2010,27,2708709,São Miguel Dos Milagres,0.591,0.504,0.545,0.752,8.73,6.32,28.59,96.96,96.05,28.44,9.39,47.52,237.78,0.48,72.19,44.22,18.57,91.15,98.76,31.37
2010,27,2708808,São Sebastião,0.549,0.432,0.537,0.714,9.95,8.37,37.41,95.43,72.15,5.4,8.96,55.85,225.84,0.54,74.59,48.58,27.1,78.03,99.63,34.05
2010,27,2708907,Satuba,0.66,0.585,0.619,0.794,8.08,6.65,18.53,91.04,82.76,21.13,9.14,29.67,377.42,0.52,58.77,26.51,7.07,88.46,99.57,35.29
2010,27,2708956,Senador Rui Palmeira,0.518,0.398,0.481,0.728,14.44,7.79,36.65,97.62,51.54,5.94,9.02,55.12,159.61,0.55,80.06,59.76,42.4,25.57,98.81,48.73
2010,27,2709004,Tanque D'Arca,0.555,0.43,0.531,0.748,7.27,5.66,38.52,97.49,88.05,26.11,9.29,48.89,217.85,0.5,73.68,46.93,24.91,68.01,98.38,30.5
2010,27,2709103,Taquarana,0.541,0.421,0.529,0.71,7.72,4.48,37.95,97.67,85.23,10.89,9.74,57.47,215.16,0.51,73.65,49.78,26.61,74.19,99.17,26.45
2010,27,2709152,Teotônio Vilela,0.564,0.466,0.549,0.7,7.04,4.69,28.87,96.9,82.67,15.15,10.24,46.04,244.39,0.51,72.27,42.79,20.26,83.78,99.22,42.32
2010,27,2709202,Traipu,0.532,0.395,0.499,0.765,22.08,16.9,42.69,95.16,81.62,15.44,7.87,60.81,178.79,0.64,81.35,63.39,47.15,37.18,94.9,49.33
2010,27,2709301,União Dos Palmares,0.593,0.462,0.59,0.764,11.7,8.41,31.62,96.18,76.91,12.65,8.83,50.18,313.92,0.53,63.72,36.82,15.38,90.57,99.15,35.87
2010,27,2709400,Viçosa,0.586,0.478,0.554,0.758,11.23,8.77,33.47,94.34,72.32,16.88,9.69,45.13,251.25,0.59,72.07,50.85,29.56,83.52,98.73,34.81
2010,28,2800100,Amparo De São Francisco,0.611,0.55,0.569,0.728,4.25,3.47,23.84,97.38,85.41,6.04,9.64,34.29,275.32,0.51,68.29,37.22,22.03,80.65,99.29,27.77
2010,28,2800209,Aquidabã,0.578,0.452,0.573,0.747,9.35,5.63,29.5,98.62,92.55,23.43,8.63,49.17,282.19,0.54,67.42,41.87,21.64,88.82,98.83,31.49
2010,28,2800308,Aracaju,0.77,0.708,0.784,0.823,2.85,2.0,6.61,97.42,89.3,29.22,9.76,15.59,1052.03,0.62,29.31,11.11,3.43,99.23,99.89,23.04
2010,28,2800407,Arauá,0.595,0.49,0.55,0.783,5.59,4.98,27.51,98.34,96.05,20.57,9.8,43.82,245.7,0.5,72.52,43.43,19.14,80.11,97.64,35.86
2010,28,2800506,Areia Branca,0.579,0.434,0.579,0.773,5.28,4.29,24.64,98.0,86.23,9.77,8.52,46.74,294.32,0.48,64.85,33.59,12.01,85.15,98.3,29.71
2010,28,2800605,Barra Dos Coqueiros,0.649,0.545,0.647,0.776,4.62,3.13,13.3,91.68,82.95,23.62,8.32,31.07,448.81,0.54,51.09,25.68,9.36,96.04,97.75,37.94
2010,28,2800670,Boquim,0.604,0.492,0.581,0.771,5.18,3.9,24.19,97.62,92.44,13.76,8.74,42.57,296.54,0.5,61.63,39.2,17.23,86.91,99.65,28.6
2010,28,2800704,Brejo Grande,0.54,0.435,0.515,0.701,9.76,8.01,31.48,98.49,89.64,18.13,8.7,51.12,197.69,0.51,80.15,55.65,28.23,74.63,93.75,38.21
2010,28,2801009,Campo Do Brito,0.621,0.484,0.625,0.793,3.74,3.21,28.17,98.17,97.03,43.23,9.02,45.77,391.94,0.54,56.65,28.8,8.95,88.93,99.35,22.98
2010,28,2801108,Canhoba,0.569,0.462,0.553,0.722,14.97,10.27,32.18,98.12,91.1,19.96,8.74,47.42,249.3,0.52,69.92,47.32,20.76,86.88,97.39,37.37
2010,28,2801207,Canindé De São Francisco,0.567,0.435,0.566,0.741,7.91,6.88,29.96,96.76,83.37,8.52,8.81,51.74,270.17,0.55,72.05,46.27,21.74,79.23,97.35,41.17
2010,28,2801306,Capela,0.615,0.51,0.596,0.766,8.46,4.66,24.8,96.31,86.28,13.51,9.15,40.54,326.55,0.53,63.4,35.85,12.51,90.37,99.18,34.12
2010,28,2801405,Carira,0.588,0.442,0.581,0.791,7.17,5.38,34.82,98.18,88.66,17.58,8.41,53.15,297.74,0.49,62.06,35.46,14.9,69.26,98.41,28.36
2010,28,2801504,Carmópolis,0.643,0.546,0.623,0.783,6.92,4.96,14.46,97.27,96.1,36.75,9.12,28.69,385.16,0.55,58.83,30.71,10.72,99.04,99.53,35.84
2010,28,2801603,Cedro De São João,0.623,0.543,0.608,0.731,7.41,4.95,21.18,99.06,100.0,38.05,9.08,36.14,352.53,0.53,60.95,32.16,9.94,96.57,99.84,29.35
2010,28,2801702,Cristinápolis,0.553,0.414,0.54,0.755,8.37,6.65,30.45,97.5,94.41,25.88,8.88,53.62,229.99,0.5,73.35,43.75,20.22,87.97,99.04,37.05
2010,28,2801900,Cumbe,0.604,0.512,0.576,0.748,4.5,1.27,26.52,98.97,92.24,24.64,9.75,40.73,288.67,0.49,66.44,36.82,13.75,94.86,99.59,24.47
2010,28,2802007,Divina Pastora,0.61,0.527,0.571,0.753,6.77,2.9,23.15,98.23,100.0,43.83,9.22,36.04,278.62,0.4,60.71,28.74,6.96,84.19,98.7,33.75
2010,28,2802106,Estância,0.647,0.552,0.627,0.782,5.96,3.5,17.89,98.6,89.82,22.92,9.16,32.85,395.41,0.52,53.95,27.5,10.37,92.23,99.45,30.93
2010,28,2802205,Feira Nova,0.584,0.473,0.546,0.773,9.11,6.42,30.24,96.75,84.75,11.97,9.35,44.58,238.42,0.47,71.01,42.51,18.46,89.31,99.39,30.86
2010,28,2802304,Frei Paulo,0.589,0.428,0.623,0.768,6.82,6.61,26.55,96.91,93.69,32.5,7.1,51.28,386.65,0.48,49.44,22.1,6.98,84.73,99.6,26.23
2010,28,2802403,Gararu,0.564,0.422,0.544,0.783,8.72,5.71,30.77,95.62,82.57,4.17,8.55,55.62,236.06,0.61,74.95,54.22,33.63,73.65,98.99,35.57
2010,28,2802502,General Maynard,0.645,0.567,0.609,0.776,4.62,2.53,15.23,97.68,100.0,40.75,9.75,26.17,354.58,0.54,59.21,30.98,17.57,89.68,99.06,30.34
2010,28,2802601,Gracho Cardoso,0.577,0.468,0.562,0.729,5.13,2.51,29.95,96.0,85.36,14.33,8.15,49.68,264.86,0.56,70.48,45.18,23.62,91.36,99.56,28.06
2010,28,2802700,Ilha Das Flores,0.562,0.469,0.514,0.735,9.61,9.06,25.71,97.87,89.67,11.06,8.5,46.42,195.64,0.56,82.03,58.57,32.2,85.64,96.48,45.91
2010,28,2802809,Indiaroba,0.58,0.475,0.533,0.772,9.9,4.41,26.72,98.33,89.6,21.37,8.97,41.53,220.89,0.53,74.63,50.58,27.93,80.32,97.17,38.9
2010,28,2802908,Itabaiana,0.642,0.513,0.645,0.801,3.59,3.22,21.79,96.45,88.99,18.69,8.98,41.24,443.39,0.52,48.29,21.91,6.98,91.16,99.92,22.36
2010,28,2803005,Itabaianinha,0.556,0.407,0.555,0.761,7.57,5.48,29.83,98.01,84.28,9.99,8.14,57.53,253.22,0.51,70.44,44.39,19.32,75.94,98.04,31.47
2010,28,2803104,Itabi,0.602,0.512,0.569,0.748,7.3,3.59,30.87,96.17,92.51,31.98,9.91,45.55,276.77,0.47,66.12,36.88,16.81,92.34,98.22,24.72
2010,28,2803203,Itaporanga D'Ajuda,0.561,0.414,0.548,0.779,8.15,5.39,24.55,90.36,76.34,15.79,7.71,45.11,242.62,0.49,69.53,42.21,18.99,78.4,97.01,39.0
2010,28,2803302,Japaratuba,0.621,0.544,0.581,0.757,4.15,2.18,20.58,97.99,93.67,26.58,8.91,30.09,296.93,0.5,63.69,34.75,15.63,81.96,98.79,33.44
2010,28,2803401,Japoatã,0.56,0.455,0.551,0.7,10.51,9.29,30.84,97.68,93.21,14.36,8.59,45.13,246.68,0.49,71.84,42.52,17.65,74.61,98.86,36.24
2010,28,2803500,Lagarto,0.625,0.515,0.613,0.775,4.34,4.15,25.32,97.96,86.39,17.51,9.24,42.05,362.8,0.5,54.34,28.14,10.57,81.83,99.03,25.49
2010,28,2803609,Laranjeiras,0.642,0.582,0.589,0.772,4.54,3.11,15.66,96.14,92.3,30.53,8.45,25.45,313.29,0.49,64.07,31.34,11.37,85.89,99.25,41.9
2010,28,2803708,Macambira,0.583,0.474,0.573,0.728,5.11,5.71,31.5,95.64,96.78,51.6,9.24,47.2,282.4,0.43,61.57,33.44,8.94,68.66,99.16,24.26
2010,28,2803807,Malhada Dos Bois,0.599,0.531,0.56,0.722,7.07,3.79,23.66,97.59,84.81,10.12,9.74,32.71,261.05,0.46,69.17,36.58,13.03,96.66,99.32,33.92
2010,28,2803906,Malhador,0.587,0.442,0.587,0.781,4.23,3.55,24.73,97.59,92.65,24.68,8.49,48.26,308.04,0.45,58.39,31.69,9.59,88.61,98.4,25.14
2010,28,2804003,Maruim,0.618,0.511,0.59,0.781,5.04,4.08,17.66,98.31,88.86,12.54,9.01,33.64,314.55,0.48,59.83,31.62,12.1,83.69,98.79,38.2
2010,28,2804102,Moita Bonita,0.587,0.429,0.596,0.792,3.97,4.31,26.52,96.76,88.06,23.84,8.8,53.98,326.89,0.44,55.73,29.29,6.73,69.15,99.89,17.97
2010,28,2804201,Monte Alegre De Sergipe,0.553,0.431,0.539,0.726,11.9,6.2,33.83,96.23,89.14,11.89,7.88,51.45,229.3,0.56,74.88,51.29,29.06,75.25,98.56,36.23
2010,28,2804300,Muribeca,0.626,0.554,0.575,0.771,6.7,1.4,24.69,99.01,97.31,21.78,9.48,37.85,286.8,0.49,65.29,34.21,14.91,93.41,98.6,35.47
2010,28,2804409,Neópolis,0.589,0.505,0.575,0.702,9.1,6.5,22.72,92.91,90.03,27.9,8.15,39.92,286.69,0.55,65.59,40.49,22.16,75.13,98.56,38.13
2010,28,2804458,Nossa Senhora Aparecida,0.577,0.43,0.577,0.774,5.6,4.71,37.75,96.75,86.02,21.1,8.34,49.64,289.16,0.56,66.17,45.52,24.9,91.2,98.48,19.27
2010,28,2804508,Nossa Senhora Da Glória,0.587,0.456,0.591,0.75,6.58,4.48,26.69,98.05,84.67,17.75,8.21,47.82,316.84,0.52,61.65,34.64,14.77,90.53,99.08,27.0
2010,28,2804607,Nossa Senhora Das Dores,0.6,0.497,0.579,0.749,7.26,4.78,28.39,98.15,91.85,12.83,9.38,44.63,294.53,0.51,64.95,37.9,17.53,89.21,99.26,25.9
2010,28,2804706,Nossa Senhora De Lourdes,0.598,0.532,0.56,0.719,5.37,4.33,28.91,98.07,91.64,23.0,9.3,37.72,261.29,0.49,69.29,39.99,18.37,91.41,98.31,33.95
2010,28,2804805,Nossa Senhora Do Socorro,0.664,0.581,0.62,0.811,4.03,2.66,10.69,96.42,82.58,18.81,9.28,27.68,379.98,0.47,49.69,21.41,8.09,97.54,99.81,33.48
2010,28,2804904,Pacatuba,0.555,0.454,0.514,0.731,12.6,6.84,29.42,97.4,95.2,19.56,8.48,45.72,195.47,0.58,79.56,57.79,37.31,63.53,97.74,37.12
2010,28,2805000,Pedra Mole,0.593,0.499,0.599,0.698,5.06,2.84,27.72,96.47,100.0,25.9,9.29,38.13,332.75,0.54,61.13,32.91,14.41,85.06,98.82,23.82
2010,28,2805109,Pedrinhas,0.592,0.486,0.568,0.75,8.5,6.1,26.65,97.46,95.77,20.58,8.74,39.97,273.91,0.52,69.91,39.87,19.07,85.21,99.5,29.44
2010,28,2805208,Pinhão,0.583,0.48,0.58,0.711,4.52,3.47,30.16,96.97,95.18,24.19,8.81,45.84,295.24,0.42,59.47,23.92,10.33,65.39,97.66,21.25
2010,28,2805307,Pirambu,0.603,0.515,0.558,0.764,4.73,4.48,20.03,96.77,87.46,15.11,8.49,37.22,257.65,0.53,70.88,43.42,21.37,89.54,98.44,39.31
2010,28,2805406,Poço Redondo,0.529,0.376,0.519,0.76,12.67,9.67,35.58,96.82,75.85,10.08,7.49,56.18,202.24,0.59,78.45,58.45,36.41,73.96,97.95,35.23
2010,28,2805505,Poço Verde,0.561,0.417,0.563,0.751,5.33,3.29,29.85,98.85,83.16,17.5,8.98,55.19,266.56,0.51,66.49,40.04,22.67,75.96,99.18,26.51
2010,28,2805604,Porto Da Folha,0.568,0.462,0.537,0.739,10.22,7.96,31.51,97.11,84.28,8.34,8.11,46.3,226.66,0.56,75.62,53.99,27.95,78.72,97.92,38.51
2010,28,2805703,Propriá,0.661,0.593,0.629,0.776,4.96,3.99,18.68,99.65,93.15,18.56,8.98,28.72,400.35,0.54,53.9,31.99,12.03,93.54,99.67,35.71
2010,28,2805802,Riachão Do Dantas,0.539,0.381,0.527,0.781,8.09,4.36,29.23,94.38,79.97,15.73,8.29,57.02,212.37,0.48,75.79,50.24,22.3,61.81,99.67,38.94
2010,28,2805901,Riachuelo,0.617,0.52,0.591,0.766,5.06,4.72,17.01,98.49,97.04,26.43,8.05,27.69,317.28,0.5,62.96,33.94,11.41,81.97,99.65,45.48
2010,28,2806008,Ribeirópolis,0.613,0.49,0.61,0.769,4.75,3.75,28.5,98.45,97.02,28.57,8.98,46.22,357.17,0.45,51.92,24.36,7.32,82.49,99.49,19.75
2010,28,2806107,Rosário Do Catete,0.631,0.571,0.603,0.731,4.04,2.78,14.14,97.42,91.2,32.13,9.24,30.1,341.06,0.5,58.06,31.42,11.68,83.67,98.52,33.58
2010,28,2806206,Salgado,0.609,0.486,0.588,0.789,7.01,3.93,27.47,97.9,90.03,19.48,8.83,44.6,311.33,0.51,63.06,36.46,13.6,80.59,98.75,30.32
2010,28,2806305,Santa Luzia Do Itanhy,0.545,0.414,0.513,0.764,8.31,5.43,33.03,97.32,97.57,24.13,8.54,52.68,194.24,0.53,79.34,54.89,27.64,72.67,98.73,39.08
2010,28,2806404,Santana Do São Francisco,0.59,0.526,0.544,0.716,6.81,4.88,21.02,99.58,94.51,42.91,9.62,33.0,236.25,0.48,71.59,43.24,19.53,83.32,97.73,43.66
2010,28,2806503,Santa Rosa De Lima,0.592,0.514,0.527,0.766,6.87,6.91,27.17,98.79,96.09,49.07,7.95,33.67,213.07,0.45,77.04,42.37,19.63,88.03,97.25,36.52
2010,28,2806602,Santo Amaro Das Brotas,0.637,0.543,0.613,0.778,4.6,3.65,18.89,97.55,93.61,17.34,8.45,34.43,362.46,0.57,58.19,36.16,20.19,89.04,97.19,33.33
2010,28,2806701,São Cristóvão,0.662,0.581,0.624,0.8,4.61,2.68,12.8,97.69,88.98,23.27,9.13,28.09,388.36,0.47,48.51,22.97,8.59,93.21,99.3,32.34
2010,28,2806800,São Domingos,0.588,0.471,0.572,0.756,5.11,4.11,33.36,97.03,94.56,31.56,9.06,44.78,281.44,0.41,59.92,28.01,9.52,97.39,99.43,23.1
2010,28,2806909,São Francisco,0.587,0.49,0.564,0.732,5.12,5.97,26.72,98.07,97.2,43.12,8.37,46.53,267.3,0.48,68.83,39.0,13.51,88.7,99.43,29.82
2010,28,2807006,São Miguel Do Aleixo,0.567,0.424,0.571,0.753,4.04,3.32,33.54,98.12,90.8,3.76,8.9,51.4,279.25,0.49,65.38,36.47,15.58,66.57,99.04,28.75
2010,28,2807105,Simão Dias,0.604,0.492,0.579,0.775,4.83,3.72,26.78,98.83,75.61,21.71,8.95,42.39,293.99,0.49,59.42,35.11,17.9,58.28,98.62,24.58
2010,28,2807204,Siriri,0.609,0.541,0.565,0.74,5.61,4.05,20.69,98.92,93.94,17.51,9.51,34.31,268.51,0.47,66.83,38.16,12.88,82.21,98.1,33.31
2010,28,2807303,Telha,0.604,0.542,0.564,0.722,4.96,5.45,27.33,99.53,92.66,23.62,9.43,35.96,268.17,0.48,66.74,37.53,14.15,91.76,99.44,31.18
2010,28,2807402,Tobias Barreto,0.557,0.404,0.609,0.702,8.17,5.07,28.34,94.26,63.94,8.82,8.07,54.4,353.87,0.55,60.0,34.71,14.46,79.29,98.62,28.09
2010,28,2807501,Tomar Do Geru,0.551,0.432,0.52,0.746,7.38,5.26,32.08,97.55,89.49,21.97,8.38,52.65,203.09,0.47,76.21,51.11,24.15,71.71,97.64,31.05
2010,28,2807600,Umbaúba,0.579,0.476,0.567,0.719,6.92,4.98,24.73,98.21,97.26,17.21,9.15,46.04,272.53,0.46,66.48,35.98,10.48,90.72,99.38,31.33
2010,29,2900108,Abaíra,0.603,0.51,0.577,0.746,2.97,2.76,19.45,97.26,92.28,13.44,9.6,44.54,290.53,0.46,56.78,31.74,18.39,91.69,97.69,14.8
2010,29,2900207,Abaré,0.575,0.46,0.533,0.776,7.84,5.31,26.85,96.53,75.4,7.21,7.33,41.45,220.16,0.55,76.79,47.77,27.85,77.56,90.83,38.23
2010,29,2900306,Acajutiba,0.582,0.487,0.56,0.723,5.43,5.33,22.31,98.02,92.44,17.54,8.28,44.67,260.46,0.57,70.39,48.78,26.23,95.37,97.0,28.34
2010,29,2900355,Adustina,0.546,0.432,0.526,0.718,4.36,3.53,35.53,98.12,74.51,4.74,8.56,55.61,211.37,0.54,73.31,49.98,32.84,54.14,93.87,24.67
2010,29,2900405,Água Fria,0.55,0.422,0.529,0.747,6.61,3.21,27.26,97.03,82.26,12.59,7.56,47.86,215.12,0.53,74.61,50.3,28.8,52.85,97.35,33.51
2010,29,2900504,Érico Cardoso,0.584,0.471,0.558,0.758,5.15,4.08,30.27,98.83,87.32,13.04,8.68,44.85,258.28,0.49,61.85,36.75,23.69,77.18,91.37,22.69
2010,29,2900603,Aiquara,0.583,0.471,0.573,0.733,6.17,2.35,23.76,98.41,96.64,35.06,8.55,41.58,283.24,0.44,63.9,27.11,11.27,75.28,96.29,24.77
2010,29,2900702,Alagoinhas,0.683,0.592,0.681,0.79,4.44,2.84,10.11,97.44,83.57,17.29,8.71,22.61,553.17,0.55,42.94,19.42,8.02,95.11,99.46,24.94
2010,29,2900801,Alcobaça,0.608,0.476,0.611,0.771,4.15,2.43,23.59,96.51,74.48,12.79,8.1,44.75,357.99,0.53,59.09,32.69,13.94,81.55,96.67,35.43
2010,29,2900900,Almadina,0.563,0.421,0.563,0.751,7.1,5.33,31.82,95.34,87.47,15.76,8.85,54.74,265.39,0.46,66.86,38.08,12.12,90.57,94.93,29.16
2010,29,2901007,Amargosa,0.625,0.492,0.616,0.807,4.09,2.82,20.85,96.83,89.22,40.25,8.69,41.6,369.84,0.56,58.97,33.42,14.55,86.97,96.45,21.94
2010,29,2901106,Amélia Rodrigues,0.666,0.6,0.609,0.81,4.93,2.34,13.22,99.16,100.0,28.19,9.84,25.46,354.66,0.49,52.2,28.19,11.26,87.75,99.52,28.53
2010,29,2901155,América Dourada,0.561,0.464,0.506,0.751,8.32,3.89,27.53,96.62,84.37,15.5,8.41,45.88,186.1,0.5,77.68,52.57,31.14,84.28,97.14,29.12
2010,29,2901205,Anagé,0.54,0.371,0.549,0.771,7.11,4.22,33.89,96.03,59.63,12.84,7.26,60.45,243.52,0.48,66.3,39.06,21.74,34.16,93.68,18.74
2010,29,2901304,Andaraí,0.555,0.415,0.54,0.764,7.92,3.87,26.56,97.74,68.24,6.89,7.42,50.07,230.36,0.59,78.63,53.89,30.4,70.0,89.96,37.82
2010,29,2901353,Andorinha,0.588,0.474,0.586,0.731,5.64,1.89,25.71,97.97,82.83,18.27,8.89,46.55,305.81,0.55,63.32,39.45,22.07,64.53,93.73,19.11
2010,29,2901403,Angical,0.625,0.556,0.564,0.778,3.9,1.43,24.54,96.95,91.72,30.25,9.31,33.93,266.89,0.54,66.6,41.72,22.07,42.83,93.97,23.23
2010,29,2901502,Anguera,0.589,0.471,0.565,0.766,5.4,2.71,22.7,98.23,91.96,24.29,9.25,41.52,269.0,0.48,69.04,38.32,14.26,61.68,97.59,39.98
2010,29,2901601,Antas,0.592,0.491,0.573,0.739,4.09,4.44,28.33,94.26,86.75,35.05,8.55,41.71,283.59,0.52,64.12,38.43,17.47,85.66,90.84,32.04
2010,29,2901700,Antônio Cardoso,0.561,0.422,0.544,0.768,7.87,3.3,29.07,95.76,74.81,11.55,8.06,41.54,236.86,0.46,64.98,37.58,22.49,61.7,98.16,38.3
2010,29,2901809,Antônio Gonçalves,0.598,0.498,0.58,0.741,4.72,2.11,19.72,98.43,97.26,47.76,8.32,43.34,295.7,0.51,62.65,35.74,16.01,82.1,98.23,23.48
2010,29,2901908,Aporá,0.548,0.425,0.516,0.751,5.46,3.26,27.81,97.59,88.53,17.41,7.66,51.6,199.04,0.56,74.62,55.3,37.72,89.64,95.36,28.04
2010,29,2901957,Apuarema,0.552,0.413,0.555,0.735,8.47,5.23,31.03,95.92,89.26,15.94,8.11,53.5,252.3,0.46,67.51,39.49,13.05,79.67,91.02,31.22
2010,29,2902005,Aracatu,0.581,0.439,0.591,0.754,3.12,1.56,29.35,97.68,87.84,18.43,8.87,51.08,316.6,0.45,53.77,28.51,12.39,39.4,78.72,17.72
2010,29,2902054,Araças,0.57,0.462,0.54,0.744,6.54,2.39,23.15,98.1,87.54,18.81,7.92,39.82,230.75,0.53,70.39,45.82,25.88,90.8,95.22,34.99
2010,29,2902104,Araci,0.534,0.381,0.534,0.747,15.06,8.41,34.37,97.44,86.44,13.6,6.94,56.95,221.98,0.57,74.56,52.7,31.46,48.97,88.96,38.73
2010,29,2902203,Aramari,0.588,0.47,0.568,0.761,5.67,5.14,19.58,96.27,83.58,8.42,7.48,42.53,274.61,0.51,65.79,39.06,18.05,73.38,98.55,34.92
2010,29,2902252,Arataca,0.559,0.413,0.557,0.758,10.45,5.78,31.58,95.57,79.13,8.4,7.71,55.28,256.14,0.47,70.48,38.64,12.78,79.53,91.89,39.81
2010,29,2902302,Aratuípe,0.575,0.443,0.57,0.753,9.05,6.52,24.62,98.45,77.04,15.23,7.43,44.09,278.23,0.52,68.38,39.85,17.32,79.85,95.85,32.96
2010,29,2902401,Aurelino Leal,0.568,0.434,0.555,0.759,8.1,3.92,26.72,95.53,75.82,10.83,7.6,48.0,253.19,0.45,68.88,36.6,12.91,82.9,94.99,40.08
2010,29,2902500,Baianópolis,0.589,0.492,0.543,0.763,5.9,2.8,30.64,98.69,68.52,6.48,8.99,43.73,235.05,0.57,70.39,49.22,33.94,89.27,98.71,19.62
2010,29,2902609,Baixa Grande,0.585,0.471,0.549,0.775,4.81,3.16,25.56,97.18,77.45,7.7,8.76,48.12,243.98,0.53,69.51,45.3,24.43,51.63,90.7,27.62
2010,29,2902658,Banzaê,0.579,0.468,0.539,0.769,4.81,3.56,26.34,98.12,92.66,25.68,8.51,46.73,228.54,0.46,68.07,39.9,23.3,97.53,98.19,30.81
2010,29,2902708,Barra,0.557,0.457,0.503,0.75,9.44,4.67,23.54,97.0,72.27,7.49,8.33,45.4,183.03,0.59,78.31,59.44,41.55,72.34,86.43,40.05
2010,29,2902807,Barra Da Estiva,0.575,0.469,0.566,0.717,2.97,0.81,18.03,96.84,83.58,10.44,7.83,47.95,270.66,0.53,69.8,41.63,18.55,80.19,95.56,24.62
2010,29,2902906,Barra Do Choça,0.551,0.386,0.563,0.77,5.7,3.36,27.71,96.87,67.55,20.47,7.69,57.56,266.13,0.44,63.44,31.84,12.55,84.74,96.83,28.7
2010,29,2903003,Barra Do Mendes,0.63,0.553,0.578,0.784,1.86,1.93,14.72,97.48,70.99,6.04,9.94,34.43,292.41,0.57,65.21,42.11,24.88,82.91,96.99,18.05
2010,29,2903102,Barra Do Rocha,0.577,0.465,0.585,0.705,9.23,5.15,26.79,95.64,89.46,20.66,8.47,47.52,304.56,0.52,64.68,34.9,13.45,79.98,95.49,34.22
2010,29,2903201,Barreiras,0.721,0.668,0.695,0.807,2.41,1.78,10.33,97.52,77.4,17.75,9.21,19.49,602.82,0.56,40.62,16.27,5.52,92.32,99.36,27.16
2010,29,2903235,Barro Alto,0.607,0.55,0.551,0.739,1.85,1.76,18.21,98.43,85.06,10.43,9.55,38.59,247.32,0.51,66.09,44.24,24.6,94.62,98.11,22.74
2010,29,2903276,Barrocas,0.61,0.503,0.574,0.786,6.65,3.12,19.7,98.66,93.35,25.42,8.84,37.01,284.41,0.46,60.28,32.83,14.71,75.69,99.19,23.96
2010,29,2903300,Barro Preto,0.602,0.508,0.576,0.744,6.65,4.25,26.18,96.19,90.71,43.82,7.78,39.51,287.6,0.49,65.52,34.48,15.21,88.02,94.28,32.78
2010,29,2903409,Belmonte,0.598,0.48,0.577,0.771,8.54,4.2,24.76,96.53,81.4,27.98,8.21,43.16,289.9,0.5,66.96,35.61,13.19,88.68,91.77,35.39
2010,29,2903508,Belo Campo,0.575,0.444,0.562,0.76,7.03,3.14,26.12,95.18,65.6,8.82,8.49,49.84,263.52,0.49,65.04,39.69,19.67,64.56,94.8,23.21
2010,29,2903607,Biritinga,0.538,0.402,0.525,0.738,10.75,6.38,26.14,98.03,80.9,10.68,7.42,54.91,209.37,0.55,74.07,52.84,33.74,87.91,95.64,30.1
2010,29,2903706,Boa Nova,0.567,0.453,0.535,0.753,4.31,3.46,31.7,97.16,83.16,10.25,9.58,51.12,223.48,0.51,73.21,47.41,24.98,71.58,84.87,23.85
2010,29,2903805,Boa Vista Do Tupim,0.551,0.447,0.514,0.729,6.47,4.34,30.3,96.8,76.82,13.95,9.77,50.39,195.71,0.56,76.12,54.52,33.48,60.35,83.48,34.35
2010,29,2903904,Bom Jesus Da Lapa,0.633,0.533,0.615,0.775,5.79,3.55,19.18,95.74,83.4,16.64,8.52,33.43,367.62,0.6,60.58,35.74,17.6,79.72,94.07,30.05
2010,29,2903953,Bom Jesus Da Serra,0.546,0.407,0.535,0.749,6.81,4.75,27.15,98.35,65.92,13.57,7.64,52.49,223.19,0.52,71.49,46.0,28.28,35.18,94.4,21.75
2010,29,2904001,Boninal,0.612,0.514,0.564,0.789,3.41,1.93,22.02,96.27,82.99,3.29,9.39,39.25,267.7,0.53,65.52,40.34,23.73,86.62,98.16,28.15
2010,29,2904050,Bonito,0.561,0.467,0.552,0.685,2.83,1.92,20.32,97.62,69.77,5.04,8.7,45.31,249.0,0.5,68.92,43.9,18.47,91.13,96.22,31.17
2010,29,2904100,Boquira,0.603,0.497,0.564,0.782,4.87,3.66,25.81,98.84,73.48,13.93,8.86,41.42,266.71,0.53,62.51,39.88,27.3,61.36,90.58,26.8
2010,29,2904209,Botuporã,0.575,0.464,0.543,0.754,4.62,4.05,26.32,98.06,90.1,8.53,9.42,45.17,235.16,0.52,70.04,44.86,27.63,52.17,93.49,16.17
2010,29,2904308,Brejões,0.597,0.49,0.56,0.775,2.95,2.25,24.27,97.95,87.82,18.1,8.88,43.73,261.14,0.5,69.3,39.47,20.13,75.32,98.24,29.57
2010,29,2904407,Brejolândia,0.592,0.523,0.533,0.746,4.21,3.49,26.31,98.4,87.51,0.92,9.29,40.74,221.22,0.56,75.48,48.72,29.92,42.12,92.44,17.13
2010,29,2904506,Brotas De Macaúbas,0.57,0.445,0.552,0.754,7.8,3.23,21.22,97.55,87.14,14.6,8.45,49.1,247.49,0.56,68.57,45.57,31.82,35.51,93.78,18.88
2010,29,2904605,Brumado,0.656,0.554,0.63,0.807,2.83,2.22,16.28,96.76,83.95,13.55,8.81,31.17,403.22,0.52,51.78,25.36,9.57,78.07,98.28,18.16
2010,29,2904704,Buerarema,0.613,0.495,0.604,0.772,5.06,2.36,23.1,91.48,79.18,12.78,6.44,39.81,343.23,0.53,59.02,34.68,13.31,91.84,94.66,33.83
2010,29,2904753,Buritirama,0.565,0.471,0.504,0.761,8.98,4.7,26.05,97.29,77.21,13.94,8.92,43.11,184.53,0.57,81.48,56.15,37.03,57.59,92.66,27.29
2010,29,2904803,Caatiba,0.561,0.406,0.579,0.752,7.33,5.71,30.0,89.95,70.28,19.22,7.94,55.68,293.78,0.39,58.41,24.31,7.11,78.35,89.12,32.87
2010,29,2904852,Cabaceiras Do Paraguaçu,0.581,0.49,0.525,0.763,8.54,4.18,26.5,98.84,93.71,21.61,8.48,41.54,209.45,0.54,74.49,51.63,31.55,65.66,98.98,40.02
2010,29,2904902,Cachoeira,0.647,0.577,0.615,0.762,7.16,4.43,16.01,97.82,92.12,25.25,8.51,30.27,368.11,0.56,60.25,33.83,16.73,82.66,99.29,29.89
2010,29,2905008,Caculé,0.637,0.541,0.621,0.769,2.69,2.18,20.17,97.27,73.65,12.04,8.72,37.09,382.15,0.48,49.9,24.3,10.19,87.93,96.65,15.82
2010,29,2905107,Caém,0.546,0.434,0.535,0.701,5.41,3.21,25.16,98.8,87.24,21.14,8.99,52.48,223.48,0.54,73.92,49.42,29.29,61.13,93.5,27.66
2010,29,2905156,Caetanos,0.542,0.409,0.536,0.725,7.56,2.36,27.04,96.83,71.35,15.1,7.71,49.61,224.38,0.5,68.49,43.74,27.58,6.88,87.54,29.24
2010,29,2905206,Caetité,0.625,0.484,0.631,0.801,4.14,2.74,20.42,98.3,73.39,12.3,7.96,42.71,405.31,0.59,56.26,32.54,17.47,69.54,94.69,17.15
2010,29,2905305,Cafarnaum,0.584,0.49,0.554,0.734,5.36,3.83,21.82,98.64,81.13,7.6,9.37,42.33,251.31,0.55,70.84,47.13,24.09,80.76,95.84,26.77
2010,29,2905404,Cairu,0.627,0.51,0.6,0.807,6.27,2.66,15.53,98.78,95.46,34.26,7.89,39.11,334.19,0.53,60.35,32.54,16.03,92.89,98.45,40.14
2010,29,2905503,Caldeirão Grande,0.573,0.473,0.526,0.758,10.28,5.07,29.26,97.77,92.49,28.78,8.25,46.0,211.26,0.55,72.97,52.34,35.53,76.85,92.67,27.1
2010,29,2905602,Camacan,0.581,0.419,0.608,0.768,6.9,4.14,22.82,92.47,70.37,20.82,7.41,47.2,351.84,0.6,63.31,38.74,16.75,85.28,94.55,36.15
2010,29,2905701,Camaçari,0.694,0.616,0.681,0.798,3.72,2.3,7.78,96.68,84.08,21.06,9.24,23.14,553.18,0.53,39.6,16.39,6.01,96.45,99.81,32.36
2010,29,2905800,Camamu,0.565,0.452,0.562,0.71,10.22,5.88,26.65,96.03,72.92,9.77,8.17,43.4,264.63,0.54,68.86,46.39,21.36,84.08,83.82,41.53
2010,29,2905909,Campo Alegre De Lourdes,0.557,0.43,0.516,0.778,8.35,4.14,27.96,98.34,73.36,9.36,8.88,53.5,199.01,0.61,77.26,58.96,40.51,5.9,66.15,31.42
2010,29,2906006,Campo Formoso,0.586,0.475,0.566,0.749,7.03,3.76,24.55,97.96,96.75,29.4,8.41,45.84,270.05,0.57,70.45,46.53,24.59,67.07,97.09,26.29
2010,29,2906105,Canápolis,0.565,0.463,0.531,0.732,5.77,3.44,30.9,96.91,87.27,10.2,8.08,45.41,217.86,0.49,71.15,47.06,27.31,84.46,93.27,20.6
2010,29,2906204,Canarana,0.587,0.496,0.555,0.734,5.59,4.35,19.01,98.87,87.64,21.44,9.25,43.16,252.39,0.48,66.14,42.2,20.18,79.56,98.79,21.65
2010,29,2906303,Canavieiras,0.59,0.434,0.596,0.796,6.26,4.33,19.62,94.86,77.82,12.38,7.22,50.75,325.61,0.51,63.26,30.85,12.62,87.8,93.2,32.99
2010,29,2906402,Candeal,0.587,0.465,0.554,0.787,4.48,1.67,25.73,98.18,89.71,9.98,8.44,42.74,251.54,0.44,66.21,36.55,13.4,59.5,92.32,27.03
2010,29,2906501,Candeias,0.691,0.616,0.652,0.823,3.04,2.24,9.08,97.56,93.45,25.49,9.11,21.93,462.57,0.48,42.68,17.44,7.22,95.99,99.63,27.36
2010,29,2906600,Candiba,0.591,0.481,0.578,0.743,4.1,3.53,25.63,98.28,89.94,6.96,9.13,43.79,290.99,0.44,58.04,29.91,13.43,75.29,96.04,18.04
2010,29,2906709,Cândido Sales,0.601,0.482,0.565,0.798,4.45,2.44,26.08,96.21,84.67,11.9,7.95,45.61,268.57,0.5,68.23,39.5,17.2,68.2,98.45,21.47
2010,29,2906808,Cansanção,0.557,0.438,0.53,0.745,9.33,5.56,28.93,98.64,86.24,15.99,8.72,51.36,216.24,0.57,74.59,53.28,32.99,60.6,95.51,31.88
2010,29,2906824,Canudos,0.562,0.453,0.554,0.707,4.73,3.11,25.23,98.64,92.05,15.5,8.77,51.79,251.59,0.53,70.44,43.76,25.03,65.92,89.49,26.77
2010,29,2906857,Capela Do Alto Alegre,0.599,0.48,0.582,0.77,2.81,2.83,27.98,98.63,81.0,4.78,8.44,47.46,299.05,0.49,60.24,35.22,15.56,72.12,92.31,16.48
2010,29,2906873,Capim Grosso,0.621,0.514,0.62,0.752,5.32,2.52,20.75,96.22,86.92,10.68,8.4,40.71,378.85,0.54,56.67,28.06,11.44,89.25,98.57,20.12
2010,29,2906899,Caraíbas,0.555,0.405,0.57,0.739,4.82,3.03,32.86,97.31,66.78,9.15,7.82,54.09,277.97,0.49,63.66,36.8,17.51,34.37,92.71,15.67
2010,29,2906907,Caravelas,0.616,0.473,0.626,0.791,5.06,4.27,24.95,95.45,87.54,26.01,7.47,47.82,394.43,0.56,58.27,34.46,11.82,84.4,95.14,34.57
2010,29,2907004,Cardeal Da Silva,0.552,0.437,0.523,0.735,7.86,4.44,23.01,98.11,89.86,4.21,7.59,46.57,207.42,0.52,76.23,54.04,24.34,77.18,96.23,37.12
2010,29,2907103,Carinhanha,0.576,0.477,0.525,0.763,6.58,4.16,25.91,98.82,47.61,7.04,8.79,39.36,209.51,0.51,77.45,47.47,24.67,70.13,87.25,29.84
2010,29,2907202,Casa Nova,0.57,0.435,0.577,0.736,9.65,5.55,24.86,95.48,69.11,12.37,8.15,47.64,289.24,0.54,64.97,37.38,20.67,61.77,86.42,36.73
2010,29,2907301,Castro Alves,0.613,0.504,0.591,0.774,7.09,4.2,22.66,95.93,90.95,26.89,7.6,38.48,316.1,0.54,63.59,34.72,17.02,72.4,98.0,29.81
2010,29,2907400,Catolândia,0.582,0.452,0.554,0.786,7.54,4.55,25.58,98.33,100.0,31.17,10.13,49.8,251.21,0.51,68.49,42.42,25.16,67.59,96.32,15.86
2010,29,2907509,Catu,0.677,0.578,0.66,0.814,2.12,1.57,11.12,97.26,96.2,20.8,8.95,26.47,486.05,0.55,46.39,22.17,9.38,93.48,98.47,22.74
2010,29,2907558,Caturama,0.571,0.446,0.543,0.77,5.34,3.88,27.88,98.65,84.7,24.52,8.08,48.64,234.88,0.49,67.37,42.42,24.69,60.21,81.3,15.91
2010,29,2907608,Central,0.596,0.538,0.54,0.728,5.18,3.1,20.01,98.87,88.49,19.26,8.72,39.6,231.1,0.54,72.33,46.19,28.78,86.03,94.98,27.73
2010,29,2907707,Chorrochó,0.6,0.503,0.552,0.779,10.06,6.99,28.38,96.61,90.54,17.73,7.35,42.68,248.5,0.58,73.6,46.56,28.93,54.11,83.55,36.03
2010,29,2907806,Cícero Dantas,0.585,0.477,0.59,0.712,6.44,4.61,32.89,98.0,70.82,24.61,8.71,47.2,315.19,0.53,60.39,36.83,17.47,81.44,94.87,20.9
2010,29,2907905,Cipó,0.601,0.496,0.589,0.744,5.23,4.47,23.83,97.59,95.46,16.92,8.94,40.68,312.03,0.55,64.09,38.16,17.9,83.3,98.27,29.0
2010,29,2908002,Coaraci,0.613,0.491,0.615,0.762,5.45,3.95,23.55,95.14,81.81,18.87,8.4,42.77,366.33,0.54,61.18,29.86,11.34,90.97,96.76,28.58
2010,29,2908101,Cocos,0.596,0.471,0.558,0.805,3.28,3.08,24.88,97.02,91.33,12.19,7.69,46.33,258.27,0.56,67.78,44.13,28.93,61.48,88.26,18.63
2010,29,2908200,Conceição Da Feira,0.634,0.548,0.606,0.766,4.23,3.21,16.03,98.83,98.1,21.24,8.16,27.02,348.39,0.56,62.52,32.84,15.33,88.34,99.12,30.57
2010,29,2908309,Conceição Do Almeida,0.606,0.479,0.578,0.805,2.85,2.72,20.44,95.64,81.73,23.83,8.26,37.75,290.98,0.56,68.46,41.69,20.88,63.31,99.36,28.52
2010,29,2908408,Conceição Do Coité,0.611,0.517,0.587,0.752,4.58,2.83,19.84,97.89,92.97,20.03,8.49,38.59,309.61,0.48,58.45,32.42,15.15,76.08,98.16,23.49
2010,29,2908507,Conceição Do Jacuípe,0.663,0.579,0.63,0.799,4.46,1.91,12.39,98.37,88.45,23.66,9.18,26.18,403.18,0.48,46.99,21.54,8.96,87.92,99.84,24.57
2010,29,2908606,Conde,0.56,0.451,0.551,0.705,6.8,3.95,24.09,96.84,92.67,24.2,7.8,48.06,246.81,0.63,76.77,56.43,34.26,75.73,94.33,41.43
2010,29,2908705,Condeúba,0.582,0.447,0.559,0.789,1.38,2.42,27.24,98.08,84.68,22.92,8.38,48.75,260.07,0.49,65.3,40.3,21.84,73.92,92.6,15.13
2010,29,2908804,Contendas Do Sincorá,0.577,0.477,0.579,0.695,2.92,0.78,26.71,98.94,86.69,21.73,9.66,47.74,293.12,0.51,64.03,35.43,17.18,66.92,95.1,21.15
2010,29,2908903,Coração De Maria,0.592,0.489,0.558,0.762,5.13,3.3,21.0,98.81,87.91,17.27,9.31,40.68,257.21,0.52,68.18,42.58,22.92,61.19,98.91,30.7
2010,29,2909000,Cordeiros,0.579,0.454,0.561,0.763,2.05,1.71,25.58,98.07,70.47,37.64,8.82,44.1,263.24,0.45,62.7,33.98,17.29,72.68,96.54,14.81
2010,29,2909109,Coribe,0.6,0.491,0.545,0.807,3.99,2.29,28.37,97.71,86.72,12.54,8.8,45.23,237.03,0.58,71.41,48.62,32.28,83.18,92.41,20.12
2010,29,2909208,Coronel João Sá,0.535,0.392,0.545,0.716,5.62,3.98,39.29,95.99,92.63,24.2,8.15,60.44,238.18,0.48,70.6,42.31,19.32,54.42,80.73,30.4
2010,29,2909307,Correntina,0.603,0.481,0.575,0.792,5.13,3.79,23.46,97.61,81.69,6.35,7.1,44.51,285.96,0.58,63.44,43.17,30.51,62.32,94.92,22.41
2010,29,2909406,Cotegipe,0.59,0.504,0.545,0.746,4.47,2.93,29.82,94.5,90.64,18.6,8.53,40.34,237.5,0.56,71.94,49.02,28.55,64.6,81.99,29.26
2010,29,2909505,Cravolândia,0.599,0.503,0.559,0.765,3.53,2.59,27.78,97.59,87.52,17.76,8.92,37.34,259.87,0.53,70.96,42.52,20.98,84.36,94.81,27.35
2010,29,2909604,Crisópolis,0.543,0.387,0.542,0.765,4.1,3.0,30.66,96.12,88.59,22.58,7.8,63.22,232.6,0.57,74.01,51.72,30.66,79.9,97.03,26.5
2010,29,2909703,Cristópolis,0.614,0.553,0.546,0.766,5.48,2.89,30.2,98.3,87.74,6.22,9.16,36.61,239.23,0.54,68.54,46.07,29.69,81.82,95.39,20.35
2010,29,2909802,Cruz Das Almas,0.699,0.65,0.659,0.796,2.43,1.75,11.79,97.21,92.51,28.76,8.79,21.18,481.8,0.55,48.64,24.93,9.29,95.78,99.85,22.68
2010,29,2909901,Curaçá,0.581,0.463,0.544,0.778,8.17,4.65,24.72,97.36,87.91,19.82,8.47,43.26,236.77,0.51,72.24,43.82,23.29,66.85,90.28,35.04
2010,29,2910008,Dário Meira,0.54,0.392,0.522,0.771,12.44,7.51,34.07,93.05,70.72,17.46,7.16,55.14,206.16,0.54,76.35,53.41,30.0,82.9,87.23,36.13
2010,29,2910057,Dias D'Ávila,0.676,0.584,0.651,0.811,3.03,1.91,8.21,97.95,89.62,24.95,9.19,25.09,460.6,0.5,43.2,20.72,9.31,95.11,99.41,35.44
2010,29,2910107,Dom Basílio,0.591,0.482,0.547,0.783,4.53,4.08,23.72,96.04,84.21,11.29,8.67,40.78,240.83,0.46,64.89,40.89,19.27,61.02,97.96,17.57
2010,29,2910206,Dom Macedo Costa,0.632,0.531,0.598,0.795,3.88,0.81,20.79,99.3,96.89,28.05,9.3,31.05,329.93,0.55,61.31,36.54,16.48,78.54,99.15,21.18
2010,29,2910305,Elísio Medrado,0.623,0.527,0.59,0.777,3.78,1.32,25.43,99.61,94.14,33.09,10.7,45.24,315.04,0.5,57.89,35.13,13.89,82.56,98.8,20.71
2010,29,2910404,Encruzilhada,0.544,0.4,0.533,0.754,6.13,3.07,32.75,95.04,69.48,12.14,6.72,50.92,220.0,0.49,73.95,45.03,22.89,72.06,89.96,26.84
2010,29,2910503,Entre Rios,0.615,0.492,0.602,0.785,6.17,3.27,18.07,95.59,87.21,23.59,7.66,39.62,338.53,0.6,65.25,39.75,19.98,84.11,97.2,35.67
2010,29,2910602,Esplanada,0.589,0.469,0.589,0.74,6.46,3.89,21.61,97.68,82.24,12.06,7.58,42.92,312.58,0.57,68.05,39.21,18.73,88.77,95.36,35.98
2010,29,2910701,Euclides Da Cunha,0.567,0.43,0.565,0.749,5.73,3.41,27.43,97.76,81.42,19.8,7.69,50.76,269.58,0.55,67.74,43.14,23.84,83.95,95.07,27.71
2010,29,2910727,Eunápolis,0.677,0.572,0.687,0.791,4.67,2.22,14.8,96.21,74.33,16.11,8.73,29.12,575.44,0.57,44.08,17.93,5.21,95.9,98.48,28.32
2010,29,2910750,Fátima,0.559,0.459,0.554,0.686,6.51,3.66,35.08,98.37,89.54,17.55,8.46,49.17,250.6,0.53,68.49,46.32,23.88,74.24,96.81,21.58
2010,29,2910776,Feira Da Mata,0.588,0.505,0.527,0.763,3.73,0.77,22.41,97.5,90.29,4.11,9.15,43.46,212.22,0.54,73.81,50.82,33.78,66.42,80.71,22.51
2010,29,2910800,Feira De Santana,0.712,0.619,0.71,0.82,3.96,2.49,9.08,97.38,90.54,22.19,9.11,22.29,662.24,0.6,39.42,15.8,5.38,95.87,99.77,26.04
2010,29,2910859,Filadélfia,0.565,0.45,0.553,0.726,6.96,3.66,22.52,98.36,87.28,19.42,8.66,46.34,250.08,0.57,70.42,45.48,28.62,78.57,95.7,26.25
2010,29,2910909,Firmino Alves,0.578,0.464,0.596,0.699,5.66,2.42,23.44,95.06,88.6,18.16,7.44,45.24,325.51,0.43,56.51,24.91,5.58,71.79,96.47,29.83
2010,29,2911006,Floresta Azul,0.557,0.431,0.548,0.731,8.17,6.94,28.97,92.82,79.42,16.24,7.69,48.79,242.04,0.45,67.86,38.11,19.11,88.81,96.8,34.46
2010,29,2911105,Formosa Do Rio Preto,0.618,0.536,0.576,0.763,6.99,3.75,22.33,97.32,90.6,12.99,8.48,34.32,287.94,0.6,65.17,42.96,30.21,73.58,90.12,31.69
2010,29,2911204,Gandu,0.632,0.508,0.645,0.771,4.92,3.65,22.83,96.8,87.11,12.94,7.72,41.55,442.37,0.59,54.39,30.27,11.36,88.01,98.35,32.76
2010,29,2911253,Gavião,0.599,0.508,0.566,0.747,2.86,2.82,26.28,98.88,90.85,22.47,9.34,41.0,271.53,0.4,61.09,27.21,11.54,72.62,80.25,22.79
2010,29,2911303,Gentio Do Ouro,0.559,0.45,0.523,0.743,7.39,3.77,25.45,97.9,94.01,13.56,7.93,46.99,207.35,0.52,74.08,49.39,31.33,79.1,96.83,15.96
2010,29,2911402,Glória,0.593,0.479,0.563,0.775,8.38,4.13,28.1,97.35,94.95,18.1,9.12,47.26,266.14,0.51,64.95,38.55,23.12,61.35,98.35,31.58
2010,29,2911501,Gongogi,0.576,0.456,0.543,0.773,5.61,4.57,28.44,96.84,75.81,11.35,8.6,45.68,234.7,0.47,70.34,40.1,19.09,74.52,97.72,40.55
2010,29,2911600,Governador Mangabeira,0.643,0.594,0.594,0.754,3.92,2.27,17.45,95.61,100.0,27.06,9.38,24.8,322.02,0.54,61.65,30.73,16.74,88.15,99.68,30.73
2010,29,2911659,Guajeru,0.569,0.437,0.548,0.77,2.99,2.57,29.89,97.07,76.6,2.39,7.96,46.63,241.69,0.46,62.8,36.12,23.67,50.66,89.87,17.88
2010,29,2911709,Guanambi,0.673,0.584,0.663,0.789,2.07,1.89,15.42,97.75,81.61,13.3,9.46,29.06,496.05,0.55,44.59,18.63,7.16,86.59,97.44,19.86
2010,29,2911808,Guaratinga,0.558,0.406,0.559,0.766,9.91,4.62,34.47,94.58,85.2,19.81,7.42,53.87,258.74,0.53,67.07,40.97,24.07,83.4,87.05,27.29
2010,29,2911857,Heliópolis,0.563,0.437,0.547,0.748,6.1,3.47,31.96,98.28,75.9,11.1,9.39,52.47,241.36,0.5,68.99,44.3,24.23,87.07,93.78,26.91
2010,29,2911907,Iaçu,0.574,0.461,0.588,0.697,5.34,3.19,24.99,97.82,86.91,15.57,8.06,47.49,311.24,0.61,68.49,43.94,23.53,79.68,94.17,29.02
2010,29,2912004,Ibiassucê,0.611,0.476,0.608,0.789,3.17,1.43,20.99,98.55,69.21,0.0,8.63,42.91,350.98,0.46,53.0,21.91,9.19,90.56,92.27,11.3
2010,29,2912103,Ibicaraí,0.625,0.524,0.609,0.764,4.75,3.42,21.5,97.98,92.74,20.22,8.25,38.52,354.75,0.53,59.9,32.19,13.41,93.59,98.08,30.28
2010,29,2912202,Ibicoara,0.591,0.484,0.583,0.731,2.98,2.07,16.31,96.34,87.2,11.0,8.57,45.69,300.89,0.48,64.08,31.21,11.12,82.84,97.81,31.72
2010,29,2912301,Ibicuí,0.584,0.435,0.586,0.78,4.72,3.37,25.6,98.17,91.68,18.83,7.72,47.97,307.49,0.5,64.73,34.67,11.33,77.93,93.92,27.1
2010,29,2912400,Ibipeba,0.616,0.545,0.577,0.744,4.3,1.84,18.16,97.62,80.8,5.08,9.14,34.4,290.82,0.56,67.21,43.23,20.16,84.75,97.32,23.58
2010,29,2912509,Ibipitanga,0.584,0.475,0.553,0.757,7.55,3.74,28.1,96.87,82.07,10.23,9.36,45.98,249.32,0.57,69.31,47.05,33.34,64.48,83.52,18.81
2010,29,2912608,Ibiquera,0.511,0.335,0.517,0.771,10.98,6.27,30.06,96.2,46.92,16.44,6.93,61.55,199.55,0.58,74.43,52.54,38.36,53.14,78.39,28.31
2010,29,2912707,Ibirapitanga,0.558,0.415,0.561,0.748,9.46,5.78,31.91,95.94,84.51,13.3,7.47,52.27,261.88,0.52,68.81,45.03,19.44,79.88,91.8,40.71
2010,29,2912806,Ibirapuã,0.614,0.467,0.641,0.774,2.09,2.56,23.09,99.2,79.97,13.29,8.11,48.12,431.31,0.51,47.14,20.97,9.06,85.41,96.32,24.69
2010,29,2912905,Ibirataia,0.576,0.424,0.571,0.789,7.19,3.44,28.88,97.59,88.95,16.32,8.06,47.11,278.69,0.49,65.46,36.2,15.5,90.79,94.27,28.91
2010,29,2913002,Ibitiara,0.585,0.49,0.55,0.744,2.58,2.84,23.22,96.21,85.62,12.37,9.85,47.19,244.68,0.55,67.78,46.3,30.38,70.09,93.92,21.66
2010,29,2913101,Ibititá,0.602,0.527,0.554,0.747,5.19,1.82,22.73,96.58,97.18,12.6,9.1,39.64,250.63,0.5,67.19,44.22,22.01,93.84,98.74,22.64
2010,29,2913200,Ibotirama,0.636,0.548,0.601,0.78,6.95,3.3,17.98,96.38,100.0,21.53,9.34,32.1,337.12,0.55,60.34,34.56,19.29,82.87,98.2,27.97
2010,29,2913309,Ichu,0.631,0.562,0.58,0.771,6.72,2.35,14.24,98.47,94.07,45.37,9.35,32.46,296.17,0.47,56.78,34.31,17.2,69.71,97.19,15.78
2010,29,2913408,Igaporã,0.614,0.516,0.586,0.766,3.11,2.02,20.39,97.31,94.09,20.79,8.57,32.48,306.74,0.5,63.1,31.73,11.27,73.83,96.61,19.05
2010,29,2913457,Igrapiúna,0.574,0.424,0.565,0.789,8.1,4.25,24.49,97.16,83.88,11.23,7.11,51.27,269.34,0.54,67.88,44.16,21.24,66.46,78.39,40.41
2010,29,2913507,Iguaí,0.552,0.382,0.559,0.786,7.89,4.82,30.23,94.05,84.18,24.07,6.78,59.72,258.8,0.55,71.63,43.17,22.57,80.9,88.34,29.19
2010,29,2913606,Ilhéus,0.69,0.59,0.688,0.808,4.32,2.79,12.48,96.72,82.77,19.26,8.61,27.79,579.46,0.58,44.4,19.66,6.86,90.86,97.26,31.77
2010,29,2913705,Inhambupe,0.565,0.429,0.556,0.757,8.05,5.81,25.56,97.18,73.78,6.6,8.01,50.32,254.99,0.53,70.37,44.31,21.91,78.4,97.22,32.51
2010,29,2913804,Ipecaetá,0.55,0.424,0.506,0.776,4.8,2.61,26.23,96.14,80.76,19.01,8.53,46.23,186.54,0.53,75.47,52.76,31.84,61.55,95.12,33.77
2010,29,2913903,Ipiaú,0.67,0.551,0.687,0.796,4.58,3.11,19.91,97.38,79.85,20.25,8.64,33.17,573.36,0.69,55.6,29.68,12.52,93.49,99.05,29.75
2010,29,2914000,Ipirá,0.549,0.39,0.568,0.748,7.53,4.78,27.48,95.92,56.09,12.99,7.65,52.41,274.88,0.52,65.73,38.41,19.91,62.02,92.19,29.58
2010,29,2914109,Ipupiara,0.59,0.499,0.558,0.736,2.1,2.31,15.88,98.79,83.68,21.43,9.65,41.25,258.3,0.5,64.1,40.28,23.79,79.23,97.57,15.81
2010,29,2914208,Irajuba,0.576,0.453,0.544,0.776,6.41,5.44,27.82,98.25,96.01,19.77,9.26,50.27,236.16,0.52,71.07,44.78,22.78,63.61,97.83,22.7
2010,29,2914307,Iramaia,0.571,0.463,0.543,0.74,5.41,3.99,24.32,97.28,84.75,9.34,8.69,45.53,234.91,0.5,73.4,44.26,21.5,58.72,87.84,24.5
2010,29,2914406,Iraquara,0.599,0.523,0.548,0.749,3.26,2.19,17.72,99.05,79.42,1.07,8.68,38.94,242.58,0.61,75.58,53.66,32.35,76.99,97.63,29.4
2010,29,2914505,Irará,0.62,0.501,0.587,0.809,5.4,2.67,23.27,98.7,91.39,24.01,8.23,37.62,308.34,0.5,59.51,33.95,12.96,58.36,98.89,30.72
2010,29,2914604,Irecê,0.691,0.643,0.661,0.776,2.9,2.39,13.4,96.39,88.76,20.58,9.33,27.44,488.15,0.59,51.43,25.5,8.08,98.98,99.02,25.24
2010,29,2914653,Itabela,0.599,0.465,0.614,0.751,6.16,2.94,25.74,95.81,55.72,8.91,7.97,41.88,365.39,0.55,61.76,31.39,11.33,95.16,96.94,33.0
2010,29,2914703,Itaberaba,0.62,0.485,0.638,0.769,5.66,3.59,17.96,96.23,79.29,11.66,8.11,38.48,422.79,0.58,55.64,29.19,13.34,86.84,92.91,28.79
2010,29,2914802,Itabuna,0.712,0.643,0.695,0.807,3.96,2.67,10.38,96.57,87.09,23.07,9.36,22.12,605.12,0.56,39.61,17.09,6.12,95.36,99.37,28.14
2010,29,2914901,Itacaré,0.583,0.413,0.594,0.807,11.49,6.55,23.0,94.71,86.6,15.54,6.95,53.57,323.3,0.55,63.53,36.47,16.08,79.17,81.97,47.47
2010,29,2915007,Itaeté,0.572,0.485,0.536,0.719,4.06,2.29,26.32,98.09,80.59,17.63,9.0,44.28,224.79,0.54,71.46,50.94,29.65,77.57,93.54,35.19
2010,29,2915106,Itagi,0.543,0.426,0.543,0.694,7.23,3.71,30.77,95.65,76.0,11.98,9.35,49.89,234.8,0.46,70.25,43.38,16.45,86.32,93.64,28.29
2010,29,2915205,Itagibá,0.589,0.469,0.566,0.77,8.31,4.19,26.51,95.38,80.65,20.79,8.03,40.62,270.27,0.47,64.28,35.8,14.2,86.23,96.93,30.9
2010,29,2915304,Itagimirim,0.634,0.516,0.602,0.821,5.77,3.44,27.89,96.18,84.02,21.35,8.73,36.44,339.65,0.52,59.25,30.72,13.74,92.98,94.98,30.44
2010,29,2915353,Itaguaçu Da Bahia,0.562,0.435,0.55,0.74,8.05,4.68,28.72,96.89,76.19,4.42,8.54,50.37,245.68,0.54,73.29,44.7,22.4,85.09,86.95,38.41
2010,29,2915403,Itaju Do Colônia,0.592,0.502,0.57,0.724,6.78,3.97,25.65,98.39,82.82,19.18,8.47,46.19,276.93,0.48,65.38,37.65,12.46,77.98,95.79,34.24
2010,29,2915502,Itajuípe,0.599,0.466,0.609,0.759,7.41,3.91,21.8,96.36,85.72,6.38,8.15,43.86,354.2,0.49,55.78,28.49,10.53,91.0,98.02,30.6
2010,29,2915601,Itamaraju,0.627,0.502,0.641,0.767,5.04,2.83,22.11,95.67,81.98,9.77,8.34,41.58,432.95,0.55,53.86,25.14,9.49,92.76,95.43,27.37
2010,29,2915700,Itamari,0.578,0.454,0.595,0.713,5.74,5.96,28.21,95.91,87.48,26.11,7.79,45.46,325.0,0.51,57.45,32.85,15.34,83.37,95.61,29.84
2010,29,2915809,Itambé,0.578,0.436,0.589,0.75,5.45,3.23,24.74,95.99,85.68,15.42,8.16,46.66,312.32,0.4,54.57,23.04,7.53,85.21,96.24,31.47
2010,29,2915908,Itanagra,0.584,0.433,0.577,0.796,9.32,3.17,24.56,98.1,69.22,20.45,7.52,48.5,289.16,0.63,73.21,48.74,26.94,79.73,94.67,37.75
2010,29,2916005,Itanhém,0.637,0.525,0.624,0.79,3.72,2.81,24.82,97.7,73.81,10.48,9.09,39.96,388.04,0.54,58.65,27.57,10.91,89.63,95.24,21.11
2010,29,2916104,Itaparica,0.67,0.553,0.657,0.826,4.46,2.43,7.58,98.29,90.58,28.01,8.21,28.5,476.99,0.63,57.48,28.32,13.55,91.59,97.99,38.41
2010,29,2916203,Itapé,0.599,0.491,0.574,0.761,5.36,3.65,23.21,96.06,89.33,24.36,8.26,41.59,285.13,0.47,64.47,34.17,13.4,77.37,95.01,33.19
2010,29,2916302,Itapebi,0.572,0.458,0.568,0.718,6.33,4.31,29.64,97.41,82.32,20.14,8.28,47.75,273.69,0.48,64.18,36.38,14.63,88.15,92.1,37.99
2010,29,2916401,Itapetinga,0.667,0.562,0.667,0.79,4.12,2.6,14.89,96.82,83.87,20.19,7.66,30.15,506.76,0.48,37.82,12.26,2.66,95.94,99.17,29.24
2010,29,2916500,Itapicuru,0.486,0.319,0.505,0.711,13.65,9.38,38.52,95.58,72.96,2.61,7.02,68.95,185.7,0.54,79.06,57.29,31.44,78.66,92.77,36.89
2010,29,2916609,Itapitanga,0.571,0.454,0.536,0.764,4.96,3.88,25.68,96.97,90.97,22.29,8.41,49.93,225.1,0.43,72.55,36.57,15.75,84.01,96.92,38.72
2010,29,2916708,Itaquara,0.553,0.411,0.539,0.763,7.93,4.87,33.8,94.45,91.56,21.06,7.93,53.51,229.04,0.55,75.31,51.57,25.22,85.07,94.31,27.29
2010,29,2916807,Itarantim,0.61,0.487,0.608,0.766,3.55,2.37,23.03,96.59,88.11,18.78,8.07,44.94,352.74,0.5,58.82,27.65,6.79,88.31,96.45,26.47
2010,29,2916856,Itatim,0.582,0.459,0.55,0.782,6.53,4.86,23.32,97.89,96.2,33.74,8.12,46.76,245.37,0.46,66.54,40.67,18.01,86.34,95.22,26.43
2010,29,2916906,Itiruçu,0.6,0.482,0.588,0.762,5.18,2.74,24.52,96.71,90.28,15.12,8.71,44.16,309.83,0.5,62.16,33.21,12.99,86.44,98.52,19.72
2010,29,2917003,Itiúba,0.544,0.398,0.521,0.775,11.39,7.19,26.55,95.54,80.27,16.78,7.56,55.3,205.18,0.56,76.01,54.5,34.21,53.34,90.01,29.19
2010,29,2917102,Itororó,0.594,0.474,0.598,0.739,5.49,2.56,24.37,98.64,86.54,22.58,7.96,45.12,330.0,0.44,55.42,22.06,8.6,90.3,96.03,25.84
2010,29,2917201,Ituaçu,0.57,0.425,0.565,0.77,3.27,3.25,25.8,98.17,79.61,13.68,8.27,53.29,269.3,0.52,65.97,42.66,20.6,54.7,95.45,15.22
2010,29,2917300,Ituberá,0.606,0.482,0.601,0.769,5.96,3.65,20.38,97.83,83.16,18.2,7.95,42.79,337.03,0.51,60.31,32.72,11.44,69.79,93.94,33.18
2010,29,2917334,Iuiú,0.591,0.504,0.553,0.74,6.24,3.18,25.99,98.3,94.31,32.32,8.17,41.57,249.32,0.47,68.49,39.17,16.12,57.75,90.98,33.22
2010,29,2917359,Jaborandi,0.613,0.508,0.572,0.791,3.96,2.65,25.57,96.14,74.61,6.95,8.73,40.33,281.14,0.62,68.07,48.92,33.49,76.28,92.55,13.78
2010,29,2917409,Jacaraci,0.593,0.49,0.573,0.741,1.82,1.3,25.82,98.29,68.24,12.1,8.84,41.66,283.51,0.47,59.22,35.25,18.71,88.43,96.41,13.9
2010,29,2917508,Jacobina,0.649,0.558,0.636,0.772,4.43,2.29,17.56,97.35,82.09,20.49,9.44,35.95,417.88,0.55,53.24,28.66,12.95,85.23,97.43,22.43
2010,29,2917607,Jaguaquara,0.58,0.446,0.586,0.747,7.49,4.42,26.78,94.67,79.19,14.56,7.73,46.04,307.08,0.5,63.91,32.3,12.81,87.3,97.34,28.02
2010,29,2917706,Jaguarari,0.659,0.551,0.644,0.806,5.11,3.57,18.1,98.27,94.57,21.91,9.41,35.33,439.23,0.66,55.87,36.44,22.46,80.27,97.61,16.67
2010,29,2917805,Jaguaripe,0.556,0.407,0.552,0.763,9.08,4.88,28.35,97.58,91.25,15.59,7.86,53.04,247.75,0.55,72.51,47.49,23.92,80.39,91.53,32.92
2010,29,2917904,Jandaíra,0.55,0.435,0.511,0.749,6.67,3.41,27.29,99.0,85.83,31.21,8.03,50.04,192.11,0.54,79.75,54.92,31.23,77.01,95.74,36.55
2010,29,2918001,Jequié,0.665,0.568,0.656,0.79,5.83,3.69,15.88,97.36,85.35,24.37,8.91,29.59,473.92,0.55,50.24,22.48,7.88,92.66,98.44,26.95
2010,29,2918100,Jeremoabo,0.547,0.424,0.561,0.689,8.82,4.53,32.0,97.2,79.85,18.32,8.58,52.16,262.76,0.53,67.29,43.67,22.51,65.38,91.23,24.82
2010,29,2918209,Jiquiriçá,0.553,0.397,0.558,0.763,4.61,2.81,22.6,97.81,79.85,6.05,7.78,53.71,257.95,0.5,68.44,42.59,18.18,58.24,96.78,27.54
2010,29,2918308,Jitaúna,0.575,0.479,0.563,0.704,5.25,3.25,29.72,96.72,91.04,23.45,8.74,45.44,266.56,0.51,68.99,42.15,18.16,74.03,94.14,30.03
2010,29,2918357,João Dourado,0.593,0.513,0.573,0.709,2.95,2.62,20.67,96.45,79.91,15.62,9.39,38.81,283.12,0.52,68.4,40.96,16.56,93.07,96.85,30.66
2010,29,2918407,Juazeiro,0.677,0.594,0.657,0.796,4.94,3.29,13.35,96.75,83.37,22.94,9.03,27.49,476.58,0.56,49.09,21.56,7.59,91.05,99.48,34.9
2010,29,2918456,Jucuruçu,0.541,0.415,0.508,0.751,6.73,4.49,32.04,91.5,60.28,14.47,8.52,50.77,188.8,0.54,76.54,53.18,35.11,72.64,67.02,24.58
2010,29,2918506,Jussara,0.571,0.476,0.544,0.72,5.85,4.64,25.77,97.21,76.7,2.15,8.93,44.71,236.05,0.52,69.62,45.97,26.88,92.52,96.44,30.87
2010,29,2918555,Jussari,0.567,0.451,0.577,0.699,11.9,4.83,29.42,94.55,97.09,29.22,7.43,47.85,290.22,0.51,64.88,37.14,14.75,88.41,97.11,29.94
2010,29,2918605,Jussiape,0.602,0.493,0.6,0.736,3.86,2.65,25.07,98.39,77.91,17.84,8.31,42.78,334.07,0.46,51.09,24.82,13.43,86.57,99.4,15.52
2010,29,2918704,Lafaiete Coutinho,0.599,0.483,0.576,0.771,2.34,0.52,26.98,99.03,91.32,26.29,9.02,45.4,288.05,0.51,66.92,38.48,14.73,72.89,95.22,17.28
2010,29,2918753,Lagoa Real,0.545,0.395,0.535,0.764,3.73,2.8,23.83,97.48,52.79,7.59,8.46,48.4,223.11,0.48,72.75,43.89,22.93,46.3,96.02,18.86
2010,29,2918803,Laje,0.586,0.48,0.548,0.764,5.81,3.21,27.44,96.88,82.77,18.19,8.31,41.92,241.63,0.51,70.26,43.59,22.22,77.28,97.64,22.16
2010,29,2918902,Lajedão,0.632,0.497,0.652,0.778,6.49,2.05,24.18,98.74,92.31,24.39,8.87,45.26,463.94,0.58,54.45,21.7,7.36,92.18,97.5,15.91
2010,29,2919009,Lajedinho,0.546,0.413,0.522,0.753,7.65,5.47,27.58,97.53,80.26,22.7,7.13,55.21,205.65,0.56,77.38,56.72,31.47,61.22,70.27,31.4
2010,29,2919058,Lajedo Do Tabocal,0.584,0.479,0.545,0.764,3.45,2.66,29.36,97.87,89.59,14.08,9.69,46.49,237.39,0.46,71.11,45.4,14.58,83.46,97.25,16.62
2010,29,2919108,Lamarão,0.518,0.372,0.501,0.747,10.3,7.51,32.78,95.17,87.6,16.31,7.81,51.26,180.82,0.5,79.81,53.56,29.1,42.7,95.0,36.99
2010,29,2919157,Lapão,0.596,0.51,0.55,0.755,7.0,4.45,20.99,97.01,90.05,13.82,8.8,40.12,244.43,0.52,69.85,47.08,21.64,93.12,99.3,28.71
2010,29,2919207,Lauro De Freitas,0.754,0.663,0.781,0.827,2.57,1.68,4.93,97.21,90.53,27.92,8.86,17.76,1031.78,0.63,30.32,11.45,3.48,98.96,99.75,30.31
2010,29,2919306,Lençóis,0.623,0.51,0.613,0.775,4.62,3.11,18.65,97.24,78.07,11.69,8.31,37.33,362.74,0.61,64.21,39.34,19.38,82.47,92.34,36.85
2010,29,2919405,Licínio De Almeida,0.621,0.531,0.582,0.775,2.67,1.08,22.9,98.36,92.2,19.26,9.54,36.69,299.47,0.45,58.63,29.59,11.11,71.43,96.57,17.32
2010,29,2919504,Livramento De Nossa Senhora,0.611,0.491,0.587,0.793,3.14,2.43,21.15,98.11,70.69,16.76,8.97,40.4,309.16,0.52,60.86,35.73,18.58,72.62,96.29,18.67
2010,29,2919553,Luís Eduardo Magalhães,0.716,0.59,0.754,0.826,2.49,1.06,7.27,96.42,59.96,12.79,8.76,30.98,871.12,0.62,31.29,10.52,2.92,93.82,99.41,38.77
2010,29,2919603,Macajuba,0.524,0.358,0.515,0.78,7.25,5.16,27.76,97.59,75.68,18.34,7.25,65.04,197.25,0.55,78.56,54.31,33.81,63.93,85.33,31.82
2010,29,2919702,Macarani,0.605,0.466,0.607,0.782,4.03,1.98,27.5,96.67,88.27,28.8,7.56,45.54,350.25,0.46,55.19,23.98,5.68,88.93,95.04,26.75
2010,29,2919801,Macaúbas,0.609,0.513,0.557,0.791,4.92,2.75,26.44,97.91,88.52,18.19,8.62,40.48,255.36,0.55,69.06,44.17,26.87,89.62,90.88,23.2
2010,29,2919900,Macururé,0.604,0.539,0.547,0.748,12.5,5.62,25.77,97.1,88.02,21.13,9.61,35.27,240.32,0.55,72.01,47.59,25.61,54.05,86.12,32.7
2010,29,2919926,Madre De Deus,0.708,0.667,0.67,0.794,1.3,1.08,5.26,98.55,94.81,30.51,9.52,13.81,517.74,0.54,41.88,22.34,11.92,99.71,99.76,27.39
2010,29,2919959,Maetinga,0.538,0.368,0.565,0.751,4.52,2.28,32.92,96.76,65.69,20.25,8.53,57.35,268.47,0.46,63.04,33.28,19.29,56.61,88.02,20.04
2010,29,2920007,Maiquinique,0.576,0.472,0.586,0.69,5.01,3.32,26.79,98.04,72.3,3.96,8.36,47.68,306.24,0.46,62.0,27.36,9.8,83.26,93.76,20.59
2010,29,2920106,Mairi,0.572,0.438,0.575,0.744,5.51,4.22,24.09,97.98,82.3,17.45,8.06,50.39,286.58,0.5,63.31,39.5,17.03,65.28,92.24,23.62
2010,29,2920205,Malhada,0.562,0.454,0.532,0.734,4.42,3.44,24.31,97.39,80.83,6.1,8.02,45.01,218.66,0.49,72.1,44.63,21.75,68.75,92.03,32.37
2010,29,2920304,Malhada De Pedras,0.578,0.471,0.549,0.747,1.94,1.96,26.09,97.38,79.49,18.87,9.12,48.48,244.02,0.48,64.43,39.63,23.18,47.89,96.13,21.63
2010,29,2920403,Manoel Vitorino,0.566,0.456,0.538,0.741,6.04,3.75,27.81,98.21,83.62,7.64,9.58,46.43,226.95,0.51,71.79,46.92,26.47,57.3,80.33,22.51
2010,29,2920452,Mansidão,0.599,0.568,0.503,0.752,6.71,3.11,17.54,99.26,91.5,26.57,8.55,26.69,182.65,0.55,77.07,55.1,37.45,55.57,86.66,33.19
2010,29,2920502,Maracás,0.607,0.519,0.577,0.747,4.06,1.88,24.62,97.16,96.51,36.2,9.06,41.61,290.11,0.51,62.8,39.19,17.5,78.25,94.21,19.07
2010,29,2920601,Maragogipe,0.621,0.518,0.582,0.793,6.9,4.63,22.75,96.84,84.05,18.81,8.73,36.11,300.1,0.57,67.41,42.63,21.34,82.72,97.89,32.58
2010,29,2920700,Maraú,0.593,0.404,0.643,0.801,13.79,7.49,25.44,95.01,80.92,12.11,6.84,53.95,437.51,0.71,68.29,44.19,22.23,70.81,78.82,46.09
2010,29,2920809,Marcionílio Souza,0.561,0.463,0.518,0.737,7.04,3.66,30.6,96.09,80.76,11.11,8.39,43.95,201.52,0.49,73.08,48.41,26.84,70.54,86.73,29.97
2010,29,2920908,Mascote,0.581,0.464,0.567,0.744,7.9,4.06,30.47,94.98,80.79,16.84,8.53,47.43,272.97,0.58,71.09,46.08,24.05,83.84,92.57,40.16
2010,29,2921005,Mata De São João,0.668,0.562,0.648,0.818,3.06,2.4,11.56,98.06,92.81,18.25,8.65,29.32,451.9,0.56,49.32,23.45,9.34,88.39,98.75,32.46
2010,29,2921054,Matina,0.572,0.469,0.538,0.74,3.25,4.76,31.97,97.48,89.99,17.8,8.76,44.61,227.07,0.46,70.63,39.62,21.47,65.5,90.53,26.03
2010,29,2921104,Medeiros Neto,0.625,0.501,0.626,0.777,3.74,2.18,24.08,96.75,73.79,11.63,7.89,46.15,392.49,0.53,55.74,27.86,9.56,88.76,96.83,22.89
2010,29,2921203,Miguel Calmon,0.586,0.472,0.571,0.745,4.0,2.42,20.42,97.54,92.35,20.87,8.2,50.46,279.05,0.54,66.73,43.1,21.02,83.77,95.98,24.11
2010,29,2921302,Milagres,0.622,0.518,0.59,0.789,2.84,3.2,22.25,98.92,91.68,26.91,8.5,39.74,313.88,0.51,60.09,33.35,18.25,85.44,96.42,26.43
2010,29,2921401,Mirangaba,0.542,0.454,0.512,0.685,3.37,3.49,25.45,98.42,91.76,16.56,8.63,49.99,193.47,0.51,76.2,50.34,31.62,65.54,97.09,23.85
2010,29,2921450,Mirante,0.527,0.386,0.524,0.722,7.25,3.11,30.18,97.32,73.52,16.48,8.89,56.08,208.18,0.52,72.61,49.79,32.05,25.7,96.62,26.3
2010,29,2921500,Monte Santo,0.506,0.359,0.515,0.699,11.21,5.25,35.57,98.09,78.82,13.55,7.91,61.62,197.43,0.55,75.76,55.01,35.11,28.18,91.18,26.84
2010,29,2921609,Morpará,0.558,0.444,0.536,0.732,9.75,5.05,27.64,97.86,84.95,7.51,9.03,47.91,224.53,0.55,72.53,50.91,29.89,69.95,97.81,26.6
2010,29,2921708,Morro Do Chapéu,0.588,0.478,0.554,0.766,6.06,3.61,22.0,96.51,81.29,9.16,9.38,49.57,250.88,0.51,71.85,43.04,20.15,74.88,94.09,29.22
2010,29,2921807,Mortugaba,0.618,0.513,0.598,0.771,3.02,2.41,26.49,99.7,71.2,18.91,9.02,36.42,330.3,0.48,52.91,26.65,13.8,83.2,96.34,15.64
2010,29,2921906,Mucugê,0.606,0.48,0.589,0.787,5.95,2.93,19.83,97.47,85.25,10.95,8.32,44.59,312.35,0.53,60.65,35.14,18.04,78.4,92.42,24.59
2010,29,2922003,Mucuri,0.665,0.541,0.679,0.801,3.64,2.71,18.26,94.13,84.61,16.61,7.97,32.3,546.41,0.57,44.93,22.95,8.52,89.26,96.3,29.3
2010,29,2922052,Mulungu Do Morro,0.566,0.466,0.517,0.753,6.3,4.34,20.41,98.37,78.18,7.16,8.22,47.66,199.94,0.49,74.75,49.91,28.28,23.44,97.44,30.64
2010,29,2922102,Mundo Novo,0.59,0.429,0.606,0.791,4.66,3.54,22.88,96.47,78.36,13.42,8.15,50.55,346.89,0.65,70.43,41.77,22.36,74.3,90.44,31.27
2010,29,2922201,Muniz Ferreira,0.617,0.531,0.581,0.761,3.85,3.89,22.54,98.21,93.33,28.14,9.61,35.87,297.78,0.51,62.97,33.95,15.81,76.97,97.94,23.44
2010,29,2922250,Muquém De São Francisco,0.549,0.445,0.488,0.761,9.01,5.52,25.28,97.12,79.25,14.85,8.57,51.47,166.67,0.55,79.66,59.01,36.66,78.41,92.36,35.23
2010,29,2922300,Muritiba,0.66,0.573,0.629,0.796,4.94,3.51,16.84,96.69,97.64,25.35,8.41,28.5,401.14,0.55,54.79,26.53,12.74,91.74,99.87,24.27
2010,29,2922409,Mutuípe,0.601,0.467,0.618,0.751,3.45,3.33,23.48,98.67,87.93,21.99,8.31,46.11,374.8,0.63,63.71,40.5,19.86,70.3,97.43,24.25
2010,29,2922508,Nazaré,0.641,0.532,0.637,0.777,5.11,3.01,18.43,96.87,99.24,25.78,8.95,30.41,421.82,0.61,58.61,34.19,15.24,85.53,99.02,28.3
2010,29,2922607,Nilo Peçanha,0.547,0.404,0.531,0.762,7.58,7.94,26.29,94.95,89.23,22.73,6.83,51.91,218.32,0.52,73.99,48.88,26.77,68.17,85.58,34.31
2010,29,2922656,Nordestina,0.56,0.467,0.507,0.743,4.94,2.05,29.46,98.73,85.69,10.94,9.64,45.69,187.22,0.54,77.06,54.61,35.62,48.19,88.76,31.79
2010,29,2922706,Nova Canaã,0.545,0.37,0.554,0.789,7.51,3.85,31.43,96.91,83.58,21.09,7.12,61.88,251.9,0.46,67.0,36.62,17.4,65.8,89.51,19.45
2010,29,2922730,Nova Fátima,0.597,0.501,0.575,0.738,1.34,0.89,23.62,98.5,97.46,25.84,9.14,45.87,287.32,0.43,59.53,28.65,11.06,86.13,96.58,17.68
2010,29,2922755,Nova Ibiá,0.57,0.419,0.62,0.714,3.46,3.17,29.01,97.01,93.03,26.76,8.12,54.72,378.1,0.56,61.06,31.18,8.09,76.51,95.55,27.9
2010,29,2922805,Nova Itarana,0.524,0.389,0.508,0.729,5.87,4.61,30.56,97.39,76.9,6.53,6.98,57.15,188.86,0.55,77.62,55.04,34.83,77.05,95.14,29.4
2010,29,2922854,Nova Redenção,0.567,0.471,0.534,0.723,5.3,3.06,27.15,95.05,83.39,14.13,7.51,43.8,222.33,0.5,70.03,46.88,26.18,77.55,90.93,37.24
2010,29,2922904,Nova Soure,0.555,0.439,0.548,0.712,5.76,3.33,31.39,97.65,88.59,16.17,8.52,53.34,241.71,0.57,71.88,50.39,27.98,84.57,93.69,26.23
2010,29,2923001,Nova Viçosa,0.654,0.546,0.657,0.78,3.2,1.82,19.02,96.96,72.08,13.11,9.38,36.52,476.79,0.61,53.0,26.17,11.89,93.68,96.86,32.3
2010,29,2923035,Novo Horizonte,0.597,0.503,0.558,0.757,4.03,3.95,21.94,97.38,78.8,6.06,8.66,41.93,257.12,0.56,67.16,46.08,28.89,78.83,97.85,16.78
2010,29,2923050,Novo Triunfo,0.554,0.43,0.513,0.769,5.54,4.46,23.28,94.58,79.0,18.08,7.26,45.12,194.56,0.51,78.47,51.25,28.82,71.38,89.53,28.07
2010,29,2923100,Olindina,0.559,0.403,0.534,0.81,12.44,6.62,29.11,91.38,66.77,5.39,7.11,51.55,222.62,0.58,72.9,52.64,34.3,86.82,97.39,30.92
2010,29,2923209,Oliveira Dos Brejinhos,0.554,0.427,0.533,0.747,6.18,3.97,22.08,97.78,60.22,9.51,8.7,51.75,220.72,0.56,75.27,47.07,32.29,86.26,85.52,21.71
2010,29,2923308,Ouriçangas,0.607,0.503,0.572,0.779,2.56,2.68,26.9,98.7,96.13,8.96,8.54,42.53,281.59,0.45,62.34,32.58,10.59,92.18,97.17,24.74
2010,29,2923357,Ourolândia,0.56,0.459,0.547,0.701,5.41,3.4,27.85,97.7,85.64,11.17,7.87,50.75,239.93,0.52,72.25,44.6,23.18,68.87,97.46,28.04
2010,29,2923407,Palmas De Monte Alto,0.586,0.462,0.561,0.777,4.12,2.64,28.42,98.96,84.97,17.58,8.7,46.02,262.69,0.48,60.42,41.14,19.45,63.35,85.23,22.33
2010,29,2923506,Palmeiras,0.643,0.56,0.608,0.782,3.92,3.71,17.81,96.17,84.75,12.97,9.12,34.09,350.79,0.58,62.05,38.11,17.24,87.79,90.89,23.57
2010,29,2923605,Paramirim,0.615,0.496,0.604,0.776,3.85,2.74,20.02,96.7,89.05,8.49,8.24,39.01,343.78,0.51,55.64,30.95,14.89,80.52,93.42,16.58
2010,29,2923704,Paratinga,0.59,0.51,0.519,0.774,8.28,3.84,24.28,98.86,91.34,11.02,8.87,36.99,201.79,0.55,77.49,51.6,30.09,66.04,94.09,24.57
2010,29,2923803,Paripiranga,0.577,0.472,0.567,0.717,6.68,4.33,28.07,97.42,87.61,10.6,8.93,49.59,273.23,0.59,68.06,46.78,29.15,32.99,97.03,21.39
2010,29,2923902,Pau Brasil,0.583,0.47,0.58,0.727,9.49,3.69,28.19,96.88,77.62,2.86,7.73,45.51,296.08,0.56,64.94,41.5,22.52,75.06,95.06,38.35
2010,29,2924009,Paulo Afonso,0.674,0.572,0.678,0.789,7.02,4.0,16.69,96.4,78.47,17.66,8.9,28.9,544.73,0.58,44.41,22.69,10.26,89.08,99.13,28.15
2010,29,2924058,Pé De Serra,0.587,0.465,0.558,0.779,3.04,2.74,24.36,97.98,94.96,19.33,8.92,47.43,257.45,0.46,63.14,35.54,17.43,58.09,92.52,21.77
2010,29,2924108,Pedrão,0.588,0.49,0.534,0.775,4.81,3.51,21.88,98.35,86.06,2.05,8.95,39.38,221.53,0.47,73.07,44.72,20.91,54.98,97.74,26.49
2010,29,2924207,Pedro Alexandre,0.513,0.354,0.489,0.778,19.41,11.38,40.96,94.41,69.62,20.44,7.11,57.69,167.65,0.51,81.55,56.17,33.42,32.19,69.65,42.35
2010,29,2924306,Piatã,0.571,0.447,0.543,0.769,4.06,2.75,23.74,98.64,76.8,9.87,9.12,51.48,234.44,0.54,68.57,46.46,29.92,67.41,86.41,18.42
2010,29,2924405,Pilão Arcado,0.506,0.343,0.514,0.737,16.45,9.87,30.09,95.82,77.87,14.43,6.34,61.27,195.98,0.6,76.67,55.56,40.9,44.41,69.15,30.9
2010,29,2924504,Pindaí,0.603,0.498,0.566,0.777,2.58,2.05,23.8,98.44,93.58,18.26,9.3,41.1,270.15,0.45,59.58,31.53,18.52,59.63,90.11,17.2
2010,29,2924603,Pindobaçu,0.577,0.482,0.527,0.757,5.76,3.55,24.68,98.62,94.51,31.81,8.32,40.06,212.52,0.5,72.26,46.36,27.54,73.51,97.1,30.69
2010,29,2924652,Pintadas,0.612,0.525,0.572,0.765,2.12,3.27,24.03,96.74,91.66,12.35,10.34,40.63,281.74,0.46,57.52,34.7,17.55,61.06,85.38,29.34
2010,29,2924678,Piraí Do Norte,0.533,0.363,0.546,0.762,13.03,6.91,26.18,95.41,89.34,25.18,6.08,59.64,238.62,0.49,67.07,42.52,20.16,75.92,85.06,45.24
2010,29,2924702,Piripá,0.575,0.453,0.547,0.768,3.03,1.78,25.41,97.29,74.59,17.63,7.3,42.83,241.1,0.49,67.78,41.13,21.83,66.44,92.17,18.86
2010,29,2924801,Piritiba,0.578,0.449,0.566,0.76,3.8,3.28,21.63,97.89,73.35,20.2,8.36,52.98,271.4,0.52,68.21,42.43,19.38,83.53,94.62,28.87
2010,29,2924900,Planaltino,0.572,0.462,0.573,0.708,4.93,3.56,32.24,96.57,90.44,29.19,9.06,46.2,282.33,0.56,68.36,42.02,21.89,36.97,92.96,22.74
2010,29,2925006,Planalto,0.56,0.428,0.557,0.738,5.83,3.29,29.46,97.09,75.68,5.3,8.01,50.97,256.26,0.45,65.54,37.1,16.4,73.27,94.34,22.77
2010,29,2925105,Poções,0.604,0.474,0.583,0.798,6.51,3.81,26.93,96.5,67.44,7.16,8.81,47.2,300.74,0.54,65.88,38.45,18.66,83.7,97.19,21.03
2010,29,2925204,Pojuca,0.666,0.559,0.645,0.819,1.91,0.86,9.32,96.7,83.37,17.16,8.64,27.9,443.8,0.5,45.37,21.62,8.95,91.49,98.99,27.41
2010,29,2925253,Ponto Novo,0.58,0.475,0.539,0.762,5.81,4.59,25.44,98.07,86.41,14.44,9.33,47.81,229.61,0.49,71.76,42.69,22.85,81.36,96.99,27.89
2010,29,2925303,Porto Seguro,0.676,0.572,0.673,0.801,4.27,2.44,11.98,96.94,76.08,14.95,8.75,31.31,527.04,0.56,45.99,19.78,7.33,87.28,98.21,39.16
2010,29,2925402,Potiraguá,0.625,0.545,0.595,0.754,3.92,1.87,22.35,97.65,90.78,22.68,9.78,35.74,323.92,0.49,60.84,27.83,9.84,89.53,98.17,30.42
2010,29,2925501,Prado,0.621,0.497,0.616,0.784,4.3,3.16,19.9,96.5,87.64,14.03,8.53,42.36,369.96,0.55,56.17,29.81,14.47,84.71,92.25,35.6
2010,29,2925600,Presidente Dutra,0.614,0.553,0.572,0.73,2.56,1.85,15.42,96.05,88.46,24.94,9.1,35.67,280.86,0.53,68.1,41.11,18.85,96.07,98.94,21.92
2010,29,2925709,Presidente Jânio Quadros,0.542,0.386,0.533,0.772,4.36,2.61,34.02,97.01,80.21,12.55,7.16,58.9,220.1,0.53,72.07,49.92,30.34,42.04,78.35,16.18
2010,29,2925758,Presidente Tancredo Neves,0.559,0.424,0.566,0.727,4.33,4.24,29.15,97.55,56.92,5.54,7.67,49.54,270.35,0.55,69.14,42.47,20.75,80.27,93.03,33.31
2010,29,2925808,Queimadas,0.592,0.493,0.55,0.764,5.44,3.16,23.61,98.03,88.35,10.89,9.23,42.85,245.7,0.51,69.22,43.24,22.8,63.13,88.75,26.01
2010,29,2925907,Quijingue,0.544,0.434,0.539,0.689,5.67,2.66,34.47,98.38,91.41,22.25,8.8,50.66,228.71,0.58,74.91,50.84,33.8,58.12,84.33,31.28
2010,29,2925931,Quixabeira,0.578,0.469,0.547,0.753,4.01,3.4,30.83,98.64,94.99,33.48,8.9,49.92,241.1,0.49,68.09,44.39,23.09,74.11,93.6,14.47
2010,29,2925956,Rafael Jambeiro,0.564,0.435,0.538,0.768,5.84,3.84,29.78,96.26,91.08,25.28,7.71,52.81,226.94,0.5,70.55,45.52,25.44,58.66,93.96,24.17
2010,29,2926004,Remanso,0.579,0.451,0.569,0.757,9.6,4.94,27.45,96.27,84.56,19.39,7.4,50.49,275.22,0.54,64.7,42.6,25.6,65.62,85.09,31.02
2010,29,2926103,Retirolândia,0.636,0.574,0.579,0.773,4.49,2.44,19.21,98.47,97.02,31.54,10.23,34.86,293.01,0.46,63.18,31.79,11.39,68.95,99.17,18.36
2010,29,2926202,Riachão Das Neves,0.578,0.471,0.527,0.779,6.57,4.49,30.16,94.96,78.33,8.96,7.74,44.2,212.09,0.53,71.93,47.3,30.92,65.69,88.75,28.97
2010,29,2926301,Riachão Do Jacuípe,0.628,0.559,0.588,0.755,3.15,3.09,17.98,98.25,92.08,19.07,9.04,33.47,311.47,0.47,59.12,28.11,12.44,79.94,94.68,18.79
2010,29,2926400,Riacho De Santana,0.615,0.532,0.572,0.764,3.53,3.09,27.54,96.83,82.13,14.47,9.2,35.57,281.05,0.56,67.22,43.0,24.42,69.93,91.75,22.3
2010,29,2926509,Ribeira Do Amparo,0.512,0.384,0.503,0.694,9.43,6.76,35.59,98.83,87.85,19.9,8.15,56.37,183.12,0.53,79.5,55.7,33.96,82.33,92.96,28.89
2010,29,2926608,Ribeira Do Pombal,0.601,0.515,0.599,0.704,6.3,4.69,26.34,96.57,83.18,15.74,8.44,41.36,332.86,0.54,60.05,34.79,16.88,90.88,98.41,28.1
2010,29,2926657,Ribeirão Do Largo,0.54,0.366,0.566,0.759,8.13,3.59,30.96,97.69,79.94,14.36,7.36,58.59,271.68,0.46,63.84,34.6,10.66,72.53,86.2,25.49
2010,29,2926707,Rio De Contas,0.605,0.498,0.58,0.767,1.6,1.86,20.04,97.87,77.85,15.7,8.79,42.71,294.83,0.48,60.8,32.97,16.88,74.33,98.39,13.12
2010,29,2926806,Rio Do Antônio,0.576,0.465,0.555,0.74,2.84,2.21,28.44,96.48,73.29,15.47,8.2,46.49,252.98,0.49,65.06,39.43,23.62,63.56,92.65,17.86
2010,29,2926905,Rio Do Pires,0.594,0.481,0.568,0.767,6.57,2.3,27.34,97.17,71.45,14.11,8.08,43.72,274.58,0.48,60.85,36.17,19.86,70.82,90.15,19.14
2010,29,2927002,Rio Real,0.572,0.452,0.568,0.729,3.78,3.87,24.43,97.46,91.43,23.99,9.17,49.82,274.86,0.53,67.97,41.6,20.48,87.14,99.06,29.88
2010,29,2927101,Rodelas,0.632,0.564,0.566,0.79,11.65,5.63,22.16,96.5,87.13,19.89,8.61,32.08,271.59,0.53,68.8,43.13,19.94,94.99,98.8,33.93
2010,29,2927200,Ruy Barbosa,0.61,0.505,0.583,0.77,5.72,3.8,22.69,97.94,73.34,15.32,8.52,43.74,301.42,0.55,63.89,39.83,20.18,76.25,92.34,28.48
2010,29,2927309,Salinas Da Margarida,0.617,0.561,0.575,0.729,5.21,2.5,12.04,97.84,100.0,55.2,8.79,27.51,286.45,0.54,67.3,41.93,21.21,95.67,99.13,31.35
2010,29,2927408,Salvador,0.759,0.679,0.772,0.835,2.6,1.66,3.97,95.85,88.52,29.47,9.16,15.32,973.0,0.63,30.24,11.35,3.97,99.18,99.85,27.16
2010,29,2927507,Santa Bárbara,0.583,0.462,0.554,0.775,6.06,4.43,22.23,99.01,86.65,23.75,7.94,41.12,251.87,0.52,71.69,43.86,21.75,69.5,97.53,28.88
2010,29,2927606,Santa Brígida,0.546,0.431,0.533,0.71,8.61,6.56,34.08,97.19,82.51,10.76,8.72,51.25,220.77,0.55,73.42,51.75,30.29,53.14,85.41,33.13
2010,29,2927705,Santa Cruz Cabrália,0.654,0.571,0.624,0.784,3.88,1.78,15.81,96.37,72.24,16.87,9.13,35.36,388.28,0.58,57.67,35.33,16.19,84.56,93.36,40.31
2010,29,2927804,Santa Cruz Da Vitória,0.61,0.504,0.573,0.786,6.43,3.24,24.61,91.99,81.29,35.36,7.39,41.12,282.42,0.54,67.37,40.13,19.3,84.5,97.18,35.16
2010,29,2927903,Santa Inês,0.574,0.47,0.571,0.704,5.02,3.27,28.26,98.29,83.4,18.59,9.89,43.86,280.25,0.48,66.11,36.1,15.08,87.04,97.59,22.06
2010,29,2928000,Santaluz,0.598,0.5,0.559,0.764,4.93,1.86,23.37,97.52,89.85,18.24,8.84,41.31,260.09,0.49,68.54,38.74,18.6,69.6,96.61,29.32
2010,29,2928059,Santa Luzia,0.556,0.396,0.564,0.768,10.3,6.07,29.89,92.52,52.15,13.37,7.79,57.37,267.88,0.46,65.79,35.7,13.38,80.18,88.25,38.88
2010,29,2928109,Santa Maria Da Vitória,0.614,0.516,0.592,0.758,4.76,3.26,23.97,98.91,82.12,14.9,8.75,41.06,318.31,0.54,63.18,34.68,18.78,81.66,96.02,19.23
2010,29,2928208,Santana,0.608,0.496,0.585,0.776,6.38,3.12,25.72,99.66,74.29,10.3,7.89,43.8,304.18,0.54,63.38,38.45,17.9,94.05,96.74,24.05
2010,29,2928307,Santanópolis,0.592,0.496,0.561,0.746,4.35,3.66,24.27,98.97,98.91,12.06,9.37,40.74,263.19,0.52,69.81,38.96,22.4,54.68,95.68,29.1
2010,29,2928406,Santa Rita De Cássia,0.605,0.513,0.564,0.766,4.29,3.67,21.04,97.69,76.31,20.46,8.66,38.94,267.32,0.6,70.63,46.85,29.04,74.49,83.5,24.78
2010,29,2928505,Santa Teresinha,0.587,0.459,0.549,0.804,4.79,3.19,25.36,97.5,97.95,18.13,7.97,47.53,243.04,0.53,69.49,45.32,27.05,68.81,89.28,24.8
2010,29,2928604,Santo Amaro,0.646,0.559,0.626,0.772,5.07,3.2,12.66,98.23,93.89,24.87,8.5,28.69,392.75,0.56,56.47,28.8,12.82,85.22,98.58,28.24
2010,29,2928703,Santo Antônio De Jesus,0.7,0.622,0.677,0.815,3.64,2.51,12.35,97.44,94.94,29.75,9.0,23.11,540.38,0.54,40.9,17.91,6.47,91.64,99.41,23.37
2010,29,2928802,Santo Estêvão,0.626,0.498,0.611,0.808,6.41,3.52,21.48,97.69,90.17,14.96,8.59,36.29,358.13,0.56,58.78,32.34,17.49,89.24,99.35,29.59
2010,29,2928901,São Desidério,0.579,0.449,0.584,0.742,5.18,3.88,25.55,95.77,62.57,6.99,8.23,47.84,302.2,0.57,62.67,40.12,25.76,63.9,91.6,25.31
2010,29,2928950,São Domingos,0.64,0.575,0.601,0.757,4.49,2.39,22.14,97.7,93.73,22.23,9.22,34.02,335.76,0.47,53.12,27.18,10.06,86.88,95.55,13.5
2010,29,2929008,São Félix,0.639,0.583,0.582,0.769,5.29,2.96,15.01,97.47,96.31,27.24,9.49,24.14,299.65,0.48,61.49,30.6,14.31,83.71,98.56,37.76
2010,29,2929057,São Félix Do Coribe,0.639,0.555,0.601,0.784,3.86,2.34,16.83,97.63,92.42,12.28,9.53,35.27,335.9,0.5,55.1,28.94,11.33,94.98,95.49,23.89
2010,29,2929107,São Felipe,0.616,0.525,0.565,0.787,4.57,3.33,22.64,99.67,92.45,19.8,8.71,37.76,268.96,0.5,66.82,38.65,20.45,85.87,98.6,23.92
2010,29,2929206,São Francisco Do Conde,0.674,0.587,0.641,0.812,4.21,2.25,10.1,97.86,99.16,36.31,7.91,24.16,433.23,0.5,47.42,18.84,6.41,93.56,98.98,31.93
2010,29,2929255,São Gabriel,0.592,0.537,0.55,0.704,3.22,2.74,19.56,97.14,83.04,4.32,9.23,38.32,245.38,0.51,68.69,44.5,22.86,84.05,97.42,27.89
2010,29,2929305,São Gonçalo Dos Campos,0.627,0.516,0.636,0.752,3.87,1.75,15.03,97.77,93.46,24.12,8.78,31.75,419.27,0.55,53.96,23.86,8.81,86.94,99.06,31.0
2010,29,2929354,São José Da Vitória,0.546,0.429,0.553,0.686,7.17,4.38,28.1,97.33,86.83,11.32,8.57,48.22,250.42,0.45,69.89,38.68,12.55,91.29,95.31,37.56
2010,29,2929370,São José Do Jacuípe,0.552,0.417,0.555,0.726,7.69,4.09,28.56,98.55,93.45,25.87,7.72,54.74,253.57,0.46,67.1,39.89,14.85,76.61,95.9,25.68
2010,29,2929404,São Miguel Das Matas,0.593,0.468,0.568,0.783,2.9,1.76,24.61,98.68,95.04,16.93,8.36,45.55,274.08,0.51,62.66,43.78,20.26,72.79,96.73,22.97
2010,29,2929503,São Sebastião Do Passé,0.657,0.551,0.633,0.812,3.25,2.19,13.74,97.7,85.39,19.69,8.19,26.79,411.75,0.53,51.05,25.77,12.11,77.36,98.88,26.65
2010,29,2929602,Sapeaçu,0.614,0.522,0.602,0.735,4.18,1.44,15.88,98.1,93.71,19.19,8.23,32.87,338.34,0.58,63.18,36.8,17.63,78.34,98.59,24.79
2010,29,2929701,Sátiro Dias,0.527,0.379,0.524,0.736,7.0,5.44,30.37,97.22,78.18,15.04,7.62,57.12,208.2,0.54,75.26,52.46,31.15,87.34,97.52,32.35
2010,29,2929750,Saubara,0.617,0.565,0.563,0.738,2.9,2.43,14.62,98.36,100.0,36.08,9.01,29.3,265.17,0.49,68.82,39.83,17.65,97.03,98.18,25.83
2010,29,2929800,Saúde,0.549,0.442,0.546,0.685,4.29,3.67,21.74,97.06,90.59,28.8,7.83,49.12,238.81,0.55,70.53,48.93,27.72,78.81,97.65,26.42
2010,29,2929909,Seabra,0.635,0.572,0.588,0.761,4.07,2.44,16.1,98.07,84.83,11.58,9.4,33.69,310.95,0.57,63.65,39.46,22.15,74.31,97.17,26.72
2010,29,2930006,Sebastião Laranjeiras,0.615,0.527,0.569,0.777,2.9,2.94,24.78,96.68,89.26,18.14,8.34,33.47,276.29,0.46,60.75,35.31,15.31,70.4,94.48,25.44
2010,29,2930105,Senhor Do Bonfim,0.666,0.599,0.638,0.773,5.84,3.7,16.31,97.98,94.41,24.69,8.92,28.92,422.89,0.57,53.84,30.31,12.75,90.06,99.12,20.36
2010,29,2930154,Serra Do Ramalho,0.595,0.512,0.53,0.775,7.46,4.15,24.77,97.37,87.2,8.79,9.23,35.86,216.59,0.53,72.68,48.82,28.5,84.93,97.67,28.19
2010,29,2930204,Sento Sé,0.585,0.48,0.535,0.778,9.23,5.02,24.54,97.51,87.47,9.49,8.75,45.42,222.84,0.53,74.1,49.51,25.61,83.77,93.92,37.62
2010,29,2930303,Serra Dourada,0.608,0.537,0.539,0.775,4.08,2.25,23.85,98.83,80.62,14.7,8.36,37.41,228.74,0.51,71.27,44.65,25.58,67.94,94.77,20.42
2010,29,2930402,Serra Preta,0.566,0.459,0.541,0.732,7.3,4.14,27.72,98.13,92.61,12.92,8.63,44.21,232.52,0.48,66.64,42.08,23.2,58.97,96.62,30.68
2010,29,2930501,Serrinha,0.634,0.532,0.615,0.778,9.14,4.84,17.01,97.28,87.93,16.96,8.24,33.77,367.73,0.55,58.19,31.96,14.58,86.89,99.21,27.68
2010,29,2930600,Serrolândia,0.59,0.508,0.56,0.721,4.66,2.21,22.61,98.75,88.52,19.71,9.3,42.21,261.29,0.5,65.86,38.82,22.69,88.8,96.96,15.86
2010,29,2930709,Simões Filho,0.675,0.591,0.641,0.813,4.65,2.74,7.9,95.91,90.07,27.91,8.46,24.28,431.97,0.5,47.75,21.82,7.79,95.41,99.69,36.52
2010,29,2930758,Sítio Do Mato,0.564,0.509,0.455,0.774,6.57,4.38,20.89,98.8,89.82,11.92,9.68,39.98,135.49,0.59,86.2,67.91,47.77,73.87,92.79,36.01
2010,29,2930766,Sítio Do Quinto,0.533,0.395,0.552,0.695,3.09,3.68,37.98,97.9,83.86,12.75,9.16,62.84,247.62,0.55,68.75,47.71,27.1,72.35,85.78,21.44
2010,29,2930774,Sobradinho,0.631,0.555,0.605,0.748,4.18,2.91,18.35,97.81,81.73,28.05,9.19,31.61,344.74,0.49,57.88,27.53,10.46,92.41,98.63,32.85
2010,29,2930808,Souto Soares,0.592,0.53,0.533,0.734,4.37,3.2,20.74,97.07,53.32,5.88,9.06,35.56,220.67,0.54,70.62,47.75,30.56,84.93,98.14,27.38
2010,29,2930907,Tabocas Do Brejo Velho,0.584,0.492,0.53,0.764,4.03,4.02,29.51,98.19,81.01,0.64,8.66,44.51,216.5,0.54,72.25,49.53,31.37,90.57,94.83,17.07
2010,29,2931004,Tanhaçu,0.577,0.44,0.565,0.772,3.33,2.59,25.92,98.19,84.35,11.31,8.34,50.49,268.62,0.5,65.57,41.94,19.47,53.57,95.99,16.04
2010,29,2931053,Tanque Novo,0.599,0.474,0.583,0.778,3.25,2.48,27.81,98.42,84.33,6.5,8.82,46.62,301.39,0.6,65.82,43.81,27.94,66.67,94.75,20.59
2010,29,2931103,Tanquinho,0.597,0.488,0.567,0.768,5.69,3.69,19.58,95.99,89.31,16.86,8.09,33.32,273.12,0.48,63.72,36.45,17.31,77.32,94.06,33.76
2010,29,2931202,Taperoá,0.566,0.426,0.566,0.754,10.63,4.96,27.21,96.12,72.93,17.3,7.36,53.1,270.97,0.53,70.46,44.53,18.72,76.2,79.42,38.08
2010,29,2931301,Tapiramutá,0.594,0.473,0.589,0.752,5.28,3.87,23.61,94.99,76.05,17.63,8.8,41.64,312.39,0.61,70.88,44.55,18.05,89.5,95.77,44.97
2010,29,2931350,Teixeira De Freitas,0.685,0.588,0.683,0.8,2.99,1.88,14.65,96.54,67.53,11.29,8.95,27.39,560.73,0.53,39.46,15.92,5.39,96.94,99.1,24.0
2010,29,2931400,Teodoro Sampaio,0.594,0.477,0.567,0.774,8.36,5.38,22.95,95.86,92.36,19.51,8.26,39.46,272.86,0.54,71.31,39.63,21.43,83.33,95.71,27.05
2010,29,2931509,Teofilândia,0.566,0.431,0.571,0.737,6.52,3.17,24.94,96.79,85.53,21.79,8.24,50.3,278.91,0.55,62.59,41.56,25.87,70.82,97.93,36.95
2010,29,2931608,Teolândia,0.555,0.418,0.541,0.756,7.36,5.35,30.8,90.55,81.71,13.08,6.85,47.21,231.92,0.48,70.94,44.84,17.74,56.39,80.98,45.55
2010,29,2931707,Terra Nova,0.578,0.474,0.581,0.7,5.24,2.15,13.08,96.68,93.19,29.18,8.64,38.48,296.6,0.45,59.43,27.59,11.54,74.79,98.58,29.61
2010,29,2931806,Tremedal,0.528,0.36,0.545,0.749,5.97,2.03,30.61,96.6,64.36,12.26,7.34,57.91,237.3,0.48,65.98,42.9,24.25,47.28,88.83,13.72
2010,29,2931905,Tucano,0.579,0.458,0.596,0.712,5.66,4.2,29.39,98.22,95.31,29.2,8.38,50.03,325.7,0.65,70.74,47.22,26.66,80.5,94.36,31.05
2010,29,2932002,Uauá,0.605,0.535,0.554,0.747,5.38,3.07,23.51,97.26,93.46,20.68,9.06,39.82,251.46,0.56,70.6,47.54,28.72,51.79,93.97,18.15
2010,29,2932101,Ubaíra,0.582,0.447,0.581,0.759,4.44,3.14,29.91,97.77,90.28,15.17,8.38,51.0,296.48,0.59,67.69,43.77,24.69,69.56,93.19,22.39
2010,29,2932200,Ubaitaba,0.611,0.49,0.607,0.767,4.93,2.29,21.32,95.83,88.02,8.5,8.26,42.42,349.68,0.56,62.63,35.38,13.75,87.43,94.66,37.8
2010,29,2932309,Ubatã,0.593,0.452,0.586,0.788,11.13,7.9,26.77,94.47,86.04,20.08,7.24,44.91,306.52,0.53,65.25,40.02,14.63,90.8,91.03,38.07
2010,29,2932408,Uibaí,0.617,0.54,0.575,0.758,3.65,2.57,16.56,97.76,95.54,10.59,8.74,36.56,286.67,0.53,66.15,38.28,21.11,92.86,98.16,23.17
2010,29,2932457,Umburanas,0.515,0.413,0.469,0.705,5.25,2.56,25.36,95.7,80.46,16.53,8.48,52.42,148.15,0.5,84.79,59.73,36.19,56.72,93.73,39.35
2010,29,2932507,Una,0.56,0.424,0.584,0.71,8.82,3.43,25.35,96.85,71.43,11.2,7.56,45.44,303.78,0.52,65.21,34.41,17.45,77.06,85.14,34.7
2010,29,2932606,Urandi,0.598,0.469,0.595,0.766,3.74,1.93,23.24,98.05,88.0,14.81,8.48,45.08,325.07,0.51,58.16,30.41,13.58,79.83,94.16,18.87
2010,29,2932705,Uruçuca,0.616,0.507,0.607,0.758,8.56,4.32,21.91,95.8,89.68,21.1,8.31,39.38,349.43,0.48,57.11,25.88,9.46,90.07,92.79,34.49
2010,29,2932804,Utinga,0.59,0.487,0.597,0.706,3.95,2.23,20.97,96.9,72.73,19.85,9.6,42.59,327.96,0.62,68.35,43.0,24.46,86.14,96.81,32.96
2010,29,2932903,Valença,0.623,0.502,0.619,0.778,6.37,4.05,19.2,97.13,80.42,18.89,8.01,37.24,376.23,0.54,57.58,30.24,12.48,85.15,94.15,32.71
2010,29,2933000,Valente,0.637,0.568,0.623,0.729,2.11,1.96,16.14,98.74,97.17,26.19,8.94,32.02,385.3,0.49,51.68,21.48,5.99,83.21,97.96,17.63
2010,29,2933059,Várzea Da Roça,0.539,0.374,0.539,0.775,4.41,2.43,28.9,97.9,89.98,21.22,7.58,62.27,228.58,0.49,70.5,46.33,24.28,71.98,93.86,19.58
2010,29,2933109,Várzea Do Poço,0.575,0.462,0.581,0.707,4.99,3.03,23.7,98.85,98.13,31.26,8.88,48.42,296.74,0.5,58.64,40.24,19.44,84.31,95.76,15.6
2010,29,2933158,Várzea Nova,0.555,0.46,0.543,0.685,3.09,3.1,23.57,95.9,77.2,9.53,7.93,48.26,234.88,0.5,69.23,45.93,22.64,68.79,93.31,22.72
2010,29,2933174,Varzedo,0.586,0.461,0.581,0.753,4.19,1.84,26.23,97.95,93.05,22.32,8.46,47.61,297.56,0.52,59.9,38.23,23.36,71.71,96.51,24.32
2010,29,2933208,Vera Cruz,0.645,0.52,0.632,0.817,4.31,3.01,10.76,99.3,96.52,33.47,8.95,33.15,408.64,0.57,56.76,30.59,13.68,95.15,99.27,33.2
2010,29,2933257,Vereda,0.577,0.436,0.568,0.777,4.71,3.23,30.7,98.12,85.17,8.77,7.0,54.84,274.76,0.47,64.97,34.32,14.07,89.31,93.24,25.21
2010,29,2933307,Vitória Da Conquista,0.678,0.581,0.681,0.788,4.13,2.54,13.31,96.83,71.68,18.68,8.75,31.42,555.66,0.55,41.16,18.07,5.6,91.58,99.19,22.42
2010,29,2933406,Wagner,0.587,0.479,0.573,0.737,3.73,2.93,21.58,96.67,87.97,12.91,8.98,44.16,283.34,0.52,64.59,39.77,18.76,84.19,96.13,30.74
2010,29,2933455,Wanderley,0.6,0.498,0.569,0.764,3.39,2.29,24.77,96.14,88.02,14.83,7.94,43.13,275.76,0.59,70.42,47.09,25.98,78.04,85.74,28.04
2010,29,2933505,Wenceslau Guimarães,0.544,0.383,0.558,0.752,8.9,5.28,30.47,94.64,84.89,19.73,7.32,52.07,257.12,0.45,63.45,37.03,15.25,66.88,90.23,38.64
2010,29,2933604,Xique-Xique,0.585,0.479,0.563,0.741,8.39,3.85,22.21,96.94,86.8,13.59,8.7,37.9,265.25,0.56,70.29,44.21,26.08,84.97,95.14,35.61
2010,31,3100104,Abadia Dos Dourados,0.689,0.563,0.693,0.839,0.92,0.0,9.12,98.31,30.26,4.47,8.68,37.08,596.18,0.47,27.4,7.94,1.85,88.5,98.55,8.62
2010,31,3100203,Abaeté,0.698,0.556,0.72,0.848,1.61,0.84,8.72,99.82,67.89,27.81,9.19,41.32,707.24,0.54,26.65,6.69,1.61,98.4,99.92,10.34
2010,31,3100302,Abre Campo,0.654,0.525,0.646,0.823,0.98,1.5,12.27,97.4,60.09,7.85,9.34,44.86,444.32,0.52,43.7,23.33,8.17,90.92,99.36,14.69
2010,31,3100401,Acaiaca,0.63,0.499,0.61,0.823,1.31,1.74,13.94,96.05,90.32,21.93,10.09,39.87,357.03,0.48,55.23,26.53,8.27,89.06,99.83,13.45
2010,31,3100500,Açucena,0.61,0.451,0.595,0.844,1.33,1.59,19.81,96.7,35.34,6.09,8.49,48.37,325.42,0.48,54.29,30.7,15.14,78.01,95.13,18.55
2010,31,3100609,Água Boa,0.576,0.403,0.594,0.799,3.15,2.93,27.42,92.88,40.41,11.04,7.87,54.38,322.12,0.5,60.09,31.79,11.95,82.44,92.94,26.76
2010,31,3100708,Água Comprida,0.675,0.498,0.719,0.86,1.72,0.9,7.9,95.22,87.51,24.01,8.5,45.86,701.19,0.46,24.6,4.39,0.71,96.19,100.0,17.48
2010,31,3100807,Aguanil,0.663,0.513,0.672,0.845,1.05,2.07,13.21,97.4,49.9,21.2,10.28,42.63,524.43,0.45,32.57,8.51,2.74,90.02,100.0,15.14
2010,31,3100906,Águas Formosas,0.645,0.531,0.624,0.811,3.1,3.43,24.4,96.56,58.33,7.97,9.11,40.97,389.57,0.57,59.62,31.69,13.67,90.41,97.39,25.06
2010,31,3101003,Águas Vermelhas,0.601,0.458,0.586,0.808,3.6,2.39,27.57,93.29,78.26,5.0,7.72,45.67,306.97,0.51,65.19,33.19,11.41,90.52,98.45,22.22
2010,31,3101102,Aimorés,0.684,0.576,0.685,0.81,2.46,1.32,14.49,96.48,76.13,14.97,9.32,35.88,567.46,0.53,36.69,14.09,4.99,95.45,99.96,14.6
2010,31,3101201,Aiuruoca,0.668,0.505,0.677,0.871,1.25,2.82,14.07,99.33,68.38,11.91,9.14,43.94,539.92,0.49,34.91,11.7,1.85,70.74,98.59,12.78
2010,31,3101300,Alagoa,0.649,0.518,0.634,0.832,1.56,0.73,14.44,98.84,56.34,1.85,9.16,42.13,413.75,0.42,41.4,17.57,4.19,71.02,99.23,6.95
2010,31,3101409,Albertina,0.673,0.549,0.684,0.813,0.0,2.47,11.94,98.46,54.22,9.58,8.79,40.61,564.08,0.35,16.8,3.02,0.11,94.43,100.0,12.63
2010,31,3101508,Além Paraíba,0.726,0.626,0.713,0.857,2.42,1.51,6.36,97.59,88.11,21.71,9.2,25.83,674.5,0.5,27.13,9.22,2.29,97.9,99.48,22.05
2010,31,3101607,Alfenas,0.761,0.712,0.737,0.841,1.07,0.82,5.77,97.84,87.36,31.39,10.39,21.13,783.41,0.51,20.33,5.53,0.48,98.85,99.97,18.44
2010,31,3101631,Alfredo Vasconcelos,0.675,0.587,0.629,0.834,1.44,1.14,9.94,98.0,74.72,8.3,9.01,30.32,400.14,0.41,42.23,16.92,3.52,89.11,99.67,17.21
2010,31,3101706,Almenara,0.642,0.518,0.636,0.803,3.93,2.39,21.8,97.74,72.1,11.53,8.59,40.78,419.98,0.53,51.87,25.31,9.33,86.96,96.72,27.28
2010,31,3101805,Alpercata,0.646,0.521,0.629,0.824,1.33,0.93,16.13,99.12,81.08,12.82,8.91,38.47,401.21,0.45,46.6,15.19,4.2,96.7,99.45,23.74
2010,31,3101904,Alpinópolis,0.725,0.629,0.703,0.862,2.35,1.7,7.69,97.03,82.52,14.06,9.39,27.26,633.91,0.47,26.02,8.46,1.31,93.35,99.9,13.34
2010,31,3102001,Alterosa,0.668,0.536,0.657,0.847,0.68,0.95,10.4,97.71,59.39,4.64,9.9,41.73,475.99,0.44,36.61,12.4,3.97,91.95,99.76,12.66
2010,31,3102050,Alto Caparaó,0.661,0.514,0.666,0.842,1.13,1.22,11.29,98.55,82.77,17.44,9.38,44.23,505.1,0.45,33.77,11.78,2.81,89.13,100.0,13.0
2010,31,3102100,Alto Rio Doce,0.62,0.483,0.595,0.828,1.78,1.23,14.66,95.85,69.4,10.65,9.05,45.6,323.95,0.46,55.13,29.5,11.63,81.48,98.46,18.47
2010,31,3102209,Alvarenga,0.592,0.441,0.589,0.798,1.18,3.24,18.13,96.87,56.57,13.71,7.86,51.01,312.46,0.52,59.7,32.55,17.78,76.53,98.23,14.04
2010,31,3102308,Alvinópolis,0.676,0.577,0.651,0.822,2.09,1.86,11.24,97.34,90.94,18.29,9.3,35.72,460.96,0.46,40.29,14.05,2.03,85.1,99.51,15.96
2010,31,3102407,Alvorada De Minas,0.572,0.414,0.57,0.794,3.61,4.42,20.6,94.57,73.6,14.48,7.58,58.52,277.99,0.58,70.0,48.29,23.12,68.12,85.09,26.79
2010,31,3102506,Amparo Do Serra,0.641,0.528,0.616,0.811,1.46,2.59,16.81,98.6,75.4,0.0,8.96,39.21,368.72,0.46,51.23,21.97,9.31,82.88,97.75,19.01
2010,31,3102605,Andradas,0.734,0.617,0.731,0.878,1.08,0.89,8.47,96.66,74.79,19.12,9.82,33.13,754.39,0.44,13.64,2.51,0.45,94.2,99.81,13.9
2010,31,3102704,Cachoeira De Pajeú,0.578,0.444,0.563,0.771,2.79,2.25,27.43,97.3,74.37,3.56,8.2,52.07,265.27,0.52,67.78,40.59,20.34,62.09,98.16,22.19
2010,31,3102803,Andrelândia,0.7,0.621,0.675,0.818,1.18,0.67,10.86,98.21,74.59,7.16,9.82,33.84,534.68,0.51,37.15,14.75,2.54,92.14,98.62,13.16
2010,31,3102852,Angelândia,0.597,0.473,0.594,0.756,1.67,3.36,25.48,98.3,57.61,1.83,8.49,47.16,322.8,0.53,63.27,34.97,10.41,85.57,96.83,30.3
2010,31,3102902,Antônio Carlos,0.683,0.584,0.65,0.838,2.7,0.96,11.56,98.05,70.32,8.77,8.84,35.27,457.02,0.47,42.6,16.85,3.62,93.19,99.54,18.6
2010,31,3103009,Antônio Dias,0.645,0.507,0.624,0.849,1.87,2.37,15.74,98.23,100.0,7.58,9.86,43.66,387.61,0.48,54.29,22.14,6.35,70.6,97.75,22.75
2010,31,3103108,Antônio Prado De Minas,0.684,0.572,0.674,0.83,0.95,2.44,11.08,99.27,87.86,21.24,9.99,34.63,529.54,0.47,38.78,12.08,1.1,86.51,99.9,13.64
2010,31,3103207,Araçaí,0.695,0.632,0.659,0.805,1.66,0.77,10.29,98.87,95.29,16.06,10.54,29.93,482.4,0.42,35.79,11.04,2.31,91.66,98.91,16.36
2010,31,3103306,Aracitaba,0.661,0.577,0.608,0.823,2.29,0.88,12.6,97.17,100.0,3.34,8.55,41.31,351.6,0.42,51.08,23.13,7.22,91.86,99.63,11.55
2010,31,3103405,Araçuaí,0.663,0.56,0.633,0.821,3.09,2.04,17.35,97.53,65.93,9.07,9.59,34.12,410.67,0.57,53.99,29.55,13.63,75.34,98.54,26.62
2010,31,3103504,Araguari,0.773,0.716,0.74,0.871,1.21,0.99,4.8,97.79,73.12,18.7,10.02,19.51,798.63,0.47,17.01,4.22,0.88,98.52,99.96,13.01
2010,31,3103603,Arantina,0.697,0.641,0.633,0.834,1.42,1.35,10.34,98.52,85.74,18.31,8.79,32.54,411.16,0.42,42.87,18.11,2.65,97.21,98.84,14.23
2010,31,3103702,Araponga,0.536,0.339,0.597,0.76,3.17,2.45,22.25,95.04,24.44,0.0,7.86,64.04,328.75,0.44,55.46,24.49,8.88,71.95,99.6,15.7
2010,31,3103751,Araporã,0.708,0.646,0.676,0.813,0.67,0.87,8.29,99.35,87.69,35.83,8.74,25.63,536.04,0.41,26.25,7.81,0.36,100.0,99.94,24.74
2010,31,3103801,Arapuá,0.724,0.608,0.718,0.871,1.17,0.0,7.98,98.19,100.0,47.71,10.68,35.91,696.47,0.45,17.32,3.03,0.95,90.25,99.74,2.76
2010,31,3103900,Araújos,0.698,0.574,0.694,0.855,1.33,1.04,8.1,95.66,90.77,26.31,8.98,34.47,599.3,0.36,16.75,1.36,0.3,93.9,99.97,8.7
2010,31,3104007,Araxá,0.772,0.709,0.756,0.858,0.98,0.8,4.2,97.14,95.87,45.91,9.59,16.54,883.88,0.48,12.91,2.91,0.78,98.42,99.96,13.77
2010,31,3104106,Arceburgo,0.683,0.573,0.687,0.81,1.69,2.26,10.82,98.65,91.45,19.16,9.0,34.22,576.68,0.38,17.81,2.94,0.53,98.43,100.0,24.98
2010,31,3104205,Arcos,0.749,0.671,0.717,0.874,0.8,0.91,4.94,98.36,61.77,17.22,9.95,19.98,691.16,0.43,19.04,4.34,0.65,97.04,100.0,7.57
2010,31,3104304,Areado,0.727,0.649,0.7,0.847,1.21,0.42,7.2,98.18,69.22,15.46,9.32,30.24,622.83,0.45,23.62,5.64,0.99,93.31,99.89,14.02
2010,31,3104403,Argirita,0.643,0.505,0.645,0.817,2.48,0.7,10.47,96.53,82.97,31.59,9.34,45.19,442.45,0.39,32.77,10.15,1.66,94.98,99.27,12.58
2010,31,3104452,Aricanduva,0.582,0.454,0.553,0.787,1.56,1.69,21.37,98.08,46.02,21.86,7.11,48.03,249.75,0.5,66.9,41.35,21.54,75.44,98.27,22.36
2010,31,3104502,Arinos,0.656,0.57,0.607,0.815,2.17,1.76,14.98,96.57,55.87,10.82,8.73,32.68,349.52,0.55,58.72,35.37,15.34,79.14,89.41,25.19
2010,31,3104601,Astolfo Dutra,0.694,0.567,0.686,0.858,1.7,0.48,6.97,98.59,89.28,6.6,9.37,34.66,572.06,0.39,19.78,6.34,2.09,96.2,100.0,16.66
2010,31,3104700,Ataléia,0.588,0.423,0.592,0.813,3.29,2.71,25.53,96.66,42.27,2.8,8.49,54.05,317.64,0.48,59.63,32.26,11.89,83.47,96.93,24.39
2010,31,3104809,Augusto De Lima,0.656,0.557,0.622,0.815,3.77,3.13,14.47,99.05,73.65,8.96,10.82,32.48,384.1,0.42,47.68,15.61,1.97,66.4,99.26,22.58
2010,31,3104908,Baependi,0.681,0.57,0.664,0.833,1.38,1.03,10.05,96.05,79.34,11.49,9.55,35.51,497.21,0.49,39.2,15.28,4.46,86.83,98.77,20.26
2010,31,3105004,Baldim,0.671,0.59,0.65,0.787,1.24,0.43,9.32,96.52,85.69,2.45,8.24,31.86,458.08,0.46,41.59,15.92,1.97,92.08,99.14,24.82
2010,31,3105103,Bambuí,0.741,0.636,0.735,0.87,0.79,0.57,7.62,98.56,88.99,20.17,9.23,27.67,777.46,0.49,16.47,4.27,0.92,96.45,99.82,8.03
2010,31,3105202,Bandeira,0.599,0.454,0.583,0.811,2.54,1.82,30.6,98.72,76.07,14.44,8.56,54.76,302.0,0.46,60.13,32.77,11.24,79.3,96.57,13.61
2010,31,3105301,Bandeira Do Sul,0.692,0.608,0.681,0.802,0.51,0.32,9.71,96.67,85.55,28.78,9.09,28.61,554.52,0.34,18.54,3.98,0.25,95.25,99.83,15.55
2010,31,3105400,Barão De Cocais,0.722,0.647,0.679,0.858,1.07,0.72,4.67,98.92,94.37,18.21,9.84,22.86,546.85,0.42,27.61,10.31,3.66,91.23,99.92,14.85
2010,31,3105509,Barão De Monte Alto,0.649,0.533,0.619,0.827,0.26,0.86,16.37,100.0,89.89,24.52,9.1,39.33,377.1,0.45,51.5,19.8,6.23,97.06,99.61,18.16
2010,31,3105608,Barbacena,0.769,0.687,0.751,0.881,0.97,0.65,5.43,98.42,85.58,16.84,9.87,20.23,854.27,0.58,27.84,9.07,1.7,96.96,99.86,15.29
2010,31,3105707,Barra Longa,0.624,0.482,0.613,0.823,2.58,2.03,15.89,97.66,69.21,7.51,8.7,48.18,362.62,0.48,54.38,25.4,7.57,73.72,99.3,14.48
2010,31,3105905,Barroso,0.734,0.678,0.675,0.864,1.23,0.68,6.45,99.22,90.98,20.17,9.66,24.08,535.1,0.48,36.22,12.8,3.06,99.18,100.0,13.18
2010,31,3106002,Bela Vista De Minas,0.674,0.597,0.644,0.795,0.96,1.36,6.92,100.0,90.07,14.65,9.48,26.74,440.23,0.4,36.97,11.52,3.08,94.46,99.96,18.66
2010,31,3106101,Belmiro Braga,0.66,0.531,0.653,0.83,1.69,1.11,12.81,99.18,89.52,14.35,10.04,39.07,464.5,0.45,39.43,11.75,1.48,85.07,99.85,17.79
2010,31,3106200,Belo Horizonte,0.81,0.737,0.841,0.856,1.12,0.85,2.87,97.63,85.17,34.67,9.87,13.29,1497.29,0.6,13.89,3.8,0.79,99.7,99.97,17.01
2010,31,3106309,Belo Oriente,0.686,0.606,0.655,0.813,1.44,1.35,11.61,98.89,90.82,12.11,9.21,27.85,470.05,0.42,32.89,11.45,4.04,94.78,99.73,23.02
2010,31,3106408,Belo Vale,0.655,0.514,0.672,0.814,0.41,0.49,8.57,97.07,80.27,11.04,9.8,44.87,524.03,0.46,34.49,12.59,4.4,62.57,99.42,10.79
2010,31,3106507,Berilo,0.628,0.524,0.58,0.816,1.61,2.75,20.45,98.95,60.9,8.75,9.4,38.03,295.62,0.45,57.55,30.18,14.57,47.91,98.24,30.4
2010,31,3106606,Bertópolis,0.594,0.455,0.576,0.799,14.1,14.64,29.61,83.89,66.13,0.92,7.82,48.25,288.77,0.54,67.04,38.66,17.7,77.04,94.93,28.49
2010,31,3106655,Berizal,0.604,0.52,0.56,0.757,1.53,1.45,24.84,97.83,69.69,4.99,9.52,39.97,261.24,0.41,63.76,30.4,12.47,68.88,99.31,15.77
2010,31,3106705,Betim,0.749,0.687,0.709,0.864,1.29,0.95,5.34,98.03,78.45,24.93,9.49,18.25,660.56,0.47,23.98,7.04,1.58,98.27,99.86,23.29
2010,31,3106804,Bias Fortes,0.62,0.495,0.605,0.796,0.69,1.69,15.05,97.91,44.13,0.0,10.06,47.59,344.35,0.41,49.98,20.88,5.17,81.61,92.55,16.93
2010,31,3106903,Bicas,0.744,0.667,0.726,0.85,1.06,1.15,6.53,98.87,90.85,22.43,9.19,26.17,735.0,0.53,26.15,8.48,2.67,88.69,99.84,17.1
2010,31,3107000,Biquinhas,0.688,0.555,0.684,0.857,1.99,0.0,10.88,99.16,84.83,12.82,9.61,40.83,565.37,0.41,27.71,6.97,3.81,98.16,99.61,11.22
2010,31,3107109,Boa Esperança,0.704,0.587,0.694,0.855,1.0,1.08,7.69,96.87,67.69,21.95,8.46,31.49,599.17,0.47,29.91,8.43,0.83,97.94,99.87,15.26
2010,31,3107208,Bocaina De Minas,0.645,0.476,0.665,0.848,0.93,1.88,17.66,96.35,72.89,4.6,8.77,50.32,501.73,0.42,33.71,8.99,1.57,72.8,97.93,16.58
2010,31,3107307,Bocaiúva,0.7,0.644,0.648,0.822,2.19,1.72,12.49,97.85,87.71,26.15,9.78,25.2,451.54,0.51,46.75,20.13,6.24,83.55,98.68,27.8
2010,31,3107406,Bom Despacho,0.75,0.661,0.742,0.861,1.13,0.83,5.84,98.32,93.91,35.62,9.14,24.31,809.9,0.49,17.99,2.96,0.66,98.6,99.88,13.24
2010,31,3107505,Bom Jardim De Minas,0.673,0.569,0.653,0.822,1.27,2.42,11.8,98.81,70.47,2.24,9.58,38.58,464.99,0.46,40.67,15.48,4.29,94.68,98.01,11.16
2010,31,3107604,Bom Jesus Da Penha,0.735,0.662,0.696,0.862,1.5,0.48,11.1,98.78,83.59,20.6,9.53,27.35,607.73,0.42,23.57,5.13,1.1,96.54,99.87,12.12
2010,31,3107703,Bom Jesus Do Amparo,0.683,0.582,0.655,0.834,1.3,1.2,10.03,97.6,93.35,11.81,9.31,28.22,472.21,0.45,42.27,15.74,1.93,74.95,99.14,22.05
2010,31,3107802,Bom Jesus Do Galho,0.623,0.491,0.615,0.8,1.63,0.89,18.48,97.18,40.16,0.52,8.98,42.15,368.0,0.49,51.31,27.07,11.71,91.93,98.98,19.44
2010,31,3107901,Bom Repouso,0.653,0.523,0.647,0.821,1.2,0.72,10.85,95.13,63.5,16.2,8.72,43.81,447.85,0.46,39.16,18.46,5.17,73.92,99.91,15.41
2010,31,3108008,Bom Sucesso,0.692,0.602,0.68,0.808,0.92,0.87,12.3,97.88,84.22,10.66,9.59,28.93,551.39,0.49,33.57,9.78,1.29,96.34,100.0,13.57
2010,31,3108107,Bonfim,0.637,0.464,0.669,0.834,0.71,0.63,12.55,98.53,75.32,10.04,8.24,52.23,512.94,0.49,38.42,14.37,5.02,87.55,99.96,8.26
2010,31,3108206,Bonfinópolis De Minas,0.678,0.598,0.655,0.796,2.27,0.78,12.76,97.62,71.7,26.15,9.46,27.64,472.15,0.47,41.66,14.32,4.75,81.72,94.99,17.15
2010,31,3108255,Bonito De Minas,0.537,0.388,0.514,0.776,4.1,4.43,27.15,93.03,24.85,0.73,8.67,46.67,195.65,0.57,78.09,56.14,35.66,40.61,89.67,44.54
2010,31,3108305,Borda Da Mata,0.73,0.64,0.703,0.865,0.72,1.46,8.23,96.76,84.7,17.77,9.57,29.13,635.37,0.46,25.24,6.2,1.14,96.13,99.97,18.21
2010,31,3108404,Botelhos,0.702,0.568,0.702,0.868,1.28,1.1,9.17,96.74,72.0,18.6,9.76,36.46,630.12,0.47,24.78,6.41,0.74,93.14,99.94,12.95
2010,31,3108503,Botumirim,0.602,0.517,0.54,0.782,1.89,2.91,16.93,96.52,51.73,9.45,8.78,34.71,230.25,0.46,69.32,39.74,20.02,80.32,96.47,28.89
2010,31,3108552,Brasilândia De Minas,0.674,0.559,0.646,0.848,2.11,0.85,10.45,97.46,65.94,3.96,8.09,35.23,444.35,0.44,41.16,13.4,3.04,95.15,97.94,26.71
2010,31,3108602,Brasília De Minas,0.656,0.568,0.612,0.813,2.22,1.35,15.28,96.77,60.53,11.38,9.53,30.22,360.93,0.54,59.24,31.11,11.79,74.17,98.13,23.11
2010,31,3108701,Brás Pires,0.625,0.523,0.582,0.801,1.11,0.96,13.53,97.33,85.68,3.46,9.65,43.18,299.02,0.44,54.28,34.92,16.37,82.52,97.92,9.83
2010,31,3108800,Braúnas,0.624,0.478,0.635,0.802,2.28,2.11,18.5,98.26,51.49,5.55,9.1,45.29,416.84,0.55,54.88,24.0,9.56,75.61,98.78,23.01
2010,31,3108909,Brasópolis,0.692,0.566,0.697,0.841,0.66,0.85,10.03,98.42,82.24,11.39,9.12,34.08,613.88,0.54,33.74,12.16,1.64,83.75,99.28,17.61
2010,31,3109006,Brumadinho,0.747,0.639,0.761,0.857,1.05,0.86,6.38,98.4,90.73,27.44,9.63,25.09,910.31,0.57,19.94,5.83,1.51,82.68,99.06,16.77
2010,31,3109105,Bueno Brandão,0.658,0.507,0.662,0.848,1.16,0.79,10.37,97.97,65.02,2.21,9.27,48.08,491.08,0.44,35.6,11.87,3.95,77.66,99.91,15.11
2010,31,3109204,Buenópolis,0.669,0.579,0.65,0.796,2.11,1.47,15.36,95.05,72.03,11.85,7.8,34.1,456.55,0.49,42.49,20.62,7.8,78.11,98.63,28.22
2010,31,3109253,Bugre,0.627,0.511,0.602,0.8,2.34,2.56,18.74,98.46,61.91,1.92,10.13,43.3,338.39,0.44,51.69,23.44,6.59,95.73,99.71,22.82
2010,31,3109303,Buritis,0.672,0.558,0.666,0.815,1.72,1.26,15.08,97.82,70.83,9.23,9.2,33.03,505.59,0.57,45.61,22.98,7.48,82.61,95.44,19.81
2010,31,3109402,Buritizeiro,0.624,0.524,0.603,0.768,1.9,1.62,13.81,96.79,63.99,7.54,9.25,35.16,340.72,0.41,50.45,18.93,4.83,93.06,97.02,33.42
2010,31,3109451,Cabeceira Grande,0.648,0.542,0.638,0.788,1.3,2.62,14.61,98.19,78.96,30.79,8.87,40.63,424.47,0.47,44.7,17.77,6.38,92.97,99.02,17.03
2010,31,3109501,Cabo Verde,0.674,0.527,0.686,0.847,1.54,1.34,10.41,94.63,56.98,10.22,8.0,39.09,571.6,0.43,26.93,9.08,1.57,86.18,99.84,16.92
2010,31,3109600,Cachoeira Da Prata,0.741,0.707,0.689,0.834,0.44,1.16,3.89,98.06,98.45,43.96,9.81,19.2,583.28,0.43,24.71,3.19,0.33,98.92,100.0,11.81
2010,31,3109709,Cachoeira De Minas,0.706,0.637,0.673,0.821,1.42,1.49,8.57,97.7,44.83,7.67,10.02,29.11,527.44,0.45,31.51,11.66,3.33,88.07,99.76,15.5
2010,31,3109808,Cachoeira Dourada,0.726,0.648,0.695,0.85,1.1,1.54,12.2,98.31,98.53,61.6,10.01,26.51,606.15,0.35,15.89,2.63,0.11,97.57,100.0,14.21
2010,31,3109907,Caetanópolis,0.706,0.617,0.674,0.845,2.05,0.92,5.18,98.12,88.26,19.78,10.09,26.21,531.65,0.42,29.4,6.84,1.66,90.44,99.08,20.42
2010,31,3110004,Caeté,0.728,0.663,0.69,0.844,1.2,0.88,5.12,96.87,88.41,14.84,8.9,20.41,586.16,0.46,29.02,9.92,1.53,95.11,99.63,23.84
2010,31,3110103,Caiana,0.633,0.483,0.631,0.833,3.69,2.07,13.4,97.02,72.11,17.6,7.56,49.55,406.23,0.42,40.96,13.88,4.82,87.48,99.89,16.17
2010,31,3110202,Cajuri,0.617,0.487,0.599,0.804,0.35,0.46,11.53,97.04,83.17,4.97,9.7,39.94,333.45,0.43,54.21,22.69,7.8,97.66,99.87,14.63
2010,31,3110301,Caldas,0.687,0.529,0.701,0.873,0.5,0.76,8.09,98.42,40.4,17.91,8.36,43.58,627.21,0.49,26.44,7.58,2.42,79.52,99.56,10.7
2010,31,3110400,Camacho,0.69,0.612,0.639,0.84,2.0,0.67,13.09,98.86,68.59,2.16,9.91,31.67,425.8,0.46,41.08,20.08,3.14,86.54,99.94,6.53
2010,31,3110509,Camanducaia,0.689,0.553,0.707,0.837,0.55,0.8,10.8,98.24,81.82,31.74,8.25,42.99,649.49,0.5,26.93,7.9,1.92,84.64,99.53,22.68
2010,31,3110608,Cambuí,0.751,0.674,0.722,0.872,0.97,0.9,7.28,98.57,58.0,31.42,10.12,26.16,712.9,0.46,18.86,4.57,1.39,94.08,99.88,16.47
2010,31,3110707,Cambuquira,0.699,0.577,0.691,0.856,2.31,1.49,9.19,98.17,85.21,28.75,9.44,28.8,588.83,0.5,32.27,11.54,1.92,94.13,99.57,20.93
2010,31,3110806,Campanário,0.616,0.464,0.607,0.831,3.03,2.12,17.74,98.47,79.18,19.12,8.37,38.99,350.46,0.44,56.58,21.86,3.61,94.78,97.08,28.63
2010,31,3110905,Campanha,0.709,0.587,0.715,0.849,0.8,1.05,7.95,96.96,77.66,21.07,8.76,34.66,686.16,0.5,26.3,6.55,0.87,95.9,99.51,21.48
2010,31,3111002,Campestre,0.698,0.566,0.712,0.843,0.84,0.74,8.57,97.69,68.01,9.36,8.32,39.05,669.87,0.52,26.13,7.91,0.54,83.4,99.64,12.18
2010,31,3111101,Campina Verde,0.704,0.562,0.714,0.868,1.28,1.44,8.06,89.17,72.35,15.04,8.01,34.79,681.73,0.47,22.39,7.1,3.12,95.86,98.7,9.44
2010,31,3111150,Campo Azul,0.621,0.546,0.55,0.799,1.13,1.19,21.54,98.15,83.51,22.81,10.23,35.09,244.97,0.48,69.07,38.16,21.32,68.82,98.68,25.85
2010,31,3111200,Campo Belo,0.711,0.586,0.706,0.868,0.84,0.72,8.69,98.35,71.98,23.24,9.23,30.53,646.71,0.47,24.66,6.73,1.14,97.82,100.0,15.35
2010,31,3111309,Campo Do Meio,0.683,0.588,0.655,0.827,1.16,0.67,10.14,97.88,50.0,7.54,9.38,32.45,472.71,0.42,34.49,8.82,2.69,98.15,99.0,17.48
2010,31,3111408,Campo Florido,0.706,0.558,0.735,0.858,1.61,1.59,8.67,98.78,91.28,13.25,8.9,38.83,774.88,0.52,21.72,7.87,3.23,95.66,97.7,23.48
2010,31,3111507,Campos Altos,0.702,0.582,0.69,0.86,1.61,2.23,9.91,97.65,88.33,26.97,9.31,36.35,587.21,0.4,20.93,4.67,0.58,97.83,99.4,16.15
2010,31,3111606,Campos Gerais,0.682,0.58,0.666,0.821,1.33,1.1,11.42,97.69,60.87,20.97,8.68,39.42,503.91,0.44,33.66,9.73,1.05,95.85,99.92,20.87
2010,31,3111705,Canaã,0.649,0.532,0.644,0.798,0.33,1.27,14.63,98.2,67.89,3.88,10.35,46.56,439.71,0.5,45.03,24.03,7.59,88.37,99.82,11.47
2010,31,3111804,Canápolis,0.722,0.598,0.721,0.872,0.66,1.06,14.62,99.0,89.32,14.21,9.62,36.29,711.27,0.5,22.51,4.83,1.13,97.53,99.95,17.68
2010,31,3111903,Cana Verde,0.65,0.512,0.652,0.821,0.0,1.09,12.21,99.58,33.14,5.2,10.0,40.83,463.1,0.43,36.36,11.39,1.23,96.32,99.93,13.47
2010,31,3112000,Candeias,0.678,0.537,0.699,0.83,1.01,0.92,13.99,98.36,60.44,10.92,8.85,40.64,621.22,0.48,27.56,7.86,1.45,92.75,100.0,10.17
2010,31,3112059,Cantagalo,0.631,0.515,0.598,0.816,3.47,1.99,15.38,95.04,54.98,0.0,8.98,40.31,329.9,0.42,50.73,22.78,7.27,90.23,99.33,26.42
2010,31,3112109,Caparaó,0.624,0.473,0.614,0.836,0.48,1.94,14.47,94.13,49.05,7.33,7.47,50.34,364.52,0.43,49.97,19.79,5.29,66.86,99.52,17.55
2010,31,3112208,Capela Nova,0.648,0.568,0.602,0.797,1.0,0.44,10.76,94.97,67.95,1.07,9.04,38.24,338.43,0.44,54.77,24.64,10.52,92.27,99.71,10.98
2010,31,3112307,Capelinha,0.653,0.527,0.641,0.824,1.85,1.51,18.94,97.26,61.98,19.6,9.43,40.28,432.55,0.52,49.21,23.17,9.53,91.34,99.75,23.44
2010,31,3112406,Capetinga,0.675,0.533,0.68,0.848,1.85,2.87,11.37,96.28,48.75,4.74,9.44,38.85,549.97,0.42,27.71,6.67,0.69,99.42,99.87,22.22
2010,31,3112505,Capim Branco,0.695,0.604,0.664,0.837,2.57,1.2,6.46,99.36,89.75,9.58,9.4,23.0,497.48,0.4,28.29,7.03,1.0,98.49,100.0,20.76
2010,31,3112604,Capinópolis,0.723,0.601,0.747,0.841,1.5,1.26,12.49,99.56,80.96,2.36,9.63,31.64,834.14,0.59,23.12,7.19,2.25,96.75,99.93,19.75
2010,31,3112653,Capitão Andrade,0.624,0.478,0.63,0.805,3.19,3.46,17.65,99.38,80.7,22.22,8.1,45.77,403.35,0.51,51.18,24.92,6.11,97.22,99.74,21.98
2010,31,3112703,Capitão Enéas,0.639,0.565,0.573,0.806,4.39,3.02,18.25,96.94,76.87,12.16,9.54,31.26,282.97,0.47,66.24,33.63,9.96,83.08,98.99,35.1
2010,31,3112802,Capitólio,0.71,0.612,0.709,0.825,0.96,0.26,7.11,99.09,88.2,15.52,10.22,30.52,658.77,0.4,17.53,3.88,0.51,90.76,99.8,11.13
2010,31,3112901,Caputira,0.615,0.471,0.609,0.809,1.78,2.04,13.17,96.36,49.42,7.92,9.47,50.01,353.65,0.57,58.14,36.32,15.33,94.86,99.63,20.05
2010,31,3113008,Caraí,0.558,0.405,0.549,0.781,2.93,1.97,26.58,96.16,34.82,4.55,8.53,54.44,244.29,0.53,72.16,44.85,22.93,60.54,89.88,34.13
2010,31,3113107,Caranaíba,0.634,0.533,0.593,0.807,1.17,1.14,9.05,97.81,69.11,0.0,10.08,34.63,319.88,0.43,50.42,32.43,11.08,77.89,99.77,20.05
2010,31,3113206,Carandaí,0.697,0.622,0.663,0.821,0.75,1.51,7.27,98.76,93.49,8.0,10.45,27.94,495.09,0.48,39.52,15.75,3.03,91.77,99.85,15.88
2010,31,3113305,Carangola,0.695,0.573,0.699,0.837,2.24,1.62,10.15,96.91,85.59,29.87,9.14,35.77,618.24,0.48,30.28,10.84,3.51,95.63,99.83,14.77
2010,31,3113404,Caratinga,0.706,0.603,0.697,0.836,1.6,1.15,9.55,95.35,73.34,15.89,8.95,32.71,610.29,0.54,34.36,14.04,4.75,95.98,99.7,14.55
2010,31,3113503,Carbonita,0.638,0.529,0.617,0.796,1.29,1.74,18.91,99.34,55.53,8.92,9.5,40.89,373.05,0.46,51.48,21.33,9.52,88.56,98.66,18.17
2010,31,3113602,Careaçu,0.683,0.581,0.666,0.824,0.69,0.0,12.92,98.0,86.26,12.13,8.52,34.78,504.96,0.41,31.12,5.73,0.54,93.51,99.79,15.31
2010,31,3113701,Carlos Chagas,0.648,0.513,0.641,0.826,2.75,1.83,21.95,97.61,62.43,4.32,8.49,39.66,432.37,0.53,49.5,23.12,7.09,94.0,98.61,20.26
2010,31,3113800,Carmésia,0.65,0.54,0.631,0.805,1.46,0.75,15.19,99.22,85.31,9.42,9.2,40.41,404.76,0.48,45.9,20.0,8.24,84.47,94.71,20.13
2010,31,3113909,Carmo Da Cachoeira,0.655,0.523,0.672,0.801,2.07,1.53,9.95,93.97,72.29,15.42,8.11,38.95,525.35,0.45,30.6,9.56,1.26,95.96,99.74,26.08
2010,31,3114006,Carmo Da Mata,0.689,0.572,0.68,0.84,0.64,0.91,8.35,97.92,81.77,7.97,8.91,36.35,551.21,0.4,23.97,4.64,0.6,96.13,99.76,11.77
2010,31,3114105,Carmo De Minas,0.682,0.562,0.668,0.845,1.11,1.1,10.66,98.04,78.01,14.29,9.08,38.53,511.95,0.47,35.1,14.55,2.32,91.39,99.87,24.91
2010,31,3114204,Carmo Do Cajuru,0.71,0.605,0.695,0.853,1.03,1.24,6.38,98.48,89.67,22.34,8.87,33.03,606.19,0.43,22.95,5.21,0.92,97.11,100.0,10.5
2010,31,3114303,Carmo Do Paranaíba,0.705,0.571,0.713,0.861,1.08,1.15,8.71,97.49,84.64,11.46,8.85,37.02,678.13,0.49,25.04,6.65,2.8,93.09,99.77,10.36
2010,31,3114402,Carmo Do Rio Claro,0.733,0.649,0.715,0.85,1.63,0.67,8.82,96.36,72.24,12.0,9.32,29.31,685.17,0.52,27.02,8.02,0.72,92.16,100.0,13.02
2010,31,3114501,Carmópolis De Minas,0.7,0.582,0.694,0.85,0.51,0.85,5.25,95.58,82.08,4.95,8.73,34.02,599.63,0.46,25.83,7.67,0.8,96.97,99.97,12.25
2010,31,3114550,Carneirinho,0.741,0.622,0.749,0.873,2.05,0.88,11.61,97.91,80.78,12.73,8.89,31.89,847.07,0.57,20.27,4.3,2.54,98.0,99.69,7.68
2010,31,3114600,Carrancas,0.725,0.632,0.687,0.877,1.03,0.45,8.0,96.83,72.84,15.93,9.15,30.55,576.62,0.54,39.61,14.88,5.56,83.72,99.15,12.46
2010,31,3114709,Carvalhópolis,0.724,0.648,0.688,0.85,2.43,1.32,8.35,100.0,94.5,18.18,10.04,29.65,579.4,0.43,25.44,7.69,0.59,91.61,99.75,13.11
2010,31,3114808,Carvalhos,0.646,0.492,0.667,0.82,2.14,2.4,15.2,96.61,54.67,3.99,9.43,45.7,506.24,0.53,43.51,19.9,3.63,70.75,98.89,10.63
2010,31,3114907,Casa Grande,0.652,0.555,0.608,0.823,0.68,1.61,5.89,96.2,67.45,2.4,8.14,30.29,351.47,0.38,47.39,17.97,3.98,82.6,99.92,14.75
2010,31,3115003,Cascalho Rico,0.721,0.604,0.734,0.845,1.65,0.88,6.53,96.57,76.87,7.81,9.36,31.01,769.71,0.49,17.41,2.88,0.21,90.59,100.0,11.57
2010,31,3115102,Cássia,0.704,0.576,0.723,0.837,1.66,1.54,10.62,97.03,74.0,24.43,8.64,36.57,717.84,0.47,20.16,4.91,0.84,96.8,99.84,16.64
2010,31,3115201,Conceição Da Barra De Minas,0.685,0.59,0.668,0.815,1.75,1.33,8.28,93.52,81.89,3.81,7.44,36.02,511.91,0.49,35.5,11.85,2.14,85.25,99.18,10.56
2010,31,3115300,Cataguases,0.751,0.685,0.718,0.861,1.63,1.14,5.67,98.14,97.18,28.64,9.38,22.55,699.57,0.5,24.84,8.03,1.57,99.49,99.97,16.73
2010,31,3115359,Catas Altas,0.684,0.582,0.665,0.828,1.54,1.16,6.17,98.56,89.93,14.17,9.76,28.73,502.15,0.39,26.23,7.73,1.21,92.29,100.0,15.32
2010,31,3115409,Catas Altas Da Noruega,0.6,0.46,0.588,0.799,0.36,1.35,13.56,98.33,62.89,1.19,8.56,47.84,309.82,0.44,57.71,31.51,7.59,74.15,99.53,20.22
2010,31,3115458,Catuji,0.54,0.382,0.534,0.771,5.84,2.79,24.52,95.69,35.35,2.64,6.99,52.56,221.41,0.54,74.03,50.15,25.29,59.07,88.91,32.48
2010,31,3115474,Catuti,0.621,0.549,0.563,0.773,2.89,0.83,27.99,98.27,85.68,15.89,10.89,42.31,265.76,0.5,64.78,37.89,21.74,89.23,99.22,22.66
2010,31,3115508,Caxambu,0.743,0.629,0.77,0.848,1.43,0.89,5.97,98.99,96.69,29.96,9.57,24.06,963.25,0.65,28.12,7.91,1.04,98.78,99.82,19.53
2010,31,3115607,Cedro Do Abaeté,0.678,0.608,0.641,0.801,0.0,0.0,14.16,100.0,100.0,18.66,9.83,34.6,431.2,0.39,35.77,11.92,2.08,95.51,99.82,14.82
2010,31,3115706,Central De Minas,0.665,0.54,0.663,0.823,1.93,1.11,20.01,97.69,78.13,0.92,9.22,46.17,494.1,0.59,49.84,19.16,8.61,97.25,99.54,11.38
2010,31,3115805,Centralina,0.678,0.558,0.654,0.853,0.45,0.21,11.88,95.94,70.93,16.28,9.01,33.01,468.15,0.39,31.11,8.77,2.51,98.18,99.61,21.01
2010,31,3115904,Chácara,0.664,0.512,0.65,0.878,3.83,0.65,11.59,97.47,90.73,22.7,9.13,37.94,456.42,0.43,39.26,14.64,1.03,87.36,100.0,18.38
2010,31,3116001,Chalé,0.655,0.561,0.636,0.787,0.97,2.1,16.32,98.09,64.92,6.02,8.67,38.65,418.8,0.45,42.52,18.56,5.26,84.26,98.8,13.46
2010,31,3116100,Chapada Do Norte,0.598,0.469,0.571,0.798,2.7,2.24,24.88,97.59,77.9,31.49,9.24,46.4,279.92,0.47,58.83,34.05,18.6,51.27,96.1,27.99
2010,31,3116159,Chapada Gaúcha,0.635,0.546,0.573,0.82,1.64,2.27,16.76,97.81,54.44,9.06,8.38,30.11,282.53,0.51,63.98,35.32,20.16,70.01,95.67,42.39
2010,31,3116209,Chiador,0.711,0.559,0.742,0.868,1.01,1.53,11.27,100.0,79.28,7.61,8.86,33.72,808.78,0.61,28.59,7.74,0.88,96.15,100.0,20.34
2010,31,3116308,Cipotânea,0.579,0.437,0.592,0.75,1.67,1.47,12.83,94.53,48.3,2.68,8.78,48.31,317.62,0.5,59.13,33.54,15.48,74.24,94.74,25.66
2010,31,3116407,Claraval,0.698,0.584,0.687,0.848,1.55,1.18,8.0,96.71,75.39,12.3,9.82,29.05,575.11,0.42,25.39,7.04,1.62,79.9,99.86,23.28
2010,31,3116506,Claro Dos Poções,0.67,0.625,0.601,0.799,1.74,1.87,16.85,97.05,82.6,9.96,9.68,27.1,337.07,0.42,49.74,20.98,8.23,89.53,96.84,16.9
2010,31,3116605,Cláudio,0.709,0.602,0.701,0.846,1.04,0.95,4.92,96.92,78.62,7.98,8.76,29.74,625.88,0.4,16.24,4.5,0.96,95.27,99.85,11.14
2010,31,3116704,Coimbra,0.669,0.558,0.649,0.825,0.63,0.89,10.18,97.87,88.82,11.04,9.87,43.99,454.81,0.45,41.97,14.96,2.46,98.33,99.73,12.12
2010,31,3116803,Coluna,0.583,0.43,0.59,0.782,2.7,2.74,20.77,94.53,48.76,2.07,7.28,51.69,315.0,0.5,59.7,34.48,12.77,75.3,97.33,26.85
2010,31,3116902,Comendador Gomes,0.697,0.566,0.703,0.85,1.66,0.0,8.71,96.93,57.73,4.49,9.57,30.53,635.2,0.45,25.3,7.2,2.09,97.21,98.02,16.29
2010,31,3117009,Comercinho,0.593,0.462,0.566,0.797,3.58,1.19,23.74,99.06,69.3,10.56,8.36,46.84,271.4,0.49,63.17,38.84,21.44,74.0,93.61,22.33
2010,31,3117108,Conceição Da Aparecida,0.691,0.566,0.688,0.847,2.13,1.02,8.94,98.88,69.2,12.87,10.48,37.58,579.34,0.45,28.1,11.07,1.31,87.73,100.0,16.09
2010,31,3117207,Conceição Das Pedras,0.668,0.566,0.642,0.821,0.0,2.21,9.52,96.02,98.39,7.96,7.32,36.18,434.68,0.48,43.36,16.93,4.19,83.27,99.83,11.26
2010,31,3117306,Conceição Das Alagoas,0.712,0.57,0.734,0.862,1.96,2.26,8.71,95.6,74.53,12.86,8.32,32.1,770.02,0.51,21.09,4.76,1.2,97.77,99.85,23.36
2010,31,3117405,Conceição De Ipanema,0.676,0.565,0.664,0.825,1.56,4.39,15.2,98.47,68.22,5.16,8.69,45.55,497.4,0.54,42.12,20.41,8.97,82.49,99.24,10.85
2010,31,3117504,Conceição Do Mato Dentro,0.634,0.517,0.622,0.794,2.22,2.11,17.87,97.92,45.96,6.27,9.44,41.56,384.42,0.49,51.33,25.13,9.23,81.23,95.39,26.43
2010,31,3117603,Conceição Do Pará,0.7,0.588,0.687,0.85,1.48,2.35,9.27,98.22,94.22,14.97,8.12,29.71,576.48,0.42,22.79,4.69,1.04,94.47,99.4,13.56
2010,31,3117702,Conceição Do Rio Verde,0.665,0.522,0.675,0.834,2.83,1.68,13.09,95.25,83.02,18.43,9.09,38.0,533.38,0.53,39.44,12.18,0.94,95.84,99.79,25.13
2010,31,3117801,Conceição Dos Ouros,0.703,0.618,0.668,0.842,1.21,0.92,6.85,97.95,87.17,13.69,9.06,30.28,509.52,0.39,25.73,8.36,0.68,96.58,99.85,12.73
2010,31,3117836,Cônego Marinho,0.621,0.544,0.55,0.799,1.38,2.09,18.82,98.65,62.41,9.52,10.29,34.36,245.64,0.52,67.82,42.33,26.83,65.52,96.67,29.12
2010,31,3117876,Confins,0.747,0.711,0.706,0.83,0.68,1.16,4.92,99.36,100.0,43.09,9.61,14.09,647.2,0.45,22.43,5.7,1.12,98.94,99.9,18.77
2010,31,3117900,Congonhal,0.712,0.626,0.681,0.847,0.46,1.27,10.0,97.72,81.25,2.12,9.37,32.4,553.81,0.45,26.46,8.81,4.4,93.53,99.84,13.42
2010,31,3118007,Congonhas,0.753,0.665,0.732,0.877,1.04,0.92,4.5,99.14,88.81,9.58,9.42,20.51,760.35,0.5,22.56,6.67,1.28,95.04,99.81,18.82
2010,31,3118106,Congonhas Do Norte,0.568,0.433,0.566,0.746,2.86,3.76,26.4,93.89,55.92,10.51,8.18,49.18,270.3,0.48,63.79,37.79,19.07,87.08,93.26,19.72
2010,31,3118205,Conquista,0.729,0.618,0.714,0.877,1.47,0.57,10.34,99.66,86.03,10.23,9.81,27.53,678.21,0.45,19.53,5.23,1.04,95.78,99.86,16.7
2010,31,3118304,Conselheiro Lafaiete,0.761,0.697,0.736,0.86,0.97,0.78,3.54,98.73,90.07,17.27,9.7,17.88,781.59,0.49,19.61,5.95,1.12,98.98,99.9,15.87
2010,31,3118403,Conselheiro Pena,0.662,0.537,0.646,0.837,1.8,1.46,16.23,96.18,64.52,11.69,9.08,40.51,445.95,0.49,47.57,20.52,7.72,95.07,99.45,13.33
2010,31,3118502,Consolação,0.673,0.602,0.627,0.806,1.59,3.3,13.03,98.23,81.8,36.14,10.25,38.44,395.33,0.37,37.39,13.17,3.28,77.86,100.0,14.64
2010,31,3118601,Contagem,0.756,0.697,0.745,0.832,1.28,0.85,3.55,97.4,79.86,23.92,9.53,15.98,824.3,0.48,17.95,4.81,1.15,99.61,99.95,19.42
2010,31,3118700,Coqueiral,0.694,0.601,0.663,0.838,0.56,0.57,8.34,97.4,65.12,11.15,9.61,33.5,495.77,0.49,40.36,13.64,2.55,94.87,100.0,14.63
2010,31,3118809,Coração De Jesus,0.642,0.57,0.575,0.808,2.55,3.3,18.24,96.73,68.07,16.02,9.62,33.35,287.28,0.49,64.34,35.73,13.79,62.05,97.68,24.42
2010,31,3118908,Cordisburgo,0.656,0.558,0.644,0.786,2.42,1.64,10.83,94.57,79.18,0.0,8.28,37.98,440.09,0.46,42.16,15.81,3.05,90.52,99.49,22.63
2010,31,3119005,Cordislândia,0.66,0.544,0.654,0.807,1.88,3.03,14.08,95.66,66.22,24.03,8.71,41.13,468.59,0.45,40.59,10.4,1.77,98.4,99.71,15.53
2010,31,3119104,Corinto,0.68,0.562,0.664,0.842,1.66,2.12,10.13,97.49,72.9,13.61,8.45,33.0,499.56,0.53,42.61,18.29,6.92,91.83,99.45,25.11
2010,31,3119203,Coroaci,0.626,0.493,0.613,0.811,1.51,2.23,15.49,96.9,80.33,11.05,8.23,41.49,362.9,0.52,54.16,29.36,13.69,86.83,98.11,32.03
2010,31,3119302,Coromandel,0.708,0.565,0.73,0.86,0.62,0.36,8.06,96.4,47.45,12.05,8.06,36.85,753.35,0.51,21.01,3.75,0.93,89.24,98.56,10.2
2010,31,3119401,Coronel Fabriciano,0.755,0.696,0.715,0.865,1.32,0.91,6.08,98.14,92.86,15.18,9.29,17.88,685.48,0.48,25.09,7.92,2.38,97.54,99.84,18.16
2010,31,3119500,Coronel Murta,0.627,0.543,0.578,0.784,2.05,2.81,19.75,98.69,80.6,21.99,8.59,32.95,291.66,0.49,65.47,36.56,14.16,78.87,98.17,22.91
2010,31,3119609,Coronel Pacheco,0.669,0.565,0.673,0.789,2.09,0.68,11.47,99.15,77.0,0.0,9.24,32.58,525.62,0.42,29.93,8.94,2.51,90.28,99.63,17.61
2010,31,3119708,Coronel Xavier Chaves,0.677,0.563,0.67,0.823,0.48,1.19,6.05,97.13,88.37,4.72,9.11,36.6,518.32,0.5,39.65,16.3,5.22,83.75,99.65,11.64
2010,31,3119807,Córrego Danta,0.692,0.575,0.683,0.844,0.49,1.32,9.19,100.0,81.02,13.3,8.35,36.55,561.81,0.47,30.23,7.99,1.85,94.37,99.7,11.5
2010,31,3119906,Córrego Do Bom Jesus,0.692,0.592,0.665,0.84,1.98,2.42,12.22,96.85,84.69,10.96,10.56,38.02,501.15,0.38,27.43,8.77,2.31,71.33,100.0,17.81
2010,31,3119955,Córrego Fundo,0.678,0.597,0.657,0.795,1.72,1.11,9.5,97.45,78.76,13.57,9.55,32.5,477.36,0.32,24.81,4.37,1.58,91.54,99.93,8.07
2010,31,3120003,Córrego Novo,0.632,0.525,0.596,0.805,0.46,2.15,21.38,97.99,80.11,5.58,8.31,42.48,327.06,0.42,51.71,21.98,9.31,91.17,97.57,14.55
2010,31,3120102,Couto De Magalhães De Minas,0.659,0.592,0.6,0.807,0.86,0.7,11.44,98.8,86.54,16.44,9.26,32.12,333.91,0.46,54.28,26.08,11.82,90.72,99.85,18.79
2010,31,3120151,Crisólita,0.585,0.432,0.579,0.799,4.5,4.56,35.0,96.02,60.42,9.95,8.19,50.35,294.11,0.51,66.2,35.67,12.4,83.88,90.05,25.57
2010,31,3120201,Cristais,0.692,0.525,0.736,0.859,1.26,1.29,9.84,97.34,69.1,14.34,8.57,39.54,780.18,0.58,25.57,7.92,3.46,96.1,99.66,13.05
2010,31,3120300,Cristália,0.583,0.482,0.518,0.795,2.85,2.55,19.55,95.29,64.87,8.8,6.79,34.35,200.51,0.51,76.64,46.63,27.17,84.66,92.3,31.61
2010,31,3120409,Cristiano Otoni,0.695,0.626,0.651,0.823,0.86,0.35,6.03,99.7,82.24,5.53,9.36,30.28,458.68,0.44,38.03,15.04,3.92,93.99,100.0,19.12
2010,31,3120508,Cristina,0.668,0.55,0.645,0.842,1.41,0.76,9.34,97.01,70.22,15.85,8.66,35.4,442.25,0.44,41.64,14.64,3.12,83.5,99.54,19.98
2010,31,3120607,Crucilândia,0.651,0.518,0.653,0.816,0.97,0.0,13.78,98.66,80.33,11.25,8.99,48.24,464.17,0.43,35.91,14.22,3.01,88.59,99.94,10.1
2010,31,3120706,Cruzeiro Da Fortaleza,0.696,0.562,0.72,0.832,0.73,1.37,10.83,97.07,80.99,15.47,9.22,33.54,707.8,0.59,31.43,8.98,2.8,91.63,99.92,13.0
2010,31,3120805,Cruzília,0.695,0.587,0.671,0.853,1.96,0.69,10.3,98.76,80.46,21.75,10.05,34.57,520.72,0.49,38.3,11.26,2.37,96.78,100.0,20.54
2010,31,3120839,Cuparaque,0.627,0.497,0.621,0.798,2.61,2.6,21.52,96.38,76.13,2.6,8.8,44.83,381.64,0.46,51.73,20.18,8.42,95.27,99.65,14.28
2010,31,3120870,Curral De Dentro,0.585,0.462,0.571,0.759,1.12,1.39,24.36,96.18,76.61,5.78,8.48,47.77,279.64,0.52,68.41,39.98,16.95,95.65,98.4,18.66
2010,31,3120904,Curvelo,0.713,0.617,0.689,0.851,1.27,1.17,7.83,98.63,80.33,19.97,9.23,27.2,581.65,0.52,35.67,12.1,2.07,96.69,99.53,23.64
2010,31,3121001,Datas,0.616,0.524,0.59,0.756,2.02,1.11,10.63,97.97,68.28,16.25,9.54,40.53,313.84,0.42,53.82,24.02,6.87,80.8,98.83,25.52
2010,31,3121100,Delfim Moreira,0.669,0.552,0.649,0.837,1.56,0.93,9.19,96.1,45.97,0.0,8.41,38.12,454.36,0.45,42.61,16.69,2.23,67.69,99.31,22.13
2010,31,3121209,Delfinópolis,0.74,0.661,0.702,0.872,0.82,1.31,10.3,99.03,85.02,28.21,10.39,24.47,632.28,0.47,24.81,3.6,0.76,96.52,99.34,13.71
2010,31,3121258,Delta,0.639,0.481,0.672,0.808,3.4,1.57,13.12,94.46,81.0,6.27,6.61,41.13,523.34,0.38,24.55,5.63,2.0,99.62,99.88,35.05
2010,31,3121308,Descoberto,0.68,0.599,0.657,0.798,0.96,0.39,8.44,95.1,97.1,40.1,9.31,37.02,477.97,0.41,29.41,13.08,6.85,96.98,100.0,13.89
2010,31,3121407,Desterro De Entre Rios,0.639,0.536,0.607,0.802,1.11,0.83,14.29,97.11,55.91,0.77,9.19,43.09,348.88,0.41,49.0,22.07,8.62,81.83,99.53,8.7
2010,31,3121506,Desterro Do Melo,0.631,0.503,0.618,0.809,0.52,0.67,17.64,100.0,61.61,0.0,9.27,45.78,373.25,0.46,50.25,24.83,10.05,76.67,99.56,7.93
2010,31,3121605,Diamantina,0.716,0.632,0.693,0.839,1.83,1.18,9.22,97.76,75.75,29.69,9.16,23.29,597.41,0.57,41.96,16.65,5.06,92.61,99.07,27.22
2010,31,3121704,Diogo De Vasconcelos,0.601,0.464,0.578,0.811,0.65,0.79,17.31,97.57,70.75,1.43,7.48,53.14,291.48,0.5,63.57,33.72,20.92,88.04,99.62,19.06
2010,31,3121803,Dionísio,0.702,0.647,0.651,0.821,0.69,1.24,11.64,99.61,81.13,14.51,10.41,26.03,461.02,0.45,40.32,13.98,4.8,91.31,99.37,22.85
2010,31,3121902,Divinésia,0.657,0.559,0.645,0.785,0.87,0.53,9.21,96.5,89.84,9.08,9.16,40.02,441.49,0.4,37.09,11.13,3.56,99.04,98.87,17.74
2010,31,3122009,Divino,0.605,0.421,0.639,0.823,1.73,1.42,14.02,93.83,29.15,5.47,6.89,50.0,426.94,0.52,50.55,23.79,9.13,85.62,99.71,19.17
2010,31,3122108,Divino Das Laranjeiras,0.661,0.571,0.624,0.811,1.15,0.36,18.38,99.77,89.32,7.91,9.88,37.25,388.4,0.44,46.59,19.09,4.44,93.75,99.49,17.0
2010,31,3122207,Divinolândia De Minas,0.623,0.495,0.603,0.812,1.86,2.46,13.89,97.83,58.52,3.79,8.91,38.82,340.1,0.43,51.63,23.81,7.04,95.73,99.29,20.15
2010,31,3122306,Divinópolis,0.764,0.702,0.753,0.844,0.66,0.5,3.78,98.61,87.81,28.65,10.07,18.64,868.57,0.47,13.6,2.67,0.36,99.18,99.9,9.66
2010,31,3122355,Divisa Alegre,0.608,0.515,0.603,0.723,3.85,2.86,22.22,98.52,92.65,11.67,9.55,41.48,341.94,0.5,58.53,30.54,10.35,96.48,98.65,25.77
2010,31,3122405,Divisa Nova,0.67,0.57,0.66,0.801,1.83,2.05,13.91,97.27,82.91,18.5,9.51,38.32,484.91,0.39,30.58,9.21,1.71,91.88,99.65,21.7
2010,31,3122454,Divisópolis,0.609,0.489,0.577,0.802,1.85,1.55,25.61,98.85,74.54,20.81,9.61,43.46,290.45,0.45,60.84,32.95,9.9,84.65,98.17,25.87
2010,31,3122470,Dom Bosco,0.673,0.597,0.627,0.815,1.0,1.93,15.68,99.21,66.19,13.57,9.88,34.15,394.72,0.42,44.91,18.86,5.31,75.32,96.44,13.73
2010,31,3122504,Dom Cavati,0.688,0.63,0.66,0.784,1.1,0.38,12.49,99.38,85.93,7.18,10.26,32.73,485.9,0.44,33.1,13.21,4.36,96.3,99.91,14.3
2010,31,3122603,Dom Joaquim,0.622,0.482,0.61,0.819,1.64,1.97,16.65,98.93,66.09,4.29,9.41,47.81,355.58,0.52,55.62,28.58,13.44,87.62,81.23,21.34
2010,31,3122702,Dom Silvério,0.709,0.636,0.661,0.847,0.3,0.78,9.94,97.61,93.36,15.18,10.78,32.36,488.84,0.42,31.75,8.82,2.31,89.25,100.0,11.52
2010,31,3122801,Dom Viçoso,0.687,0.641,0.617,0.819,0.99,0.67,10.15,98.06,68.7,2.66,10.4,30.8,371.63,0.41,45.45,19.91,2.61,79.81,100.0,16.03
2010,31,3122900,Dona Eusébia,0.701,0.598,0.684,0.841,0.68,0.88,8.59,98.68,83.07,6.41,9.15,32.14,563.76,0.41,22.42,5.57,0.82,95.64,99.94,11.12
2010,31,3123007,Dores De Campos,0.686,0.585,0.671,0.823,0.51,1.06,7.09,99.21,81.43,5.51,8.93,35.06,520.98,0.4,26.66,6.64,0.9,94.17,99.77,16.05
2010,31,3123106,Dores De Guanhães,0.636,0.512,0.612,0.821,2.43,2.76,19.24,97.93,82.46,5.64,9.72,45.6,361.09,0.49,52.81,27.63,8.89,65.0,98.32,21.31
2010,31,3123205,Dores Do Indaiá,0.719,0.623,0.71,0.84,1.34,1.14,11.04,97.17,91.59,12.14,9.35,31.3,663.62,0.47,22.46,6.62,1.22,99.23,99.78,12.14
2010,31,3123304,Dores Do Turvo,0.629,0.49,0.613,0.829,0.89,1.76,15.07,97.77,65.16,1.84,8.99,43.51,363.3,0.46,52.49,28.52,5.04,89.82,99.3,14.18
2010,31,3123403,Doresópolis,0.692,0.585,0.652,0.869,2.27,2.53,6.65,96.42,97.2,34.44,9.36,30.19,461.8,0.39,32.04,11.8,3.73,95.14,99.87,14.68
2010,31,3123502,Douradoquara,0.706,0.591,0.704,0.847,0.0,0.0,7.31,98.51,71.89,17.3,9.78,32.38,640.34,0.49,22.48,4.33,1.94,91.93,100.0,7.25
2010,31,3123528,Durandé,0.645,0.508,0.626,0.842,2.34,0.86,17.85,95.15,44.94,7.72,9.18,43.16,392.68,0.43,43.72,18.62,3.53,84.73,99.74,16.22
2010,31,3123601,Elói Mendes,0.685,0.558,0.688,0.838,1.88,1.45,11.35,97.26,81.15,16.17,8.79,35.47,577.5,0.46,28.97,10.46,1.47,97.23,99.76,18.48
2010,31,3123700,Engenheiro Caldas,0.644,0.518,0.632,0.815,2.05,2.25,18.19,97.39,74.37,20.49,7.77,40.86,407.77,0.49,49.27,21.72,6.05,94.42,99.91,20.81
2010,31,3123809,Engenheiro Navarro,0.655,0.594,0.599,0.791,1.68,1.13,17.48,98.59,62.39,4.8,10.38,31.01,332.37,0.43,51.91,22.65,8.13,83.37,99.64,25.0
2010,31,3123858,Entre Folhas,0.634,0.521,0.617,0.792,2.57,0.35,14.28,97.8,51.92,0.69,10.07,43.91,373.1,0.47,53.94,23.07,8.37,95.51,99.63,18.4
2010,31,3123908,Entre Rios De Minas,0.672,0.563,0.673,0.802,1.69,1.75,8.06,99.59,72.77,9.12,9.21,35.88,527.33,0.5,35.51,15.36,4.5,93.53,99.29,15.02
2010,31,3124005,Ervália,0.625,0.46,0.64,0.828,1.14,0.83,15.03,93.54,62.01,9.76,8.86,52.3,429.35,0.46,42.61,17.66,5.13,90.23,99.92,10.62
2010,31,3124104,Esmeraldas,0.671,0.567,0.649,0.822,1.29,1.23,8.6,97.26,59.47,7.2,8.91,32.72,452.62,0.43,36.29,14.04,3.61,93.97,99.1,27.88
2010,31,3124203,Espera Feliz,0.663,0.52,0.663,0.846,1.96,1.83,13.92,96.86,83.14,22.89,9.19,44.21,496.04,0.5,37.95,17.27,7.24,90.44,100.0,14.73
2010,31,3124302,Espinosa,0.627,0.526,0.582,0.804,3.67,2.65,23.34,95.68,68.21,11.54,8.88,35.69,299.13,0.45,58.41,29.03,12.73,80.0,97.05,25.17
2010,31,3124401,Espírito Santo Do Dourado,0.685,0.576,0.66,0.847,1.35,0.95,11.22,99.17,62.67,0.0,9.54,37.5,486.55,0.37,25.72,8.25,1.72,79.66,99.89,10.91
2010,31,3124500,Estiva,0.691,0.573,0.679,0.848,0.54,0.95,9.19,95.55,82.88,15.4,9.17,38.05,547.01,0.39,24.56,4.87,1.07,84.65,99.91,18.1
2010,31,3124609,Estrela Dalva,0.71,0.574,0.719,0.867,2.63,1.35,16.32,98.12,84.54,0.0,9.88,36.28,701.83,0.59,35.49,12.53,2.78,89.23,99.61,21.03
2010,31,3124708,Estrela Do Indaiá,0.676,0.521,0.679,0.875,2.87,1.66,13.52,97.42,88.87,5.76,9.41,46.32,547.21,0.46,34.67,8.82,0.0,91.02,100.0,14.71
2010,31,3124807,Estrela Do Sul,0.696,0.579,0.694,0.84,1.95,0.51,11.34,96.7,80.94,21.95,9.42,32.88,600.41,0.44,23.56,5.45,1.68,92.76,99.0,19.79
2010,31,3124906,Eugenópolis,0.675,0.551,0.66,0.846,1.09,1.69,12.14,97.67,82.99,10.84,9.56,36.61,486.46,0.44,36.05,15.77,4.5,94.46,99.95,12.43
2010,31,3125002,Ewbank Da Câmara,0.676,0.601,0.625,0.823,2.05,0.92,10.36,96.79,85.99,6.9,9.38,27.55,391.34,0.37,42.14,8.51,1.19,99.45,99.61,21.61
2010,31,3125101,Extrema,0.732,0.633,0.729,0.849,1.06,0.63,6.22,97.49,71.81,28.98,9.59,26.53,745.21,0.4,14.35,2.36,0.37,89.87,99.96,26.19
2010,31,3125200,Fama,0.717,0.61,0.7,0.863,1.55,0.89,9.95,98.84,77.09,7.11,10.16,36.66,624.24,0.45,25.73,7.5,0.51,93.41,99.78,15.35
2010,31,3125309,Faria Lemos,0.687,0.598,0.678,0.8,1.77,3.05,14.38,97.98,86.85,9.06,9.93,35.45,544.77,0.51,42.34,13.0,2.82,94.64,99.51,17.33
2010,31,3125408,Felício Dos Santos,0.606,0.494,0.568,0.794,1.84,2.86,17.43,97.7,71.08,11.45,9.3,45.98,274.2,0.46,59.12,37.83,16.19,88.82,99.52,27.44
2010,31,3125507,São Gonçalo Do Rio Preto,0.64,0.542,0.593,0.815,0.0,1.1,17.5,98.42,100.0,11.96,9.63,31.18,321.22,0.44,55.95,25.76,8.54,71.23,99.81,15.58
2010,31,3125606,Felisburgo,0.583,0.462,0.577,0.744,2.89,3.02,27.39,95.98,60.36,13.31,9.45,45.7,290.8,0.51,63.93,35.86,17.6,91.87,96.31,23.38
2010,31,3125705,Felixlândia,0.648,0.514,0.651,0.815,1.65,1.33,10.23,97.98,70.31,14.27,8.68,39.77,459.52,0.45,39.46,12.69,3.38,89.04,98.78,20.4
2010,31,3125804,Fernandes Tourinho,0.646,0.55,0.608,0.807,2.64,0.95,21.69,99.57,89.73,26.09,8.81,37.78,351.58,0.42,51.74,21.27,5.57,97.34,99.28,17.83
2010,31,3125903,Ferros,0.603,0.428,0.625,0.821,5.19,2.79,21.61,97.91,84.21,23.21,8.79,52.63,392.08,0.52,51.98,27.17,10.45,64.52,95.1,20.04
2010,31,3125952,Fervedouro,0.58,0.42,0.583,0.796,2.52,3.36,15.15,96.1,60.6,5.28,8.01,55.32,301.55,0.48,59.71,31.07,14.99,78.85,99.02,19.04
2010,31,3126000,Florestal,0.724,0.617,0.728,0.845,1.28,0.77,6.47,98.82,82.65,27.36,9.79,25.5,741.46,0.48,20.8,6.58,1.47,94.64,100.0,16.52
2010,31,3126109,Formiga,0.755,0.676,0.729,0.874,1.21,0.93,6.15,97.4,79.41,26.6,9.5,23.34,746.8,0.48,18.61,4.91,1.25,97.16,99.94,9.87
2010,31,3126208,Formoso,0.64,0.51,0.616,0.834,2.01,1.18,19.32,96.44,47.59,9.67,8.57,33.54,370.41,0.54,56.79,30.59,13.71,84.09,88.37,33.87
2010,31,3126307,Fortaleza De Minas,0.67,0.546,0.683,0.805,0.36,0.98,9.07,86.77,43.68,9.89,7.69,30.85,562.53,0.42,25.82,9.29,3.08,89.18,99.77,13.65
2010,31,3126406,Fortuna De Minas,0.696,0.613,0.651,0.845,4.19,2.22,8.7,98.62,100.0,49.77,9.29,24.66,459.52,0.41,36.38,10.45,1.04,86.34,100.0,21.13
2010,31,3126505,Francisco Badaró,0.622,0.527,0.575,0.793,1.81,2.3,22.41,98.56,81.83,12.73,9.9,35.92,286.56,0.46,60.11,33.0,14.05,78.24,97.21,23.62
2010,31,3126604,Francisco Dumont,0.625,0.513,0.596,0.797,2.96,1.58,18.77,96.36,57.15,8.94,8.51,37.86,326.7,0.45,56.85,24.43,9.87,59.49,98.48,27.31
2010,31,3126703,Francisco Sá,0.654,0.572,0.605,0.808,4.09,2.47,20.91,98.82,80.49,13.62,10.17,37.5,344.32,0.53,61.17,31.55,11.22,76.67,97.72,31.7
2010,31,3126752,Franciscópolis,0.603,0.471,0.581,0.802,2.17,3.72,30.52,97.86,31.15,3.49,8.36,48.71,296.76,0.51,60.14,35.93,17.39,78.83,94.91,26.15
2010,31,3126802,Frei Gaspar,0.59,0.452,0.569,0.799,3.86,2.89,28.51,96.81,61.38,5.73,8.36,49.41,275.62,0.43,61.98,30.53,11.29,89.09,97.43,24.77
2010,31,3126901,Frei Inocêncio,0.648,0.559,0.624,0.779,3.38,2.04,17.59,98.25,77.2,12.68,10.16,34.49,389.61,0.46,49.95,21.44,6.1,88.63,98.15,25.87
2010,31,3126950,Frei Lagonegro,0.543,0.412,0.519,0.749,2.07,2.36,22.37,96.58,89.38,5.34,7.26,49.72,201.83,0.5,69.54,50.13,29.9,78.27,99.33,21.31
2010,31,3127008,Fronteira,0.684,0.53,0.693,0.871,1.94,1.81,10.54,96.27,61.74,12.4,8.84,35.43,598.68,0.43,24.03,4.51,0.44,97.79,99.84,26.1
2010,31,3127057,Fronteira Dos Vales,0.592,0.46,0.556,0.813,2.11,3.24,30.77,97.02,60.43,0.0,8.2,43.19,255.11,0.46,65.89,35.0,14.77,81.73,95.25,20.39
2010,31,3127073,Fruta De Leite,0.544,0.37,0.548,0.792,4.55,2.96,33.97,94.71,34.89,13.38,8.88,56.48,241.93,0.47,69.76,38.78,20.49,54.69,95.08,28.36
2010,31,3127107,Frutal,0.73,0.615,0.73,0.865,1.23,1.44,6.53,97.58,66.89,14.86,8.64,28.83,752.01,0.47,18.84,5.28,2.19,96.35,99.84,15.29
2010,31,3127206,Funilândia,0.655,0.545,0.612,0.844,3.32,1.82,13.03,97.47,88.37,34.91,8.88,36.31,360.59,0.46,49.04,20.55,9.44,90.51,99.77,19.56
2010,31,3127305,Galiléia,0.654,0.546,0.645,0.795,2.33,1.72,19.3,95.81,76.56,6.88,9.68,39.73,442.14,0.49,47.63,17.06,5.52,95.75,99.19,18.15
2010,31,3127339,Gameleiras,0.65,0.618,0.559,0.796,2.78,2.27,25.44,98.92,91.25,20.07,9.95,29.46,258.85,0.5,64.82,43.87,22.37,87.73,96.73,19.29
2010,31,3127354,Glaucilândia,0.679,0.667,0.579,0.812,2.35,0.64,13.07,99.75,88.64,12.99,8.14,25.97,293.97,0.43,59.7,28.58,8.98,72.8,99.56,16.96
2010,31,3127370,Goiabeira,0.647,0.539,0.628,0.799,4.66,1.73,22.3,96.74,76.29,3.73,6.95,45.0,398.14,0.47,47.51,22.82,7.46,96.67,99.78,12.57
2010,31,3127388,Goianá,0.716,0.644,0.682,0.835,1.26,1.1,10.52,99.31,81.05,17.51,9.46,24.65,558.09,0.47,31.52,11.13,0.69,96.86,100.0,16.98
2010,31,3127404,Gonçalves,0.683,0.57,0.671,0.833,1.61,2.08,13.38,98.95,71.32,3.63,10.98,39.86,519.03,0.45,32.22,10.76,2.55,58.85,99.46,14.58
2010,31,3127503,Gonzaga,0.606,0.516,0.558,0.774,0.53,1.01,19.4,98.84,46.14,0.0,10.41,35.77,258.04,0.5,65.96,39.93,20.86,86.15,99.43,20.41
2010,31,3127602,Gouveia,0.681,0.609,0.622,0.833,1.66,1.48,8.49,98.45,77.32,9.21,10.3,29.38,382.78,0.45,49.18,20.51,5.92,91.85,98.7,22.2
2010,31,3127701,Governador Valadares,0.727,0.644,0.714,0.834,1.58,1.18,7.58,97.23,73.99,19.13,9.47,22.7,678.74,0.52,29.84,9.97,2.36,98.49,99.87,21.87
2010,31,3127800,Grão Mogol,0.604,0.482,0.579,0.791,1.82,2.06,18.83,96.7,62.71,20.84,8.92,43.72,293.87,0.48,60.75,32.35,14.71,57.37,95.59,30.5
2010,31,3127909,Grupiara,0.731,0.682,0.679,0.844,0.0,0.0,7.91,100.0,94.03,5.12,8.97,26.49,548.38,0.4,28.9,5.37,1.16,97.62,100.0,9.88
2010,31,3128006,Guanhães,0.686,0.576,0.683,0.82,1.78,1.33,11.89,98.45,79.23,10.58,8.86,34.66,560.99,0.56,42.54,18.2,4.33,94.17,98.84,17.36
2010,31,3128105,Guapé,0.679,0.57,0.661,0.831,1.48,0.83,8.55,97.98,75.63,15.85,8.57,33.34,487.68,0.39,30.65,7.41,1.19,90.05,99.6,14.52
2010,31,3128204,Guaraciaba,0.623,0.493,0.618,0.794,1.46,1.1,17.89,97.35,65.07,13.84,8.38,45.17,373.48,0.48,52.46,23.01,10.17,84.88,98.55,16.65
2010,31,3128253,Guaraciama,0.677,0.655,0.586,0.807,2.14,1.09,17.55,95.77,82.64,5.61,9.95,24.63,306.99,0.4,55.55,23.9,6.73,81.64,98.35,17.92
2010,31,3128303,Guaranésia,0.701,0.589,0.693,0.845,1.6,1.68,11.24,97.63,82.66,19.81,9.69,31.68,598.17,0.41,20.57,5.77,0.81,98.93,100.0,18.53
2010,31,3128402,Guarani,0.677,0.533,0.685,0.849,2.61,1.46,11.74,97.68,89.46,19.55,8.02,38.71,568.73,0.49,31.86,12.13,2.11,97.02,99.37,15.8
2010,31,3128501,Guarará,0.652,0.532,0.65,0.802,1.11,0.47,8.59,99.35,91.05,6.32,8.41,37.24,457.9,0.41,34.77,11.42,2.31,98.18,100.0,21.14
2010,31,3128600,Guarda-Mor,0.69,0.558,0.709,0.829,2.39,0.78,10.56,97.84,48.82,11.26,9.56,34.65,660.72,0.53,31.39,10.15,3.3,81.22,98.49,15.56
2010,31,3128709,Guaxupé,0.751,0.659,0.729,0.88,1.01,0.8,5.98,96.74,85.19,30.32,9.17,24.3,746.7,0.49,20.43,4.21,0.51,99.35,99.98,20.49
2010,31,3128808,Guidoval,0.683,0.569,0.669,0.837,1.05,1.21,10.95,97.91,88.2,1.73,9.83,39.21,512.85,0.38,25.6,6.56,0.83,95.37,99.9,12.65
2010,31,3128907,Guimarânia,0.693,0.592,0.681,0.825,2.49,1.68,9.1,97.69,71.97,6.85,7.88,29.21,552.31,0.48,33.87,9.63,2.78,92.07,100.0,14.93
2010,31,3129004,Guiricema,0.674,0.576,0.654,0.812,1.47,1.96,12.9,99.58,64.15,0.71,10.61,39.63,469.56,0.42,34.31,13.1,2.36,91.64,100.0,8.82
2010,31,3129103,Gurinhatã,0.68,0.525,0.691,0.865,1.2,1.1,14.85,97.13,53.13,5.26,9.81,42.42,587.76,0.49,31.26,10.42,5.39,87.63,97.46,8.04
2010,31,3129202,Heliodora,0.657,0.527,0.656,0.822,1.44,1.54,12.98,97.0,77.44,9.14,8.57,43.94,474.0,0.41,34.47,8.98,0.21,88.98,99.93,15.35
2010,31,3129301,Iapu,0.654,0.535,0.639,0.819,1.35,1.78,16.35,97.02,74.39,15.87,8.64,43.34,427.85,0.5,48.87,19.37,8.95,95.88,99.88,17.96
2010,31,3129400,Ibertioga,0.657,0.56,0.606,0.834,1.1,1.0,13.9,98.99,65.78,2.21,8.5,40.86,347.21,0.43,51.63,22.03,5.36,90.96,99.94,16.02
2010,31,3129509,Ibiá,0.718,0.573,0.736,0.877,0.98,0.93,6.45,97.87,81.96,13.66,9.1,36.93,781.68,0.55,21.8,6.28,1.33,96.78,99.39,12.81
2010,31,3129608,Ibiaí,0.614,0.516,0.565,0.795,2.23,3.26,18.7,96.98,80.75,14.72,8.92,38.08,269.24,0.48,65.43,36.3,18.46,81.32,96.23,30.02
2010,31,3129657,Ibiracatu,0.591,0.489,0.537,0.786,2.23,2.02,25.54,97.95,86.45,14.45,9.17,44.57,225.72,0.5,69.43,44.38,25.91,83.59,98.33,31.23
2010,31,3129707,Ibiraci,0.706,0.591,0.696,0.855,1.1,0.59,9.34,93.42,59.6,10.0,9.88,31.33,609.71,0.42,21.94,3.99,0.51,97.56,99.51,24.51
2010,31,3129806,Ibirité,0.704,0.616,0.673,0.84,1.37,1.18,5.96,97.45,72.34,17.76,9.37,24.54,525.64,0.42,28.22,7.9,1.73,99.29,99.84,27.5
2010,31,3129905,Ibitiúra De Minas,0.674,0.579,0.658,0.802,1.76,3.35,11.57,92.37,78.75,19.5,8.86,35.59,479.81,0.4,31.01,12.15,0.6,86.28,100.0,14.52
2010,31,3130002,Ibituruna,0.675,0.584,0.639,0.823,0.94,0.64,10.62,98.64,100.0,1.8,8.33,32.16,426.36,0.42,43.28,11.53,1.03,98.15,100.0,8.13
2010,31,3130051,Icaraí De Minas,0.624,0.533,0.57,0.799,1.91,1.28,15.32,95.43,65.2,14.89,8.3,32.59,277.4,0.5,64.64,37.63,20.77,79.83,98.23,36.89
2010,31,3130101,Igarapé,0.698,0.588,0.686,0.844,1.73,0.83,7.3,96.5,75.66,19.46,8.94,28.15,570.58,0.45,28.03,10.82,2.6,97.09,100.0,27.09
2010,31,3130200,Igaratinga,0.651,0.481,0.682,0.842,0.78,0.97,7.13,93.89,90.38,15.31,8.26,43.03,556.96,0.37,21.31,5.32,0.22,93.07,99.72,13.77
2010,31,3130309,Iguatama,0.707,0.616,0.695,0.825,0.67,1.39,5.56,97.7,87.15,3.08,10.11,28.25,604.59,0.43,21.39,3.63,1.42,95.08,99.86,11.01
2010,31,3130408,Ijaci,0.714,0.654,0.663,0.84,1.18,0.61,6.87,98.57,90.71,1.23,9.69,24.64,495.95,0.41,29.92,7.03,0.79,97.22,99.95,15.13
2010,31,3130507,Ilicínea,0.68,0.571,0.665,0.827,1.27,1.26,9.49,97.9,67.85,16.14,7.37,36.08,500.79,0.39,29.34,6.93,0.86,90.94,100.0,11.62
2010,31,3130556,Imbé De Minas,0.553,0.397,0.572,0.744,1.2,1.37,17.28,97.68,50.97,1.7,7.73,58.47,281.68,0.44,58.04,29.74,13.44,89.95,99.51,23.51
2010,31,3130606,Inconfidentes,0.692,0.572,0.688,0.843,1.24,0.59,8.55,95.64,82.26,13.5,8.51,35.48,579.13,0.48,29.8,9.37,2.52,80.01,99.91,16.55
2010,31,3130655,Indaiabira,0.61,0.49,0.575,0.804,2.82,2.48,32.13,97.72,78.72,24.13,8.73,44.57,286.93,0.48,63.6,34.04,13.97,71.76,94.31,19.54
2010,31,3130705,Indianópolis,0.674,0.554,0.664,0.834,0.66,0.56,10.96,98.18,58.89,4.16,9.95,40.82,499.36,0.4,31.27,8.16,0.91,93.84,99.95,22.09
2010,31,3130804,Ingaí,0.697,0.569,0.694,0.858,2.25,1.33,8.16,98.58,100.0,11.16,7.92,27.56,602.08,0.52,34.28,8.11,0.53,88.01,100.0,15.86
2010,31,3130903,Inhapim,0.658,0.535,0.642,0.829,1.35,2.0,15.27,97.9,76.61,14.03,8.97,41.51,434.81,0.52,47.93,22.35,8.6,85.22,98.41,14.68
2010,31,3131000,Inhaúma,0.702,0.624,0.657,0.845,0.92,2.25,8.65,99.4,87.79,5.55,9.54,22.27,477.55,0.44,35.69,10.65,2.55,93.58,99.81,19.27
2010,31,3131109,Inimutaba,0.664,0.579,0.625,0.81,1.75,0.97,12.33,98.3,88.17,9.62,9.89,32.38,389.93,0.42,45.39,17.97,3.02,82.88,99.34,25.05
2010,31,3131158,Ipaba,0.665,0.562,0.63,0.829,0.96,0.88,11.68,98.63,47.24,5.25,8.86,31.43,403.9,0.4,38.33,15.13,3.63,95.27,98.43,25.73
2010,31,3131208,Ipanema,0.693,0.586,0.67,0.848,1.42,1.93,14.2,98.53,73.8,6.23,9.97,37.45,518.1,0.53,42.62,17.14,5.38,89.49,99.19,18.57
2010,31,3131307,Ipatinga,0.771,0.705,0.752,0.864,1.1,0.93,5.01,97.85,75.52,23.2,9.68,15.74,862.91,0.52,19.79,5.92,1.13,98.14,99.93,16.81
2010,31,3131406,Ipiaçu,0.696,0.61,0.68,0.814,1.6,2.36,15.98,98.69,94.28,23.98,10.26,32.53,550.98,0.43,29.37,6.43,1.34,99.57,100.0,12.73
2010,31,3131505,Ipuiúna,0.686,0.516,0.723,0.866,1.91,2.14,11.94,97.57,80.68,22.84,7.55,43.58,719.24,0.53,23.49,7.0,2.43,86.22,99.76,16.65
2010,31,3131604,Iraí De Minas,0.695,0.563,0.705,0.847,1.56,0.57,8.59,94.98,54.64,23.04,8.69,35.76,642.98,0.48,26.34,6.02,0.96,89.02,100.0,16.11
2010,31,3131703,Itabira,0.756,0.678,0.729,0.873,1.45,1.38,6.34,98.74,76.19,25.41,9.65,18.57,744.61,0.51,24.5,7.46,1.54,95.94,99.81,19.26
2010,31,3131802,Itabirinha,0.653,0.531,0.625,0.838,2.93,1.82,20.45,96.25,74.6,12.14,7.57,36.03,390.33,0.47,49.86,23.94,5.39,94.43,99.47,22.24
2010,31,3131901,Itabirito,0.73,0.638,0.737,0.828,0.64,0.7,4.0,99.44,95.91,16.95,9.8,20.92,784.55,0.47,16.3,3.08,0.59,94.41,99.94,17.12
2010,31,3132008,Itacambira,0.628,0.55,0.57,0.791,1.9,0.62,16.05,95.24,54.98,12.45,8.63,28.29,277.92,0.5,58.76,39.05,21.87,64.69,96.27,19.84
2010,31,3132107,Itacarambi,0.641,0.564,0.593,0.787,2.7,2.69,17.7,97.63,84.45,31.71,8.23,31.54,321.22,0.5,60.0,31.15,10.67,80.96,97.32,35.85
2010,31,3132206,Itaguara,0.691,0.567,0.697,0.836,1.23,1.68,8.15,96.39,72.89,8.47,7.89,38.12,610.65,0.44,24.37,7.29,0.97,94.66,99.96,8.58
2010,31,3132305,Itaipé,0.552,0.388,0.57,0.759,6.8,3.68,24.97,95.3,32.23,8.8,7.64,51.58,277.8,0.49,61.53,35.21,17.1,82.6,96.29,33.07
2010,31,3132404,Itajubá,0.787,0.718,0.767,0.884,1.27,0.67,3.92,98.13,82.32,23.53,9.48,15.5,948.2,0.55,19.72,4.98,1.03,96.55,99.92,19.81
2010,31,3132503,Itamarandiba,0.646,0.547,0.618,0.798,1.72,1.28,18.71,97.32,64.15,14.14,9.07,33.0,374.21,0.52,54.09,27.56,11.13,84.61,97.8,20.27
2010,31,3132602,Itamarati De Minas,0.688,0.572,0.677,0.841,0.41,0.98,7.51,97.57,77.34,29.08,9.18,30.65,540.7,0.39,24.8,4.13,0.54,92.46,100.0,13.64
2010,31,3132701,Itambacuri,0.634,0.527,0.616,0.784,2.41,2.33,21.26,98.16,77.83,10.08,8.66,38.72,370.48,0.51,55.6,27.31,10.0,91.66,97.39,29.86
2010,31,3132800,Itambé Do Mato Dentro,0.634,0.513,0.605,0.823,2.53,3.92,19.02,97.34,46.7,1.34,7.16,41.17,345.17,0.42,51.07,24.3,4.77,73.74,99.53,14.01
2010,31,3132909,Itamogi,0.674,0.568,0.665,0.81,0.58,1.45,10.72,96.82,69.53,15.0,9.03,37.03,502.2,0.41,32.55,10.58,1.06,96.12,99.92,14.55
2010,31,3133006,Itamonte,0.705,0.591,0.695,0.853,0.77,0.56,6.01,98.51,85.78,14.28,8.85,30.37,604.91,0.47,27.83,7.56,1.44,74.13,98.96,20.18
2010,31,3133105,Itanhandu,0.739,0.643,0.72,0.871,0.59,1.07,4.63,97.3,93.29,33.86,9.48,21.92,706.47,0.48,20.4,6.52,1.27,94.83,99.84,15.37
2010,31,3133204,Itanhomi,0.65,0.503,0.656,0.831,1.66,1.34,17.47,97.54,70.52,21.25,9.76,43.06,474.77,0.55,44.83,21.76,10.76,92.53,99.54,16.86
2010,31,3133303,Itaobim,0.629,0.516,0.613,0.787,1.86,2.32,20.96,98.72,65.76,12.43,8.59,40.0,362.88,0.51,55.43,30.77,9.48,85.0,98.63,23.1
2010,31,3133402,Itapagipe,0.723,0.603,0.728,0.861,1.2,0.36,6.52,96.95,82.68,13.19,9.27,29.56,741.95,0.45,18.2,5.28,3.08,95.98,99.74,10.99
2010,31,3133501,Itapecerica,0.713,0.618,0.692,0.846,1.01,0.82,11.02,97.87,77.65,6.32,9.03,29.48,594.71,0.44,23.72,8.1,0.98,91.67,99.73,8.66
2010,31,3133600,Itapeva,0.72,0.607,0.699,0.878,1.1,1.21,10.38,97.96,92.61,23.65,8.81,30.49,620.04,0.42,23.97,5.63,1.54,89.84,99.59,23.37
2010,31,3133709,Itatiaiuçu,0.677,0.563,0.661,0.833,0.5,1.81,9.62,96.7,85.56,2.26,8.22,31.49,490.54,0.4,31.21,7.45,0.81,84.61,99.43,16.62
2010,31,3133758,Itaú De Minas,0.776,0.711,0.761,0.862,0.63,0.91,4.96,98.88,97.2,15.89,9.4,18.74,913.39,0.56,15.09,4.09,0.83,99.31,100.0,13.2
2010,31,3133808,Itaúna,0.758,0.685,0.749,0.85,0.49,0.56,4.17,98.17,93.87,18.81,9.56,21.13,847.74,0.48,14.65,2.75,0.58,99.31,99.98,11.46
2010,31,3133907,Itaverava,0.627,0.496,0.613,0.811,1.63,1.64,15.56,97.34,81.52,7.36,9.03,45.89,363.06,0.47,51.82,25.72,8.86,77.27,99.36,16.41
2010,31,3134004,Itinga,0.6,0.484,0.559,0.797,1.63,1.98,22.18,96.83,73.57,9.38,9.35,44.73,260.0,0.5,67.99,39.99,19.56,77.77,96.65,30.25
2010,31,3134103,Itueta,0.635,0.485,0.64,0.825,0.49,0.95,15.34,98.23,67.92,14.98,10.04,49.96,429.77,0.51,48.75,22.64,6.9,87.45,99.72,14.84
2010,31,3134202,Ituiutaba,0.739,0.644,0.745,0.84,1.35,1.04,8.45,98.07,78.57,18.01,9.8,25.54,824.46,0.5,17.07,4.16,1.14,98.82,99.87,16.27
2010,31,3134301,Itumirim,0.726,0.675,0.675,0.84,0.25,0.62,5.92,98.49,73.12,0.85,11.04,25.33,533.39,0.52,40.13,11.97,2.43,96.61,99.96,14.63
2010,31,3134400,Iturama,0.747,0.674,0.73,0.848,1.05,0.97,8.66,98.79,87.33,15.19,10.14,23.55,753.23,0.46,17.3,3.7,0.69,94.2,99.82,17.1
2010,31,3134509,Itutinga,0.727,0.622,0.703,0.878,0.38,0.0,6.41,99.46,74.42,14.92,10.26,30.24,634.33,0.54,32.81,15.58,4.16,92.07,99.94,13.62
2010,31,3134608,Jaboticatubas,0.681,0.543,0.694,0.837,2.26,1.45,10.85,98.19,82.56,10.9,8.18,37.1,602.48,0.57,35.66,15.21,5.65,87.47,99.79,23.03
2010,31,3134707,Jacinto,0.62,0.496,0.595,0.807,4.73,3.57,27.49,97.7,73.5,7.85,9.16,47.88,325.42,0.48,56.58,28.53,11.51,89.14,94.97,19.19
2010,31,3134806,Jacuí,0.668,0.54,0.682,0.81,0.79,0.82,10.66,97.87,49.61,3.49,9.47,43.61,558.14,0.4,22.64,8.24,2.2,89.32,99.75,13.55
2010,31,3134905,Jacutinga,0.715,0.586,0.722,0.864,1.56,1.36,7.12,94.53,94.77,25.45,8.05,31.2,717.25,0.42,15.82,5.12,1.66,97.9,99.48,15.8
2010,31,3135001,Jaguaraçu,0.679,0.548,0.667,0.856,2.6,1.89,10.33,99.07,78.38,11.1,9.32,37.41,508.65,0.41,30.13,9.79,1.18,92.0,99.41,18.69
2010,31,3135050,Jaíba,0.638,0.531,0.619,0.789,3.93,2.86,18.28,97.39,73.49,14.39,8.92,36.38,376.73,0.46,49.21,20.28,6.79,86.2,96.33,35.63
2010,31,3135076,Jampruca,0.609,0.479,0.605,0.781,3.73,2.74,22.8,97.71,70.05,9.33,9.38,42.86,344.6,0.48,56.78,28.48,10.97,92.62,95.92,27.64
2010,31,3135100,Janaúba,0.696,0.649,0.654,0.796,1.99,1.53,14.23,98.45,91.0,22.83,9.69,25.38,468.29,0.53,47.86,18.98,4.07,95.84,99.43,24.82
2010,31,3135209,Januária,0.658,0.568,0.611,0.82,3.0,2.29,17.35,96.37,66.76,7.54,9.11,30.25,359.19,0.56,58.34,34.35,18.51,76.01,97.22,30.93
2010,31,3135308,Japaraíba,0.721,0.656,0.677,0.844,1.77,1.39,7.06,99.6,80.25,17.78,10.17,26.8,541.09,0.37,20.87,6.88,0.96,99.14,100.0,5.61
2010,31,3135357,Japonvar,0.608,0.514,0.556,0.786,1.81,2.22,22.08,97.77,47.01,9.57,9.63,36.57,254.77,0.46,65.15,37.13,18.31,94.84,97.35,25.85
2010,31,3135407,Jeceaba,0.661,0.544,0.629,0.844,1.04,1.73,8.07,98.4,85.45,16.78,9.08,40.49,401.99,0.47,41.31,23.27,13.66,75.64,98.94,13.45
2010,31,3135456,Jenipapo De Minas,0.624,0.52,0.588,0.793,5.27,2.09,23.08,99.12,68.92,14.84,9.39,33.75,309.77,0.46,57.18,28.11,12.32,63.2,98.95,36.45
2010,31,3135506,Jequeri,0.601,0.451,0.607,0.794,1.51,1.92,16.19,94.95,59.11,10.61,8.72,51.9,348.73,0.5,54.46,30.37,11.63,86.08,97.97,15.48
2010,31,3135605,Jequitaí,0.643,0.552,0.605,0.797,2.26,1.52,19.89,97.91,72.97,13.33,9.03,35.07,345.53,0.47,53.97,27.69,8.4,76.16,98.52,19.58
2010,31,3135704,Jequitibá,0.689,0.492,0.777,0.854,1.65,1.97,9.48,96.69,52.07,17.15,9.79,36.85,1007.03,0.78,44.68,17.65,5.34,82.32,99.09,19.74
2010,31,3135803,Jequitinhonha,0.615,0.461,0.619,0.817,4.63,3.0,25.38,96.0,75.5,13.98,8.35,44.71,376.03,0.54,56.52,32.53,11.33,85.2,91.27,28.57
2010,31,3135902,Jesuânia,0.658,0.507,0.675,0.831,1.14,2.82,11.06,97.06,71.98,0.0,9.48,43.42,533.26,0.5,38.34,10.43,1.28,92.24,99.95,15.41
2010,31,3136009,Joaíma,0.587,0.448,0.572,0.789,3.79,4.21,28.6,95.35,61.72,14.79,8.69,51.39,281.18,0.53,66.95,39.5,19.72,87.12,94.6,31.16
2010,31,3136108,Joanésia,0.626,0.495,0.616,0.803,1.55,1.36,19.28,98.56,81.92,0.54,9.66,43.75,369.24,0.49,51.37,26.46,11.43,90.07,99.12,15.34
2010,31,3136207,João Monlevade,0.758,0.708,0.724,0.849,0.82,0.76,4.12,98.41,77.79,21.84,10.27,17.16,724.4,0.49,24.13,6.46,1.91,98.67,100.0,14.85
2010,31,3136306,João Pinheiro,0.697,0.63,0.683,0.788,1.34,1.03,10.81,94.94,76.76,14.46,9.0,26.82,562.24,0.49,33.7,12.24,3.28,90.69,97.92,20.29
2010,31,3136405,Joaquim Felício,0.637,0.489,0.642,0.824,1.9,1.57,15.52,97.48,73.62,14.15,7.39,44.5,433.58,0.53,50.81,20.21,4.95,69.82,96.31,28.38
2010,31,3136504,Jordânia,0.628,0.506,0.613,0.797,3.24,2.3,24.28,97.42,63.56,16.99,9.44,45.52,362.77,0.51,58.42,27.06,8.91,83.79,93.22,25.07
2010,31,3136520,José Gonçalves De Minas,0.632,0.553,0.597,0.764,1.55,2.43,19.34,99.23,78.35,15.83,8.08,31.41,328.27,0.41,50.02,21.85,9.11,63.67,99.26,22.25
2010,31,3136553,José Raydan,0.617,0.493,0.596,0.799,4.47,2.83,22.61,98.93,69.94,0.0,8.33,45.44,327.01,0.48,56.18,29.47,13.47,76.85,98.51,26.52
2010,31,3136579,Josenópolis,0.564,0.424,0.541,0.782,3.81,3.24,28.86,96.11,47.35,18.75,9.02,51.93,232.47,0.45,67.9,37.92,18.99,67.94,83.32,28.79
2010,31,3136603,Nova União,0.662,0.568,0.624,0.818,0.99,0.3,12.38,98.52,82.43,0.82,9.32,35.34,387.68,0.41,43.85,16.73,5.6,88.63,98.14,21.44
2010,31,3136652,Juatuba,0.717,0.649,0.67,0.849,1.49,1.27,8.54,98.8,87.59,12.28,8.51,26.22,517.18,0.47,36.07,12.24,2.93,95.05,99.91,24.94
2010,31,3136702,Juiz De Fora,0.778,0.711,0.784,0.844,1.14,0.77,3.25,98.31,88.06,26.26,9.91,16.74,1050.88,0.56,17.73,5.48,0.88,97.98,99.77,17.38
2010,31,3136801,Juramento,0.669,0.617,0.601,0.808,2.01,2.03,16.17,99.11,98.14,27.27,9.66,25.74,335.93,0.43,55.49,20.77,5.32,61.8,98.83,17.57
2010,31,3136900,Juruaia,0.723,0.553,0.794,0.86,0.74,0.57,6.42,95.45,66.37,22.64,8.45,39.17,1122.1,0.64,17.22,3.45,1.03,69.24,99.79,14.69
2010,31,3136959,Juvenília,0.592,0.501,0.535,0.776,3.93,3.83,23.12,96.71,52.36,6.36,7.4,37.32,223.32,0.53,73.67,47.28,27.96,82.4,92.14,29.83
2010,31,3137007,Ladainha,0.541,0.391,0.537,0.754,7.78,4.9,29.69,91.94,28.12,3.22,7.88,55.28,226.72,0.56,71.95,50.74,28.95,81.65,94.27,34.13
2010,31,3137106,Lagamar,0.718,0.637,0.692,0.839,0.56,1.81,11.07,99.38,85.8,26.99,9.8,30.3,592.95,0.5,31.81,9.36,3.42,86.49,99.15,10.03
2010,31,3137205,Lagoa Da Prata,0.732,0.655,0.72,0.832,0.69,1.27,6.48,99.1,95.2,25.02,9.47,25.05,707.01,0.45,18.59,4.63,0.8,99.43,99.92,13.86
2010,31,3137304,Lagoa Dos Patos,0.634,0.556,0.593,0.773,1.36,2.67,15.99,98.87,95.21,10.08,8.93,35.38,321.11,0.44,58.69,24.57,9.02,77.98,97.68,27.08
2010,31,3137403,Lagoa Dourada,0.676,0.554,0.672,0.828,1.05,0.6,5.87,98.93,88.04,5.21,9.32,41.02,522.62,0.53,42.24,18.33,1.77,94.19,99.68,15.95
2010,31,3137502,Lagoa Formosa,0.703,0.582,0.717,0.832,0.54,0.8,10.95,98.69,59.89,15.65,9.61,35.62,693.25,0.49,22.07,5.61,1.88,94.89,99.98,10.19
2010,31,3137536,Lagoa Grande,0.679,0.568,0.678,0.812,1.77,0.63,11.16,97.18,76.61,12.79,8.36,36.18,543.58,0.5,33.14,12.74,2.53,92.44,99.1,13.02
2010,31,3137601,Lagoa Santa,0.777,0.693,0.79,0.857,1.11,1.17,4.7,97.01,96.68,38.22,9.48,18.13,1089.96,0.58,17.88,4.37,0.91,98.46,99.96,21.46
2010,31,3137700,Lajinha,0.661,0.541,0.659,0.81,1.14,1.84,17.05,98.25,73.64,7.03,9.36,40.52,482.87,0.51,42.03,17.51,6.72,86.38,99.64,18.35
2010,31,3137809,Lambari,0.711,0.596,0.693,0.871,1.19,1.37,7.52,97.59,82.91,12.71,9.87,32.61,597.16,0.48,30.68,10.21,2.21,88.66,99.84,18.65
2010,31,3137908,Lamim,0.655,0.546,0.623,0.828,2.07,0.53,13.22,100.0,91.57,0.0,10.54,43.8,386.1,0.46,44.47,25.13,8.0,84.08,99.23,21.31
2010,31,3138005,Laranjal,0.714,0.613,0.694,0.857,1.39,2.53,10.8,98.27,82.67,7.15,8.23,28.25,601.49,0.49,31.23,8.34,1.55,94.12,99.68,15.83
2010,31,3138104,Lassance,0.629,0.511,0.614,0.795,4.65,3.47,15.06,96.43,86.96,0.63,9.2,39.5,364.3,0.45,51.59,22.5,7.14,83.79,97.99,29.27
2010,31,3138203,Lavras,0.782,0.719,0.757,0.88,1.5,0.94,4.14,98.61,92.51,32.8,9.83,17.5,889.65,0.5,17.0,4.35,0.62,98.01,99.95,15.83
2010,31,3138302,Leandro Ferreira,0.71,0.579,0.707,0.875,1.1,1.15,11.77,97.79,95.61,11.04,8.72,32.11,649.92,0.46,22.39,6.61,1.25,94.75,99.52,15.28
2010,31,3138351,Leme Do Prado,0.67,0.64,0.602,0.779,1.48,2.15,17.42,99.79,84.6,27.52,9.94,24.37,338.71,0.4,46.29,21.71,7.81,81.0,99.33,25.66
2010,31,3138401,Leopoldina,0.726,0.635,0.696,0.867,1.25,0.81,6.99,98.09,88.71,23.94,9.45,24.95,609.5,0.5,32.81,10.91,2.44,96.45,99.92,20.95
2010,31,3138500,Liberdade,0.672,0.537,0.679,0.834,1.6,0.75,14.92,98.03,36.75,3.32,9.28,39.47,546.79,0.59,46.38,17.73,4.86,88.25,95.03,17.87
2010,31,3138609,Lima Duarte,0.71,0.59,0.705,0.861,1.26,1.31,11.01,98.49,87.11,25.56,9.73,33.95,645.22,0.59,37.72,14.08,2.11,89.01,98.1,15.19
2010,31,3138625,Limeira Do Oeste,0.71,0.62,0.693,0.834,0.45,0.26,12.62,98.83,73.69,3.48,9.02,28.08,595.92,0.46,27.68,10.96,6.71,90.29,96.69,14.09
2010,31,3138658,Lontra,0.646,0.577,0.589,0.794,2.14,2.35,22.22,97.86,79.27,13.74,9.51,31.82,312.77,0.5,62.69,30.93,13.47,91.85,99.44,29.54
2010,31,3138674,Luisburgo,0.608,0.455,0.61,0.809,1.03,0.61,14.96,94.88,39.55,11.26,8.85,52.66,355.95,0.52,52.65,32.91,14.15,76.89,99.65,12.34
2010,31,3138682,Luislândia,0.614,0.509,0.568,0.799,1.17,0.67,19.38,98.04,58.67,10.46,9.89,40.35,273.73,0.57,73.46,45.13,20.59,77.34,95.5,29.33
2010,31,3138708,Luminárias,0.678,0.578,0.656,0.821,1.03,1.36,9.34,99.23,77.44,13.52,10.17,34.82,474.29,0.41,32.63,9.89,0.78,93.77,99.51,12.92
2010,31,3138807,Luz,0.724,0.63,0.723,0.833,0.7,0.85,8.07,99.0,93.82,18.17,9.4,29.32,720.88,0.5,20.97,5.62,1.16,95.69,99.93,11.56
2010,31,3138906,Machacalis,0.64,0.552,0.607,0.783,1.84,1.25,23.43,96.68,45.96,9.56,9.65,40.71,350.63,0.48,54.6,25.28,9.22,95.54,96.79,20.76
2010,31,3139003,Machado,0.715,0.6,0.719,0.848,1.14,1.28,8.07,96.21,77.91,36.79,8.67,29.62,701.58,0.51,25.65,7.62,1.29,96.88,99.85,20.13
2010,31,3139102,Madre De Deus De Minas,0.699,0.598,0.667,0.856,0.63,0.76,6.83,98.29,92.98,2.25,7.77,28.43,508.21,0.51,41.44,16.79,3.39,89.83,99.62,14.98
2010,31,3139201,Malacacheta,0.618,0.505,0.609,0.768,2.17,2.41,25.22,95.85,60.4,9.66,8.19,41.0,353.28,0.53,57.09,34.45,12.71,89.09,96.51,27.13
2010,31,3139250,Mamonas,0.618,0.537,0.565,0.779,1.35,1.38,28.53,98.46,57.02,16.08,10.49,41.69,269.87,0.45,56.91,32.8,22.5,86.86,99.76,6.7
2010,31,3139300,Manga,0.642,0.53,0.624,0.799,5.19,2.92,23.37,96.36,76.68,21.45,8.78,39.98,387.71,0.68,71.79,43.56,21.28,77.38,96.34,32.24
2010,31,3139409,Manhuaçu,0.689,0.563,0.692,0.839,1.08,1.01,8.58,97.36,74.63,18.16,9.13,35.81,592.99,0.5,32.05,11.28,2.82,94.2,99.81,18.15
2010,31,3139508,Manhumirim,0.697,0.589,0.679,0.846,1.53,1.65,12.74,96.74,78.86,13.44,8.62,36.97,547.24,0.49,37.02,13.53,2.59,95.16,99.72,19.99
2010,31,3139607,Mantena,0.675,0.575,0.666,0.803,0.95,1.02,15.43,96.63,75.87,14.48,9.2,37.53,505.08,0.51,42.1,19.7,6.4,95.47,98.75,13.15
2010,31,3139706,Maravilhas,0.672,0.558,0.645,0.845,1.49,1.62,7.92,98.28,81.35,11.81,10.02,34.99,442.51,0.39,35.69,9.44,2.08,92.5,99.52,17.44
2010,31,3139805,Mar De Espanha,0.684,0.558,0.694,0.825,1.95,1.49,8.01,98.39,95.17,15.05,9.06,37.95,598.93,0.4,20.7,5.73,0.23,97.22,100.0,16.37
2010,31,3139904,Maria Da Fé,0.702,0.637,0.646,0.842,1.31,0.71,7.79,98.88,77.71,17.52,10.41,25.57,445.11,0.48,44.37,17.14,3.28,79.52,99.78,22.52
2010,31,3140001,Mariana,0.742,0.664,0.705,0.874,1.27,1.07,6.51,97.95,91.68,12.53,9.74,19.52,641.84,0.51,30.71,11.72,3.57,94.67,99.34,20.53
2010,31,3140100,Marilac,0.615,0.488,0.609,0.781,1.08,1.49,19.5,98.76,75.64,1.69,8.85,45.68,354.33,0.45,56.31,20.16,4.55,98.01,99.69,21.07
2010,31,3140159,Mário Campos,0.699,0.604,0.68,0.833,1.25,0.38,8.12,98.5,83.09,12.42,8.56,28.14,551.93,0.46,31.83,11.14,2.18,97.16,99.72,23.39
2010,31,3140209,Maripá De Minas,0.68,0.555,0.668,0.847,2.75,1.96,10.57,95.5,93.46,21.35,9.69,31.87,510.92,0.38,23.26,5.84,0.69,95.49,100.0,12.11
2010,31,3140308,Marliéria,0.657,0.537,0.629,0.838,0.71,1.49,11.36,98.73,92.23,7.84,9.15,36.94,401.74,0.4,42.23,13.16,2.29,89.15,97.81,21.23
2010,31,3140407,Marmelópolis,0.65,0.553,0.615,0.806,0.84,1.56,10.28,99.24,68.47,2.77,9.21,39.21,367.73,0.45,54.9,23.44,4.65,75.8,99.07,17.84
2010,31,3140506,Martinho Campos,0.669,0.515,0.688,0.844,1.05,1.46,8.95,98.11,79.4,16.22,9.26,41.05,579.07,0.44,27.14,9.77,1.33,96.02,99.95,11.92
2010,31,3140530,Martins Soares,0.635,0.512,0.619,0.809,1.73,0.72,15.59,96.71,51.5,5.2,7.51,42.85,376.88,0.4,43.36,17.53,3.61,82.33,99.27,18.36
2010,31,3140555,Mata Verde,0.581,0.45,0.581,0.749,2.54,1.33,30.14,96.86,73.85,27.14,8.24,49.04,298.19,0.47,61.79,34.59,8.73,91.73,98.7,26.85
2010,31,3140605,Materlândia,0.597,0.497,0.557,0.769,2.57,1.24,22.59,97.92,61.92,1.26,9.61,47.05,255.52,0.47,64.13,38.1,17.23,90.23,95.32,20.15
2010,31,3140704,Mateus Leme,0.704,0.604,0.688,0.839,1.19,1.15,7.83,96.93,52.05,8.21,8.68,28.23,579.23,0.49,35.1,12.99,5.03,94.2,99.62,20.45
2010,31,3140803,Matias Barbosa,0.72,0.616,0.703,0.862,1.94,0.31,6.57,98.08,84.21,12.17,9.81,28.11,633.76,0.49,29.23,10.06,2.09,97.0,99.77,20.07
2010,31,3140852,Matias Cardoso,0.616,0.501,0.584,0.799,3.36,3.23,22.52,96.94,91.25,18.41,8.62,38.62,303.0,0.56,67.7,39.94,16.66,70.41,92.9,35.84
2010,31,3140902,Matipó,0.631,0.511,0.63,0.78,1.54,1.36,14.91,97.68,78.24,8.0,9.3,46.26,403.48,0.48,49.21,19.71,3.6,96.03,99.67,24.25
2010,31,3141009,Mato Verde,0.662,0.61,0.604,0.789,1.98,1.99,21.34,97.27,94.28,9.2,10.38,35.28,343.76,0.46,54.1,23.96,9.02,92.05,99.22,14.9
2010,31,3141108,Matozinhos,0.731,0.654,0.69,0.864,1.27,1.0,5.7,99.17,88.64,17.24,9.79,19.17,584.15,0.43,24.34,6.75,1.84,96.57,100.0,21.63
2010,31,3141207,Matutina,0.707,0.552,0.744,0.859,0.41,1.08,11.7,95.43,86.81,7.64,9.13,38.84,820.03,0.59,24.64,4.53,2.02,95.48,99.6,5.18
2010,31,3141306,Medeiros,0.711,0.584,0.722,0.851,0.76,0.0,5.94,99.76,83.71,16.5,9.51,38.62,715.52,0.46,17.18,4.78,0.33,84.03,99.88,14.48
2010,31,3141405,Medina,0.624,0.475,0.624,0.821,2.3,2.05,22.45,95.94,76.76,8.59,8.64,46.68,388.82,0.57,56.18,29.94,16.49,90.64,98.7,20.42
2010,31,3141504,Mendes Pimentel,0.626,0.518,0.617,0.768,3.36,1.71,24.33,98.1,82.21,3.82,8.93,49.6,372.96,0.48,53.51,23.99,7.77,90.07,98.96,15.49
2010,31,3141603,Mercês,0.664,0.515,0.683,0.831,2.42,1.86,14.13,97.88,65.06,7.31,8.01,42.74,561.75,0.58,41.87,18.97,5.53,85.79,99.54,13.24
2010,31,3141702,Mesquita,0.656,0.555,0.638,0.796,1.27,2.45,19.12,97.95,81.85,5.77,10.03,39.03,424.12,0.46,42.76,19.12,7.56,88.91,98.33,19.85
2010,31,3141801,Minas Novas,0.633,0.528,0.6,0.802,1.71,1.49,23.0,97.15,68.91,11.98,8.81,36.31,334.06,0.5,56.27,28.49,13.05,55.44,97.74,30.07
2010,31,3141900,Minduri,0.658,0.56,0.631,0.805,1.82,1.32,8.13,96.47,81.95,9.91,8.61,31.19,404.95,0.49,50.31,18.74,7.75,95.57,99.39,19.05
2010,31,3142007,Mirabela,0.665,0.622,0.596,0.794,2.7,1.97,17.39,98.7,77.41,14.33,10.86,30.41,326.06,0.48,59.84,29.25,10.93,89.15,98.47,30.65
2010,31,3142106,Miradouro,0.663,0.546,0.645,0.827,2.19,1.4,13.71,98.34,71.73,2.45,8.44,45.68,443.39,0.52,43.42,23.09,9.36,89.15,99.91,13.41
2010,31,3142205,Miraí,0.68,0.567,0.663,0.837,1.81,2.09,11.33,98.21,85.45,21.08,8.59,36.47,493.91,0.45,36.84,9.96,1.93,96.54,99.96,22.66
2010,31,3142254,Miravânia,0.593,0.492,0.544,0.781,7.28,4.39,25.97,95.99,90.27,34.06,9.22,40.86,235.64,0.49,70.23,41.15,22.08,90.23,97.1,22.4
2010,31,3142304,Moeda,0.638,0.494,0.657,0.8,1.69,0.0,8.18,99.17,81.68,5.31,8.07,45.17,477.77,0.43,35.79,11.01,1.2,60.18,100.0,14.86
2010,31,3142403,Moema,0.721,0.629,0.703,0.848,1.15,0.57,6.5,97.67,77.66,7.68,8.65,28.75,634.04,0.38,17.06,2.48,0.45,99.21,99.79,8.05
2010,31,3142502,Monjolos,0.65,0.548,0.612,0.819,3.95,1.97,15.98,97.45,43.61,3.67,9.02,34.08,360.58,0.48,55.11,23.8,4.44,77.81,98.5,24.54
2010,31,3142601,Monsenhor Paulo,0.721,0.654,0.682,0.839,0.0,0.71,11.15,99.15,75.23,10.57,9.71,28.31,555.78,0.4,23.96,5.17,0.64,93.09,100.0,14.21
2010,31,3142700,Montalvânia,0.613,0.492,0.586,0.799,2.14,1.45,21.78,96.19,58.62,14.18,8.62,39.44,305.88,0.54,62.66,38.23,19.79,79.42,97.61,24.86
2010,31,3142809,Monte Alegre De Minas,0.674,0.516,0.699,0.848,1.58,0.6,11.31,94.44,49.5,17.25,8.69,40.72,619.1,0.47,26.14,6.63,2.36,98.23,99.75,13.86
2010,31,3142908,Monte Azul,0.659,0.578,0.611,0.811,1.97,1.65,22.59,98.26,74.06,9.36,9.35,36.08,358.13,0.51,54.07,29.79,13.81,87.33,99.44,19.98
2010,31,3143005,Monte Belo,0.688,0.567,0.677,0.847,0.9,1.42,10.71,98.22,60.93,27.84,10.49,39.15,539.84,0.46,31.39,11.62,4.06,87.14,100.0,18.87
2010,31,3143104,Monte Carmelo,0.728,0.62,0.716,0.868,1.22,1.0,7.61,98.45,81.07,21.05,9.53,33.02,689.45,0.49,24.42,6.85,0.75,97.93,99.83,13.03
2010,31,3143153,Monte Formoso,0.541,0.396,0.523,0.765,2.59,2.01,29.01,97.73,29.07,8.42,9.48,54.17,206.62,0.59,78.16,55.76,32.25,75.55,95.94,33.13
2010,31,3143203,Monte Santo De Minas,0.71,0.595,0.689,0.874,0.79,1.41,12.67,98.29,93.25,28.92,9.24,35.81,584.09,0.42,23.77,3.68,0.11,96.74,99.92,17.16
2010,31,3143302,Montes Claros,0.77,0.744,0.707,0.868,1.42,1.17,6.25,98.43,90.03,25.42,10.25,14.52,650.62,0.53,33.87,11.99,2.71,95.05,99.66,24.93
2010,31,3143401,Monte Sião,0.724,0.59,0.732,0.878,1.29,1.45,7.22,95.92,77.63,24.03,8.69,36.03,760.69,0.44,13.58,3.74,0.67,94.36,99.95,16.52
2010,31,3143450,Montezuma,0.587,0.425,0.587,0.809,1.22,2.58,22.57,97.11,40.24,6.09,8.53,48.49,308.78,0.46,60.64,28.77,9.15,84.26,97.6,23.07
2010,31,3143500,Morada Nova De Minas,0.696,0.59,0.688,0.83,1.78,2.44,9.29,97.81,95.29,39.48,8.36,39.01,577.61,0.45,27.01,6.84,0.96,88.85,98.7,11.31
2010,31,3143609,Morro Da Garça,0.648,0.538,0.619,0.816,0.51,0.65,10.62,96.64,88.81,17.52,9.66,33.77,376.88,0.46,54.62,19.13,3.68,74.26,100.0,19.42
2010,31,3143708,Morro Do Pilar,0.597,0.422,0.622,0.809,5.53,2.88,23.49,96.44,62.72,0.0,7.1,46.92,382.62,0.48,50.72,21.5,6.22,84.57,97.25,14.76
2010,31,3143807,Munhoz,0.647,0.52,0.634,0.821,0.43,1.54,10.5,97.38,62.91,4.74,8.3,44.77,412.79,0.46,44.76,20.98,6.81,88.69,99.72,25.21
2010,31,3143906,Muriaé,0.734,0.634,0.731,0.853,1.45,1.4,7.62,97.26,92.9,24.48,9.33,29.49,758.46,0.52,23.12,7.03,1.25,98.95,99.95,16.88
2010,31,3144003,Mutum,0.644,0.511,0.635,0.822,1.39,1.45,18.2,94.85,60.76,4.97,7.95,44.88,415.41,0.49,45.57,22.42,8.86,86.0,98.96,15.56
2010,31,3144102,Muzambinho,0.74,0.652,0.723,0.859,1.0,0.6,6.16,97.83,76.26,12.03,9.38,26.5,719.94,0.46,19.56,5.16,1.23,89.41,99.77,15.87
2010,31,3144201,Nacip Raydan,0.585,0.377,0.64,0.831,3.23,4.35,22.35,94.42,52.5,5.91,6.03,53.48,429.34,0.6,57.35,30.08,12.23,86.91,96.92,23.19
2010,31,3144300,Nanuque,0.701,0.609,0.666,0.85,2.2,1.44,15.52,97.4,69.83,13.59,8.78,28.73,505.55,0.5,41.74,14.89,4.48,98.14,99.5,19.4
2010,31,3144359,Naque,0.675,0.592,0.632,0.822,1.72,0.24,15.29,98.97,86.69,12.61,8.69,27.98,408.75,0.43,44.47,17.38,4.17,99.45,99.67,28.41
2010,31,3144375,Natalândia,0.671,0.557,0.641,0.846,0.75,0.0,14.32,99.78,92.49,38.27,9.25,34.9,431.11,0.4,34.23,13.4,3.62,81.09,99.53,17.37
2010,31,3144409,Natércia,0.693,0.612,0.677,0.805,1.72,2.13,9.77,98.65,82.24,16.45,9.42,35.03,541.69,0.4,23.39,8.16,1.04,81.39,99.93,9.05
2010,31,3144508,Nazareno,0.69,0.597,0.662,0.83,0.66,1.17,8.91,98.78,64.36,14.28,10.66,30.37,491.13,0.47,40.4,14.17,1.34,95.71,99.58,13.7
2010,31,3144607,Nepomuceno,0.667,0.549,0.658,0.822,2.18,1.26,11.23,96.07,55.07,14.35,9.35,36.43,480.79,0.44,32.61,12.71,3.34,94.32,99.56,17.42
2010,31,3144656,Ninheira,0.556,0.418,0.525,0.784,5.54,2.89,34.28,97.38,75.38,9.55,7.92,50.14,210.17,0.52,74.12,47.71,30.83,55.33,96.71,15.31
2010,31,3144672,Nova Belém,0.592,0.481,0.563,0.768,2.14,1.61,24.32,96.73,53.37,3.07,8.65,47.97,265.9,0.5,65.98,40.25,19.36,87.39,99.29,20.85
2010,31,3144706,Nova Era,0.709,0.639,0.675,0.825,1.09,0.88,6.83,99.58,95.79,25.72,9.82,22.59,532.58,0.47,35.21,13.01,3.04,88.35,99.8,22.88
2010,31,3144805,Nova Lima,0.813,0.704,0.864,0.885,0.8,0.63,2.87,98.28,92.71,25.31,9.77,14.0,1731.84,0.68,13.67,2.84,0.51,94.76,99.7,18.16
2010,31,3144904,Nova Módica,0.63,0.527,0.61,0.779,3.0,2.37,23.99,96.47,82.37,20.38,8.91,44.24,355.66,0.5,57.66,28.74,10.13,94.43,99.11,18.67
2010,31,3145000,Nova Ponte,0.701,0.562,0.734,0.835,0.56,0.9,8.85,96.65,76.23,16.67,8.97,37.14,771.68,0.52,22.38,5.74,1.53,96.81,99.9,18.92
2010,31,3145059,Nova Porteirinha,0.641,0.556,0.584,0.811,2.81,2.44,18.49,98.35,92.31,17.67,9.53,36.04,302.09,0.41,57.98,24.2,5.69,90.11,99.17,30.05
2010,31,3145109,Nova Resende,0.671,0.525,0.687,0.839,0.98,1.02,8.05,95.25,52.49,12.77,8.65,40.98,576.41,0.45,26.5,8.58,1.44,73.63,99.72,15.05
2010,31,3145208,Nova Serrana,0.715,0.597,0.709,0.864,1.12,1.06,4.82,97.15,60.36,13.94,8.7,27.39,659.74,0.35,10.77,2.81,1.18,98.52,99.69,24.58
2010,31,3145307,Novo Cruzeiro,0.571,0.415,0.562,0.797,3.42,3.29,27.72,95.69,41.62,10.59,7.88,47.0,264.66,0.53,66.64,42.32,22.06,72.51,94.44,30.39
2010,31,3145356,Novo Oriente De Minas,0.555,0.4,0.568,0.754,3.65,3.62,31.23,96.29,48.57,4.78,8.44,52.73,274.37,0.56,65.47,42.67,25.32,83.63,82.34,26.84
2010,31,3145372,Novorizonte,0.616,0.5,0.582,0.804,1.39,1.12,21.86,96.75,78.99,21.38,9.79,43.46,299.95,0.43,56.39,26.98,11.54,56.56,98.83,21.02
2010,31,3145406,Olaria,0.636,0.49,0.638,0.823,3.5,2.25,17.68,97.09,57.72,1.4,8.95,46.15,423.44,0.41,39.17,11.54,2.15,82.54,99.42,9.54
2010,31,3145455,Olhos-D'Água,0.626,0.498,0.607,0.812,2.37,0.6,17.98,97.44,77.07,27.81,8.98,39.85,348.9,0.46,49.98,25.92,5.91,72.01,98.03,24.01
2010,31,3145505,Olímpio Noronha,0.674,0.577,0.656,0.809,0.52,0.79,14.29,98.47,77.3,0.0,10.72,37.81,475.23,0.41,36.62,9.9,0.58,98.5,99.85,16.62
2010,31,3145604,Oliveira,0.699,0.587,0.691,0.842,0.96,1.11,6.12,95.18,86.28,12.59,9.1,31.75,588.2,0.45,24.91,6.88,1.65,96.61,100.0,14.07
2010,31,3145703,Oliveira Fortes,0.635,0.523,0.616,0.794,4.7,3.25,16.44,94.23,83.04,2.9,10.3,40.32,369.25,0.44,48.35,19.28,5.99,87.67,100.0,18.03
2010,31,3145802,Onça De Pitangui,0.663,0.559,0.646,0.806,1.14,2.29,11.14,97.38,53.67,2.24,8.5,43.53,446.23,0.44,37.15,17.23,3.0,71.2,99.73,18.17
2010,31,3145851,Oratórios,0.637,0.5,0.627,0.824,0.96,1.65,15.82,98.63,92.92,26.32,8.36,40.34,395.74,0.39,42.63,14.94,2.94,95.17,99.84,21.21
2010,31,3145877,Orizânia,0.562,0.414,0.551,0.778,1.91,2.75,16.03,96.62,50.49,8.0,8.22,56.71,247.35,0.54,68.47,44.78,27.43,82.27,99.96,15.51
2010,31,3145901,Ouro Branco,0.764,0.68,0.753,0.872,0.96,0.74,4.69,98.86,96.63,30.52,9.34,18.03,866.02,0.52,20.26,5.91,0.64,93.94,99.95,11.42
2010,31,3146008,Ouro Fino,0.722,0.622,0.703,0.861,1.53,1.29,8.66,95.76,75.25,7.09,9.38,33.72,635.38,0.45,23.53,6.48,1.18,93.51,99.64,18.88
2010,31,3146107,Ouro Preto,0.741,0.677,0.721,0.834,0.76,1.14,4.95,98.77,91.16,29.96,10.2,18.55,710.55,0.5,25.0,9.05,2.64,92.09,99.67,19.36
2010,31,3146206,Ouro Verde De Minas,0.595,0.459,0.582,0.789,3.66,3.3,27.63,96.56,46.39,1.51,8.18,46.45,298.76,0.51,63.46,38.44,18.83,92.1,99.36,27.53
2010,31,3146255,Padre Carvalho,0.599,0.471,0.575,0.795,5.67,2.99,26.37,92.17,33.73,5.08,9.53,37.96,286.32,0.44,61.34,31.27,6.14,77.42,93.99,32.0
2010,31,3146305,Padre Paraíso,0.596,0.478,0.556,0.797,2.66,2.72,22.68,94.81,56.58,9.77,8.41,44.44,253.77,0.54,70.11,46.43,23.91,75.73,97.65,33.25
2010,31,3146404,Paineiras,0.669,0.526,0.691,0.824,0.63,0.82,10.96,98.18,83.41,4.04,9.59,43.58,589.16,0.46,30.57,7.47,1.34,94.23,98.4,5.33
2010,31,3146503,Pains,0.728,0.616,0.717,0.874,0.39,0.0,7.42,99.13,90.35,15.47,9.0,31.95,690.97,0.46,22.28,5.69,0.62,94.61,100.0,7.11
2010,31,3146552,Pai Pedro,0.59,0.52,0.52,0.76,3.13,1.35,31.18,95.41,70.4,13.0,8.62,40.23,203.93,0.46,74.1,45.47,25.41,58.35,96.43,24.14
2010,31,3146602,Paiva,0.72,0.672,0.657,0.845,0.0,1.11,12.86,99.31,67.27,3.05,9.43,36.62,476.35,0.44,33.98,11.05,1.21,87.6,99.65,2.62
2010,31,3146701,Palma,0.703,0.623,0.663,0.841,1.53,2.26,11.1,96.32,76.08,15.88,8.45,32.35,494.63,0.49,44.14,16.36,1.95,96.93,99.95,20.3
2010,31,3146750,Palmópolis,0.565,0.437,0.559,0.738,3.02,2.64,29.58,96.34,70.3,2.64,7.97,53.59,259.75,0.45,64.73,35.57,15.3,86.03,93.19,18.42
2010,31,3146909,Papagaios,0.666,0.545,0.65,0.833,1.11,1.59,9.28,96.91,60.07,3.26,9.14,33.46,455.96,0.49,44.72,16.28,2.16,97.41,99.83,23.02
2010,31,3147006,Paracatu,0.744,0.685,0.704,0.854,1.63,1.13,7.56,97.05,83.83,10.72,10.23,19.29,637.8,0.51,30.16,9.34,2.37,95.16,99.58,23.0
2010,31,3147105,Pará De Minas,0.725,0.628,0.715,0.848,1.14,0.56,3.88,99.07,93.22,26.83,9.23,23.56,686.42,0.43,19.02,3.74,0.46,97.97,99.97,14.21
2010,31,3147204,Paraguaçu,0.715,0.623,0.69,0.85,1.22,0.85,7.25,99.37,91.05,22.31,8.64,27.78,587.36,0.41,23.09,6.84,1.59,95.83,99.64,12.63
2010,31,3147303,Paraisópolis,0.729,0.657,0.692,0.852,1.78,0.62,8.26,95.11,69.02,7.79,9.02,26.7,592.61,0.46,28.65,9.52,1.84,90.31,99.79,15.66
2010,31,3147402,Paraopeba,0.694,0.625,0.674,0.793,1.72,1.23,6.11,98.75,77.41,17.98,9.15,22.43,530.79,0.45,30.8,11.93,2.62,93.54,99.47,20.05
2010,31,3147501,Passabém,0.642,0.533,0.631,0.787,0.0,1.83,17.76,97.94,73.53,2.36,10.15,36.58,405.19,0.41,41.09,15.05,5.37,62.3,98.87,17.01
2010,31,3147600,Passa Quatro,0.715,0.623,0.683,0.86,1.24,1.12,5.76,97.93,91.12,16.55,9.26,29.38,561.44,0.49,32.92,10.24,1.16,91.31,99.82,22.05
2010,31,3147709,Passa Tempo,0.687,0.594,0.676,0.808,0.57,0.73,7.72,98.83,75.96,4.02,8.94,36.63,535.96,0.49,34.36,12.25,4.4,92.37,99.65,10.83
2010,31,3147808,Passa-Vinte,0.648,0.507,0.662,0.809,3.6,0.82,13.31,99.09,73.43,0.0,9.64,47.75,493.38,0.46,36.72,11.88,2.14,88.51,97.09,16.74
2010,31,3147907,Passos,0.756,0.658,0.741,0.886,1.01,0.83,5.52,96.82,79.62,18.33,9.3,23.53,802.97,0.49,18.36,4.42,0.9,99.02,99.93,17.6
2010,31,3147956,Patis,0.614,0.534,0.55,0.787,2.8,1.96,23.06,96.83,75.14,22.01,9.3,35.24,244.72,0.47,69.18,38.04,18.28,92.44,96.77,31.37
2010,31,3148004,Patos De Minas,0.765,0.698,0.749,0.855,0.91,0.56,5.36,98.59,72.81,21.89,9.86,19.54,843.57,0.5,17.05,4.55,0.87,96.53,99.86,10.03
2010,31,3148103,Patrocínio,0.729,0.628,0.723,0.852,1.28,1.27,6.52,97.91,79.77,17.4,9.26,26.94,720.59,0.49,21.18,5.59,1.1,96.47,99.57,16.57
2010,31,3148202,Patrocínio Do Muriaé,0.682,0.576,0.691,0.796,3.28,1.78,9.82,99.17,81.59,10.0,9.57,34.33,590.26,0.49,29.48,10.36,2.4,97.49,99.78,16.45
2010,31,3148301,Paula Cândido,0.637,0.497,0.632,0.823,0.59,1.14,9.95,98.41,62.59,9.89,9.07,41.0,407.91,0.48,49.42,22.66,5.09,92.33,99.57,15.34
2010,31,3148400,Paulistas,0.625,0.521,0.593,0.791,3.35,1.88,20.05,98.31,58.64,4.44,9.48,41.55,321.22,0.52,59.0,35.66,14.88,89.18,97.03,25.39
2010,31,3148509,Pavão,0.627,0.507,0.599,0.813,1.59,2.24,23.49,97.08,68.85,8.33,8.45,39.01,333.55,0.53,59.96,30.87,14.97,92.77,98.75,28.66
2010,31,3148608,Peçanha,0.627,0.497,0.63,0.787,3.75,3.23,19.73,97.11,57.0,5.28,8.91,44.77,404.21,0.53,54.4,25.6,7.33,88.33,90.67,22.96
2010,31,3148707,Pedra Azul,0.627,0.518,0.596,0.797,2.0,1.56,20.1,98.66,79.32,19.13,8.99,37.69,327.18,0.53,62.54,34.64,12.62,91.84,98.66,23.93
2010,31,3148756,Pedra Bonita,0.573,0.457,0.557,0.74,1.99,2.37,14.75,97.44,71.88,6.01,7.96,50.77,256.67,0.5,67.35,40.94,19.47,77.43,94.39,18.95
2010,31,3148806,Pedra Do Anta,0.624,0.466,0.636,0.821,1.35,0.99,19.38,97.55,78.93,0.0,8.07,49.98,418.07,0.54,51.11,24.36,10.98,93.35,99.79,11.85
2010,31,3148905,Pedra Do Indaiá,0.708,0.611,0.688,0.843,0.46,0.0,10.85,97.96,60.33,15.17,9.19,33.33,578.46,0.41,23.87,5.16,0.08,92.67,100.0,7.81
2010,31,3149002,Pedra Dourada,0.655,0.539,0.631,0.827,2.04,0.86,13.09,97.56,89.1,0.0,9.27,39.41,406.3,0.53,53.85,24.78,12.2,80.68,99.66,23.67
2010,31,3149101,Pedralva,0.675,0.563,0.677,0.807,0.98,0.94,8.87,98.47,74.92,6.38,10.31,35.31,541.01,0.55,43.67,17.94,3.81,75.32,99.86,18.94
2010,31,3149150,Pedras De Maria Da Cruz,0.614,0.521,0.564,0.787,3.64,1.91,22.96,98.51,62.97,10.1,9.42,38.34,268.27,0.47,67.75,33.61,13.08,75.56,98.84,40.4
2010,31,3149200,Pedrinópolis,0.729,0.631,0.719,0.855,1.29,1.71,10.23,95.99,83.13,14.66,9.75,26.86,702.77,0.48,20.05,4.43,2.33,95.51,99.63,7.95
2010,31,3149309,Pedro Leopoldo,0.757,0.7,0.723,0.856,1.68,0.96,5.31,98.34,90.96,25.15,9.68,17.84,721.11,0.47,21.16,5.53,1.99,98.42,99.9,20.37
2010,31,3149408,Pedro Teixeira,0.637,0.555,0.587,0.794,0.8,2.2,11.53,97.9,55.41,0.0,8.83,35.92,309.25,0.41,57.08,24.67,6.89,92.83,98.69,19.44
2010,31,3149507,Pequeri,0.694,0.557,0.692,0.868,1.01,0.53,8.12,99.27,80.31,15.15,8.64,31.38,593.92,0.44,25.48,5.08,0.0,98.37,98.46,21.96
2010,31,3149606,Pequi,0.674,0.564,0.672,0.808,0.35,0.43,8.31,97.99,91.32,19.18,9.24,34.13,522.22,0.43,32.06,9.54,0.6,90.46,99.86,12.39
2010,31,3149705,Perdigão,0.703,0.579,0.711,0.843,0.33,1.93,6.85,94.73,77.64,15.05,7.96,27.83,668.59,0.35,10.99,1.18,0.0,95.08,100.0,14.28
2010,31,3149804,Perdizes,0.723,0.571,0.752,0.88,0.93,1.26,8.18,97.47,77.13,25.95,9.39,33.57,861.29,0.55,19.82,4.85,1.04,94.69,99.74,18.05
2010,31,3149903,Perdões,0.744,0.661,0.71,0.878,0.96,0.58,7.44,96.95,90.5,16.94,9.5,26.72,663.06,0.52,27.6,7.45,0.69,97.3,100.0,15.15
2010,31,3149952,Periquito,0.651,0.555,0.593,0.839,2.93,1.33,17.64,95.7,75.12,16.13,8.02,32.65,320.07,0.43,56.72,23.57,8.22,99.1,98.51,24.55
2010,31,3150000,Pescador,0.656,0.552,0.615,0.831,1.76,1.12,19.52,98.67,69.11,3.51,9.03,36.62,367.74,0.52,56.89,30.26,9.21,95.96,98.63,25.99
2010,31,3150109,Piau,0.629,0.467,0.647,0.824,1.84,2.01,13.81,94.35,64.48,2.77,9.15,43.84,449.68,0.42,36.06,13.26,3.92,88.06,100.0,15.96
2010,31,3150158,Piedade De Caratinga,0.612,0.477,0.621,0.773,2.67,1.84,17.66,97.08,64.06,3.52,9.72,51.39,381.36,0.46,49.79,21.55,5.47,98.6,99.96,23.63
2010,31,3150208,Piedade De Ponte Nova,0.639,0.528,0.616,0.802,2.03,2.29,15.91,98.05,79.0,25.4,8.14,40.94,368.71,0.38,46.29,13.59,3.77,97.74,99.93,22.08
2010,31,3150307,Piedade Do Rio Grande,0.678,0.593,0.64,0.82,0.35,1.2,13.84,100.0,83.85,0.0,9.53,40.44,428.95,0.45,43.44,19.21,5.46,91.08,99.73,5.5
2010,31,3150406,Piedade Dos Gerais,0.626,0.453,0.645,0.84,0.94,1.64,14.73,100.0,83.17,1.38,8.48,52.39,443.35,0.48,41.48,18.59,5.59,80.08,99.47,10.24
2010,31,3150505,Pimenta,0.686,0.556,0.697,0.832,0.97,0.47,8.62,97.59,84.62,12.93,8.71,42.4,613.61,0.45,22.95,5.71,1.68,96.14,100.0,11.92
2010,31,3150539,Pingo-D'Água,0.619,0.529,0.603,0.744,1.42,2.69,17.5,97.89,84.37,13.44,9.29,44.83,340.91,0.44,57.52,24.37,4.59,98.62,98.45,19.97
2010,31,3150570,Pintópolis,0.594,0.469,0.56,0.799,2.77,1.98,17.73,97.66,43.24,11.18,8.78,42.0,260.14,0.54,66.81,41.84,24.76,69.16,95.99,28.9
2010,31,3150604,Piracema,0.646,0.515,0.646,0.809,2.8,0.82,11.85,98.66,78.02,10.53,8.91,44.2,444.75,0.44,39.5,12.87,3.31,92.25,99.34,12.69
2010,31,3150703,Pirajuba,0.723,0.588,0.748,0.858,0.66,1.29,9.01,95.89,90.57,15.0,7.83,32.63,838.37,0.54,21.31,6.13,3.63,99.67,99.56,20.53
2010,31,3150802,Piranga,0.6,0.461,0.585,0.799,1.13,0.91,11.63,96.31,69.47,3.86,8.49,51.12,305.73,0.52,60.27,37.75,14.38,73.54,98.55,19.15
2010,31,3150901,Piranguçu,0.685,0.599,0.666,0.806,1.94,1.43,10.83,99.56,73.25,3.4,10.32,30.33,504.1,0.46,36.07,9.33,3.07,70.04,99.17,18.1
2010,31,3151008,Piranguinho,0.717,0.651,0.672,0.841,1.35,0.67,7.6,99.19,78.38,16.14,9.47,25.92,523.5,0.43,30.14,13.14,1.82,88.83,100.0,18.03
2010,31,3151107,Pirapetinga,0.709,0.624,0.68,0.841,2.0,1.99,8.64,99.77,89.39,15.34,9.47,24.11,550.3,0.46,32.67,8.22,2.26,98.62,99.96,21.1
2010,31,3151206,Pirapora,0.731,0.68,0.693,0.828,1.57,1.17,7.01,98.26,91.52,21.92,9.63,17.62,596.44,0.55,39.07,13.06,2.91,98.17,99.61,26.59
2010,31,3151305,Piraúba,0.684,0.564,0.673,0.843,1.09,0.77,9.62,96.59,82.59,13.19,8.68,37.49,527.81,0.37,21.88,3.56,0.55,98.85,99.22,14.2
2010,31,3151404,Pitangui,0.725,0.617,0.711,0.87,1.67,0.96,6.14,95.52,83.86,21.44,8.52,28.16,669.0,0.47,22.66,7.07,1.67,90.26,100.0,14.97
2010,31,3151503,Piumhi,0.737,0.625,0.729,0.878,1.01,0.74,7.06,99.15,79.15,27.12,8.57,31.72,747.2,0.47,18.72,3.84,0.81,97.79,99.92,10.35
2010,31,3151602,Planura,0.712,0.597,0.711,0.852,0.79,0.63,8.41,97.65,86.74,10.87,9.62,31.58,669.6,0.43,16.83,5.32,1.35,99.27,98.61,18.88
2010,31,3151701,Poço Fundo,0.691,0.541,0.705,0.866,0.73,0.44,6.95,97.14,68.02,9.93,9.23,45.43,644.47,0.44,22.92,6.26,1.73,79.73,99.55,11.12
2010,31,3151800,Poços De Caldas,0.779,0.706,0.768,0.872,0.6,0.64,3.69,97.74,93.41,42.28,9.79,17.47,953.96,0.5,13.21,2.93,0.32,99.06,99.92,15.79
2010,31,3151909,Pocrane,0.626,0.5,0.614,0.799,1.52,2.38,18.84,97.51,67.96,0.0,8.86,44.84,365.67,0.46,51.4,25.52,7.88,93.66,99.49,16.26
2010,31,3152006,Pompéu,0.689,0.564,0.694,0.834,0.87,1.34,9.61,96.32,54.94,21.57,9.99,28.91,598.83,0.52,35.78,10.03,2.36,96.33,98.73,20.47
2010,31,3152105,Ponte Nova,0.717,0.608,0.714,0.848,1.1,1.3,7.06,97.75,87.43,20.79,9.27,25.85,679.67,0.51,27.82,10.47,2.73,94.38,99.59,18.74
2010,31,3152131,Ponto Chique,0.606,0.493,0.565,0.797,3.83,3.03,16.09,98.72,80.41,28.16,8.59,34.62,269.28,0.45,60.0,33.26,16.92,80.15,97.65,28.71
2010,31,3152170,Ponto Dos Volantes,0.595,0.478,0.564,0.781,4.49,2.58,27.82,95.95,53.3,14.83,8.39,43.48,267.46,0.53,66.18,40.44,24.15,67.97,96.44,30.01
2010,31,3152204,Porteirinha,0.651,0.585,0.593,0.796,2.7,2.13,21.22,98.62,72.01,24.7,9.99,33.23,320.48,0.5,59.49,32.0,14.33,75.87,98.49,15.16
2010,31,3152303,Porto Firme,0.634,0.516,0.615,0.804,1.05,1.13,13.46,98.8,42.82,1.02,9.96,40.97,366.49,0.46,47.48,23.3,8.66,89.15,99.25,17.85
2010,31,3152402,Poté,0.624,0.515,0.584,0.809,3.82,1.99,25.48,98.18,62.44,5.3,10.14,44.14,303.44,0.48,60.46,31.29,12.27,89.54,97.99,24.93
2010,31,3152501,Pouso Alegre,0.774,0.704,0.755,0.872,1.21,0.73,3.99,98.15,87.88,31.16,9.63,17.05,878.26,0.49,15.03,4.1,0.83,98.35,99.92,17.7
2010,31,3152600,Pouso Alto,0.71,0.573,0.736,0.847,1.49,1.45,8.51,98.49,89.01,5.01,8.29,37.99,778.57,0.63,33.37,10.41,2.18,82.9,99.39,16.74
2010,31,3152709,Prados,0.689,0.574,0.66,0.865,0.96,1.29,6.87,96.24,81.86,0.85,8.64,35.11,485.2,0.48,41.52,13.4,1.32,88.82,99.42,12.85
2010,31,3152808,Prata,0.695,0.536,0.736,0.852,2.54,1.86,9.67,96.08,47.41,7.19,8.27,36.66,782.28,0.51,20.66,3.06,0.83,96.93,99.36,13.69
2010,31,3152907,Pratápolis,0.729,0.639,0.703,0.862,0.92,0.73,8.79,98.36,71.02,3.72,9.92,29.9,636.81,0.45,21.84,5.86,1.66,97.39,99.73,13.9
2010,31,3153004,Pratinha,0.721,0.607,0.71,0.871,0.52,0.88,11.5,96.0,70.59,11.88,8.06,32.8,663.39,0.52,29.08,9.37,4.61,90.84,99.73,12.94
2010,31,3153103,Presidente Bernardes,0.632,0.521,0.603,0.804,0.23,1.18,13.6,98.38,68.36,9.45,8.85,40.7,341.87,0.47,52.77,28.15,9.39,71.21,98.16,14.06
2010,31,3153202,Presidente Juscelino,0.614,0.483,0.603,0.796,1.59,1.92,19.64,96.33,69.89,31.99,8.77,43.53,340.94,0.41,50.23,22.25,8.81,64.23,97.81,22.29
2010,31,3153301,Presidente Kubitschek,0.595,0.468,0.573,0.787,2.8,0.54,13.28,95.32,45.75,13.57,8.31,42.63,282.93,0.44,59.94,29.85,12.27,90.13,98.55,25.64
2010,31,3153400,Presidente Olegário,0.701,0.611,0.679,0.831,0.79,0.39,10.76,98.79,70.79,18.78,10.01,34.78,546.68,0.45,31.07,9.8,3.67,89.24,98.86,9.3
2010,31,3153509,Alto Jequitibá,0.66,0.554,0.66,0.787,1.48,1.44,10.58,97.99,51.13,0.0,9.58,39.35,486.73,0.51,45.17,19.31,5.81,88.47,99.92,10.01
2010,31,3153608,Prudente De Morais,0.69,0.629,0.658,0.795,2.16,0.51,6.51,97.67,88.32,15.94,9.4,23.44,481.48,0.42,33.19,12.74,2.57,97.08,100.0,25.13
2010,31,3153707,Quartel Geral,0.683,0.557,0.677,0.846,1.98,0.0,12.02,96.66,89.65,17.88,7.81,36.98,539.78,0.45,31.03,8.26,3.62,96.5,99.6,13.25
2010,31,3153806,Queluzito,0.682,0.575,0.669,0.823,0.0,0.0,6.79,99.28,88.44,6.18,8.55,33.11,513.72,0.46,33.81,8.58,2.78,81.89,100.0,10.1
2010,31,3153905,Raposos,0.73,0.661,0.706,0.832,1.27,0.94,5.01,98.37,90.87,24.32,8.54,16.57,646.62,0.52,27.07,7.46,1.57,97.63,100.0,21.1
2010,31,3154002,Raul Soares,0.655,0.52,0.658,0.823,1.97,1.34,13.89,94.3,61.6,7.18,8.69,41.32,480.45,0.51,43.81,20.58,5.85,92.38,99.41,15.73
2010,31,3154101,Recreio,0.692,0.589,0.668,0.841,2.97,2.69,11.38,97.66,83.85,21.0,9.67,32.34,510.95,0.47,38.51,12.49,2.48,99.12,100.0,15.13
2010,31,3154150,Reduto,0.629,0.48,0.647,0.801,1.31,2.33,13.33,95.39,55.98,11.49,9.43,49.29,449.53,0.52,46.37,20.49,7.69,88.84,99.52,22.68
2010,31,3154200,Resende Costa,0.685,0.568,0.689,0.823,1.66,0.88,5.93,97.62,65.32,4.39,9.78,38.79,580.66,0.48,31.42,9.27,1.32,92.88,98.98,10.87
2010,31,3154309,Resplendor,0.67,0.543,0.666,0.833,2.03,1.35,14.76,97.13,65.12,7.81,7.99,41.65,504.18,0.52,44.61,17.92,6.1,94.67,98.46,16.15
2010,31,3154408,Ressaquinha,0.683,0.599,0.638,0.834,1.14,0.75,10.72,98.61,89.44,20.2,10.04,33.47,424.03,0.42,40.28,15.2,1.93,78.03,99.39,9.73
2010,31,3154457,Riachinho,0.632,0.551,0.577,0.795,1.24,1.37,14.0,97.41,50.48,8.73,9.45,34.2,290.89,0.48,60.29,33.66,16.98,76.17,90.43,20.19
2010,31,3154507,Riacho Dos Machados,0.627,0.547,0.557,0.808,3.03,1.67,22.06,95.33,56.61,6.26,8.93,31.89,255.57,0.44,66.27,36.99,11.77,65.96,95.96,24.7
2010,31,3154606,Ribeirão Das Neves,0.684,0.591,0.658,0.822,1.77,1.38,6.31,96.54,74.74,17.12,9.0,26.52,479.77,0.39,30.03,9.25,2.21,97.97,99.83,28.88
2010,31,3154705,Ribeirão Vermelho,0.737,0.675,0.699,0.85,0.88,0.0,5.14,99.44,85.96,28.63,11.03,20.65,617.88,0.43,23.26,6.17,0.91,97.61,99.92,13.87
2010,31,3154804,Rio Acima,0.673,0.508,0.689,0.87,1.84,1.49,7.16,96.7,85.95,9.61,8.64,33.76,582.71,0.47,29.6,8.3,1.93,96.77,100.0,24.5
2010,31,3154903,Rio Casca,0.65,0.519,0.651,0.813,1.32,1.27,11.19,98.2,79.05,13.7,8.46,38.34,460.2,0.47,42.57,15.55,3.5,97.43,98.1,19.66
2010,31,3155009,Rio Doce,0.664,0.567,0.644,0.801,1.16,1.47,14.39,99.02,100.0,2.3,9.42,39.62,439.86,0.44,45.21,13.07,4.08,90.58,99.82,15.5
2010,31,3155108,Rio Do Prado,0.605,0.479,0.573,0.807,1.72,2.35,24.32,98.89,64.21,13.11,9.75,43.35,283.37,0.49,64.16,35.59,16.79,82.85,97.24,17.05
2010,31,3155207,Rio Espera,0.602,0.474,0.575,0.801,0.66,0.82,13.32,98.14,53.4,1.77,8.47,48.57,286.36,0.48,60.05,37.16,17.81,79.34,98.59,15.27
2010,31,3155306,Rio Manso,0.648,0.501,0.676,0.802,0.54,1.27,11.58,98.53,85.59,3.06,10.01,45.2,536.99,0.43,29.23,7.55,0.99,87.92,99.95,11.23
2010,31,3155405,Rio Novo,0.707,0.631,0.671,0.835,3.59,1.56,9.9,95.0,90.05,7.05,8.67,28.62,519.69,0.47,33.96,11.98,2.69,98.64,98.91,20.37
2010,31,3155504,Rio Paranaíba,0.709,0.575,0.725,0.855,0.4,0.67,8.74,98.7,77.19,18.92,9.73,41.26,727.2,0.5,23.05,6.3,2.02,89.35,99.45,10.03
2010,31,3155603,Rio Pardo De Minas,0.624,0.52,0.586,0.798,2.67,2.31,23.43,98.94,60.73,7.05,9.52,40.06,306.96,0.52,60.86,35.87,18.32,78.72,92.97,17.71
2010,31,3155702,Rio Piracicaba,0.685,0.605,0.67,0.794,1.61,0.39,8.54,98.86,86.61,26.49,9.71,33.56,516.18,0.45,34.31,12.24,2.84,95.46,99.82,16.27
2010,31,3155801,Rio Pomba,0.714,0.609,0.694,0.863,0.92,0.43,9.03,97.66,70.59,7.31,9.66,28.7,601.31,0.47,28.28,10.38,2.36,97.48,99.85,13.01
2010,31,3155900,Rio Preto,0.679,0.557,0.665,0.847,1.39,0.85,12.26,98.83,80.82,5.05,8.6,37.52,501.52,0.51,43.12,17.99,4.64,90.4,96.52,19.68
2010,31,3156007,Rio Vermelho,0.558,0.389,0.566,0.787,4.65,3.12,26.9,93.01,20.39,5.25,7.01,47.97,271.44,0.56,70.92,44.86,22.5,66.71,91.24,22.22
2010,31,3156106,Ritápolis,0.653,0.526,0.649,0.815,1.54,1.45,9.54,98.53,75.65,0.0,9.47,45.06,453.87,0.44,42.37,11.96,1.89,80.89,99.61,7.7
2010,31,3156205,Rochedo De Minas,0.684,0.569,0.663,0.849,1.92,0.97,9.44,96.15,91.47,22.74,8.76,38.53,494.36,0.39,27.23,6.51,2.69,87.62,99.58,12.77
2010,31,3156304,Rodeiro,0.668,0.532,0.703,0.797,0.22,0.31,8.15,95.19,69.43,4.93,8.74,34.59,635.26,0.46,18.91,3.33,0.0,98.14,99.96,15.67
2010,31,3156403,Romaria,0.708,0.604,0.722,0.813,2.46,1.12,8.22,100.0,78.28,14.89,8.64,28.45,716.47,0.54,22.1,2.5,0.39,96.83,100.0,17.57
2010,31,3156452,Rosário Da Limeira,0.662,0.548,0.653,0.812,2.81,1.39,13.73,99.54,82.77,14.06,9.63,42.89,465.89,0.49,40.18,15.1,2.85,88.45,100.0,12.2
2010,31,3156502,Rubelita,0.582,0.443,0.552,0.808,3.53,4.62,24.43,96.7,61.38,21.02,9.33,48.89,248.99,0.5,67.69,41.65,23.36,65.68,94.15,21.37
2010,31,3156601,Rubim,0.609,0.469,0.589,0.817,4.14,3.06,26.66,98.35,78.2,28.64,9.16,48.65,311.79,0.48,57.12,33.72,13.67,88.15,96.63,22.63
2010,31,3156700,Sabará,0.731,0.67,0.699,0.833,1.03,0.9,4.96,97.34,86.32,20.3,9.06,21.13,619.93,0.45,25.27,7.08,1.51,97.28,99.91,27.66
2010,31,3156809,Sabinópolis,0.638,0.502,0.637,0.812,2.13,1.94,17.69,96.83,74.22,13.14,8.85,42.12,420.36,0.52,51.42,24.5,7.64,87.71,93.45,20.85
2010,31,3156908,Sacramento,0.732,0.619,0.726,0.871,1.06,1.06,6.41,97.33,75.29,16.66,9.33,30.13,732.35,0.45,15.44,3.73,1.32,95.43,99.21,14.94
2010,31,3157005,Salinas,0.679,0.551,0.697,0.815,1.71,1.25,17.28,97.15,76.08,15.66,9.23,35.61,613.65,0.65,48.48,23.1,8.63,84.53,98.25,18.08
2010,31,3157104,Salto Da Divisa,0.608,0.453,0.586,0.846,8.15,3.69,25.99,97.4,78.36,18.22,8.02,47.79,306.04,0.5,62.78,33.32,14.12,86.36,95.58,28.77
2010,31,3157203,Santa Bárbara,0.707,0.642,0.676,0.816,1.19,0.87,5.8,96.93,87.91,9.82,9.76,22.62,535.84,0.47,32.92,12.67,4.76,93.93,99.97,21.45
2010,31,3157252,Santa Bárbara Do Leste,0.613,0.473,0.608,0.8,2.93,1.47,13.52,96.45,60.42,3.32,8.7,46.72,351.59,0.44,49.12,24.16,10.22,84.78,99.92,18.19
2010,31,3157278,Santa Bárbara Do Monte Verde,0.606,0.438,0.617,0.823,0.51,2.14,15.09,98.34,75.56,31.02,8.99,52.3,371.34,0.49,48.3,21.63,10.98,92.69,98.96,15.56
2010,31,3157302,Santa Bárbara Do Tugúrio,0.637,0.517,0.616,0.81,0.0,0.37,14.29,97.32,65.6,5.01,10.26,41.16,370.7,0.43,48.23,18.84,4.7,76.53,99.6,10.44
2010,31,3157336,Santa Cruz De Minas,0.706,0.636,0.66,0.839,0.93,0.5,5.2,98.71,87.74,9.62,10.59,28.53,485.28,0.39,28.55,8.45,2.15,99.37,99.92,19.47
2010,31,3157377,Santa Cruz De Salinas,0.577,0.463,0.548,0.757,1.31,2.14,26.74,99.57,74.14,17.78,9.37,47.61,242.55,0.49,66.01,42.8,24.3,76.56,90.4,13.53
2010,31,3157401,Santa Cruz Do Escalvado,0.625,0.485,0.618,0.815,1.36,0.68,15.48,97.18,67.93,14.05,8.33,44.81,374.23,0.46,50.45,23.35,5.37,95.16,99.86,14.04
2010,31,3157500,Santa Efigênia De Minas,0.607,0.487,0.579,0.793,1.95,1.44,19.75,95.26,59.83,0.0,8.13,43.26,293.27,0.47,58.35,31.64,17.08,85.26,99.88,20.43
2010,31,3157609,Santa Fé De Minas,0.615,0.492,0.589,0.804,4.1,2.96,18.53,97.16,61.21,14.48,8.94,34.84,313.25,0.53,65.18,32.46,16.05,71.09,89.95,26.77
2010,31,3157658,Santa Helena De Minas,0.567,0.474,0.531,0.723,15.38,9.32,31.66,89.2,51.55,0.95,7.99,44.44,218.43,0.48,73.99,47.38,21.7,73.79,96.65,33.07
2010,31,3157708,Santa Juliana,0.706,0.558,0.726,0.868,1.97,1.76,7.21,92.06,52.02,6.05,9.23,27.62,735.0,0.43,14.15,2.98,1.21,97.76,99.41,16.06
2010,31,3157807,Santa Luzia,0.715,0.625,0.682,0.859,1.35,1.03,4.79,96.74,61.17,17.81,9.64,22.57,557.62,0.43,26.31,7.99,2.12,98.74,99.86,27.47
2010,31,3157906,Santa Margarida,0.61,0.455,0.635,0.785,1.75,2.74,12.05,93.2,41.3,5.39,8.86,52.87,416.11,0.61,56.47,34.42,15.64,88.88,99.97,18.75
2010,31,3158003,Santa Maria De Itabira,0.648,0.533,0.622,0.821,1.53,1.64,13.96,98.33,87.4,19.4,8.16,38.88,382.99,0.45,50.37,18.58,5.34,76.46,98.73,22.22
2010,31,3158102,Santa Maria Do Salto,0.613,0.507,0.593,0.765,1.65,2.28,28.33,97.65,86.26,20.44,9.82,46.17,321.15,0.44,57.53,25.42,8.33,87.97,95.09,19.24
2010,31,3158201,Santa Maria Do Suaçuí,0.64,0.511,0.629,0.817,2.65,1.9,24.05,96.91,65.91,3.04,8.73,44.89,401.16,0.54,55.57,28.32,10.42,90.75,98.07,26.13
2010,31,3158300,Santana Da Vargem,0.698,0.587,0.681,0.85,0.98,1.32,9.01,98.75,76.67,17.63,9.86,34.39,553.7,0.4,23.01,6.47,0.58,95.73,100.0,16.67
2010,31,3158409,Santana De Cataguases,0.694,0.655,0.643,0.793,0.49,2.87,11.33,100.0,100.0,13.32,9.99,29.56,437.81,0.41,37.69,14.07,3.58,94.88,99.78,15.16
2010,31,3158508,Santana De Pirapama,0.628,0.493,0.617,0.816,2.04,2.88,17.76,99.5,54.32,5.84,9.93,45.21,373.14,0.42,46.46,17.5,5.66,74.33,99.49,19.03
2010,31,3158607,Santana Do Deserto,0.651,0.493,0.66,0.849,0.38,0.47,9.51,95.89,85.41,19.96,7.82,34.97,484.73,0.44,36.56,13.39,3.5,97.35,99.44,24.41
2010,31,3158706,Santana Do Garambéu,0.667,0.558,0.648,0.822,1.3,0.0,16.73,99.02,71.85,2.43,10.12,38.57,452.48,0.54,51.57,21.99,6.38,86.19,99.59,14.53
2010,31,3158805,Santana Do Jacaré,0.647,0.523,0.655,0.79,0.94,1.27,15.26,99.54,74.25,22.57,7.5,41.76,470.2,0.42,34.19,9.3,2.25,99.14,99.87,16.65
2010,31,3158904,Santana Do Manhuaçu,0.621,0.475,0.622,0.809,0.91,1.05,17.56,96.0,54.58,7.78,7.56,48.93,383.28,0.5,50.35,25.93,9.82,79.21,99.34,17.59
2010,31,3158953,Santana Do Paraíso,0.685,0.552,0.663,0.878,1.66,1.45,9.3,97.07,36.43,7.99,8.38,28.92,495.81,0.42,31.5,10.46,3.18,96.72,99.57,20.7
2010,31,3159001,Santana Do Riacho,0.665,0.551,0.641,0.834,1.29,2.7,15.38,98.22,80.2,5.73,10.6,37.2,432.77,0.5,51.52,19.28,5.57,78.32,99.65,20.45
2010,31,3159100,Santana Dos Montes,0.647,0.557,0.608,0.801,1.35,1.42,11.04,96.77,78.54,1.71,9.75,35.87,352.48,0.4,46.55,20.12,5.66,81.75,99.61,17.63
2010,31,3159209,Santa Rita De Caldas,0.69,0.576,0.693,0.823,0.78,1.31,8.39,98.4,50.86,18.77,9.36,36.78,597.4,0.43,24.19,5.91,0.67,88.05,99.9,8.91
2010,31,3159308,Santa Rita De Jacutinga,0.682,0.567,0.676,0.826,2.86,0.38,12.31,99.03,88.99,11.18,9.14,40.86,535.45,0.47,33.25,11.37,4.04,91.76,98.96,14.29
2010,31,3159357,Santa Rita De Minas,0.613,0.464,0.627,0.791,1.48,2.1,16.22,95.73,70.15,10.43,7.88,47.42,395.61,0.44,46.6,19.32,4.72,92.23,99.76,18.64
2010,31,3159407,Santa Rita De Ibitipoca,0.63,0.505,0.625,0.793,1.05,1.04,17.33,99.09,46.75,2.6,9.67,44.63,391.79,0.51,53.49,25.37,7.93,77.85,97.44,12.94
2010,31,3159506,Santa Rita Do Itueto,0.607,0.472,0.609,0.779,2.05,1.59,18.68,96.99,50.41,11.71,8.22,46.95,352.98,0.44,51.4,21.08,7.98,84.16,98.62,17.67
2010,31,3159605,Santa Rita Do Sapucaí,0.721,0.62,0.727,0.83,1.19,0.78,8.55,98.03,79.26,25.63,9.18,29.51,738.4,0.48,21.67,4.96,1.23,96.81,99.97,17.32
2010,31,3159704,Santa Rosa Da Serra,0.705,0.583,0.695,0.866,0.0,0.57,12.49,98.77,87.52,14.52,9.95,37.9,603.01,0.46,24.58,8.64,3.23,97.18,98.66,14.81
2010,31,3159803,Santa Vitória,0.71,0.576,0.718,0.865,1.35,0.92,12.22,97.43,57.46,7.67,9.31,35.5,698.7,0.46,20.18,4.94,1.68,95.31,99.71,11.94
2010,31,3159902,Santo Antônio Do Amparo,0.672,0.576,0.641,0.823,1.22,0.87,12.58,96.96,84.44,15.29,8.86,31.62,431.56,0.43,40.66,12.46,1.95,91.96,99.6,16.91
2010,31,3160009,Santo Antônio Do Aventureiro,0.671,0.545,0.66,0.841,1.96,0.0,13.6,98.4,90.26,7.06,9.43,40.88,485.5,0.42,30.62,12.19,1.81,94.77,99.84,13.91
2010,31,3160108,Santo Antônio Do Grama,0.633,0.493,0.626,0.823,1.54,0.8,15.12,97.04,78.9,21.79,9.33,42.25,393.12,0.41,43.03,18.65,4.2,99.43,100.0,15.11
2010,31,3160207,Santo Antônio Do Itambé,0.558,0.408,0.537,0.794,3.64,1.95,23.09,94.59,30.5,15.28,9.03,54.39,225.85,0.48,71.31,45.53,20.9,75.44,92.55,26.82
2010,31,3160306,Santo Antônio Do Jacinto,0.574,0.427,0.575,0.772,4.63,3.48,29.42,96.4,69.52,17.25,7.96,54.19,286.56,0.53,65.51,35.46,23.19,80.92,94.88,22.07
2010,31,3160405,Santo Antônio Do Monte,0.724,0.615,0.736,0.84,0.87,1.05,6.4,94.49,76.56,22.77,8.77,28.48,781.49,0.49,18.43,3.06,0.52,97.83,99.88,7.52
2010,31,3160454,Santo Antônio Do Retiro,0.57,0.469,0.504,0.784,2.8,2.33,31.36,95.85,44.35,0.89,9.85,44.59,183.75,0.58,78.4,57.66,39.69,62.35,94.71,21.78
2010,31,3160504,Santo Antônio Do Rio Abaixo,0.669,0.591,0.616,0.823,2.33,3.7,18.59,99.23,78.3,2.54,7.88,34.93,370.28,0.53,58.66,30.24,13.15,76.69,99.55,10.72
2010,31,3160603,Santo Hipólito,0.657,0.536,0.641,0.824,0.75,1.08,16.76,97.58,76.46,10.81,8.48,41.31,431.72,0.54,52.98,21.56,4.31,81.56,99.11,20.46
2010,31,3160702,Santos Dumont,0.741,0.697,0.688,0.847,1.38,1.05,7.26,96.56,92.54,18.45,9.6,19.55,578.64,0.5,33.44,12.75,3.44,93.04,99.97,19.55
2010,31,3160801,São Bento Abade,0.672,0.581,0.651,0.801,1.47,1.45,12.91,100.0,90.82,38.46,9.06,31.52,458.65,0.42,32.12,9.59,2.44,97.72,99.32,25.37
2010,31,3160900,São Brás Do Suaçuí,0.664,0.541,0.675,0.801,0.0,0.59,4.75,84.29,91.7,12.29,7.62,36.48,532.9,0.43,31.02,10.08,5.57,97.19,100.0,18.44
2010,31,3160959,São Domingos Das Dores,0.638,0.539,0.602,0.8,0.87,0.59,12.77,98.11,68.68,6.63,9.72,39.71,338.29,0.47,58.22,29.01,6.05,86.61,99.8,18.11
2010,31,3161007,São Domingos Do Prata,0.69,0.593,0.674,0.823,1.73,0.89,8.83,98.29,79.44,17.98,9.22,34.7,531.92,0.49,36.07,14.02,4.15,86.02,99.84,17.08
2010,31,3161056,São Félix De Minas,0.62,0.51,0.589,0.795,1.13,2.6,22.35,99.08,84.06,18.09,8.85,45.93,312.33,0.47,59.68,30.01,10.99,92.97,99.19,18.18
2010,31,3161106,São Francisco,0.638,0.542,0.595,0.804,2.36,2.59,17.37,97.37,55.39,7.72,8.79,32.92,325.23,0.55,62.6,37.96,15.88,76.42,97.83,31.62
2010,31,3161205,São Francisco De Paula,0.66,0.537,0.66,0.812,1.42,1.52,13.3,96.74,78.1,24.23,8.49,37.45,484.92,0.39,29.92,5.54,1.42,93.07,99.69,9.75
2010,31,3161304,São Francisco De Sales,0.688,0.528,0.711,0.867,1.91,1.43,10.64,94.9,58.9,12.21,8.01,40.0,665.68,0.5,24.49,9.5,6.37,94.37,99.79,10.08
2010,31,3161403,São Francisco Do Glória,0.663,0.541,0.647,0.833,2.31,1.53,15.28,96.32,57.54,6.61,10.19,41.15,449.2,0.47,41.02,16.22,5.43,88.85,99.58,15.88
2010,31,3161502,São Geraldo,0.651,0.507,0.656,0.831,1.23,0.97,10.44,96.83,80.09,12.52,8.3,43.49,474.14,0.41,31.45,10.4,3.26,94.6,99.65,16.62
2010,31,3161601,São Geraldo Da Piedade,0.6,0.447,0.625,0.774,2.99,1.67,21.43,96.97,30.33,1.41,8.08,38.67,391.27,0.55,55.94,30.88,12.24,90.88,100.0,25.48
2010,31,3161650,São Geraldo Do Baixio,0.63,0.482,0.631,0.824,2.58,2.16,20.99,97.42,76.86,0.0,8.03,45.21,404.81,0.48,48.89,20.52,7.49,92.66,99.45,12.7
2010,31,3161700,São Gonçalo Do Abaeté,0.67,0.568,0.665,0.796,1.42,2.81,11.84,98.2,80.39,6.38,8.08,40.39,502.57,0.47,36.56,12.42,5.32,91.75,97.14,19.48
2010,31,3161809,São Gonçalo Do Pará,0.689,0.57,0.682,0.842,0.71,0.99,6.6,98.01,84.1,7.48,8.08,36.71,558.07,0.4,24.86,6.15,1.1,97.63,99.45,12.81
2010,31,3161908,São Gonçalo Do Rio Abaixo,0.667,0.569,0.658,0.792,1.23,2.26,11.79,98.64,93.48,2.36,9.68,32.41,479.04,0.49,42.35,17.61,5.42,91.39,99.4,20.75
2010,31,3162005,São Gonçalo Do Sapucaí,0.715,0.609,0.706,0.85,1.41,1.35,8.04,98.79,83.22,11.98,8.15,31.63,648.31,0.52,28.37,9.82,1.46,92.61,99.95,17.2
2010,31,3162104,São Gotardo,0.736,0.632,0.739,0.855,1.25,1.42,8.03,96.3,83.03,13.26,9.25,28.49,795.14,0.51,17.97,4.58,0.45,97.86,99.79,14.92
2010,31,3162203,São João Batista Do Glória,0.724,0.631,0.713,0.845,0.43,1.03,9.77,97.94,91.39,32.6,8.43,35.04,676.07,0.45,18.6,5.5,1.85,99.25,99.79,8.51
2010,31,3162252,São João Da Lagoa,0.634,0.546,0.575,0.813,1.65,0.63,15.51,98.97,65.24,3.93,9.84,37.18,286.35,0.48,63.82,32.7,15.43,69.42,95.48,22.64
2010,31,3162302,São João Da Mata,0.653,0.501,0.676,0.822,2.91,0.68,10.77,93.33,79.2,2.62,7.16,36.65,538.08,0.41,28.49,8.41,1.64,86.38,99.52,12.8
2010,31,3162401,São João Da Ponte,0.569,0.419,0.559,0.786,3.15,3.26,28.92,98.0,69.23,16.11,7.79,49.24,258.77,0.48,65.62,37.87,18.18,90.42,98.83,35.71
2010,31,3162450,São João Das Missões,0.529,0.381,0.502,0.776,10.05,6.94,30.44,90.8,62.29,10.33,7.09,50.46,181.77,0.51,77.31,53.37,33.88,56.99,83.16,45.48
2010,31,3162500,São João Del Rei,0.758,0.69,0.733,0.86,0.65,0.6,3.97,99.1,94.83,18.48,9.96,20.32,764.74,0.52,24.15,7.22,1.46,98.18,99.78,12.34
2010,31,3162559,São João Do Manhuaçu,0.65,0.498,0.659,0.836,2.08,1.61,14.25,96.7,60.42,4.96,7.99,46.63,484.15,0.57,47.95,24.73,8.44,84.08,99.87,16.87
2010,31,3162575,São João Do Manteninha,0.64,0.522,0.623,0.805,2.46,2.95,21.33,96.54,78.37,9.81,8.35,45.36,385.78,0.42,45.26,16.36,5.49,93.72,99.66,12.25
2010,31,3162609,São João Do Oriente,0.648,0.536,0.631,0.805,1.51,1.66,16.5,96.48,72.72,8.19,8.64,43.18,404.69,0.44,44.99,17.27,2.74,98.81,99.9,15.08
2010,31,3162658,São João Do Pacuí,0.625,0.504,0.606,0.798,2.87,2.68,22.26,98.67,84.88,37.33,7.05,40.5,346.53,0.64,68.64,42.34,22.42,77.06,98.95,25.26
2010,31,3162708,São João Do Paraíso,0.615,0.493,0.583,0.808,2.66,2.5,27.6,97.21,60.03,5.52,8.73,42.42,300.81,0.44,55.63,28.08,11.69,82.31,98.75,17.17
2010,31,3162807,São João Evangelista,0.638,0.52,0.62,0.806,2.0,1.13,16.39,96.18,64.27,4.24,8.93,39.14,378.41,0.52,56.12,28.51,9.65,91.9,98.79,20.8
2010,31,3162906,São João Nepomuceno,0.708,0.6,0.696,0.85,1.27,1.05,5.34,97.0,91.28,51.6,8.97,32.9,608.32,0.42,20.72,7.3,1.04,95.98,99.96,15.48
2010,31,3162922,São Joaquim De Bicas,0.662,0.518,0.664,0.844,2.1,1.33,8.65,95.73,58.28,14.72,7.92,29.82,498.26,0.44,32.98,10.02,2.89,94.01,99.4,31.0
2010,31,3162948,São José Da Barra,0.739,0.637,0.722,0.876,0.61,1.35,6.63,99.14,78.07,3.93,8.5,26.45,714.22,0.5,23.32,6.67,0.44,89.55,100.0,15.79
2010,31,3162955,São José Da Lapa,0.729,0.679,0.677,0.844,1.96,1.0,5.46,98.52,93.11,29.65,9.69,20.12,540.26,0.42,26.95,9.47,1.57,98.51,99.91,24.95
2010,31,3163003,São José Da Safira,0.583,0.432,0.6,0.765,4.49,3.13,23.66,95.51,57.88,2.59,7.25,46.03,334.87,0.47,59.0,24.85,6.69,89.68,98.74,27.77
2010,31,3163102,São José Da Varginha,0.704,0.597,0.682,0.857,0.64,0.0,7.2,98.38,89.01,27.53,9.35,32.38,555.77,0.47,30.82,10.64,1.72,94.33,99.53,17.71
2010,31,3163201,São José Do Alegre,0.717,0.652,0.676,0.837,0.0,0.0,9.48,99.04,79.16,5.62,10.79,29.6,537.13,0.47,33.34,10.85,2.04,92.59,99.92,14.74
2010,31,3163300,São José Do Divino,0.658,0.583,0.627,0.778,4.43,1.62,20.86,97.74,91.06,24.79,10.12,35.34,396.81,0.56,59.73,28.37,8.71,92.01,99.28,19.26
2010,31,3163409,São José Do Goiabal,0.666,0.553,0.657,0.814,1.47,1.78,12.33,98.84,88.2,23.77,10.64,35.36,476.92,0.52,43.79,18.46,3.33,87.93,98.3,14.51
2010,31,3163508,São José Do Jacuri,0.566,0.417,0.582,0.749,2.63,2.02,20.02,95.8,49.35,1.19,8.48,52.03,298.57,0.49,62.8,36.15,13.35,76.69,97.23,27.78
2010,31,3163607,São José Do Mantimento,0.657,0.562,0.612,0.823,2.71,0.81,16.37,95.85,64.89,2.78,9.27,39.75,359.93,0.48,53.5,25.15,11.83,78.43,100.0,19.26
2010,31,3163706,São Lourenço,0.759,0.673,0.746,0.871,0.91,0.92,4.25,98.33,92.4,40.6,9.66,19.27,831.32,0.51,21.04,5.89,0.93,99.39,99.98,19.83
2010,31,3163805,São Miguel Do Anta,0.644,0.523,0.616,0.828,1.67,1.44,16.93,98.49,77.3,7.43,9.25,46.89,370.37,0.44,49.96,20.84,5.76,91.3,99.91,12.78
2010,31,3163904,São Pedro Da União,0.674,0.539,0.68,0.836,1.2,2.6,12.65,96.23,86.09,16.39,9.53,41.53,549.49,0.45,30.15,9.8,2.08,87.64,100.0,12.02
2010,31,3164001,São Pedro Dos Ferros,0.659,0.576,0.631,0.789,3.01,0.67,15.41,97.36,82.77,10.39,9.07,34.94,406.87,0.43,45.77,15.94,1.79,98.62,99.06,22.55
2010,31,3164100,São Pedro Do Suaçuí,0.622,0.501,0.611,0.785,2.09,1.63,19.21,96.87,77.04,5.16,8.34,46.97,358.75,0.48,53.53,27.86,10.07,84.27,97.8,18.29
2010,31,3164209,São Romão,0.64,0.568,0.586,0.787,1.55,1.74,14.64,97.37,73.76,14.41,8.42,24.98,307.02,0.53,65.03,35.65,14.2,76.27,91.24,40.65
2010,31,3164308,São Roque De Minas,0.672,0.517,0.699,0.838,1.38,0.6,9.88,98.07,72.96,14.89,9.46,45.74,621.11,0.45,24.64,7.33,2.44,85.76,97.31,11.26
2010,31,3164407,São Sebastião Da Bela Vista,0.692,0.569,0.687,0.848,3.23,0.4,14.42,97.58,78.01,0.41,8.42,33.35,573.43,0.43,23.25,6.35,1.86,88.47,99.96,17.34
2010,31,3164431,São Sebastião Da Vargem Alegre,0.66,0.552,0.631,0.827,0.99,1.31,12.32,97.79,89.88,15.28,8.82,40.74,406.33,0.42,42.37,14.83,6.65,88.95,100.0,8.25
2010,31,3164472,São Sebastião Do Anta,0.607,0.49,0.597,0.766,2.51,1.61,18.14,98.43,60.46,7.65,9.12,48.36,327.54,0.44,54.89,25.46,8.26,93.81,99.11,21.36
2010,31,3164506,São Sebastião Do Maranhão,0.581,0.427,0.564,0.816,2.03,2.04,25.04,95.97,34.8,1.33,8.51,52.1,267.28,0.54,69.48,42.71,20.31,80.99,94.88,27.34
2010,31,3164605,São Sebastião Do Oeste,0.626,0.434,0.678,0.832,0.0,0.38,9.71,97.31,70.96,13.82,7.67,51.26,545.07,0.39,20.0,5.94,0.49,95.17,99.92,12.77
2010,31,3164704,São Sebastião Do Paraíso,0.722,0.613,0.735,0.836,0.85,0.84,6.33,97.78,64.11,17.65,9.66,28.03,775.73,0.47,16.69,4.09,0.57,98.75,99.59,15.83
2010,31,3164803,São Sebastião Do Rio Preto,0.632,0.472,0.662,0.809,2.68,1.15,13.98,95.88,73.97,6.58,9.05,47.48,493.59,0.5,40.59,17.21,6.82,76.7,98.79,15.35
2010,31,3164902,São Sebastião Do Rio Verde,0.676,0.568,0.645,0.845,0.85,0.0,9.96,98.71,90.16,8.37,9.48,33.13,442.98,0.42,35.98,12.18,5.39,81.67,99.26,17.27
2010,31,3165008,São Tiago,0.662,0.533,0.66,0.825,1.72,1.28,8.16,96.99,59.07,9.31,9.52,40.98,486.69,0.44,34.9,10.99,1.14,94.4,99.71,11.15
2010,31,3165107,São Tomás De Aquino,0.7,0.568,0.692,0.874,1.36,1.94,11.86,97.62,57.98,11.37,9.7,37.92,593.38,0.43,24.34,5.94,1.81,95.81,99.86,18.15
2010,31,3165206,São Thomé Das Letras,0.667,0.578,0.64,0.801,1.28,2.69,12.95,98.04,74.9,19.99,9.25,37.22,428.33,0.4,37.22,13.48,2.45,84.51,98.36,24.72
2010,31,3165305,São Vicente De Minas,0.715,0.644,0.673,0.845,1.49,0.5,7.11,97.52,78.51,6.0,9.68,24.17,527.55,0.53,42.4,19.83,3.56,99.32,100.0,27.42
2010,31,3165404,Sapucaí-Mirim,0.68,0.563,0.664,0.842,0.95,0.57,10.4,98.22,85.53,1.95,9.25,37.85,497.65,0.44,34.54,9.34,2.22,78.59,99.93,23.49
2010,31,3165503,Sardoá,0.636,0.533,0.594,0.812,2.14,3.08,17.86,97.32,57.98,1.62,9.31,37.6,321.6,0.5,59.22,31.97,13.31,91.62,99.0,19.63
2010,31,3165537,Sarzedo,0.734,0.643,0.706,0.871,1.23,1.41,5.86,98.96,71.52,17.09,9.52,19.62,648.26,0.46,24.46,5.52,0.39,97.29,100.0,21.77
2010,31,3165552,Setubinha,0.542,0.4,0.536,0.743,3.17,4.17,32.25,95.14,30.83,0.71,9.06,54.13,224.63,0.55,75.55,50.45,27.11,68.39,95.3,37.42
2010,31,3165560,Sem-Peixe,0.654,0.543,0.623,0.826,1.55,0.56,15.6,99.7,30.22,0.0,9.87,38.81,386.22,0.44,45.3,20.32,10.18,80.22,99.45,11.74
2010,31,3165578,Senador Amaral,0.661,0.564,0.623,0.821,0.24,1.92,12.77,98.91,92.4,18.28,9.5,36.85,385.29,0.45,44.25,24.03,7.61,82.57,99.88,25.6
2010,31,3165602,Senador Cortes,0.674,0.534,0.689,0.834,0.0,1.68,11.93,99.22,88.12,18.37,8.84,39.28,581.34,0.58,39.75,13.2,3.45,95.72,100.0,18.99
2010,31,3165701,Senador Firmino,0.644,0.505,0.639,0.829,1.6,1.69,9.98,93.57,83.7,0.76,8.59,44.89,426.49,0.43,41.54,13.99,4.37,93.23,99.76,11.22
2010,31,3165800,Senador José Bento,0.684,0.585,0.663,0.824,0.0,0.0,11.98,100.0,60.3,6.83,10.22,39.16,493.87,0.4,30.9,8.76,0.22,78.38,99.71,5.92
2010,31,3165909,Senador Modestino Gonçalves,0.62,0.539,0.566,0.782,1.93,1.75,24.18,98.7,77.9,7.52,8.97,38.78,271.55,0.43,62.66,32.31,14.01,80.58,96.0,27.42
2010,31,3166006,Senhora De Oliveira,0.631,0.521,0.603,0.801,1.89,1.68,12.81,96.07,59.79,2.0,8.99,41.55,339.95,0.45,53.23,22.94,8.4,91.69,99.78,13.25
2010,31,3166105,Senhora Do Porto,0.565,0.378,0.595,0.802,3.38,2.3,18.77,97.74,43.62,5.36,8.56,63.13,324.4,0.47,56.44,29.04,9.33,83.83,97.11,21.47
2010,31,3166204,Senhora Dos Remédios,0.626,0.548,0.578,0.776,1.74,0.36,13.76,97.38,64.13,3.53,10.29,44.16,292.26,0.43,57.06,30.44,12.25,82.3,99.29,11.56
2010,31,3166303,Sericita,0.56,0.375,0.602,0.776,2.96,1.67,17.78,93.91,15.14,0.76,8.44,58.33,338.3,0.45,51.51,25.3,7.19,86.45,98.26,14.88
2010,31,3166402,Seritinga,0.66,0.512,0.657,0.853,0.0,0.93,9.1,97.25,30.33,0.0,8.62,34.04,476.43,0.42,35.48,12.23,4.33,91.84,100.0,17.25
2010,31,3166501,Serra Azul De Minas,0.557,0.398,0.537,0.809,4.91,6.27,26.62,90.8,36.75,5.5,7.68,52.78,226.22,0.54,70.3,52.42,26.35,65.74,93.92,30.58
2010,31,3166600,Serra Da Saudade,0.677,0.542,0.663,0.863,2.08,0.0,13.46,96.13,100.0,52.32,9.42,35.28,494.31,0.38,31.2,10.9,0.26,94.12,97.48,7.93
2010,31,3166709,Serra Dos Aimorés,0.651,0.539,0.653,0.784,3.15,1.85,19.73,97.49,80.42,15.81,8.46,32.14,464.82,0.56,50.42,23.54,8.24,94.5,98.7,21.84
2010,31,3166808,Serra Do Salitre,0.696,0.549,0.722,0.852,1.02,1.22,9.02,97.17,57.15,17.84,9.88,37.71,715.23,0.53,25.29,6.6,2.49,94.37,99.03,19.44
2010,31,3166907,Serrania,0.677,0.569,0.655,0.833,2.74,2.0,13.57,96.16,58.17,7.89,8.34,33.51,470.34,0.44,37.24,11.44,1.05,98.88,99.61,26.76
2010,31,3166956,Serranópolis De Minas,0.633,0.539,0.608,0.773,3.76,0.38,23.19,99.31,74.02,10.38,10.5,36.96,351.46,0.54,58.63,31.41,16.22,53.73,98.26,21.13
2010,31,3167004,Serranos,0.643,0.499,0.638,0.834,3.36,2.7,16.77,97.21,45.02,3.58,8.32,45.45,425.18,0.5,49.64,23.66,5.05,91.65,99.01,17.35
2010,31,3167103,Serro,0.656,0.52,0.65,0.834,2.78,1.96,18.68,97.85,74.87,17.47,8.67,43.56,457.27,0.65,62.03,36.35,12.6,78.1,96.39,28.63
2010,31,3167202,Sete Lagoas,0.76,0.705,0.742,0.84,1.23,1.16,3.99,98.62,94.41,20.94,9.95,17.29,809.26,0.53,21.74,6.11,1.24,99.0,99.93,19.02
2010,31,3167301,Silveirânia,0.652,0.511,0.645,0.841,4.35,1.63,11.34,94.62,40.28,8.69,8.32,38.69,441.85,0.4,37.24,10.68,1.77,92.93,99.34,10.86
2010,31,3167400,Silvianópolis,0.699,0.559,0.706,0.865,1.12,1.71,11.78,98.39,86.94,20.28,8.51,38.8,647.64,0.47,25.01,7.67,0.87,92.99,99.59,15.43
2010,31,3167509,Simão Pereira,0.638,0.478,0.645,0.843,4.21,2.96,10.86,91.89,72.18,14.47,8.21,42.9,442.7,0.5,42.97,21.99,4.03,94.3,100.0,26.93
2010,31,3167608,Simonésia,0.632,0.493,0.622,0.823,1.26,2.16,16.99,97.72,55.86,4.28,8.46,43.14,383.01,0.5,48.83,27.29,13.02,81.66,99.82,14.68
2010,31,3167707,Sobrália,0.631,0.51,0.611,0.805,3.51,2.27,19.79,98.09,81.3,12.04,9.08,41.25,357.73,0.47,50.13,24.14,12.06,97.48,99.95,15.7
2010,31,3167806,Soledade De Minas,0.697,0.606,0.673,0.831,0.82,1.84,8.92,97.14,74.96,9.82,9.74,31.66,526.23,0.46,34.98,11.6,2.76,84.59,99.82,21.09
2010,31,3167905,Tabuleiro,0.681,0.578,0.666,0.821,2.54,1.68,12.76,99.66,64.23,7.27,9.75,37.58,503.88,0.45,34.81,11.23,1.63,92.92,100.0,11.04
2010,31,3168002,Taiobeiras,0.67,0.578,0.639,0.815,1.49,1.24,17.68,98.35,75.1,14.08,9.92,34.15,426.91,0.51,49.22,22.67,4.88,92.91,98.95,16.91
2010,31,3168051,Taparuba,0.645,0.557,0.604,0.799,2.87,1.33,18.45,97.56,74.55,1.28,9.46,40.26,344.16,0.39,46.71,19.0,7.73,89.84,97.31,13.87
2010,31,3168101,Tapira,0.712,0.561,0.759,0.847,0.79,0.85,6.65,97.28,81.65,41.67,9.06,30.69,902.0,0.54,19.94,7.19,3.94,91.69,99.4,10.46
2010,31,3168200,Tapiraí,0.667,0.522,0.67,0.847,1.65,2.15,12.83,95.81,70.83,0.0,9.1,47.45,517.65,0.45,33.41,13.76,3.61,86.6,98.23,14.73
2010,31,3168309,Taquaraçu De Minas,0.651,0.525,0.643,0.818,2.08,1.97,14.22,98.75,81.28,9.01,8.74,38.67,436.05,0.45,41.03,20.38,5.53,75.47,99.65,27.05
2010,31,3168408,Tarumirim,0.633,0.499,0.614,0.829,2.15,2.38,17.98,97.13,65.69,8.57,8.6,46.34,364.41,0.47,55.35,23.85,8.44,89.98,98.91,15.94
2010,31,3168507,Teixeiras,0.675,0.558,0.685,0.804,2.11,1.09,10.15,96.43,86.39,30.4,9.12,35.14,568.91,0.55,42.28,13.73,4.22,96.76,99.7,14.28
2010,31,3168606,Teófilo Otoni,0.701,0.598,0.698,0.824,1.87,1.59,12.92,96.6,63.46,14.19,9.42,29.12,615.34,0.57,41.01,17.79,5.47,94.78,98.78,26.27
2010,31,3168705,Timóteo,0.77,0.742,0.737,0.836,0.91,0.55,4.44,98.57,91.96,19.97,9.96,13.82,786.68,0.48,20.41,5.57,1.03,96.25,99.91,15.3
2010,31,3168804,Tiradentes,0.74,0.619,0.741,0.885,0.22,0.56,5.88,98.05,94.32,25.21,8.91,29.35,802.39,0.57,26.66,7.07,1.43,97.66,99.39,18.28
2010,31,3168903,Tiros,0.683,0.532,0.703,0.852,0.0,0.89,10.68,97.74,84.95,23.66,9.05,42.94,634.3,0.52,30.45,10.7,5.11,89.51,99.54,6.72
2010,31,3169000,Tocantins,0.688,0.597,0.682,0.8,1.52,0.47,8.72,98.21,82.02,26.52,9.28,36.13,557.55,0.42,24.2,7.41,1.28,98.12,99.81,13.26
2010,31,3169059,Tocos Do Moji,0.696,0.631,0.661,0.808,2.43,2.72,10.17,98.8,71.65,4.53,9.6,35.29,489.05,0.41,30.49,10.23,3.8,75.93,99.67,10.18
2010,31,3169109,Toledo,0.661,0.546,0.66,0.802,0.75,1.36,16.45,98.14,80.3,22.12,9.87,39.88,486.02,0.4,29.11,9.45,0.91,81.95,99.83,19.95
2010,31,3169208,Tombos,0.718,0.607,0.699,0.871,1.64,1.4,12.24,97.55,91.24,19.78,9.25,34.83,621.05,0.52,35.23,15.86,2.46,93.47,99.79,13.64
2010,31,3169307,Três Corações,0.744,0.66,0.73,0.855,1.64,1.1,6.97,97.66,57.2,15.56,9.25,20.29,749.86,0.56,28.99,8.84,1.59,98.66,99.76,21.68
2010,31,3169356,Três Marias,0.752,0.695,0.706,0.866,1.12,0.69,7.2,98.6,88.27,24.8,9.72,22.78,645.33,0.52,31.43,10.14,2.95,96.82,98.91,18.9
2010,31,3169406,Três Pontas,0.731,0.643,0.714,0.85,1.01,0.68,8.74,97.77,87.34,28.19,9.46,26.96,682.15,0.51,27.09,6.9,0.46,98.36,99.99,18.79
2010,31,3169505,Tumiritinga,0.626,0.482,0.615,0.827,3.63,1.78,17.45,97.48,83.12,23.65,8.22,44.41,366.89,0.45,51.47,21.85,6.27,94.26,97.7,24.0
2010,31,3169604,Tupaciguara,0.719,0.605,0.711,0.863,1.17,0.94,9.46,97.69,79.38,21.15,8.91,34.46,665.76,0.49,26.46,6.81,1.96,97.67,99.6,12.93
2010,31,3169703,Turmalina,0.682,0.602,0.646,0.816,1.18,1.72,14.79,99.24,84.24,27.53,9.89,31.43,446.26,0.5,45.82,19.79,7.76,80.9,99.44,18.34
2010,31,3169802,Turvolândia,0.696,0.576,0.707,0.829,1.83,1.98,10.93,98.43,86.57,17.37,8.23,36.0,649.97,0.49,25.97,5.79,0.58,89.93,98.93,18.34
2010,31,3169901,Ubá,0.724,0.62,0.727,0.841,1.36,1.09,5.8,96.97,89.55,13.86,8.92,28.04,739.56,0.5,21.77,5.43,0.65,98.45,99.85,17.85
2010,31,3170008,Ubaí,0.609,0.519,0.552,0.787,3.72,1.91,20.1,96.05,76.87,12.94,8.81,37.13,247.91,0.49,69.73,43.56,17.48,90.46,97.72,32.85
2010,31,3170057,Ubaporanga,0.614,0.475,0.604,0.805,1.32,2.22,14.7,96.86,63.8,9.12,8.71,49.32,342.3,0.41,48.55,20.47,7.99,83.35,99.47,19.82
2010,31,3170107,Uberaba,0.772,0.705,0.772,0.845,1.18,0.83,4.19,97.66,78.46,28.22,9.94,17.94,978.01,0.5,13.63,3.4,0.67,98.9,99.85,15.06
2010,31,3170206,Uberlândia,0.789,0.716,0.776,0.885,1.01,0.77,3.74,97.98,82.88,32.96,9.92,16.05,1001.45,0.5,12.41,2.98,0.7,99.52,99.92,14.5
2010,31,3170305,Umburatiba,0.638,0.531,0.599,0.815,2.94,3.4,26.83,98.24,59.39,2.4,9.22,38.65,332.13,0.49,55.77,29.24,12.42,94.15,98.33,22.97
2010,31,3170404,Unaí,0.736,0.651,0.723,0.847,1.42,1.23,8.66,97.6,70.07,14.25,9.69,25.8,720.51,0.54,28.81,10.33,3.44,92.37,97.34,15.83
2010,31,3170438,União De Minas,0.672,0.534,0.684,0.829,2.1,1.64,14.11,97.32,85.39,15.99,7.76,43.16,562.84,0.48,29.67,12.41,4.67,86.1,99.67,13.75
2010,31,3170479,Uruana De Minas,0.664,0.602,0.612,0.793,1.14,0.45,17.94,99.15,69.46,10.1,9.8,33.42,360.58,0.51,51.98,28.09,15.36,76.74,93.99,13.45
2010,31,3170503,Urucânia,0.633,0.498,0.628,0.811,2.82,1.11,15.07,98.98,80.56,17.42,8.98,41.43,397.46,0.41,43.65,14.93,2.31,88.08,99.3,27.26
2010,31,3170529,Urucuia,0.619,0.543,0.559,0.781,1.73,1.85,13.52,95.56,45.07,9.68,8.62,24.68,259.38,0.47,68.87,35.63,12.86,69.3,89.57,35.68
2010,31,3170578,Vargem Alegre,0.631,0.486,0.631,0.819,2.19,0.79,18.81,98.46,81.76,10.84,8.53,46.65,407.13,0.49,47.78,24.08,6.71,89.99,99.55,18.47
2010,31,3170602,Vargem Bonita,0.696,0.597,0.667,0.847,0.79,2.13,8.05,100.0,93.54,23.33,9.21,36.61,508.67,0.38,27.44,7.21,1.98,90.23,98.92,14.73
2010,31,3170651,Vargem Grande Do Rio Pardo,0.634,0.559,0.563,0.811,2.81,1.82,25.27,96.79,67.1,9.75,10.08,30.72,265.02,0.45,64.59,34.97,15.35,61.05,96.62,18.35
2010,31,3170701,Varginha,0.778,0.707,0.76,0.875,1.13,0.63,4.65,97.94,86.05,23.51,9.74,15.69,904.57,0.51,16.48,3.83,0.39,99.4,99.97,18.11
2010,31,3170750,Varjão De Minas,0.711,0.631,0.673,0.847,1.49,1.2,8.96,99.03,72.27,3.25,9.76,26.21,528.14,0.39,23.9,7.68,3.37,92.2,98.36,15.66
2010,31,3170800,Várzea Da Palma,0.666,0.573,0.634,0.814,1.85,1.15,12.0,96.9,84.77,9.89,8.66,31.81,413.59,0.46,45.36,16.62,4.81,95.04,99.13,26.52
2010,31,3170909,Varzelândia,0.594,0.477,0.546,0.806,2.58,2.42,24.45,97.07,71.7,9.58,8.72,44.39,238.92,0.51,70.09,43.84,22.81,86.33,98.34,37.32
2010,31,3171006,Vazante,0.742,0.666,0.707,0.866,1.28,0.57,7.37,97.26,48.53,19.39,10.48,22.07,650.88,0.44,23.18,5.39,2.49,94.74,99.85,9.59
2010,31,3171030,Verdelândia,0.584,0.462,0.542,0.797,6.76,4.15,26.85,95.52,72.75,9.33,8.83,47.61,233.27,0.45,72.05,37.92,14.73,81.63,95.35,40.46
2010,31,3171071,Veredinha,0.632,0.555,0.579,0.785,1.15,0.76,21.97,97.99,71.46,21.4,9.15,31.85,293.08,0.43,55.31,29.45,14.66,76.96,98.21,17.64
2010,31,3171105,Veríssimo,0.667,0.501,0.683,0.869,3.07,0.0,12.27,94.38,92.67,24.81,7.77,44.9,560.98,0.45,31.87,9.47,0.49,90.1,97.77,21.41
2010,31,3171154,Vermelho Novo,0.612,0.475,0.61,0.79,0.0,1.22,13.38,94.29,29.82,1.19,8.77,41.08,355.42,0.52,53.18,30.07,15.4,87.9,99.93,13.65
2010,31,3171204,Vespasiano,0.688,0.592,0.677,0.811,1.35,0.9,5.88,96.68,76.3,16.89,8.44,26.43,539.05,0.42,28.24,8.06,1.02,99.59,99.96,27.95
2010,31,3171303,Viçosa,0.775,0.696,0.758,0.883,1.1,0.74,5.61,98.99,88.68,39.72,10.24,20.84,892.25,0.56,24.16,7.35,1.85,98.3,99.9,12.58
2010,31,3171402,Vieiras,0.668,0.592,0.623,0.808,0.78,1.9,14.61,99.23,72.99,0.0,9.4,33.6,386.39,0.42,45.01,18.1,5.13,79.21,99.92,15.93
2010,31,3171501,Mathias Lobato,0.612,0.483,0.596,0.795,1.74,1.2,20.42,96.74,72.36,23.36,9.35,48.23,326.18,0.54,66.39,34.68,14.18,98.38,98.96,32.71
2010,31,3171600,Virgem Da Lapa,0.61,0.488,0.585,0.797,2.29,1.35,22.18,92.08,58.04,14.6,8.79,43.11,305.36,0.49,58.24,34.31,17.76,68.79,97.59,21.3
2010,31,3171709,Virgínia,0.651,0.523,0.635,0.829,2.46,1.44,12.51,96.88,48.72,8.33,9.63,39.73,415.41,0.47,45.06,19.33,4.69,76.37,99.61,17.23
2010,31,3171808,Virginópolis,0.675,0.58,0.638,0.831,1.39,0.86,12.93,98.24,74.36,14.99,9.04,30.35,423.01,0.49,46.8,19.28,8.34,92.4,98.51,14.42
2010,31,3171907,Virgolândia,0.62,0.497,0.602,0.795,2.62,1.88,21.33,98.43,73.44,2.56,8.93,46.49,339.03,0.51,57.29,31.97,12.86,82.14,96.51,20.31
2010,31,3172004,Visconde Do Rio Branco,0.709,0.591,0.709,0.85,2.18,1.65,8.74,97.55,92.07,25.37,8.84,33.53,658.96,0.49,24.25,6.47,1.22,97.02,99.9,16.18
2010,31,3172103,Volta Grande,0.669,0.531,0.669,0.841,1.66,2.63,12.32,98.02,89.77,21.18,8.01,36.66,515.46,0.51,39.93,15.66,5.45,97.13,99.87,28.99
2010,31,3172202,Wenceslau Braz,0.678,0.576,0.644,0.842,1.75,0.89,5.53,98.23,57.63,9.87,9.09,37.18,439.73,0.44,42.98,15.09,4.29,44.96,99.52,12.39
2010,32,3200102,Afonso Cláudio,0.667,0.544,0.661,0.825,1.73,1.32,14.3,93.98,76.04,25.94,8.43,40.47,489.59,0.5,40.69,19.02,5.31,87.72,99.97,12.66
2010,32,3200136,Águia Branca,0.678,0.595,0.66,0.792,1.72,0.97,14.83,97.8,69.85,22.03,9.78,33.65,487.28,0.53,43.78,20.37,6.72,89.53,100.0,13.86
2010,32,3200169,Água Doce Do Norte,0.652,0.546,0.619,0.819,1.95,2.67,20.0,98.66,69.05,7.72,9.74,38.76,377.39,0.49,51.51,24.05,9.88,88.18,99.76,19.55
2010,32,3200201,Alegre,0.721,0.63,0.708,0.839,2.18,1.98,13.54,97.65,89.1,33.92,9.75,31.25,655.72,0.52,31.29,13.08,3.36,93.05,99.85,16.17
2010,32,3200300,Alfredo Chaves,0.71,0.611,0.703,0.832,1.14,1.07,7.89,98.61,88.91,36.78,9.31,32.46,634.97,0.48,27.58,8.68,1.51,78.8,100.0,7.92
2010,32,3200359,Alto Rio Novo,0.664,0.567,0.634,0.815,1.25,1.04,17.01,97.28,77.08,25.58,10.1,39.01,413.59,0.52,48.21,26.19,10.43,93.57,99.6,16.7
2010,32,3200409,Anchieta,0.73,0.654,0.696,0.856,1.27,0.98,6.75,99.08,100.0,50.02,8.78,24.14,608.42,0.46,28.32,10.53,2.19,93.02,99.78,23.29
2010,32,3200508,Apiacá,0.673,0.549,0.659,0.841,2.04,0.76,15.25,96.87,67.44,12.55,8.8,35.39,482.94,0.53,46.4,21.7,7.36,90.84,99.43,21.44
2010,32,3200607,Aracruz,0.752,0.707,0.717,0.838,1.1,0.93,7.42,98.39,89.92,32.28,10.26,18.99,695.25,0.5,26.82,9.67,3.13,96.81,99.83,25.56
2010,32,3200706,Atilio Vivacqua,0.708,0.637,0.663,0.841,1.34,1.38,10.46,97.61,84.16,29.72,9.66,27.5,493.81,0.44,34.04,13.14,4.72,94.18,100.0,22.69
2010,32,3200805,Baixo Guandu,0.702,0.637,0.67,0.811,2.25,1.29,13.15,97.19,81.54,25.13,9.87,30.67,516.34,0.48,36.45,12.82,4.0,94.81,99.94,17.76
2010,32,3200904,Barra De São Francisco,0.683,0.58,0.673,0.815,2.24,1.71,15.72,96.23,59.24,18.07,9.0,31.75,527.84,0.5,37.13,16.38,6.74,96.39,99.92,15.46
2010,32,3201001,Boa Esperança,0.679,0.59,0.651,0.816,2.04,1.3,16.51,97.56,84.05,19.65,9.22,32.29,460.69,0.45,39.23,13.43,4.67,98.7,98.84,18.25
2010,32,3201100,Bom Jesus Do Norte,0.734,0.673,0.689,0.854,2.3,1.86,9.15,98.73,96.9,39.56,9.93,19.75,584.06,0.48,33.86,10.41,1.54,97.95,98.97,19.99
2010,32,3201159,Brejetuba,0.656,0.54,0.63,0.828,1.71,1.4,18.93,97.45,62.16,11.27,9.47,41.27,402.56,0.48,46.29,21.79,9.41,86.74,99.87,18.86
2010,32,3201209,Cachoeiro De Itapemirim,0.746,0.677,0.733,0.837,1.49,1.14,5.71,97.22,87.55,34.9,9.61,22.29,763.71,0.52,23.44,6.64,1.42,97.12,99.8,21.43
2010,32,3201308,Cariacica,0.718,0.628,0.699,0.844,2.24,1.57,6.08,94.81,71.21,15.64,9.38,23.16,620.89,0.45,25.29,7.87,1.64,99.26,99.96,24.99
2010,32,3201407,Castelo,0.726,0.639,0.703,0.852,1.05,1.13,8.42,97.76,80.34,28.83,8.07,27.58,636.49,0.45,24.63,6.8,1.48,93.38,100.0,10.45
2010,32,3201506,Colatina,0.746,0.668,0.738,0.841,1.41,0.9,7.71,98.56,87.74,29.31,8.89,23.22,788.29,0.51,20.57,5.75,1.12,97.67,99.85,14.66
2010,32,3201605,Conceição Da Barra,0.681,0.603,0.648,0.81,1.65,1.2,15.23,98.34,89.35,24.71,9.73,31.98,450.71,0.5,45.93,19.26,6.78,95.02,98.47,29.15
2010,32,3201704,Conceição Do Castelo,0.67,0.541,0.685,0.81,1.26,1.25,12.1,98.14,82.94,31.41,8.08,41.32,567.83,0.51,35.9,13.9,6.21,88.84,99.75,11.87
2010,32,3201803,Divino De São Lourenço,0.632,0.496,0.622,0.819,0.91,1.18,15.09,97.84,47.01,3.52,9.39,46.31,383.78,0.51,53.3,29.79,10.34,79.6,99.95,17.52
2010,32,3201902,Domingos Martins,0.669,0.528,0.68,0.833,0.82,1.06,10.98,96.47,72.13,22.57,8.52,44.37,551.74,0.48,33.22,12.83,3.09,89.74,100.0,11.62
2010,32,3202009,Dores Do Rio Preto,0.654,0.542,0.635,0.813,2.17,2.68,17.59,94.08,76.35,2.84,10.04,41.19,414.87,0.49,45.9,21.22,7.86,93.49,99.71,21.22
2010,32,3202108,Ecoporanga,0.662,0.562,0.631,0.819,2.27,2.06,20.41,98.02,83.46,28.93,9.16,41.38,406.49,0.49,49.63,20.65,8.54,89.78,98.67,16.74
2010,32,3202207,Fundão,0.718,0.623,0.708,0.839,1.59,0.23,9.26,98.67,93.04,20.61,8.83,31.65,657.18,0.49,27.9,10.94,1.64,94.96,99.72,20.72
2010,32,3202256,Governador Lindenberg,0.694,0.608,0.669,0.823,1.65,0.52,11.39,97.54,76.78,24.08,9.69,33.94,515.11,0.45,33.04,14.26,3.71,95.05,100.0,11.13
2010,32,3202306,Guaçuí,0.703,0.595,0.691,0.846,3.2,2.29,12.84,96.95,79.27,20.73,8.97,32.4,587.91,0.52,36.61,14.56,3.33,92.81,99.5,20.5
2010,32,3202405,Guarapari,0.731,0.626,0.746,0.837,1.69,1.42,6.59,96.24,73.73,19.94,8.91,23.84,830.51,0.58,26.55,8.94,2.05,97.29,99.73,25.31
2010,32,3202454,Ibatiba,0.647,0.501,0.651,0.83,1.81,1.03,17.9,97.34,67.87,13.74,8.39,44.19,458.35,0.45,37.82,16.89,4.2,86.74,99.89,17.69
2010,32,3202504,Ibiraçu,0.726,0.625,0.733,0.835,1.73,0.96,8.08,97.73,84.79,24.65,8.74,27.51,764.33,0.56,24.71,7.23,2.06,94.93,99.57,21.57
2010,32,3202553,Ibitirama,0.622,0.481,0.609,0.821,2.6,3.43,19.04,96.45,47.37,17.2,9.44,49.13,353.86,0.47,52.06,28.31,9.18,79.32,99.7,23.62
2010,32,3202603,Iconha,0.729,0.658,0.709,0.83,1.5,0.84,8.28,98.8,88.02,35.48,9.09,27.24,660.78,0.45,22.87,7.14,1.81,84.28,99.27,10.11
2010,32,3202652,Irupi,0.637,0.493,0.658,0.798,1.76,1.4,18.56,96.37,67.29,12.83,7.82,48.43,481.28,0.51,42.37,17.29,5.41,76.2,99.88,15.17
2010,32,3202702,Itaguaçu,0.702,0.641,0.672,0.802,1.13,0.75,13.42,98.67,74.09,24.28,9.78,30.39,522.25,0.43,30.91,11.8,1.8,92.03,99.93,13.27
2010,32,3202801,Itapemirim,0.654,0.54,0.64,0.808,2.67,1.73,11.57,97.6,83.39,18.97,8.94,36.84,428.61,0.44,41.94,15.71,3.06,94.94,99.78,27.91
2010,32,3202900,Itarana,0.684,0.568,0.696,0.809,0.74,0.36,10.05,97.01,57.81,18.24,9.24,34.19,607.49,0.47,25.12,11.56,2.08,91.28,100.0,12.44
2010,32,3203007,Iúna,0.666,0.537,0.665,0.829,2.23,2.21,15.25,97.42,58.45,14.22,9.1,43.43,501.21,0.5,41.1,13.91,4.92,83.83,100.0,19.82
2010,32,3203056,Jaguaré,0.678,0.568,0.678,0.81,2.06,1.59,13.7,96.9,87.11,31.42,8.66,37.45,543.6,0.56,43.26,21.88,4.91,97.5,99.9,23.33
2010,32,3203106,Jerônimo Monteiro,0.698,0.589,0.685,0.844,2.45,3.09,13.11,98.48,87.26,11.32,9.55,32.83,566.32,0.54,38.28,14.62,5.96,95.17,99.84,17.32
2010,32,3203130,João Neiva,0.753,0.663,0.751,0.857,1.24,1.01,7.71,98.64,89.24,28.31,9.55,20.91,859.01,0.53,21.81,6.98,2.71,98.57,99.88,12.47
2010,32,3203163,Laranja Da Terra,0.656,0.55,0.633,0.81,1.54,0.59,13.21,97.49,81.25,12.48,10.42,42.06,411.93,0.47,42.51,23.68,10.33,88.11,99.93,7.02
2010,32,3203205,Linhares,0.724,0.63,0.721,0.834,2.04,1.38,9.62,97.7,87.16,31.89,8.97,26.04,711.38,0.52,29.32,10.78,2.52,97.81,99.76,26.49
2010,32,3203304,Mantenópolis,0.657,0.551,0.636,0.81,1.48,2.16,18.61,99.24,72.19,15.27,9.01,42.92,417.83,0.52,49.66,24.91,10.46,95.63,99.69,17.26
2010,32,3203320,Marataízes,0.696,0.588,0.676,0.847,1.75,1.59,9.78,98.04,83.3,29.77,8.61,31.25,538.07,0.52,40.92,15.65,5.11,98.78,99.59,27.47
2010,32,3203346,Marechal Floriano,0.71,0.589,0.715,0.849,0.95,1.37,9.61,98.49,80.09,21.91,9.29,32.24,683.63,0.48,23.77,6.68,1.38,91.52,99.92,11.5
2010,32,3203353,Marilândia,0.696,0.612,0.668,0.823,1.25,2.21,12.11,97.67,84.67,11.92,8.57,34.21,510.91,0.39,26.03,9.0,1.64,94.83,99.69,10.11
2010,32,3203403,Mimoso Do Sul,0.67,0.541,0.672,0.827,2.34,2.29,12.85,97.17,67.37,15.06,8.19,35.48,523.04,0.49,37.07,13.65,3.8,91.03,99.49,11.02
2010,32,3203502,Montanha,0.667,0.535,0.679,0.816,1.87,1.38,17.39,98.83,68.94,20.86,9.49,38.59,547.46,0.52,39.22,14.05,3.68,96.91,99.69,19.29
2010,32,3203601,Mucurici,0.666,0.577,0.617,0.828,3.42,2.61,19.87,98.85,87.34,31.21,9.22,33.14,372.63,0.48,55.45,22.4,6.48,92.1,98.97,20.55
2010,32,3203700,Muniz Freire,0.645,0.512,0.637,0.821,1.51,3.33,14.69,96.65,64.16,11.02,8.77,46.6,421.86,0.51,48.66,25.85,11.58,87.07,99.44,19.65
2010,32,3203809,Muqui,0.694,0.619,0.673,0.802,2.11,1.26,11.48,97.64,78.35,19.22,9.39,31.21,528.68,0.52,40.09,17.5,5.88,90.69,99.94,17.62
2010,32,3203908,Nova Venécia,0.712,0.621,0.692,0.841,1.18,1.1,11.39,97.97,72.17,14.96,9.52,27.68,592.06,0.48,30.8,11.77,2.79,97.0,99.86,14.78
2010,32,3204005,Pancas,0.667,0.562,0.648,0.815,1.86,1.5,17.56,97.22,67.06,24.99,8.87,35.03,451.21,0.5,44.79,18.93,5.29,91.61,99.78,21.01
2010,32,3204054,Pedro Canário,0.654,0.536,0.643,0.812,2.64,1.28,18.05,97.5,83.85,14.63,8.51,37.98,437.08,0.46,42.92,17.32,6.18,97.06,98.73,28.89
2010,32,3204104,Pinheiros,0.673,0.558,0.668,0.816,1.27,0.93,17.21,97.42,90.21,18.22,10.1,39.12,509.45,0.49,37.84,13.49,5.24,97.01,99.55,20.66
2010,32,3204203,Piúma,0.727,0.643,0.702,0.852,1.52,2.2,7.61,98.41,93.27,26.16,9.04,24.93,629.9,0.49,28.05,10.36,3.49,98.99,99.64,22.37
2010,32,3204252,Ponto Belo,0.669,0.605,0.631,0.783,3.29,2.02,21.69,98.7,80.94,17.33,9.57,31.91,405.19,0.5,51.11,20.91,9.5,97.36,98.77,18.78
2010,32,3204302,Presidente Kennedy,0.657,0.553,0.636,0.808,2.53,1.85,17.11,97.13,84.1,20.55,9.34,37.03,419.97,0.48,47.09,20.53,7.6,92.37,99.26,27.55
2010,32,3204351,Rio Bananal,0.681,0.579,0.68,0.802,1.9,0.41,13.27,95.4,70.51,23.97,9.19,36.81,550.55,0.5,35.76,14.64,5.63,95.79,99.9,14.31
2010,32,3204401,Rio Novo Do Sul,0.711,0.62,0.692,0.837,2.14,1.26,9.03,97.78,82.49,21.71,8.7,33.17,594.24,0.48,30.1,9.0,2.54,88.37,99.79,16.79
2010,32,3204500,Santa Leopoldina,0.626,0.477,0.646,0.797,2.09,1.41,13.26,93.64,54.02,15.19,9.15,49.85,445.57,0.55,51.7,26.35,10.36,85.34,99.87,19.49
2010,32,3204559,Santa Maria De Jetibá,0.671,0.521,0.695,0.834,1.63,1.15,10.92,95.92,80.65,8.95,8.72,44.8,603.33,0.49,29.83,11.4,4.49,85.81,99.87,14.02
2010,32,3204609,Santa Teresa,0.714,0.604,0.722,0.834,1.33,1.08,9.84,98.16,72.35,15.68,9.21,29.0,716.25,0.48,22.72,5.69,1.09,91.22,100.0,12.5
2010,32,3204658,São Domingos Do Norte,0.682,0.575,0.679,0.811,1.75,1.68,12.11,93.71,61.5,12.35,9.78,34.19,547.57,0.49,33.67,12.37,3.09,95.18,100.0,18.16
2010,32,3204708,São Gabriel Da Palha,0.709,0.578,0.739,0.835,1.71,1.01,10.57,96.48,67.13,23.91,9.21,32.21,792.54,0.6,25.88,11.49,5.41,97.98,99.93,15.05
2010,32,3204807,São José Do Calçado,0.688,0.599,0.669,0.814,2.48,1.37,12.34,97.14,94.98,32.66,8.97,32.23,514.57,0.51,39.75,17.61,5.62,96.4,99.91,16.03
2010,32,3204906,São Mateus,0.735,0.655,0.719,0.843,1.56,1.3,9.76,97.26,91.03,24.37,9.25,24.95,699.99,0.57,33.69,14.44,4.59,96.62,99.74,24.45
2010,32,3204955,São Roque Do Canaã,0.7,0.623,0.686,0.803,0.71,0.71,9.73,99.33,80.73,22.35,9.96,33.85,572.42,0.43,25.77,7.94,4.17,95.36,99.8,10.89
2010,32,3205002,Serra,0.739,0.664,0.72,0.844,1.83,1.18,5.55,96.94,77.72,24.18,9.4,19.77,705.89,0.47,22.69,6.1,1.57,99.07,99.95,26.33
2010,32,3205010,Sooretama,0.662,0.556,0.65,0.802,2.82,2.0,14.59,95.07,81.85,19.38,8.69,36.72,457.49,0.5,44.78,17.95,5.72,97.08,99.81,28.08
2010,32,3205036,Vargem Alta,0.663,0.544,0.658,0.814,1.25,1.27,11.3,98.27,74.48,12.74,9.07,37.48,480.01,0.45,35.27,13.74,2.96,67.78,99.66,18.21
2010,32,3205069,Venda Nova Do Imigrante,0.728,0.624,0.731,0.845,1.69,0.46,8.43,98.88,84.83,27.35,9.43,26.25,754.66,0.52,22.66,9.28,1.73,92.73,100.0,11.73
2010,32,3205101,Viana,0.686,0.589,0.672,0.816,2.84,2.08,7.03,94.83,75.39,25.16,8.48,27.63,523.61,0.42,30.4,10.17,2.27,96.09,99.86,26.7
2010,32,3205150,Vila Pavão,0.681,0.588,0.647,0.83,1.02,0.8,14.23,97.26,75.0,23.09,9.41,35.48,449.3,0.48,39.07,18.1,8.25,92.64,100.0,9.52
2010,32,3205176,Vila Valério,0.675,0.549,0.686,0.816,1.77,1.87,14.07,96.83,47.17,9.19,9.28,38.3,569.82,0.51,34.99,15.83,5.54,93.81,99.66,13.48
2010,32,3205200,Vila Velha,0.8,0.734,0.807,0.864,1.49,1.03,3.57,96.75,78.71,27.83,9.83,12.96,1211.79,0.56,15.74,4.27,0.83,99.49,99.92,18.54
2010,32,3205309,Vitória,0.845,0.805,0.876,0.855,1.41,0.93,2.98,97.61,97.24,52.86,10.04,9.04,1866.58,0.6,12.34,3.51,0.64,99.92,99.98,16.04
2010,33,3300100,Angra Dos Reis,0.724,0.605,0.74,0.846,1.58,1.11,5.13,96.38,74.46,24.64,9.0,24.51,798.68,0.5,21.42,6.69,2.03,92.49,99.77,34.42
2010,33,3300159,Aperibé,0.692,0.631,0.67,0.785,2.69,1.93,10.6,96.7,95.91,53.43,8.95,25.32,516.14,0.43,29.72,9.4,2.33,96.84,100.0,19.54
2010,33,3300209,Araruama,0.718,0.617,0.714,0.839,1.53,1.43,7.41,98.29,85.21,28.14,8.84,25.38,680.88,0.54,32.86,11.6,3.68,96.08,99.75,31.84
2010,33,3300225,Areal,0.684,0.566,0.686,0.823,1.69,0.95,7.29,98.0,85.75,21.01,9.21,29.81,571.74,0.48,32.21,11.13,3.44,85.66,99.61,28.13
2010,33,3300233,Armação Dos Búzios,0.728,0.624,0.75,0.824,1.1,0.73,4.56,97.66,84.99,15.69,9.09,21.96,851.39,0.51,17.24,3.69,0.11,83.53,100.0,26.64
2010,33,3300258,Arraial Do Cabo,0.733,0.677,0.722,0.805,0.87,1.01,4.55,99.17,95.36,40.12,9.49,17.33,714.47,0.47,23.61,6.93,1.14,93.91,100.0,32.89
2010,33,3300308,Barra Do Piraí,0.733,0.665,0.723,0.819,1.76,0.64,4.48,98.65,95.67,26.03,9.15,19.08,719.16,0.51,24.18,8.48,2.25,94.55,99.74,24.64
2010,33,3300407,Barra Mansa,0.729,0.657,0.72,0.819,0.92,0.72,3.94,98.37,83.22,16.1,9.42,19.84,705.1,0.48,23.04,5.94,1.44,96.83,99.95,22.95
2010,33,3300456,Belford Roxo,0.684,0.598,0.662,0.808,2.26,1.51,4.97,96.16,78.63,21.71,8.88,23.13,491.51,0.42,33.24,11.55,3.31,94.35,99.89,43.96
2010,33,3300506,Bom Jardim,0.66,0.503,0.707,0.809,0.86,1.31,10.74,97.36,90.43,28.02,8.25,44.48,649.62,0.48,26.21,8.43,2.55,84.01,99.97,19.76
2010,33,3300605,Bom Jesus Do Itabapoana,0.732,0.662,0.723,0.819,1.23,1.38,9.76,98.08,94.68,47.05,9.45,24.98,717.69,0.56,34.01,10.53,3.41,96.3,99.96,18.93
2010,33,3300704,Cabo Frio,0.735,0.64,0.743,0.836,1.89,1.42,5.02,96.89,87.41,26.09,8.61,21.22,815.75,0.54,25.76,8.73,2.35,90.22,99.86,33.43
2010,33,3300803,Cachoeiras De Macacu,0.7,0.603,0.695,0.817,2.05,1.08,9.31,98.43,82.94,16.53,8.73,26.99,604.45,0.49,31.73,10.38,2.59,88.76,99.63,28.69
2010,33,3300902,Cambuci,0.691,0.608,0.672,0.809,1.22,1.39,12.69,98.81,91.6,39.49,9.5,33.54,524.88,0.47,34.86,11.39,3.05,89.49,100.0,18.97
2010,33,3300936,Carapebus,0.713,0.644,0.699,0.805,1.64,0.28,8.42,98.75,98.54,14.0,9.07,21.7,620.35,0.42,24.25,6.2,1.93,94.7,99.62,25.91
2010,33,3300951,Comendador Levy Gasparian,0.685,0.605,0.676,0.785,1.59,1.57,7.36,99.39,96.69,37.31,9.25,25.64,537.66,0.44,32.85,10.46,1.09,97.67,99.94,27.07
2010,33,3301009,Campos Dos Goytacazes,0.716,0.619,0.715,0.83,2.85,1.86,6.85,97.34,90.44,40.57,8.5,25.24,682.59,0.55,35.04,13.49,3.67,97.44,99.81,30.58
2010,33,3301108,Cantagalo,0.709,0.614,0.705,0.822,1.37,0.7,9.42,95.41,93.62,21.23,8.73,28.74,641.61,0.48,29.48,8.6,1.41,93.85,99.78,21.22
2010,33,3301157,Cardoso Moreira,0.648,0.534,0.653,0.782,2.65,2.22,15.2,98.59,94.4,32.39,7.58,38.0,465.04,0.45,39.05,14.0,3.71,91.4,99.21,22.29
2010,33,3301207,Carmo,0.696,0.608,0.683,0.813,2.7,1.29,9.91,98.62,98.26,32.04,8.24,26.51,559.66,0.47,32.26,10.31,1.73,96.41,99.97,17.87
2010,33,3301306,Casimiro De Abreu,0.726,0.642,0.734,0.811,0.92,1.09,6.98,98.49,93.07,29.73,9.04,22.39,768.45,0.48,20.7,5.75,1.18,98.07,100.0,28.8
2010,33,3301405,Conceição De Macabu,0.712,0.642,0.698,0.806,1.67,1.25,9.73,98.82,96.51,31.37,9.15,27.36,614.57,0.48,28.55,12.79,4.33,95.69,100.0,24.56
2010,33,3301504,Cordeiro,0.729,0.649,0.724,0.826,2.11,1.2,5.84,97.61,94.69,34.73,9.15,22.64,724.29,0.48,21.6,4.8,1.12,96.61,99.98,20.96
2010,33,3301603,Duas Barras,0.659,0.534,0.677,0.79,3.16,1.37,11.73,97.84,94.77,33.15,8.4,41.1,540.35,0.44,31.13,7.93,1.19,81.1,99.62,23.64
2010,33,3301702,Duque De Caxias,0.711,0.624,0.692,0.833,2.11,1.3,4.99,96.09,74.58,21.89,9.02,21.81,592.81,0.46,28.43,9.88,2.83,94.78,99.95,39.91
2010,33,3301801,Engenheiro Paulo De Frontin,0.722,0.694,0.674,0.805,0.85,0.85,5.78,98.55,93.89,23.89,9.55,22.04,529.05,0.45,30.38,11.7,3.79,88.92,99.85,23.87
2010,33,3301850,Guapimirim,0.698,0.604,0.692,0.812,2.37,1.52,7.51,97.6,78.2,19.56,8.83,25.76,594.06,0.5,31.34,10.48,3.28,89.68,100.0,35.91
2010,33,3301876,Iguaba Grande,0.761,0.704,0.744,0.841,1.52,1.06,4.24,98.13,90.3,35.15,9.66,16.02,818.01,0.56,25.37,9.25,2.23,83.97,99.64,25.6
2010,33,3301900,Itaboraí,0.693,0.593,0.69,0.813,1.5,1.07,6.56,97.09,81.87,21.74,8.65,25.95,584.35,0.48,30.69,10.21,3.31,88.73,99.85,32.77
2010,33,3302007,Itaguaí,0.715,0.638,0.703,0.814,1.68,1.01,5.44,97.55,81.91,22.39,8.9,22.67,635.5,0.47,27.62,8.95,2.85,95.54,99.77,37.42
2010,33,3302056,Italva,0.688,0.595,0.692,0.792,1.72,1.18,11.06,98.6,94.63,27.85,8.89,29.92,593.88,0.47,28.32,10.16,2.94,95.26,99.97,18.11
2010,33,3302106,Itaocara,0.713,0.635,0.696,0.82,1.75,1.04,11.05,99.62,95.31,34.28,9.45,31.29,607.18,0.49,31.38,10.53,2.58,96.28,99.95,14.59
2010,33,3302205,Itaperuna,0.73,0.649,0.716,0.837,1.54,1.26,7.62,96.06,95.78,26.16,9.14,25.7,688.83,0.47,23.19,6.57,1.35,96.62,100.0,18.88
2010,33,3302254,Itatiaia,0.737,0.652,0.735,0.836,2.2,1.19,5.83,98.17,89.48,16.45,9.36,22.56,773.48,0.51,23.17,7.13,1.08,93.42,99.47,26.42
2010,33,3302270,Japeri,0.659,0.555,0.637,0.809,2.81,1.59,7.09,96.64,74.6,14.43,8.61,29.42,420.15,0.42,39.85,14.19,4.09,95.7,99.92,46.83
2010,33,3302304,Laje Do Muriaé,0.668,0.575,0.649,0.8,1.5,1.72,13.76,97.94,95.53,16.12,9.24,34.23,453.97,0.46,42.59,14.7,3.52,94.61,99.78,23.03
2010,33,3302403,Macaé,0.764,0.681,0.792,0.828,1.3,1.0,4.22,96.91,91.65,31.26,8.53,17.47,1103.42,0.56,17.17,4.63,1.38,93.88,99.91,31.27
2010,33,3302452,Macuco,0.703,0.631,0.687,0.801,1.76,1.72,7.92,97.68,96.87,30.7,8.86,25.78,574.96,0.5,34.67,13.88,3.81,99.39,100.0,27.4
2010,33,3302502,Magé,0.709,0.626,0.685,0.832,1.83,1.4,5.86,97.67,83.99,19.83,8.99,24.61,567.59,0.49,31.99,12.19,4.55,85.89,99.85,38.04
2010,33,3302601,Mangaratiba,0.753,0.676,0.746,0.845,1.25,0.97,4.1,96.71,86.21,31.27,9.63,20.11,832.15,0.51,21.89,6.71,1.6,63.9,98.8,31.9
2010,33,3302700,Maricá,0.765,0.692,0.761,0.85,1.44,1.25,4.53,96.45,87.74,26.42,9.03,18.47,910.41,0.49,18.4,4.88,1.47,93.07,99.99,25.53
2010,33,3302809,Mendes,0.736,0.7,0.707,0.806,2.09,0.88,5.48,99.37,97.85,42.96,9.75,18.07,649.4,0.48,27.33,8.63,2.03,93.4,99.97,21.66
2010,33,3302858,Mesquita,0.737,0.678,0.704,0.839,2.21,1.35,3.45,97.88,82.93,25.09,9.51,15.01,640.37,0.47,27.3,9.13,2.73,96.45,99.95,38.65
2010,33,3302908,Miguel Pereira,0.745,0.675,0.74,0.828,0.8,0.8,6.8,98.56,94.06,18.32,9.28,21.54,801.63,0.55,23.59,7.89,2.26,90.41,99.49,22.74
2010,33,3303005,Miracema,0.713,0.646,0.696,0.805,2.71,1.86,10.79,97.54,97.76,35.46,8.78,21.68,608.62,0.5,32.42,12.53,1.84,97.75,99.82,28.77
2010,33,3303104,Natividade,0.73,0.683,0.707,0.806,1.69,1.6,11.23,98.56,95.06,46.48,10.19,22.72,653.23,0.52,32.47,10.15,1.35,97.52,99.63,19.13
2010,33,3303203,Nilópolis,0.753,0.716,0.731,0.817,1.36,1.0,2.15,96.72,86.81,24.71,9.75,11.72,755.26,0.45,19.04,5.15,1.09,98.61,99.83,35.6
2010,33,3303302,Niterói,0.837,0.773,0.887,0.854,1.5,0.84,2.27,96.98,90.7,40.24,9.68,10.59,2000.29,0.59,11.59,3.34,0.8,98.88,99.98,18.37
2010,33,3303401,Nova Friburgo,0.745,0.645,0.758,0.846,1.21,1.02,5.03,98.67,93.02,40.22,9.03,26.56,894.75,0.51,15.12,4.08,0.57,89.24,99.97,19.78
2010,33,3303500,Nova Iguaçu,0.713,0.641,0.691,0.818,2.45,1.47,4.63,96.22,78.8,16.98,9.25,19.41,591.0,0.48,30.43,10.56,3.38,96.48,99.9,39.45
2010,33,3303609,Paracambi,0.72,0.666,0.689,0.812,0.81,0.62,5.46,96.12,88.65,21.53,9.17,20.0,580.49,0.44,27.68,9.53,3.71,89.26,99.92,29.92
2010,33,3303708,Paraíba Do Sul,0.702,0.61,0.697,0.812,1.11,0.66,6.06,98.62,91.38,33.47,9.03,24.44,613.56,0.5,31.75,10.9,2.35,97.22,99.82,27.23
2010,33,3303807,Paraty,0.693,0.544,0.726,0.842,2.73,2.01,8.3,93.81,56.65,11.22,7.92,31.66,734.36,0.52,25.41,9.5,4.03,81.38,98.02,29.58
2010,33,3303856,Paty Do Alferes,0.671,0.549,0.683,0.806,1.33,1.63,12.3,97.67,84.38,13.26,8.5,37.76,562.52,0.56,39.63,16.13,4.28,89.55,99.39,28.34
2010,33,3303906,Petrópolis,0.745,0.639,0.763,0.847,0.96,0.73,3.97,97.4,75.78,29.8,9.36,22.46,922.49,0.55,20.7,5.94,1.5,77.38,99.91,24.95
2010,33,3303955,Pinheiral,0.715,0.643,0.709,0.801,0.95,1.08,5.3,96.72,80.76,13.01,8.46,22.07,657.99,0.51,29.93,10.4,2.89,97.47,99.86,28.46
2010,33,3304003,Piraí,0.708,0.62,0.714,0.803,1.8,0.84,7.17,97.67,97.98,28.83,9.06,22.65,678.3,0.5,27.89,9.58,2.8,96.15,99.9,24.64
2010,33,3304102,Porciúncula,0.697,0.606,0.698,0.802,2.03,1.2,11.51,99.1,97.67,40.29,9.14,33.12,615.63,0.56,39.52,18.05,9.34,93.13,99.8,22.59
2010,33,3304110,Porto Real,0.713,0.645,0.688,0.817,1.61,0.9,6.33,98.93,76.68,8.33,8.97,21.9,577.07,0.42,24.8,6.44,1.29,99.11,100.0,28.01
2010,33,3304128,Quatis,0.69,0.603,0.676,0.806,1.1,0.78,6.75,97.64,90.14,14.48,8.16,27.94,535.96,0.42,29.04,10.71,1.03,97.46,99.89,24.65
2010,33,3304144,Queimados,0.68,0.589,0.659,0.81,3.49,1.98,5.68,95.7,73.07,14.54,8.78,25.33,484.4,0.43,33.68,12.92,3.89,97.97,99.83,41.9
2010,33,3304151,Quissamã,0.704,0.61,0.698,0.821,0.68,1.57,8.84,98.53,96.99,41.58,9.11,24.87,616.31,0.53,33.8,12.4,3.01,95.54,99.93,25.31
2010,33,3304201,Resende,0.768,0.709,0.762,0.839,1.39,0.88,4.21,96.99,89.86,33.08,9.62,15.87,915.21,0.52,18.54,5.28,0.82,98.28,99.89,22.59
2010,33,3304300,Rio Bonito,0.71,0.62,0.705,0.819,1.3,0.73,7.89,97.23,87.94,23.38,8.89,25.14,643.54,0.48,27.86,7.94,2.75,92.56,99.7,26.8
2010,33,3304409,Rio Claro,0.683,0.567,0.7,0.801,1.28,1.6,10.23,97.69,91.05,16.51,8.99,35.51,623.62,0.5,31.43,10.76,2.77,82.14,99.45,23.37
2010,33,3304508,Rio Das Flores,0.68,0.575,0.664,0.822,0.94,0.85,8.65,98.52,92.67,53.99,8.86,29.77,499.13,0.46,33.94,10.93,2.32,91.9,100.0,24.24
2010,33,3304524,Rio Das Ostras,0.773,0.689,0.784,0.854,1.36,0.89,3.73,98.15,81.92,23.66,9.18,19.25,1051.19,0.53,17.08,5.26,1.45,90.61,99.9,30.3
2010,33,3304557,Rio De Janeiro,0.799,0.719,0.84,0.845,1.66,1.13,2.88,96.89,88.0,33.92,9.39,13.68,1492.63,0.62,16.41,5.01,1.25,99.02,99.97,28.11
2010,33,3304607,Santa Maria Madalena,0.668,0.556,0.672,0.797,1.88,0.57,12.79,98.35,96.44,43.54,8.59,37.57,522.66,0.48,37.97,16.13,3.38,69.06,99.49,23.03
2010,33,3304706,Santo Antônio De Pádua,0.718,0.648,0.709,0.806,0.97,0.81,9.25,98.07,91.83,25.84,8.97,25.26,657.53,0.51,29.62,8.58,1.85,95.03,99.95,20.57
2010,33,3304755,São Francisco De Itabapoana,0.639,0.533,0.618,0.791,3.63,2.56,18.75,97.98,96.45,37.42,8.2,42.51,375.49,0.49,52.09,23.92,10.86,95.84,99.5,29.02
2010,33,3304805,São Fidélis,0.691,0.611,0.685,0.787,1.61,1.4,10.18,97.1,91.96,31.2,9.47,30.75,567.23,0.47,31.55,12.22,2.28,92.33,99.76,20.24
2010,33,3304904,São Gonçalo,0.739,0.681,0.711,0.833,1.39,1.02,3.58,96.71,85.86,27.62,9.08,17.14,669.3,0.43,21.16,6.19,1.55,92.75,99.97,31.02
2010,33,3305000,São João Da Barra,0.671,0.551,0.686,0.8,2.59,1.68,9.8,97.53,82.48,33.61,8.39,34.73,570.38,0.48,33.45,11.99,3.69,97.81,99.78,26.94
2010,33,3305109,São João De Meriti,0.719,0.646,0.693,0.831,1.9,1.24,3.38,96.58,78.25,17.46,9.22,19.08,597.57,0.43,25.79,7.91,2.01,97.73,99.94,41.01
2010,33,3305133,São José De Ubá,0.652,0.548,0.633,0.798,0.92,1.85,14.71,99.23,95.55,14.33,8.92,40.46,410.44,0.47,47.54,20.63,3.83,88.01,99.95,19.06
2010,33,3305158,São José Do Vale Do Rio Preto,0.66,0.533,0.67,0.806,1.31,1.36,10.12,98.35,81.71,8.92,8.71,40.59,517.99,0.47,35.15,14.13,3.68,90.17,100.0,18.25
2010,33,3305208,São Pedro Da Aldeia,0.712,0.626,0.721,0.801,1.49,1.29,6.16,97.89,89.52,19.99,8.98,22.48,710.04,0.5,27.34,9.11,2.35,88.41,99.92,31.65
2010,33,3305307,São Sebastião Do Alto,0.646,0.536,0.638,0.789,2.06,1.92,14.49,94.58,98.06,39.91,8.47,40.36,423.88,0.42,40.67,14.3,4.87,93.04,99.6,23.88
2010,33,3305406,Sapucaia,0.675,0.561,0.682,0.804,3.14,2.08,10.13,97.31,71.24,9.3,8.46,36.75,558.94,0.5,33.26,14.99,5.56,91.94,99.91,22.8
2010,33,3305505,Saquarema,0.709,0.621,0.714,0.804,1.17,0.87,6.27,96.26,85.02,26.51,8.62,24.13,681.62,0.52,29.81,8.5,2.54,93.43,100.0,32.91
2010,33,3305554,Seropédica,0.713,0.648,0.695,0.805,2.47,1.07,5.9,97.48,89.95,17.04,9.28,22.18,604.82,0.47,28.32,9.95,2.99,98.72,99.97,35.05
2010,33,3305604,Silva Jardim,0.654,0.536,0.657,0.793,2.78,1.28,13.24,98.79,100.0,24.2,8.24,38.65,476.99,0.49,41.9,17.33,6.13,96.17,98.62,31.03
2010,33,3305703,Sumidouro,0.611,0.436,0.658,0.796,1.3,1.25,16.0,93.48,63.12,7.47,7.33,55.3,479.46,0.47,38.32,16.04,5.52,69.94,99.1,21.2
2010,33,3305752,Tanguá,0.654,0.548,0.644,0.793,1.61,0.79,8.92,98.09,83.84,18.89,8.61,37.23,440.84,0.42,38.3,14.37,4.87,93.03,99.86,32.91
2010,33,3305802,Teresópolis,0.73,0.605,0.752,0.855,1.22,0.85,6.48,96.17,68.22,28.01,8.82,27.2,859.79,0.56,23.18,7.06,1.58,83.86,99.89,25.62
2010,33,3305901,Trajano De Moraes,0.667,0.547,0.668,0.813,1.46,1.94,14.54,98.37,94.85,21.16,8.88,36.2,510.96,0.51,42.73,17.96,6.52,65.79,98.99,20.69
2010,33,3306008,Três Rios,0.725,0.656,0.725,0.801,1.27,1.09,5.47,97.88,94.32,25.5,8.95,19.56,726.83,0.52,27.07,9.23,2.14,98.42,99.89,26.48
2010,33,3306107,Valença,0.738,0.666,0.713,0.848,1.97,1.16,6.0,97.72,93.85,34.3,8.81,20.47,675.62,0.52,29.7,10.17,2.39,94.92,99.81,25.45
2010,33,3306156,Varre-Sai,0.659,0.555,0.636,0.81,1.68,1.52,11.6,96.79,85.85,27.61,8.37,36.78,418.62,0.44,43.7,13.16,2.02,91.37,100.0,16.63
2010,33,3306206,Vassouras,0.714,0.624,0.719,0.813,1.92,1.19,7.61,98.76,97.35,30.63,8.85,24.93,701.06,0.52,27.16,11.32,2.54,94.55,99.9,26.46
2010,33,3306305,Volta Redonda,0.771,0.72,0.763,0.833,0.89,0.6,3.3,98.52,92.13,31.28,9.82,14.84,920.51,0.5,16.69,4.77,1.47,99.47,99.98,19.34
2010,35,3500105,Adamantina,0.79,0.75,0.772,0.852,0.96,0.93,6.14,97.55,89.34,31.76,10.39,16.53,975.43,0.51,11.34,2.57,0.5,99.54,99.97,9.84
2010,35,3500204,Adolfo,0.73,0.648,0.71,0.844,0.0,1.23,8.13,98.72,100.0,38.46,10.13,28.55,661.65,0.38,13.36,3.43,1.31,97.75,100.0,8.03
2010,35,3500303,Aguaí,0.715,0.606,0.703,0.858,2.58,1.91,7.73,95.79,84.32,9.06,8.57,28.26,636.07,0.47,23.68,6.89,1.03,98.9,100.0,25.98
2010,35,3500402,Águas Da Prata,0.781,0.716,0.75,0.886,0.75,0.28,6.04,98.8,84.16,14.9,9.4,19.01,853.39,0.52,18.43,3.56,0.6,97.13,100.0,20.05
2010,35,3500501,Águas De Lindóia,0.745,0.675,0.725,0.846,1.24,0.5,5.96,96.26,87.47,31.47,9.92,24.12,730.13,0.43,16.44,2.38,0.07,98.11,100.0,20.62
2010,35,3500550,Águas De Santa Bárbara,0.757,0.695,0.744,0.84,0.48,0.74,5.16,98.18,91.72,30.38,9.17,22.15,818.15,0.48,19.35,4.79,1.44,91.34,99.94,17.82
2010,35,3500600,Águas De São Pedro,0.854,0.825,0.849,0.89,0.0,0.84,1.45,98.43,91.24,59.63,10.83,11.04,1580.72,0.54,8.43,0.8,0.24,100.0,100.0,8.92
2010,35,3500709,Agudos,0.745,0.694,0.705,0.845,1.48,0.62,5.21,97.9,97.99,36.11,10.03,18.5,642.59,0.41,20.07,6.61,1.99,98.81,100.0,24.72
2010,35,3500758,Alambari,0.712,0.658,0.682,0.805,1.31,0.39,6.59,99.25,70.0,16.99,10.52,25.33,556.36,0.44,25.89,7.61,1.75,97.77,100.0,24.13
2010,35,3500808,Alfredo Marcondes,0.741,0.71,0.682,0.84,0.98,1.13,10.13,98.7,93.68,17.31,11.04,23.69,558.38,0.36,22.16,4.66,1.29,99.04,99.92,14.42
2010,35,3500907,Altair,0.687,0.581,0.698,0.8,2.62,0.57,10.2,96.1,88.63,20.93,7.62,31.14,616.38,0.42,17.13,5.38,0.51,99.49,100.0,22.0
2010,35,3501004,Altinópolis,0.73,0.635,0.726,0.843,1.16,1.01,6.08,99.31,85.81,27.03,10.6,24.94,731.49,0.45,14.71,2.84,0.44,97.54,100.0,20.66
2010,35,3501103,Alto Alegre,0.7,0.616,0.683,0.817,3.67,0.0,8.56,95.2,76.8,19.94,10.8,33.55,560.3,0.35,18.67,3.63,0.61,96.15,100.0,10.74
2010,35,3501152,Alumínio,0.766,0.732,0.729,0.841,0.58,0.56,4.6,98.76,97.15,27.3,10.54,13.87,747.27,0.42,16.56,5.73,1.68,94.94,99.88,31.11
2010,35,3501202,Álvares Florence,0.728,0.683,0.701,0.806,0.54,0.0,9.55,99.39,86.62,24.87,10.13,27.41,627.14,0.41,20.26,3.15,1.85,87.75,100.0,6.49
2010,35,3501301,Álvares Machado,0.758,0.732,0.712,0.834,0.88,0.63,6.99,98.35,87.05,20.41,10.58,21.65,672.03,0.46,22.36,5.37,1.57,99.34,99.92,18.29
2010,35,3501400,Álvaro De Carvalho,0.688,0.605,0.669,0.805,0.75,0.0,8.84,99.31,83.18,16.49,11.27,26.16,512.99,0.38,24.62,4.59,1.4,99.6,99.86,23.88
2010,35,3501509,Alvinlândia,0.722,0.659,0.721,0.791,1.81,1.27,10.52,99.42,97.03,40.69,11.33,23.78,710.49,0.53,26.91,5.36,1.98,99.01,100.0,23.26
2010,35,3501608,Americana,0.811,0.76,0.8,0.876,0.93,0.79,2.74,97.98,93.25,41.18,10.6,13.84,1161.68,0.47,7.1,1.39,0.32,99.64,99.97,18.82
2010,35,3501707,Américo Brasiliense,0.751,0.701,0.709,0.852,1.0,0.43,6.89,98.63,96.33,33.18,11.2,22.8,659.67,0.39,15.04,3.72,0.96,99.88,99.87,30.24
2010,35,3501806,Américo De Campos,0.745,0.708,0.715,0.817,0.29,0.0,7.88,98.25,92.39,17.65,11.61,26.65,686.56,0.43,20.68,4.45,0.39,95.24,100.0,12.67
2010,35,3501905,Amparo,0.785,0.711,0.78,0.871,1.04,1.09,4.7,95.7,90.06,33.42,9.68,17.26,1027.6,0.5,10.77,2.49,0.19,96.39,99.99,19.8
2010,35,3502002,Analândia,0.754,0.668,0.745,0.861,1.1,1.34,6.61,99.66,97.81,23.54,11.46,26.47,823.33,0.53,21.01,4.81,0.88,97.74,99.8,22.22
2010,35,3502101,Andradina,0.779,0.702,0.762,0.885,1.44,1.01,5.88,98.17,86.28,25.31,10.38,19.1,919.36,0.51,14.9,3.57,1.17,98.86,99.79,15.45
2010,35,3502200,Angatuba,0.719,0.648,0.693,0.827,0.79,1.32,6.63,98.27,92.86,15.07,9.55,27.41,597.99,0.45,23.75,6.84,1.55,94.82,99.94,21.79
2010,35,3502309,Anhembi,0.721,0.637,0.681,0.863,1.43,0.0,6.54,97.25,86.51,34.97,10.19,25.9,554.16,0.42,25.48,6.42,0.11,78.44,100.0,21.88
2010,35,3502408,Anhumas,0.741,0.706,0.683,0.845,1.53,0.0,7.91,98.35,100.0,40.99,10.35,25.07,561.82,0.42,24.84,6.9,1.75,97.23,100.0,15.26
2010,35,3502507,Aparecida,0.755,0.706,0.735,0.828,1.06,0.95,3.43,98.45,88.28,38.59,10.5,13.5,775.17,0.46,18.68,4.54,0.49,99.53,99.76,26.63
2010,35,3502606,Aparecida D'Oeste,0.721,0.67,0.697,0.804,0.73,0.99,12.12,97.79,94.98,21.7,11.48,32.09,611.22,0.47,27.47,7.74,3.12,99.48,99.95,11.0
2010,35,3502705,Apiaí,0.71,0.647,0.662,0.835,1.68,0.88,7.62,97.27,67.63,13.81,10.82,25.14,492.43,0.55,46.6,21.67,8.82,90.5,98.23,26.63
2010,35,3502754,Araçariguama,0.704,0.597,0.717,0.814,1.83,0.98,6.72,98.21,85.19,12.85,9.99,26.06,691.69,0.46,20.52,5.2,0.57,89.94,99.78,46.15
2010,35,3502804,Araçatuba,0.788,0.744,0.782,0.841,1.2,0.81,3.83,97.64,93.46,44.8,11.08,15.76,1036.09,0.52,12.29,3.14,0.63,99.59,99.71,16.42
2010,35,3502903,Araçoiaba Da Serra,0.776,0.723,0.751,0.86,1.67,1.1,4.9,99.38,88.64,32.11,11.47,20.39,853.87,0.52,19.19,4.14,1.07,95.82,100.0,22.51
2010,35,3503000,Aramina,0.74,0.656,0.723,0.856,0.97,0.0,6.2,98.59,96.0,18.92,8.56,24.39,721.56,0.43,16.78,3.04,0.48,97.94,99.46,17.27
2010,35,3503109,Arandu,0.685,0.592,0.675,0.806,1.71,1.94,8.71,98.43,86.39,11.41,8.64,28.0,535.27,0.39,25.02,6.53,0.4,96.21,100.0,24.75
2010,35,3503158,Arapeí,0.68,0.612,0.634,0.812,0.0,1.44,7.68,98.75,82.51,9.24,9.83,30.97,414.19,0.39,37.93,15.5,3.75,94.85,98.75,20.39
2010,35,3503208,Araraquara,0.815,0.782,0.788,0.877,0.92,0.78,3.61,98.71,93.2,48.27,10.85,12.28,1080.66,0.5,11.03,2.64,0.53,99.49,99.92,16.67
2010,35,3503307,Araras,0.781,0.728,0.763,0.859,1.18,0.98,4.75,97.54,92.06,37.3,10.15,15.34,921.76,0.47,12.34,2.31,0.51,99.45,99.98,19.21
2010,35,3503356,Arco-Íris,0.722,0.694,0.671,0.809,2.02,0.0,15.3,99.27,80.45,32.98,10.37,28.23,520.01,0.4,24.8,9.52,2.07,95.02,99.78,9.4
2010,35,3503406,Arealva,0.744,0.683,0.718,0.84,1.25,1.66,7.39,99.61,81.32,17.97,11.61,27.55,697.3,0.45,20.48,4.87,1.15,98.5,100.0,17.08
2010,35,3503505,Areias,0.697,0.672,0.627,0.803,1.89,0.43,8.44,96.83,93.64,13.77,11.1,27.47,396.78,0.44,46.33,18.7,3.87,96.67,99.14,30.87
2010,35,3503604,Areiópolis,0.695,0.594,0.686,0.823,1.89,0.52,10.33,97.33,84.35,10.39,10.94,27.45,570.09,0.36,18.31,4.7,0.65,99.11,100.0,26.06
2010,35,3503703,Ariranha,0.733,0.663,0.73,0.813,1.2,0.74,7.87,99.62,98.36,26.45,11.75,27.51,751.35,0.4,10.66,2.34,0.47,95.76,99.9,22.33
2010,35,3503802,Artur Nogueira,0.749,0.681,0.745,0.827,1.38,1.45,5.55,98.29,81.92,23.54,9.93,20.67,823.24,0.46,13.4,3.01,0.43,96.64,99.94,24.98
2010,35,3503901,Arujá,0.784,0.73,0.761,0.866,1.27,0.98,4.91,98.2,89.58,22.89,10.75,15.52,910.67,0.56,21.4,6.21,1.89,98.76,99.94,38.79
2010,35,3503950,Aspásia,0.735,0.657,0.699,0.864,1.11,0.98,13.16,96.93,84.16,38.49,12.18,25.76,619.43,0.44,21.32,5.08,1.71,84.96,99.89,8.66
2010,35,3504008,Assis,0.805,0.781,0.771,0.865,0.66,0.86,4.11,98.93,93.03,40.25,10.41,12.15,967.39,0.5,14.1,3.24,0.33,99.76,99.97,15.51
2010,35,3504107,Atibaia,0.765,0.67,0.786,0.851,1.51,1.08,4.92,97.31,80.79,28.27,9.68,20.72,1063.52,0.53,14.3,4.52,0.95,97.66,99.96,29.87
2010,35,3504206,Auriflama,0.773,0.738,0.746,0.84,0.9,0.54,7.43,98.78,89.12,18.85,10.26,19.49,829.68,0.47,12.08,1.41,0.27,98.67,100.0,12.05
2010,35,3504305,Avaí,0.714,0.65,0.674,0.83,1.55,1.83,7.86,99.38,83.53,12.24,10.71,24.74,531.2,0.47,36.14,14.95,4.44,89.12,99.63,26.22
2010,35,3504404,Avanhandava,0.705,0.623,0.688,0.817,2.04,2.51,8.75,97.21,92.23,27.51,10.13,26.8,579.71,0.42,24.46,5.21,1.36,99.58,100.0,25.61
2010,35,3504503,Avaré,0.767,0.695,0.751,0.866,1.35,1.04,4.81,97.88,88.55,32.65,10.1,19.54,854.42,0.47,15.09,3.83,1.08,98.8,99.84,22.2
2010,35,3504602,Bady Bassitt,0.746,0.701,0.737,0.805,1.06,0.57,3.9,98.53,95.26,38.91,11.1,19.32,783.57,0.36,8.24,0.95,0.06,99.07,100.0,15.85
2010,35,3504701,Balbinos,0.669,0.537,0.69,0.809,2.6,1.79,10.68,98.91,100.0,10.53,11.4,20.1,586.02,0.38,22.46,8.17,0.0,91.93,100.0,20.07
2010,35,3504800,Bálsamo,0.756,0.695,0.746,0.835,0.86,1.2,7.59,98.99,84.36,31.63,11.08,21.24,832.51,0.44,10.83,1.62,0.47,98.84,100.0,13.28
2010,35,3504909,Bananal,0.733,0.653,0.693,0.872,1.52,1.61,8.02,97.12,78.28,14.12,10.86,28.92,595.74,0.51,36.45,11.21,2.06,91.68,98.28,20.76
2010,35,3505005,Barão De Antonina,0.711,0.649,0.676,0.82,1.44,0.67,9.32,100.0,83.04,23.37,10.57,32.95,536.63,0.47,33.13,11.05,2.53,79.9,99.8,19.37
2010,35,3505104,Barbosa,0.699,0.599,0.676,0.843,1.78,1.4,9.96,98.37,87.72,26.5,10.29,32.39,536.37,0.4,24.75,7.67,0.45,98.54,99.25,24.77
2010,35,3505203,Bariri,0.75,0.662,0.736,0.867,1.04,1.2,5.85,96.33,98.88,31.28,9.93,21.47,781.34,0.42,12.9,2.58,0.25,99.52,99.98,19.12
2010,35,3505302,Barra Bonita,0.788,0.739,0.762,0.869,0.83,0.44,5.58,99.8,97.6,34.67,10.77,15.85,915.28,0.45,10.45,1.54,0.3,99.61,100.0,15.51
2010,35,3505351,Barra Do Chapéu,0.66,0.599,0.617,0.779,1.53,1.25,12.26,96.87,74.37,9.32,11.07,37.65,370.97,0.54,58.46,26.79,11.7,80.2,99.53,30.92
2010,35,3505401,Barra Do Turvo,0.641,0.532,0.625,0.792,2.84,1.77,17.1,95.57,63.04,1.27,10.46,42.98,390.88,0.5,51.15,25.8,10.59,59.86,85.04,33.38
2010,35,3505500,Barretos,0.789,0.738,0.762,0.875,1.0,0.79,4.01,97.79,92.95,43.05,10.42,16.61,917.0,0.48,12.92,2.94,0.64,99.61,99.94,20.16
2010,35,3505609,Barrinha,0.725,0.646,0.711,0.829,2.42,2.02,8.41,97.5,79.33,12.46,11.19,27.67,668.32,0.4,16.74,3.8,1.02,99.45,99.81,31.14
2010,35,3505708,Barueri,0.786,0.708,0.791,0.866,1.36,1.06,4.04,97.76,89.84,31.75,9.83,15.3,1095.84,0.61,19.19,5.65,1.54,99.45,100.0,38.48
2010,35,3505807,Bastos,0.751,0.718,0.696,0.848,1.5,0.58,6.84,98.52,92.92,19.16,10.92,20.75,609.76,0.41,18.53,3.94,1.28,99.42,99.86,19.31
2010,35,3505906,Batatais,0.761,0.685,0.766,0.84,1.12,0.76,4.98,97.67,79.88,19.28,10.42,20.77,941.79,0.5,13.78,3.88,0.96,99.74,99.93,19.06
2010,35,3506003,Bauru,0.801,0.752,0.8,0.854,1.45,0.91,3.08,96.94,92.4,38.37,10.58,13.86,1163.86,0.55,12.95,3.71,1.08,99.58,99.9,19.48
2010,35,3506102,Bebedouro,0.78,0.735,0.756,0.853,1.55,1.35,4.82,98.5,86.58,40.2,11.18,16.89,881.64,0.51,15.67,3.7,0.59,98.3,99.94,18.32
2010,35,3506201,Bento De Abreu,0.744,0.712,0.706,0.82,2.19,1.56,7.87,98.01,83.16,25.6,9.68,20.64,647.1,0.38,14.38,3.09,1.29,99.88,99.65,13.94
2010,35,3506300,Bernardino De Campos,0.734,0.662,0.713,0.838,0.58,0.86,6.19,98.35,88.24,40.79,10.69,26.61,676.6,0.45,19.81,4.42,0.2,99.31,99.91,16.75
2010,35,3506359,Bertioga,0.73,0.654,0.727,0.817,1.48,0.9,5.46,98.08,83.27,30.17,10.08,24.06,736.03,0.48,20.73,5.64,1.44,90.88,99.6,41.42
2010,35,3506409,Bilac,0.768,0.722,0.743,0.845,0.74,1.78,7.76,99.02,92.57,21.22,10.4,20.51,816.06,0.43,8.5,1.43,0.85,99.71,100.0,12.44
2010,35,3506508,Birigui,0.78,0.734,0.743,0.869,0.88,0.51,4.5,98.04,92.79,38.62,10.62,16.3,812.51,0.42,9.91,2.24,0.35,99.46,99.98,16.74
2010,35,3506607,Biritiba-Mirim,0.712,0.64,0.71,0.795,1.61,1.75,8.79,97.72,78.44,20.73,10.16,24.34,662.23,0.53,29.18,9.77,1.08,97.9,99.32,37.77
2010,35,3506706,Boa Esperança Do Sul,0.681,0.562,0.692,0.811,2.34,0.68,10.63,96.02,68.42,28.11,9.45,32.84,593.36,0.44,23.11,8.69,2.06,99.01,99.38,32.68
2010,35,3506805,Bocaina,0.742,0.656,0.741,0.84,1.57,0.72,6.37,99.27,94.07,31.2,10.44,21.23,805.99,0.42,10.52,1.31,0.03,99.31,100.0,23.17
2010,35,3506904,Bofete,0.705,0.609,0.7,0.821,1.56,2.12,8.12,95.07,64.56,15.21,9.6,32.91,622.11,0.46,25.04,8.21,2.45,95.39,99.49,22.62
2010,35,3507001,Boituva,0.78,0.728,0.757,0.861,1.17,1.0,4.93,98.66,90.31,31.1,11.02,18.73,889.51,0.49,14.51,4.2,0.94,98.38,100.0,29.99
2010,35,3507100,Bom Jesus Dos Perdões,0.713,0.631,0.716,0.802,0.71,1.28,6.35,97.72,84.08,26.54,9.09,26.51,688.02,0.41,16.67,4.18,1.64,97.91,99.92,33.45
2010,35,3507159,Bom Sucesso De Itararé,0.66,0.613,0.605,0.775,0.91,1.82,11.33,98.3,69.24,14.71,10.48,29.68,344.32,0.44,52.47,21.85,6.02,76.19,98.66,36.1
2010,35,3507209,Borá,0.746,0.675,0.712,0.863,1.96,2.0,9.58,94.65,95.8,3.12,11.92,16.11,670.27,0.4,9.41,2.86,1.86,98.74,100.0,16.84
2010,35,3507308,Boracéia,0.754,0.685,0.723,0.866,0.71,0.43,7.64,99.42,99.01,55.52,10.61,22.68,719.42,0.38,13.59,2.45,0.0,99.12,100.0,22.9
2010,35,3507407,Borborema,0.73,0.658,0.71,0.831,1.81,0.75,8.16,98.35,70.71,15.85,10.38,26.76,664.64,0.42,18.5,4.54,1.0,98.87,100.0,15.74
2010,35,3507456,Borebi,0.705,0.615,0.674,0.846,4.12,1.52,9.25,99.39,93.96,13.15,9.73,28.42,529.08,0.39,21.32,6.63,1.38,94.29,96.09,23.07
2010,35,3507506,Botucatu,0.8,0.746,0.79,0.869,1.57,1.35,4.11,97.84,91.24,41.23,10.45,15.42,1089.1,0.54,14.34,3.3,0.74,98.85,99.78,20.28
2010,35,3507605,Bragança Paulista,0.776,0.704,0.772,0.861,1.1,0.95,4.37,96.99,83.81,30.91,10.18,16.69,974.08,0.52,13.93,3.22,0.7,97.92,99.96,25.09
2010,35,3507704,Braúna,0.737,0.664,0.725,0.83,0.96,0.9,8.97,98.53,82.65,9.73,11.35,25.29,726.71,0.43,14.08,1.58,0.33,96.91,99.94,18.71
2010,35,3507753,Brejo Alegre,0.71,0.618,0.702,0.826,1.27,0.93,11.7,95.97,71.32,28.33,9.08,23.66,631.02,0.39,11.43,2.01,0.96,88.16,99.49,20.81
2010,35,3507803,Brodowski,0.755,0.675,0.738,0.864,1.05,1.0,4.14,97.52,85.63,35.01,9.96,20.4,787.91,0.44,12.33,3.8,0.0,99.61,100.0,19.98
2010,35,3507902,Brotas,0.74,0.688,0.724,0.815,1.53,0.35,6.52,99.12,86.37,17.99,9.19,21.33,722.76,0.41,14.62,3.34,0.78,98.23,99.96,20.49
2010,35,3508009,Buri,0.667,0.578,0.642,0.799,1.96,1.75,9.31,98.49,77.02,13.56,10.52,36.83,435.15,0.5,48.93,18.74,4.69,96.24,99.7,32.69
2010,35,3508108,Buritama,0.763,0.72,0.736,0.839,1.21,1.39,8.71,96.68,91.98,17.96,10.59,22.88,779.78,0.44,16.47,4.57,0.38,98.48,100.0,17.36
2010,35,3508207,Buritizal,0.735,0.643,0.743,0.83,1.29,1.1,5.8,99.32,90.61,32.05,10.03,31.72,817.16,0.46,17.66,5.19,0.44,98.18,99.82,9.79
2010,35,3508306,Cabrália Paulista,0.694,0.619,0.667,0.811,0.93,1.88,9.67,97.43,98.33,16.81,11.25,29.78,507.41,0.4,30.22,7.01,0.58,97.17,97.03,18.9
2010,35,3508405,Cabreúva,0.738,0.678,0.717,0.828,1.12,0.93,6.22,97.28,80.98,12.12,9.62,22.39,694.03,0.42,16.33,4.5,1.12,98.56,99.75,35.93
2010,35,3508504,Caçapava,0.788,0.755,0.754,0.858,1.57,0.87,4.16,98.01,86.5,18.82,10.94,12.9,871.87,0.5,18.06,5.17,0.97,99.45,99.91,27.78
2010,35,3508603,Cachoeira Paulista,0.764,0.728,0.733,0.837,0.88,1.03,4.18,98.01,92.55,28.61,10.33,15.66,764.6,0.52,25.48,7.63,1.2,98.18,99.8,27.17
2010,35,3508702,Caconde,0.72,0.62,0.701,0.858,1.66,2.14,7.79,97.74,74.34,10.11,9.92,33.53,627.0,0.5,30.16,9.0,1.17,92.22,99.86,21.3
2010,35,3508801,Cafelândia,0.742,0.661,0.714,0.867,1.27,1.01,7.1,96.75,73.38,10.31,9.83,25.87,680.71,0.46,22.18,5.8,1.14,95.5,99.86,19.98
2010,35,3508900,Caiabu,0.729,0.691,0.682,0.823,0.78,1.9,12.48,98.92,83.91,24.38,11.78,24.51,559.13,0.37,19.55,5.09,1.3,98.78,100.0,12.87
2010,35,3509007,Caieiras,0.781,0.749,0.74,0.861,1.33,0.98,3.93,94.83,91.2,29.05,11.08,14.08,800.15,0.47,17.67,5.08,1.01,97.43,99.93,36.81
2010,35,3509106,Caiuá,0.697,0.635,0.665,0.802,1.42,1.15,11.71,99.28,69.49,16.31,11.4,28.87,500.47,0.45,33.56,13.35,4.02,72.38,99.49,17.98
2010,35,3509205,Cajamar,0.728,0.668,0.713,0.81,1.63,1.6,5.19,96.5,85.53,38.73,10.45,21.05,676.5,0.43,20.93,7.21,3.14,96.75,99.77,41.02
2010,35,3509254,Cajati,0.694,0.611,0.658,0.832,1.47,1.26,9.94,98.37,86.01,7.71,10.39,31.82,481.48,0.47,38.28,14.4,5.14,90.63,98.93,32.03
2010,35,3509304,Cajobi,0.734,0.674,0.714,0.822,0.72,0.8,7.82,99.66,95.2,10.11,11.75,25.24,679.75,0.4,15.13,2.77,0.0,99.42,99.94,16.81
2010,35,3509403,Cajuru,0.713,0.633,0.693,0.825,1.19,0.68,5.97,97.11,87.69,17.47,9.92,29.13,597.11,0.4,19.65,4.61,1.75,98.17,100.0,24.88
2010,35,3509452,Campina Do Monte Alegre,0.717,0.634,0.687,0.846,1.44,1.08,8.28,97.54,86.03,9.15,10.87,30.73,575.66,0.53,36.0,11.03,2.15,97.57,99.87,23.42
2010,35,3509502,Campinas,0.805,0.731,0.829,0.86,1.44,0.94,3.26,95.95,86.63,41.17,10.1,14.59,1390.83,0.56,11.39,3.16,1.06,99.42,99.98,22.07
2010,35,3509601,Campo Limpo Paulista,0.769,0.739,0.733,0.84,1.06,0.8,4.22,96.67,88.15,23.76,10.4,14.28,767.85,0.43,15.35,3.64,1.19,99.49,99.94,33.51
2010,35,3509700,Campos Do Jordão,0.749,0.648,0.761,0.852,1.76,1.06,4.41,97.15,87.91,38.96,10.35,23.77,911.4,0.59,20.91,5.41,1.63,92.06,100.0,30.42
2010,35,3509809,Campos Novos Paulista,0.706,0.638,0.67,0.824,0.63,1.25,9.98,97.9,92.14,35.58,10.47,30.48,516.26,0.43,30.41,9.24,1.77,97.58,99.7,18.59
2010,35,3509908,Cananéia,0.72,0.649,0.677,0.851,1.18,0.7,7.42,97.32,82.52,12.34,10.77,26.19,540.54,0.49,34.09,13.88,5.67,90.61,97.87,34.54
2010,35,3509957,Canas,0.704,0.677,0.646,0.797,4.23,3.77,6.15,98.37,77.37,10.93,10.27,24.72,444.72,0.43,38.69,15.21,2.19,99.09,98.8,32.89
2010,35,3510005,Cândido Mota,0.747,0.704,0.701,0.845,1.26,1.0,6.94,98.18,89.23,31.04,10.75,21.99,627.55,0.41,20.17,5.38,0.74,99.68,99.89,16.69
2010,35,3510104,Cândido Rodrigues,0.789,0.762,0.747,0.863,0.0,0.0,8.62,98.84,91.98,39.0,11.99,21.61,837.17,0.48,10.37,1.97,0.21,99.65,100.0,15.24
2010,35,3510153,Canitar,0.68,0.605,0.658,0.791,1.67,0.43,10.35,96.17,96.17,24.13,11.72,29.53,480.52,0.4,28.89,7.22,2.06,99.1,100.0,34.62
2010,35,3510203,Capão Bonito,0.721,0.671,0.675,0.826,1.45,1.26,9.06,98.73,81.35,17.77,11.72,26.23,534.75,0.5,37.57,14.66,4.62,97.03,99.58,30.73
2010,35,3510302,Capela Do Alto,0.699,0.617,0.673,0.823,2.29,1.57,7.0,96.53,78.09,9.84,9.74,29.2,526.28,0.4,25.86,7.03,1.59,98.78,99.82,29.77
2010,35,3510401,Capivari,0.75,0.669,0.744,0.848,1.45,1.14,5.0,97.29,76.09,22.7,9.08,20.22,820.46,0.46,14.5,2.91,0.44,95.85,99.85,25.78
2010,35,3510500,Caraguatatuba,0.759,0.705,0.735,0.845,1.22,1.16,4.7,97.67,93.59,40.51,11.01,18.0,773.99,0.5,21.63,6.41,1.67,97.8,99.62,35.75
2010,35,3510609,Carapicuíba,0.749,0.693,0.721,0.842,2.04,1.25,4.36,96.15,80.5,25.71,10.22,16.23,712.78,0.46,20.1,6.12,1.77,98.35,99.93,41.04
2010,35,3510708,Cardoso,0.722,0.636,0.695,0.853,1.04,0.54,9.11,96.82,59.07,24.75,10.38,29.11,605.99,0.42,20.99,6.96,1.72,99.64,100.0,13.42
2010,35,3510807,Casa Branca,0.73,0.64,0.727,0.835,1.5,1.78,5.02,96.94,87.34,43.93,9.25,20.49,737.96,0.49,24.0,5.86,1.19,99.59,99.53,21.79
2010,35,3510906,Cássia Dos Coqueiros,0.734,0.673,0.68,0.864,1.75,1.38,10.11,99.48,85.05,43.12,9.75,23.24,551.4,0.43,27.24,7.85,0.53,96.77,100.0,20.78
2010,35,3511003,Castilho,0.731,0.686,0.688,0.827,1.52,0.85,8.67,99.08,89.11,11.52,11.28,23.18,579.36,0.46,30.43,12.17,5.66,91.19,98.4,19.41
2010,35,3511102,Catanduva,0.785,0.74,0.767,0.853,1.25,1.06,4.67,98.12,89.88,36.71,10.71,16.81,945.05,0.46,9.28,2.35,0.62,98.88,99.88,18.17
2010,35,3511201,Catiguá,0.751,0.676,0.734,0.852,0.99,0.93,9.05,98.42,83.24,15.59,10.72,23.85,771.78,0.43,11.56,1.92,0.17,99.69,100.0,21.32
2010,35,3511300,Cedral,0.766,0.689,0.749,0.872,1.78,0.63,6.31,98.73,100.0,29.55,10.47,21.09,845.41,0.42,11.89,2.77,1.06,94.68,99.88,17.05
2010,35,3511409,Cerqueira César,0.729,0.666,0.71,0.821,1.52,1.75,6.67,98.17,79.59,18.1,11.21,23.39,665.36,0.43,19.45,5.64,0.68,98.84,99.74,22.95
2010,35,3511508,Cerquilho,0.782,0.739,0.758,0.854,0.76,1.01,3.56,99.57,96.76,39.35,10.64,15.35,894.52,0.42,7.85,1.15,0.21,98.51,100.0,20.58
2010,35,3511607,Cesário Lange,0.706,0.611,0.715,0.804,1.29,1.1,5.45,96.27,72.35,26.65,9.99,29.2,684.95,0.43,17.2,3.82,0.75,98.25,99.91,27.43
2010,35,3511706,Charqueada,0.736,0.675,0.72,0.82,1.55,1.26,7.03,97.93,75.85,17.74,9.19,20.58,705.01,0.4,14.66,2.72,0.76,99.75,99.96,23.81
2010,35,3511904,Clementina,0.725,0.66,0.704,0.821,1.75,0.55,9.14,98.05,94.92,24.87,10.46,25.73,640.87,0.37,15.14,3.34,0.54,99.81,100.0,23.57
2010,35,3512001,Colina,0.757,0.712,0.72,0.845,1.45,1.23,6.2,98.34,91.84,27.49,10.29,20.09,706.69,0.46,20.31,4.36,0.91,99.4,99.98,19.97
2010,35,3512100,Colômbia,0.71,0.647,0.689,0.802,1.17,0.88,9.95,99.17,92.43,29.1,10.29,24.28,582.53,0.4,20.54,5.04,1.35,98.95,99.61,21.37
2010,35,3512209,Conchal,0.708,0.614,0.699,0.827,1.89,2.54,9.63,96.68,88.75,30.79,10.87,28.27,617.76,0.43,21.23,6.76,1.72,99.55,100.0,31.57
2010,35,3512308,Conchas,0.736,0.658,0.725,0.837,0.91,1.14,5.63,97.56,83.97,38.95,9.62,26.62,730.42,0.49,20.59,4.51,1.01,94.91,100.0,24.03
2010,35,3512407,Cordeirópolis,0.758,0.674,0.754,0.858,0.81,1.47,4.78,96.69,99.52,40.18,9.26,22.1,873.87,0.44,13.34,3.05,0.7,97.83,100.0,28.33
2010,35,3512506,Coroados,0.719,0.648,0.704,0.816,0.94,1.48,6.84,98.36,79.25,27.13,9.65,24.53,638.21,0.39,14.91,3.34,0.44,98.06,99.94,17.61
2010,35,3512605,Coronel Macedo,0.69,0.619,0.653,0.811,1.26,1.09,12.67,99.08,77.78,28.0,11.49,36.03,465.29,0.45,39.49,13.91,4.13,99.02,99.73,22.88
2010,35,3512704,Corumbataí,0.754,0.7,0.728,0.841,1.37,1.08,7.03,96.96,95.85,32.14,10.37,21.76,741.32,0.48,19.22,5.24,1.04,95.47,99.75,23.31
2010,35,3512803,Cosmópolis,0.769,0.697,0.746,0.876,1.23,1.06,4.83,98.04,87.75,21.23,10.4,18.12,829.25,0.42,13.18,2.83,1.03,98.99,100.0,28.29
2010,35,3512902,Cosmorama,0.722,0.63,0.705,0.849,3.32,1.36,9.08,97.88,72.76,7.82,10.92,32.42,643.1,0.4,17.66,3.62,1.38,98.13,100.0,9.93
2010,35,3513009,Cotia,0.78,0.707,0.789,0.851,1.48,0.97,4.42,97.51,79.19,26.75,10.48,15.63,1085.66,0.57,16.83,4.72,1.43,99.03,99.82,33.78
2010,35,3513108,Cravinhos,0.756,0.683,0.737,0.857,2.41,1.72,6.38,98.12,87.58,28.26,10.21,19.48,784.4,0.42,13.94,2.46,1.08,99.58,99.85,25.39
2010,35,3513207,Cristais Paulista,0.734,0.682,0.723,0.802,2.15,1.0,8.0,98.18,90.74,20.23,10.44,24.68,721.31,0.48,19.87,5.54,0.19,97.1,100.0,21.39
2010,35,3513306,Cruzália,0.774,0.778,0.698,0.853,2.82,0.0,7.63,97.93,95.75,34.65,11.28,20.79,614.17,0.43,22.05,7.83,1.23,99.36,99.83,8.82
2010,35,3513405,Cruzeiro,0.788,0.758,0.742,0.871,1.11,1.01,2.86,97.64,84.9,22.21,10.7,11.38,809.24,0.53,22.57,6.44,2.84,98.56,99.77,26.93
2010,35,3513504,Cubatão,0.737,0.681,0.716,0.821,1.43,1.2,5.32,98.05,83.4,20.66,10.1,18.97,689.21,0.45,21.95,7.29,2.36,87.94,99.99,33.85
2010,35,3513603,Cunha,0.684,0.576,0.672,0.826,1.31,1.6,10.45,98.05,66.32,17.39,10.3,39.06,525.19,0.54,42.8,17.12,3.96,85.51,99.9,18.85
2010,35,3513702,Descalvado,0.76,0.687,0.74,0.865,1.35,0.67,5.5,98.6,77.04,22.09,10.53,19.53,798.74,0.45,14.96,5.24,0.91,98.14,99.69,21.83
2010,35,3513801,Diadema,0.757,0.716,0.717,0.844,1.62,1.14,4.36,96.84,82.44,22.47,9.59,15.57,694.55,0.43,18.67,5.51,1.44,99.52,99.99,39.43
2010,35,3513850,Dirce Reis,0.741,0.704,0.686,0.842,1.16,1.12,13.9,100.0,95.94,51.43,11.28,28.12,570.51,0.37,17.33,3.74,2.06,100.0,99.81,11.27
2010,35,3513900,Divinolândia,0.734,0.645,0.72,0.85,0.65,0.87,6.32,98.61,89.73,7.76,9.59,31.18,707.97,0.48,22.52,5.51,0.67,94.47,99.77,13.81
2010,35,3514007,Dobrada,0.718,0.655,0.691,0.818,2.21,2.74,15.11,99.5,88.24,26.49,11.18,30.11,589.47,0.38,17.53,4.6,0.75,99.92,100.0,32.89
2010,35,3514106,Dois Córregos,0.725,0.616,0.725,0.853,1.87,1.67,8.26,96.69,83.78,11.17,10.45,29.21,727.28,0.46,20.96,5.37,0.63,98.37,100.0,25.19
2010,35,3514205,Dolcinópolis,0.742,0.709,0.699,0.825,1.69,1.11,12.23,100.0,100.0,40.47,12.24,26.39,620.98,0.36,15.09,2.37,0.0,98.35,100.0,10.61
2010,35,3514304,Dourado,0.738,0.689,0.718,0.811,1.44,0.68,7.76,100.0,100.0,21.06,10.97,20.96,697.37,0.37,10.27,1.93,0.39,99.58,100.0,16.8
2010,35,3514403,Dracena,0.776,0.737,0.752,0.842,0.94,1.0,5.88,98.19,84.74,38.06,10.16,19.85,862.86,0.44,11.62,2.4,0.1,98.97,99.81,13.61
2010,35,3514502,Duartina,0.748,0.698,0.716,0.837,0.72,0.99,6.86,98.3,86.46,25.85,11.26,22.72,688.4,0.43,15.27,4.24,0.42,99.18,99.68,15.85
2010,35,3514601,Dumont,0.744,0.674,0.72,0.849,2.43,0.8,7.21,97.62,87.79,28.12,10.79,22.2,705.3,0.39,14.89,0.85,0.0,96.22,100.0,26.63
2010,35,3514700,Echaporã,0.745,0.69,0.719,0.834,0.46,0.59,9.8,98.79,84.6,20.22,10.59,24.23,703.55,0.53,26.96,6.25,1.63,97.27,99.95,16.67
2010,35,3514809,Eldorado,0.691,0.615,0.633,0.847,3.03,1.89,11.23,97.3,80.93,8.19,9.81,27.59,411.0,0.49,49.78,23.26,6.08,84.43,99.16,36.03
2010,35,3514908,Elias Fausto,0.695,0.583,0.701,0.822,1.04,1.14,7.41,97.29,82.69,14.89,9.54,29.73,625.66,0.42,18.95,4.87,2.42,93.65,99.94,27.46
2010,35,3514924,Elisiário,0.747,0.712,0.711,0.825,1.15,1.35,9.82,98.49,93.39,31.3,11.93,22.24,666.93,0.33,6.45,1.4,0.0,100.0,100.0,22.19
2010,35,3514957,Embaúba,0.73,0.641,0.723,0.84,0.0,0.96,8.15,100.0,91.5,16.91,10.75,26.09,717.97,0.36,11.44,1.96,0.27,99.63,99.89,13.16
2010,35,3515004,Embu,0.735,0.676,0.7,0.839,2.09,1.37,4.96,96.78,79.15,26.23,9.98,18.53,622.77,0.45,22.4,7.05,1.58,98.54,99.95,43.3
2010,35,3515103,Embu-Guaçu,0.749,0.708,0.713,0.834,1.44,1.33,6.07,97.07,84.13,31.8,10.22,17.0,676.52,0.5,25.12,8.98,2.89,97.2,99.9,40.7
2010,35,3515129,Emilianópolis,0.727,0.691,0.69,0.805,0.0,0.67,11.55,97.29,96.9,45.83,11.12,24.74,584.76,0.38,22.08,4.81,1.08,96.06,99.79,9.19
2010,35,3515152,Engenheiro Coelho,0.732,0.668,0.72,0.815,2.28,2.09,8.78,98.49,79.49,17.36,9.68,28.6,707.37,0.45,19.64,5.92,1.57,91.87,100.0,38.12
2010,35,3515186,Espírito Santo Do Pinhal,0.787,0.712,0.784,0.872,1.23,0.85,5.71,97.91,91.84,36.98,10.03,18.98,1048.6,0.57,14.7,2.94,0.35,98.92,100.0,21.0
2010,35,3515194,Espírito Santo Do Turvo,0.696,0.609,0.675,0.819,1.33,0.43,8.88,97.33,83.5,39.2,9.18,25.86,533.76,0.38,23.43,3.0,0.55,95.5,99.92,23.78
2010,35,3515202,Estrela D'Oeste,0.76,0.705,0.712,0.873,0.64,0.0,8.21,99.02,94.48,35.02,9.75,24.9,670.65,0.39,14.63,4.95,0.66,99.52,100.0,13.76
2010,35,3515301,Estrela Do Norte,0.74,0.714,0.693,0.818,0.55,1.25,9.33,98.89,95.16,38.68,11.93,18.2,597.74,0.43,24.41,3.82,1.45,98.5,99.88,19.67
2010,35,3515350,Euclides Da Cunha Paulista,0.704,0.655,0.663,0.802,0.99,1.25,13.78,98.52,82.16,7.56,10.49,26.01,493.91,0.45,35.48,14.46,5.16,88.73,99.3,20.46
2010,35,3515400,Fartura,0.732,0.648,0.699,0.867,0.69,0.64,6.3,97.38,84.82,29.01,9.53,23.98,618.77,0.43,20.95,6.9,1.47,96.31,99.85,14.66
2010,35,3515509,Fernandópolis,0.797,0.758,0.767,0.872,0.91,0.94,5.91,99.39,97.35,45.95,11.22,17.16,944.0,0.49,10.2,2.46,0.35,99.68,99.95,11.58
2010,35,3515608,Fernando Prestes,0.758,0.68,0.746,0.859,0.71,0.0,7.79,96.57,95.16,40.46,10.54,26.16,832.72,0.41,8.57,0.42,0.42,99.35,100.0,12.01
2010,35,3515657,Fernão,0.703,0.617,0.668,0.843,5.61,0.0,8.55,98.93,97.21,47.51,11.92,29.71,510.09,0.4,30.98,5.17,1.21,94.16,99.74,16.4
2010,35,3515707,Ferraz De Vasconcelos,0.738,0.703,0.691,0.828,1.64,1.28,4.91,97.59,80.89,23.83,10.77,16.02,587.83,0.43,24.65,7.58,2.02,99.18,99.86,44.01
2010,35,3515806,Flora Rica,0.727,0.723,0.668,0.796,2.54,0.0,14.41,99.31,81.21,9.62,12.45,26.45,511.8,0.4,30.4,7.92,1.22,96.95,100.0,10.18
2010,35,3515905,Floreal,0.747,0.726,0.71,0.808,0.66,1.53,8.79,96.13,78.99,35.35,9.89,21.87,663.83,0.37,15.13,2.41,0.37,99.35,100.0,11.03
2010,35,3516002,Flórida Paulista,0.715,0.646,0.702,0.807,1.41,0.86,10.22,98.87,90.18,9.68,10.76,27.05,632.97,0.41,19.02,6.0,2.01,99.04,100.0,15.99
2010,35,3516101,Florínia,0.713,0.652,0.678,0.82,0.54,1.3,9.29,96.59,96.43,36.7,7.92,28.13,544.03,0.46,31.74,14.89,5.44,96.82,100.0,13.09
2010,35,3516200,Franca,0.78,0.753,0.749,0.842,1.07,0.83,3.44,98.16,80.99,21.27,11.19,14.67,846.57,0.46,12.87,3.34,0.65,99.79,99.98,20.57
2010,35,3516309,Francisco Morato,0.703,0.647,0.659,0.815,2.08,1.49,6.94,95.79,78.22,17.28,10.32,21.66,483.98,0.4,30.04,9.32,2.75,98.81,99.85,49.97
2010,35,3516408,Franco Da Rocha,0.731,0.654,0.702,0.852,2.1,1.23,5.97,95.7,82.09,18.86,10.2,19.55,632.42,0.44,23.54,6.83,1.75,97.81,99.9,43.6
2010,35,3516507,Gabriel Monteiro,0.763,0.762,0.721,0.809,2.29,3.06,8.88,99.5,100.0,39.46,10.07,18.61,712.72,0.37,8.66,0.88,0.59,94.17,100.0,4.72
2010,35,3516606,Gália,0.709,0.634,0.684,0.823,3.09,2.13,10.6,96.94,83.08,16.37,11.09,29.91,565.41,0.42,28.04,5.68,1.79,97.21,99.69,17.73
2010,35,3516705,Garça,0.769,0.728,0.737,0.849,1.43,1.02,7.33,98.12,94.98,26.88,11.0,18.72,786.83,0.5,20.04,6.94,1.23,99.19,99.68,17.91
2010,35,3516804,Gastão Vidigal,0.723,0.635,0.727,0.817,1.52,1.32,9.57,96.55,93.85,12.18,10.31,26.13,736.47,0.42,15.12,2.39,1.23,95.77,100.0,27.75
2010,35,3516853,Gavião Peixoto,0.719,0.676,0.687,0.802,1.97,0.0,8.83,98.73,92.73,44.9,10.91,23.11,575.08,0.35,17.5,7.38,1.0,99.47,100.0,25.75
2010,35,3516903,General Salgado,0.747,0.702,0.734,0.808,0.51,0.59,8.0,98.55,87.85,25.33,11.26,22.84,771.92,0.45,14.06,2.29,0.5,99.67,100.0,11.01
2010,35,3517000,Getulina,0.717,0.652,0.696,0.813,1.68,2.87,9.11,99.43,92.69,14.39,10.66,24.52,608.58,0.45,23.37,6.15,1.76,97.83,99.33,20.5
2010,35,3517109,Glicério,0.735,0.63,0.735,0.858,1.28,0.41,8.85,98.45,92.07,40.61,10.97,26.43,777.37,0.52,19.21,5.82,0.13,99.44,100.0,18.08
2010,35,3517208,Guaiçara,0.739,0.679,0.697,0.853,2.02,2.71,6.76,98.44,86.92,8.45,10.73,18.15,610.2,0.38,15.27,4.47,1.15,98.95,99.62,23.54
2010,35,3517307,Guaimbê,0.728,0.689,0.675,0.83,0.8,2.17,11.33,98.95,88.47,9.81,10.49,25.22,532.14,0.4,25.57,6.49,0.47,98.88,99.49,23.22
2010,35,3517406,Guaíra,0.753,0.683,0.759,0.824,0.88,1.23,5.59,97.84,91.22,32.82,10.21,22.37,901.23,0.53,16.34,4.08,1.58,99.72,100.0,18.17
2010,35,3517505,Guapiaçu,0.725,0.605,0.728,0.866,1.63,0.74,7.02,98.02,85.34,25.82,8.67,26.33,741.42,0.41,14.28,3.52,0.24,93.49,99.68,20.96
2010,35,3517604,Guapiara,0.675,0.602,0.634,0.806,0.72,1.22,12.68,96.7,73.98,12.47,9.55,33.65,412.51,0.55,50.35,28.17,11.13,82.07,99.56,25.68
2010,35,3517703,Guará,0.718,0.63,0.71,0.826,1.25,1.82,9.53,98.02,92.45,26.2,10.74,29.08,664.56,0.49,25.61,8.09,3.03,98.89,99.85,23.99
2010,35,3517802,Guaraçaí,0.719,0.663,0.699,0.803,0.79,0.0,8.93,98.0,94.31,27.21,11.09,25.36,619.41,0.42,21.08,7.02,1.59,94.34,97.65,11.43
2010,35,3517901,Guaraci,0.737,0.682,0.698,0.84,1.44,0.96,8.25,96.97,92.85,18.08,9.67,23.91,615.78,0.42,22.0,5.7,1.27,98.48,100.0,24.87
2010,35,3518008,Guarani D'Oeste,0.732,0.714,0.682,0.806,2.52,0.0,11.01,95.65,100.0,45.07,10.92,26.74,557.58,0.4,22.63,6.43,0.99,99.01,100.0,10.73
2010,35,3518107,Guarantã,0.713,0.623,0.698,0.832,3.1,1.74,9.96,98.9,80.34,14.51,11.74,28.82,615.97,0.48,26.32,5.71,1.08,97.53,99.77,22.06
2010,35,3518206,Guararapes,0.763,0.726,0.727,0.84,1.7,0.78,6.76,99.59,98.69,42.77,10.72,21.24,739.89,0.43,14.35,3.29,0.37,99.52,99.86,11.87
2010,35,3518305,Guararema,0.731,0.656,0.729,0.817,0.91,0.45,7.17,97.35,91.17,33.23,10.67,22.71,748.79,0.47,19.34,5.51,1.73,98.62,99.8,33.21
2010,35,3518404,Guaratinguetá,0.798,0.751,0.764,0.886,1.27,0.94,2.91,97.82,89.44,27.93,11.02,13.51,926.78,0.54,18.96,5.95,1.52,99.09,99.85,25.48
2010,35,3518503,Guareí,0.687,0.583,0.692,0.805,1.73,0.61,7.67,96.32,54.43,11.87,10.29,36.63,594.42,0.44,22.97,4.37,0.66,95.8,99.32,26.09
2010,35,3518602,Guariba,0.719,0.645,0.712,0.811,1.66,1.61,9.91,97.28,90.94,18.07,10.37,20.43,671.34,0.43,18.48,5.39,1.27,99.8,99.97,26.37
2010,35,3518701,Guarujá,0.751,0.679,0.729,0.854,2.08,1.33,5.1,95.85,75.97,20.47,10.0,17.49,745.0,0.5,22.83,7.04,2.25,93.6,99.99,37.64
2010,35,3518800,Guarulhos,0.763,0.717,0.746,0.831,1.92,1.26,4.1,97.08,86.34,31.05,10.15,14.86,829.91,0.51,20.63,6.5,1.95,99.05,99.91,40.47
2010,35,3518859,Guatapará,0.743,0.688,0.724,0.822,1.82,1.29,9.85,99.07,98.73,41.51,10.28,19.6,723.83,0.53,24.61,8.23,2.59,94.37,99.85,28.04
2010,35,3518909,Guzolândia,0.697,0.621,0.676,0.808,0.61,1.28,13.6,85.3,89.04,14.63,9.68,28.07,537.05,0.41,25.61,6.14,0.92,99.67,99.86,18.39
2010,35,3519006,Herculândia,0.727,0.698,0.68,0.809,0.9,0.0,9.02,98.42,88.42,15.2,11.56,25.15,549.27,0.44,29.45,8.78,1.53,99.28,99.74,17.98
2010,35,3519055,Holambra,0.793,0.698,0.815,0.878,1.33,0.9,5.42,98.81,94.99,41.69,10.44,19.48,1274.53,0.54,5.43,2.86,1.7,97.24,100.0,18.0
2010,35,3519071,Hortolândia,0.756,0.703,0.716,0.859,1.44,0.87,4.65,97.54,92.34,32.12,10.97,15.12,686.96,0.41,16.92,3.95,0.82,98.8,99.93,29.9
2010,35,3519105,Iacanga,0.745,0.675,0.721,0.851,1.12,0.42,6.9,96.64,94.62,40.47,9.7,20.05,712.15,0.4,15.59,3.57,0.64,98.71,100.0,19.05
2010,35,3519204,Iacri,0.733,0.655,0.701,0.857,1.4,0.66,9.81,99.38,76.04,17.41,11.51,30.91,628.14,0.44,22.82,5.43,1.58,96.25,99.9,16.83
2010,35,3519253,Iaras,0.674,0.543,0.664,0.848,0.27,1.52,7.47,98.54,82.0,17.84,11.0,25.96,497.81,0.52,38.8,23.43,14.84,74.89,91.76,33.48
2010,35,3519303,Ibaté,0.703,0.627,0.681,0.814,1.72,1.06,7.33,97.57,82.83,20.94,9.72,24.52,552.79,0.37,21.12,5.05,0.89,99.74,99.73,33.02
2010,35,3519402,Ibirá,0.74,0.65,0.741,0.841,0.67,1.74,8.55,98.44,78.76,21.91,9.17,29.11,803.36,0.48,16.48,3.88,0.88,99.2,100.0,20.38
2010,35,3519501,Ibirarema,0.708,0.628,0.692,0.817,2.27,1.12,6.83,97.35,91.46,26.38,9.61,27.88,593.7,0.43,21.68,6.41,2.49,99.77,99.95,21.75
2010,35,3519600,Ibitinga,0.747,0.667,0.738,0.846,1.28,0.92,5.47,95.77,79.98,31.43,9.61,23.99,791.99,0.43,12.19,2.33,0.42,99.66,99.88,20.13
2010,35,3519709,Ibiúna,0.71,0.614,0.7,0.832,2.21,1.88,8.7,95.76,69.32,15.47,10.2,31.96,624.55,0.48,27.26,8.3,1.94,95.36,99.74,31.42
2010,35,3519808,Icém,0.72,0.646,0.716,0.806,1.13,1.17,6.92,98.51,88.24,24.67,10.32,25.78,690.78,0.45,19.89,5.11,1.11,93.71,99.78,23.84
2010,35,3519907,Iepê,0.736,0.7,0.7,0.814,1.23,2.38,8.27,97.9,90.28,21.4,11.12,23.67,623.96,0.44,23.15,7.4,1.84,98.25,99.78,19.18
2010,35,3520004,Igaraçu Do Tietê,0.727,0.664,0.691,0.838,1.91,1.99,9.52,98.83,83.06,20.7,10.5,25.23,590.77,0.36,18.67,4.13,0.68,99.94,100.0,24.53
2010,35,3520103,Igarapava,0.768,0.671,0.809,0.835,1.56,1.39,8.14,97.83,91.4,32.81,10.31,23.93,1228.09,0.67,15.36,3.15,1.17,96.54,99.96,20.57
2010,35,3520202,Igaratá,0.711,0.616,0.683,0.855,2.19,0.66,9.96,99.1,83.7,18.56,9.75,28.1,561.31,0.41,25.01,7.25,0.78,85.26,99.43,33.03
2010,35,3520301,Iguape,0.726,0.653,0.691,0.847,2.1,1.87,7.99,99.51,86.71,22.61,10.09,27.9,588.36,0.55,37.57,18.75,6.09,90.58,98.66,32.51
2010,35,3520400,Ilhabela,0.756,0.693,0.739,0.843,1.19,1.0,5.22,98.33,95.01,36.18,10.63,20.96,794.57,0.49,18.12,4.48,1.28,81.89,99.09,36.92
2010,35,3520426,Ilha Comprida,0.725,0.666,0.696,0.823,2.26,1.56,5.04,98.18,89.96,35.26,10.15,24.72,608.83,0.46,30.71,11.23,2.1,97.72,99.35,31.75
2010,35,3520442,Ilha Solteira,0.812,0.782,0.786,0.871,1.18,0.8,4.28,99.26,93.07,46.49,12.13,10.67,1063.04,0.48,9.74,2.58,0.76,98.71,99.74,12.05
2010,35,3520509,Indaiatuba,0.788,0.738,0.791,0.837,0.81,0.72,3.38,98.18,88.99,36.65,10.68,13.24,1098.31,0.47,7.27,1.43,0.17,99.32,100.0,25.4
2010,35,3520608,Indiana,0.761,0.733,0.714,0.843,2.11,1.22,6.59,97.96,92.15,22.81,12.55,21.42,681.29,0.45,18.69,4.42,1.18,99.63,99.77,16.89
2010,35,3520707,Indiaporã,0.751,0.71,0.714,0.835,2.45,1.23,11.38,98.41,91.53,52.29,10.77,25.34,680.85,0.47,23.12,4.6,1.42,99.37,100.0,7.35
2010,35,3520806,Inúbia Paulista,0.759,0.75,0.688,0.849,2.13,1.71,9.71,98.26,85.61,7.29,11.34,19.14,576.91,0.37,16.31,1.81,0.48,92.27,100.0,12.76
2010,35,3520905,Ipaussu,0.727,0.65,0.713,0.828,1.87,1.01,7.02,97.89,93.79,21.68,10.13,26.33,677.42,0.48,23.13,5.14,0.34,99.39,99.88,22.15
2010,35,3521002,Iperó,0.719,0.672,0.68,0.814,2.0,1.23,5.04,98.94,75.76,14.67,10.37,21.08,551.75,0.4,21.59,7.35,2.19,96.55,99.78,36.56
2010,35,3521101,Ipeúna,0.753,0.685,0.737,0.845,1.5,1.21,5.78,98.8,91.32,38.86,10.83,22.36,785.15,0.46,16.1,3.87,0.66,99.1,100.0,34.45
2010,35,3521150,Ipiguá,0.73,0.666,0.696,0.839,0.72,0.95,6.93,98.5,80.0,17.16,10.24,27.23,608.53,0.36,16.94,3.51,1.34,90.85,99.71,17.19
2010,35,3521200,Iporanga,0.703,0.668,0.637,0.816,2.84,1.73,12.59,97.26,89.3,1.25,11.78,25.15,421.14,0.53,50.92,25.24,9.62,84.02,88.89,37.29
2010,35,3521309,Ipuã,0.749,0.654,0.759,0.848,1.89,1.38,9.14,97.99,90.17,30.49,10.82,25.57,900.48,0.59,19.08,4.06,0.72,99.18,100.0,21.03
2010,35,3521408,Iracemápolis,0.776,0.729,0.742,0.863,0.9,0.89,3.45,95.68,77.96,30.43,10.18,15.01,808.74,0.4,10.5,2.93,1.18,99.66,100.0,22.85
2010,35,3521507,Irapuã,0.713,0.624,0.688,0.844,0.68,0.66,10.08,97.93,94.03,30.8,9.96,28.95,579.58,0.36,18.44,3.8,0.13,99.24,100.0,24.87
2010,35,3521606,Irapuru,0.712,0.622,0.691,0.839,1.59,0.98,10.28,95.07,77.64,19.46,9.53,25.19,589.82,0.44,25.02,9.54,2.77,97.34,99.95,13.7
2010,35,3521705,Itaberá,0.693,0.636,0.652,0.803,1.39,1.5,8.68,97.95,81.0,15.93,10.07,29.98,462.03,0.5,43.52,19.98,7.14,91.8,99.91,23.51
2010,35,3521804,Itaí,0.713,0.63,0.692,0.83,1.2,1.43,8.29,97.86,81.68,9.3,10.52,30.96,594.77,0.45,26.24,8.51,1.62,96.62,99.7,21.28
2010,35,3521903,Itajobi,0.73,0.644,0.727,0.832,1.54,0.94,7.62,94.91,89.83,29.55,10.0,30.15,739.45,0.38,9.87,1.84,0.16,98.58,100.0,12.54
2010,35,3522000,Itaju,0.705,0.613,0.696,0.823,0.93,0.0,7.64,98.76,94.53,27.77,10.91,32.71,609.08,0.37,18.73,5.33,0.69,98.87,100.0,19.01
2010,35,3522109,Itanhaém,0.745,0.701,0.716,0.823,1.75,1.14,5.86,97.54,86.71,34.03,11.36,20.24,690.67,0.5,26.11,10.29,2.53,97.2,99.46,36.99
2010,35,3522158,Itaóca,0.68,0.637,0.627,0.787,1.92,2.91,15.72,98.88,86.5,25.04,11.82,30.9,395.32,0.54,52.39,29.08,14.98,82.54,99.69,28.43
2010,35,3522208,Itapecerica Da Serra,0.742,0.687,0.699,0.852,1.61,1.31,5.62,96.84,84.04,23.41,10.49,17.45,619.82,0.45,24.0,7.44,1.82,98.24,99.89,43.04
2010,35,3522307,Itapetininga,0.763,0.705,0.728,0.864,1.41,0.88,4.63,96.36,82.15,26.28,9.83,18.39,741.64,0.49,23.29,7.16,1.29,98.9,99.57,30.46
2010,35,3522406,Itapeva,0.732,0.697,0.702,0.803,1.5,0.92,6.22,98.39,77.49,31.94,10.76,21.82,630.48,0.53,33.69,12.0,2.5,96.76,99.75,28.51
2010,35,3522505,Itapevi,0.735,0.677,0.687,0.855,1.69,1.19,5.38,96.52,78.86,18.8,10.94,20.4,575.72,0.45,26.78,8.33,2.72,98.66,99.86,46.37
2010,35,3522604,Itapira,0.762,0.692,0.75,0.852,1.04,0.93,5.74,98.03,92.88,38.96,9.29,18.26,849.81,0.45,13.15,2.78,0.72,97.29,99.98,17.08
2010,35,3522653,Itapirapuã Paulista,0.661,0.594,0.595,0.816,1.69,1.83,12.98,98.97,74.32,2.17,10.23,34.89,323.42,0.53,62.08,35.11,12.86,77.91,97.45,30.02
2010,35,3522703,Itápolis,0.744,0.667,0.738,0.836,1.27,1.15,6.96,98.44,87.86,26.33,10.06,26.88,787.75,0.45,14.3,3.27,0.36,99.44,100.0,16.24
2010,35,3522802,Itaporanga,0.719,0.653,0.681,0.835,2.36,1.36,10.72,97.9,87.37,18.82,10.5,31.11,552.76,0.53,40.22,14.74,3.42,95.68,99.63,21.89
2010,35,3522901,Itapuí,0.725,0.633,0.716,0.841,2.17,2.69,6.01,96.48,97.12,43.53,10.49,29.21,687.46,0.41,15.57,2.39,0.53,93.45,99.96,28.75
2010,35,3523008,Itapura,0.72,0.673,0.682,0.813,1.41,2.18,11.44,98.02,94.6,25.25,10.32,24.42,556.29,0.45,30.44,8.71,2.78,93.26,99.33,22.89
2010,35,3523107,Itaquaquecetuba,0.714,0.648,0.665,0.844,2.35,1.53,5.66,96.39,69.37,15.21,10.19,20.58,502.85,0.42,31.34,10.21,2.81,98.57,99.82,49.07
2010,35,3523206,Itararé,0.703,0.649,0.668,0.803,0.77,0.73,6.51,98.05,75.26,28.06,10.16,28.51,510.2,0.48,36.65,16.15,4.57,98.45,99.81,26.61
2010,35,3523305,Itariri,0.677,0.577,0.642,0.837,1.63,1.95,9.3,96.37,71.47,12.58,10.87,31.35,434.58,0.5,45.31,20.98,6.88,91.64,98.49,43.71
2010,35,3523404,Itatiba,0.778,0.708,0.788,0.844,1.08,0.68,3.87,97.85,89.41,41.81,10.52,17.27,1080.74,0.48,8.24,1.92,0.27,97.4,99.99,24.85
2010,35,3523503,Itatinga,0.706,0.61,0.685,0.841,1.26,0.89,8.08,97.96,73.12,19.99,10.16,26.49,568.58,0.43,24.97,7.75,0.9,98.14,99.87,31.57
2010,35,3523602,Itirapina,0.724,0.636,0.734,0.813,1.59,1.09,8.64,97.82,93.42,29.27,10.51,23.19,772.14,0.48,16.26,5.31,1.38,95.36,100.0,24.72
2010,35,3523701,Itirapuã,0.707,0.636,0.673,0.826,0.68,0.3,8.5,99.09,93.59,16.53,11.27,28.85,526.62,0.44,28.47,10.23,1.99,96.38,100.0,24.07
2010,35,3523800,Itobi,0.717,0.646,0.697,0.82,1.91,2.13,8.23,98.6,68.51,10.47,10.71,27.63,611.41,0.41,20.14,4.49,0.32,98.69,100.0,25.99
2010,35,3523909,Itu,0.773,0.692,0.782,0.854,1.39,0.89,4.42,94.32,88.04,21.39,9.83,17.53,1038.14,0.52,12.79,2.84,0.49,98.25,99.84,29.41
2010,35,3524006,Itupeva,0.762,0.699,0.75,0.844,1.11,1.08,4.69,97.38,88.66,21.26,9.69,18.12,848.65,0.43,13.3,3.6,0.19,97.33,100.0,35.1
2010,35,3524105,Ituverava,0.765,0.694,0.768,0.841,1.34,1.4,6.57,97.9,96.65,33.33,10.59,21.09,950.39,0.52,13.79,3.1,0.42,99.83,100.0,13.03
2010,35,3524204,Jaborandi,0.711,0.627,0.679,0.845,0.52,2.11,7.79,98.33,96.34,37.63,9.62,25.99,548.22,0.39,22.46,4.48,0.21,98.67,100.0,21.82
2010,35,3524303,Jaboticabal,0.778,0.71,0.778,0.851,1.66,1.08,4.91,97.91,89.7,29.72,10.36,18.5,1015.51,0.52,14.85,3.8,1.03,99.62,99.76,20.12
2010,35,3524402,Jacareí,0.777,0.749,0.749,0.837,1.42,0.93,3.77,98.28,90.85,30.91,10.9,13.14,846.53,0.49,17.99,4.8,1.11,98.77,99.84,27.92
2010,35,3524501,Jaci,0.723,0.659,0.7,0.818,4.99,6.32,9.1,97.78,89.35,27.56,10.76,25.08,624.57,0.35,16.74,3.1,0.23,99.49,100.0,16.27
2010,35,3524600,Jacupiranga,0.717,0.644,0.687,0.832,2.03,1.29,9.24,97.37,78.65,9.33,10.16,26.75,574.52,0.53,36.56,16.01,4.13,88.24,99.32,31.27
2010,35,3524709,Jaguariúna,0.784,0.715,0.782,0.862,1.16,1.22,4.3,98.04,89.88,30.91,10.44,15.37,1038.61,0.49,11.95,2.26,0.51,99.51,100.0,23.75
2010,35,3524808,Jales,0.776,0.73,0.75,0.855,1.15,0.87,5.62,98.84,84.37,34.58,10.87,21.09,850.11,0.46,13.15,3.37,0.93,99.77,99.93,9.01
2010,35,3524907,Jambeiro,0.756,0.69,0.727,0.86,2.17,1.81,7.14,97.79,87.69,25.45,9.67,19.9,738.52,0.49,21.23,4.88,0.55,95.69,100.0,23.67
2010,35,3525003,Jandira,0.76,0.706,0.738,0.841,1.7,1.15,4.44,96.93,88.37,23.71,10.91,17.25,792.33,0.48,17.4,4.4,0.84,99.79,100.0,40.39
2010,35,3525102,Jardinópolis,0.735,0.64,0.728,0.853,1.93,1.8,5.39,97.06,71.65,25.31,9.42,23.81,742.74,0.48,20.45,4.94,0.48,98.18,99.7,26.7
2010,35,3525201,Jarinu,0.733,0.659,0.723,0.826,1.36,0.86,7.14,98.19,75.21,29.77,10.07,24.21,718.61,0.45,18.09,3.06,0.52,97.0,99.95,29.91
2010,35,3525300,Jaú,0.778,0.693,0.768,0.886,1.46,0.97,4.69,97.81,89.37,26.33,10.3,20.38,951.17,0.45,9.04,2.45,0.46,99.72,99.97,21.63
2010,35,3525409,Jeriquara,0.703,0.628,0.68,0.814,1.28,1.14,9.91,98.08,81.57,22.75,9.86,26.5,549.1,0.42,27.2,8.05,1.13,97.63,99.65,21.88
2010,35,3525508,Joanópolis,0.699,0.585,0.707,0.824,1.55,1.16,7.8,95.8,80.04,35.03,10.39,34.14,650.99,0.43,20.77,6.28,0.98,96.63,99.91,22.15
2010,35,3525607,João Ramalho,0.741,0.71,0.701,0.818,1.39,2.77,11.27,99.28,78.07,21.8,10.98,21.98,627.59,0.42,21.5,7.16,1.5,95.49,99.67,21.23
2010,35,3525706,José Bonifácio,0.777,0.717,0.752,0.869,0.98,0.67,5.92,98.99,89.3,23.25,10.44,20.33,863.34,0.45,10.99,1.18,0.42,99.74,100.0,16.64
2010,35,3525805,Júlio Mesquita,0.716,0.686,0.659,0.813,1.74,1.53,11.88,97.69,90.43,21.1,11.49,20.62,482.86,0.41,31.71,11.22,3.3,99.49,99.84,23.32
2010,35,3525854,Jumirim,0.741,0.655,0.721,0.863,0.0,0.7,6.6,99.26,95.81,24.55,9.81,27.54,710.27,0.39,13.02,3.46,0.68,93.09,100.0,23.39
2010,35,3525904,Jundiaí,0.822,0.768,0.834,0.866,1.14,1.08,3.08,98.25,92.17,34.79,10.79,12.81,1431.55,0.53,7.81,1.87,0.52,99.03,99.97,22.29
2010,35,3526001,Junqueirópolis,0.745,0.662,0.727,0.86,1.17,1.09,8.56,96.8,78.04,39.85,10.21,22.81,737.14,0.43,16.47,3.76,0.98,97.27,100.0,13.98
2010,35,3526100,Juquiá,0.7,0.637,0.654,0.823,2.07,2.08,11.06,97.64,73.66,8.1,10.64,30.77,467.35,0.49,41.46,18.23,6.77,85.22,98.95,31.29
2010,35,3526209,Juquitiba,0.709,0.662,0.68,0.791,1.63,1.36,10.82,98.45,71.58,12.4,9.97,23.96,550.32,0.49,37.56,9.97,2.62,96.18,99.68,35.68
2010,35,3526308,Lagoinha,0.693,0.609,0.686,0.797,0.6,1.47,10.56,99.02,83.21,1.25,10.56,36.74,573.28,0.48,32.89,9.07,2.57,89.44,99.73,18.33
2010,35,3526407,Laranjal Paulista,0.729,0.639,0.732,0.829,1.12,1.37,4.76,98.09,90.74,41.02,9.82,23.43,760.58,0.41,12.44,3.1,0.56,99.05,100.0,21.02
2010,35,3526506,Lavínia,0.721,0.655,0.698,0.82,1.74,0.4,7.88,98.55,87.4,17.48,11.04,21.79,614.14,0.38,17.43,4.57,1.94,99.04,100.0,13.25
2010,35,3526605,Lavrinhas,0.729,0.707,0.665,0.823,1.34,1.88,6.33,98.47,90.85,12.52,11.13,19.21,500.59,0.55,43.43,20.14,8.15,95.21,99.95,35.0
2010,35,3526704,Leme,0.744,0.665,0.729,0.851,2.04,1.24,7.16,97.7,86.38,31.23,9.5,24.24,746.15,0.48,18.55,5.09,0.64,99.64,99.86,26.62
2010,35,3526803,Lençóis Paulista,0.764,0.717,0.743,0.837,0.89,0.79,5.1,99.03,93.7,28.5,10.11,16.04,816.48,0.43,12.34,2.73,0.41,99.66,99.97,19.76
2010,35,3526902,Limeira,0.775,0.719,0.761,0.852,1.44,1.14,3.99,97.65,92.67,36.25,10.53,16.0,910.85,0.48,13.48,3.25,0.85,99.12,99.91,23.52
2010,35,3527009,Lindóia,0.742,0.654,0.722,0.864,0.72,1.54,5.9,97.43,90.72,23.58,8.87,24.41,714.18,0.4,12.97,1.79,0.0,96.48,99.95,19.35
2010,35,3527108,Lins,0.786,0.733,0.762,0.869,0.97,1.1,4.6,98.4,90.4,26.09,11.13,14.31,919.53,0.45,11.04,2.89,0.6,99.76,99.99,17.26
2010,35,3527207,Lorena,0.766,0.713,0.736,0.856,1.18,1.43,3.69,97.24,88.26,27.5,9.79,12.82,781.28,0.52,23.18,8.5,1.76,98.88,99.68,27.55
2010,35,3527256,Lourdes,0.742,0.717,0.697,0.816,1.87,0.0,10.58,98.51,85.48,40.31,10.26,25.05,612.0,0.37,17.29,6.1,2.32,89.2,100.0,13.06
2010,35,3527306,Louveira,0.777,0.697,0.783,0.861,0.98,1.38,4.32,97.31,98.07,34.63,9.61,18.26,1047.17,0.5,7.8,0.93,0.52,98.16,100.0,31.53
2010,35,3527405,Lucélia,0.752,0.695,0.728,0.841,0.87,0.83,6.58,99.42,94.34,21.32,10.96,20.3,743.2,0.46,19.55,4.1,0.36,99.28,100.0,18.18
2010,35,3527504,Lucianópolis,0.733,0.662,0.736,0.809,0.67,1.92,7.96,99.11,80.04,15.87,11.99,21.84,779.84,0.51,13.35,2.62,0.0,94.93,99.64,15.68
2010,35,3527603,Luís Antônio,0.731,0.671,0.709,0.822,1.17,1.22,5.99,99.46,85.98,25.85,10.61,21.47,661.22,0.42,21.49,4.87,0.99,98.32,100.0,24.09
2010,35,3527702,Luiziânia,0.702,0.623,0.682,0.815,0.67,1.27,12.16,92.81,76.73,25.01,9.52,28.71,557.06,0.35,16.27,2.18,0.36,97.31,100.0,21.79
2010,35,3527801,Lupércio,0.724,0.674,0.679,0.83,1.48,1.94,10.98,94.44,93.55,51.33,9.93,25.3,547.3,0.4,24.67,5.33,0.26,99.47,99.93,20.64
2010,35,3527900,Lutécia,0.72,0.659,0.67,0.846,1.83,0.7,9.25,93.72,93.29,46.83,9.93,24.42,516.35,0.42,30.53,8.28,1.49,97.83,100.0,13.67
2010,35,3528007,Macatuba,0.77,0.697,0.763,0.859,1.16,1.5,8.38,99.28,83.7,22.25,10.88,19.21,920.95,0.55,13.06,2.69,0.74,99.23,99.83,24.63
2010,35,3528106,Macaubal,0.743,0.676,0.72,0.844,1.23,0.88,7.86,97.95,79.42,10.43,11.33,29.34,704.61,0.43,18.17,2.74,0.65,99.63,99.96,11.03
2010,35,3528205,Macedônia,0.74,0.675,0.705,0.852,0.96,0.56,10.05,99.4,92.84,26.77,10.94,28.36,644.23,0.42,19.17,3.91,0.07,99.36,100.0,14.02
2010,35,3528304,Magda,0.753,0.717,0.724,0.823,1.14,1.46,10.07,96.57,70.69,21.66,11.01,22.1,725.51,0.44,17.31,4.28,1.4,99.91,99.91,9.66
2010,35,3528403,Mairinque,0.743,0.684,0.721,0.831,1.04,0.91,5.41,96.86,89.38,25.59,9.85,20.01,710.18,0.44,18.63,5.48,1.77,97.45,99.67,30.86
2010,35,3528502,Mairiporã,0.788,0.723,0.767,0.881,0.99,0.81,5.0,98.08,80.46,23.44,11.01,16.71,944.03,0.56,21.09,5.74,1.24,88.14,99.68,38.25
2010,35,3528601,Manduri,0.739,0.675,0.73,0.818,1.45,1.35,5.78,98.91,86.5,12.49,10.73,22.99,750.34,0.48,17.5,2.65,0.75,99.07,100.0,19.83
2010,35,3528700,Marabá Paulista,0.677,0.591,0.65,0.809,1.3,0.56,10.35,98.91,74.55,22.13,10.5,27.32,457.56,0.39,32.23,8.28,3.04,88.71,99.84,12.45
2010,35,3528809,Maracaí,0.771,0.758,0.711,0.85,0.82,0.29,8.18,98.3,94.29,8.99,10.42,17.16,666.65,0.42,16.0,3.41,1.45,94.89,100.0,15.01
2010,35,3528858,Marapoama,0.752,0.679,0.736,0.852,0.65,0.0,6.88,99.29,94.7,31.08,11.14,32.85,781.03,0.4,9.29,4.11,1.02,99.33,99.93,8.87
2010,35,3528908,Mariápolis,0.718,0.651,0.684,0.83,1.23,0.0,8.47,97.59,84.53,10.61,9.75,25.85,565.58,0.37,19.28,4.75,1.36,96.84,100.0,19.76
2010,35,3529005,Marília,0.798,0.776,0.768,0.854,0.96,0.63,4.06,97.8,95.36,46.02,10.99,12.46,953.2,0.5,14.54,4.04,1.05,99.38,99.99,16.79
2010,35,3529104,Marinópolis,0.731,0.694,0.681,0.825,1.46,0.0,10.32,97.65,100.0,31.15,11.54,21.66,553.24,0.43,26.02,3.62,0.41,97.97,100.0,13.76
2010,35,3529203,Martinópolis,0.721,0.641,0.703,0.832,1.18,0.76,8.03,98.08,80.78,18.97,9.22,24.57,636.0,0.45,21.72,7.36,1.42,97.04,100.0,19.12
2010,35,3529302,Matão,0.773,0.713,0.766,0.847,1.14,1.01,5.74,97.75,93.05,31.54,10.44,18.51,940.44,0.52,13.39,3.55,0.66,99.86,99.91,19.91
2010,35,3529401,Mauá,0.766,0.733,0.721,0.852,1.5,0.96,3.95,97.39,86.13,23.1,10.65,14.16,709.25,0.44,18.44,5.28,1.41,99.62,99.95,37.46
2010,35,3529500,Mendonça,0.744,0.663,0.72,0.863,0.34,2.45,7.0,98.05,95.35,50.12,11.61,24.77,707.36,0.36,11.38,2.98,1.32,99.55,100.0,10.96
2010,35,3529609,Meridiano,0.731,0.667,0.717,0.817,0.44,0.57,9.06,98.38,89.42,47.84,11.48,24.44,694.38,0.4,13.06,3.45,1.28,97.86,99.92,13.94
2010,35,3529658,Mesópolis,0.724,0.666,0.674,0.847,0.76,0.0,13.62,100.0,100.0,30.9,10.18,28.96,530.46,0.37,25.44,6.84,1.28,97.69,100.0,16.44
2010,35,3529708,Miguelópolis,0.741,0.661,0.712,0.863,2.14,1.84,9.82,98.58,87.63,19.96,10.29,26.69,670.82,0.46,22.66,5.41,1.69,97.09,99.66,21.8
2010,35,3529807,Mineiros Do Tietê,0.73,0.658,0.719,0.823,1.68,1.13,7.41,98.28,94.04,14.85,10.9,24.14,700.24,0.39,12.96,2.69,0.79,99.51,99.74,24.03
2010,35,3529906,Miracatu,0.697,0.655,0.645,0.803,1.48,1.3,10.3,97.09,77.54,8.21,10.18,26.5,442.77,0.5,47.95,20.06,5.15,80.46,98.57,40.21
2010,35,3530003,Mira Estrela,0.743,0.731,0.697,0.806,1.14,0.71,10.45,97.24,86.22,37.76,11.77,25.89,613.14,0.43,21.8,9.31,0.64,98.55,99.28,11.32
2010,35,3530102,Mirandópolis,0.751,0.665,0.732,0.869,1.54,1.28,7.19,97.95,73.6,7.47,10.12,20.89,758.64,0.45,16.64,4.47,1.23,97.22,100.0,13.71
2010,35,3530201,Mirante Do Paranapanema,0.724,0.674,0.67,0.841,2.09,1.48,12.5,98.77,78.63,15.42,11.36,25.62,516.3,0.5,36.11,16.47,6.41,92.11,99.53,17.51
2010,35,3530300,Mirassol,0.762,0.698,0.748,0.846,1.01,0.61,4.53,93.5,88.9,28.39,9.69,20.59,841.27,0.43,11.22,2.4,0.86,98.77,100.0,15.83
2010,35,3530409,Mirassolândia,0.738,0.69,0.704,0.829,1.52,1.12,8.95,96.96,86.85,34.09,9.99,24.86,639.58,0.39,16.33,5.31,1.14,97.03,100.0,17.75
2010,35,3530508,Mococa,0.762,0.709,0.756,0.827,1.55,1.55,5.85,98.9,95.51,40.29,10.33,17.87,881.99,0.53,17.19,3.78,0.82,97.09,99.91,19.6
2010,35,3530607,Mogi Das Cruzes,0.783,0.74,0.762,0.851,1.4,1.12,3.95,97.74,85.58,26.37,10.98,14.19,916.81,0.54,20.23,7.06,1.93,97.44,99.92,33.37
2010,35,3530706,Mogi Guaçu,0.774,0.736,0.74,0.852,1.15,1.0,4.31,97.88,90.62,27.99,10.01,16.01,802.19,0.44,13.24,2.94,0.56,99.69,99.97,19.23
2010,35,3530805,Moji Mirim,0.784,0.715,0.767,0.879,1.13,0.74,4.41,97.45,93.74,30.41,10.65,16.53,945.62,0.49,13.49,3.79,1.39,98.91,99.96,18.3
2010,35,3530904,Mombuca,0.719,0.607,0.746,0.82,0.0,1.66,9.27,97.77,87.97,15.63,10.75,32.64,832.07,0.61,28.64,9.83,3.94,99.26,99.89,32.5
2010,35,3531001,Monções,0.772,0.773,0.731,0.814,2.04,0.0,8.9,100.0,100.0,29.1,12.21,24.13,755.2,0.43,12.02,3.79,0.71,91.58,100.0,8.67
2010,35,3531100,Mongaguá,0.754,0.699,0.719,0.854,1.74,1.93,4.85,98.25,81.79,29.39,11.41,20.72,699.73,0.5,28.3,9.72,2.87,98.31,99.47,33.52
2010,35,3531209,Monte Alegre Do Sul,0.759,0.678,0.752,0.858,1.42,0.85,5.84,98.28,98.22,22.21,10.45,24.04,861.61,0.48,13.3,2.59,0.37,95.91,99.87,17.31
2010,35,3531308,Monte Alto,0.768,0.707,0.746,0.859,0.84,0.76,5.19,98.64,90.48,29.03,10.64,19.46,832.6,0.42,10.15,2.07,0.35,99.6,99.87,16.09
2010,35,3531407,Monte Aprazível,0.785,0.72,0.781,0.861,0.73,0.54,5.74,98.84,77.54,21.52,11.35,18.96,1032.05,0.5,9.17,1.46,0.14,99.72,99.57,15.84
2010,35,3531506,Monte Azul Paulista,0.753,0.69,0.733,0.843,2.33,1.94,8.06,98.63,95.92,26.68,10.53,20.01,765.11,0.46,14.48,2.13,0.07,99.65,99.86,17.74
2010,35,3531605,Monte Castelo,0.741,0.709,0.706,0.814,0.39,1.05,11.92,98.17,94.69,32.7,11.8,24.84,646.15,0.38,14.68,4.25,0.45,93.89,99.87,10.99
2010,35,3531704,Monteiro Lobato,0.71,0.627,0.692,0.826,0.36,0.47,10.49,96.49,61.51,0.0,9.72,28.82,593.95,0.48,30.91,12.04,1.43,87.42,100.0,27.41
2010,35,3531803,Monte Mor,0.733,0.639,0.713,0.863,1.95,1.45,7.06,97.22,86.93,30.42,9.53,21.8,674.23,0.44,21.83,6.57,1.53,99.16,100.0,31.89
2010,35,3531902,Morro Agudo,0.712,0.604,0.716,0.836,1.91,1.27,8.43,95.92,94.66,29.16,10.22,30.7,687.37,0.45,20.32,4.91,1.14,99.18,100.0,29.78
2010,35,3532009,Morungaba,0.715,0.627,0.726,0.802,1.9,0.17,5.65,97.41,81.37,12.07,8.89,26.33,733.72,0.41,13.04,6.18,1.59,98.86,99.94,29.44
2010,35,3532058,Motuca,0.741,0.691,0.685,0.859,0.39,1.21,7.5,95.49,88.57,27.38,10.29,20.6,567.17,0.45,25.84,14.99,11.23,97.86,100.0,17.11
2010,35,3532108,Murutinga Do Sul,0.726,0.643,0.703,0.847,0.38,1.6,8.48,96.46,93.74,15.61,9.66,26.16,636.47,0.43,22.23,6.3,2.45,95.83,99.81,13.76
2010,35,3532157,Nantes,0.714,0.702,0.655,0.79,1.45,0.61,13.42,98.72,100.0,32.67,12.21,22.38,472.28,0.35,29.08,5.19,0.42,99.64,100.0,20.1
2010,35,3532207,Narandiba,0.718,0.67,0.659,0.839,1.31,0.36,11.17,98.99,89.34,22.46,10.42,22.28,482.74,0.36,26.05,5.34,1.38,89.82,99.94,19.0
2010,35,3532306,Natividade Da Serra,0.655,0.52,0.664,0.814,1.87,1.53,16.56,98.72,53.54,5.77,10.63,46.23,496.93,0.51,41.33,21.55,7.96,76.96,98.62,22.99
2010,35,3532405,Nazaré Paulista,0.678,0.559,0.681,0.818,1.2,1.22,11.22,96.95,65.9,13.0,9.43,36.5,554.18,0.45,29.24,9.79,2.59,80.12,99.51,30.45
2010,35,3532504,Neves Paulista,0.754,0.707,0.737,0.823,0.24,0.28,7.11,99.62,82.07,16.04,10.72,21.9,784.55,0.4,9.39,1.35,0.24,99.66,100.0,14.03
2010,35,3532603,Nhandeara,0.751,0.672,0.755,0.835,1.16,0.67,7.26,97.66,79.75,30.46,10.31,28.4,878.42,0.49,15.25,3.64,1.4,98.29,100.0,10.84
2010,35,3532702,Nipoã,0.713,0.636,0.701,0.814,0.88,1.6,8.49,99.27,85.89,14.67,10.66,27.83,628.33,0.37,15.71,5.13,0.67,94.16,100.0,26.49
2010,35,3532801,Nova Aliança,0.738,0.684,0.71,0.826,1.59,1.49,5.73,99.16,85.07,37.18,11.05,22.79,662.48,0.38,16.06,2.33,1.22,99.34,99.91,13.39
2010,35,3532827,Nova Campina,0.651,0.577,0.598,0.799,0.61,1.94,9.6,99.74,85.4,25.41,10.48,35.19,330.03,0.47,57.07,28.12,7.39,61.94,99.69,31.55
2010,35,3532843,Nova Canaã Paulista,0.715,0.675,0.673,0.806,0.81,1.04,11.39,98.87,92.73,41.57,11.73,30.52,526.58,0.34,22.14,6.17,2.12,98.12,99.79,8.48
2010,35,3532868,Nova Castilho,0.756,0.755,0.694,0.823,0.0,2.0,8.71,100.0,95.41,0.0,10.76,19.71,600.13,0.36,16.84,5.88,1.06,99.21,100.0,13.77
2010,35,3532900,Nova Europa,0.765,0.718,0.718,0.869,0.99,1.11,7.15,100.0,88.04,35.38,11.73,19.01,697.32,0.39,14.28,3.16,0.19,99.27,100.0,23.76
2010,35,3533007,Nova Granada,0.739,0.68,0.727,0.818,1.22,0.78,6.9,98.62,94.22,22.1,9.85,23.19,737.29,0.44,15.39,4.14,1.16,99.29,99.98,16.41
2010,35,3533106,Nova Guataporanga,0.726,0.644,0.707,0.842,0.72,1.11,12.72,99.14,100.0,35.87,10.33,29.71,652.36,0.41,18.54,4.75,1.17,95.13,100.0,11.3
2010,35,3533205,Nova Independência,0.735,0.711,0.675,0.827,0.96,0.0,7.67,97.93,90.27,37.91,10.67,23.06,533.68,0.36,22.57,4.29,1.25,92.38,100.0,22.07
2010,35,3533254,Novais,0.719,0.634,0.712,0.822,1.07,1.69,11.04,100.0,93.32,32.9,10.94,32.3,671.15,0.45,18.92,4.23,1.22,99.56,100.0,38.54
2010,35,3533304,Nova Luzitânia,0.743,0.719,0.705,0.808,2.58,2.76,11.77,98.6,86.47,21.12,9.81,23.95,643.07,0.35,13.41,0.82,0.0,97.58,100.0,18.04
2010,35,3533403,Nova Odessa,0.791,0.762,0.755,0.861,0.83,1.09,3.6,98.43,95.64,28.29,10.61,12.34,878.14,0.41,9.05,1.54,0.3,98.17,100.0,20.4
2010,35,3533502,Novo Horizonte,0.753,0.665,0.741,0.865,0.89,1.12,7.6,97.75,94.03,21.4,9.46,24.41,806.75,0.45,14.94,4.37,2.13,99.4,99.94,16.99
2010,35,3533601,Nuporanga,0.746,0.656,0.73,0.866,1.56,0.6,5.41,97.89,86.45,41.16,10.15,25.67,751.92,0.45,15.92,3.84,0.44,97.79,99.94,17.84
2010,35,3533700,Ocauçu,0.717,0.653,0.679,0.83,1.5,2.05,9.0,97.66,86.65,33.07,10.58,24.24,547.66,0.39,23.19,2.34,0.77,96.34,99.85,18.4
2010,35,3533809,Óleo,0.73,0.637,0.713,0.858,1.1,0.0,5.98,98.99,81.81,17.22,8.78,31.69,676.94,0.43,19.99,7.11,1.59,98.24,99.49,15.21
2010,35,3533908,Olímpia,0.773,0.724,0.737,0.867,1.03,0.96,5.56,97.39,90.36,26.16,10.43,18.39,783.14,0.43,14.01,3.64,0.72,96.77,100.0,18.74
2010,35,3534005,Onda Verde,0.738,0.671,0.693,0.863,2.04,2.07,8.31,98.81,94.55,17.91,9.33,20.03,597.67,0.34,12.26,2.17,0.07,96.32,99.74,17.83
2010,35,3534104,Oriente,0.77,0.761,0.717,0.837,0.27,0.0,6.45,97.23,94.2,17.57,11.39,13.92,694.16,0.44,19.5,5.57,0.9,99.07,100.0,16.09
2010,35,3534203,Orindiúva,0.767,0.762,0.719,0.824,0.27,0.67,6.77,99.24,98.32,25.06,11.38,16.23,699.63,0.38,11.21,1.45,0.14,99.94,100.0,17.84
2010,35,3534302,Orlândia,0.78,0.703,0.765,0.882,0.87,0.84,5.16,98.32,94.69,43.79,10.25,18.85,934.54,0.5,13.23,3.96,0.84,98.81,100.0,21.87
2010,35,3534401,Osasco,0.776,0.718,0.776,0.84,1.78,1.19,3.48,96.0,86.88,28.82,10.09,15.29,1003.4,0.53,16.13,4.8,1.5,98.97,99.99,36.12
2010,35,3534500,Oscar Bressane,0.749,0.715,0.713,0.823,0.0,2.0,9.79,96.69,91.43,39.93,12.03,23.94,675.35,0.45,20.98,5.09,0.77,98.17,100.0,6.38
2010,35,3534609,Osvaldo Cruz,0.762,0.713,0.74,0.837,0.53,0.69,6.47,97.61,88.77,18.46,10.8,17.81,797.55,0.46,15.91,4.46,0.76,99.24,100.0,12.15
2010,35,3534708,Ourinhos,0.778,0.727,0.753,0.859,1.12,1.04,4.97,98.15,87.13,24.14,11.29,17.38,868.91,0.5,16.48,3.75,0.68,98.74,99.94,19.66
2010,35,3534757,Ouroeste,0.77,0.736,0.717,0.866,1.14,1.25,9.22,99.69,96.42,40.48,12.21,17.68,694.33,0.43,17.14,4.06,0.27,98.99,99.96,9.71
2010,35,3534807,Ouro Verde,0.692,0.612,0.666,0.814,1.34,0.73,13.32,97.24,92.5,11.31,10.78,31.63,504.63,0.39,26.47,9.18,1.44,98.37,99.82,19.99
2010,35,3534906,Pacaembu,0.725,0.631,0.717,0.843,1.35,1.17,10.34,98.87,80.04,26.96,11.15,28.14,694.16,0.45,22.55,5.12,1.54,97.94,99.93,14.57
2010,35,3535002,Palestina,0.732,0.645,0.717,0.848,1.5,1.83,8.28,96.61,89.46,17.55,9.8,28.22,692.43,0.4,14.58,3.44,0.42,99.26,100.0,15.14
2010,35,3535101,Palmares Paulista,0.722,0.645,0.698,0.837,1.51,0.56,10.99,98.23,81.4,16.19,10.46,24.27,615.01,0.34,13.74,1.33,0.16,99.53,100.0,32.53
2010,35,3535200,Palmeira D'Oeste,0.753,0.714,0.72,0.829,0.71,0.47,8.79,98.56,89.19,32.44,11.04,26.05,707.38,0.42,14.78,4.02,0.67,99.18,99.93,7.78
2010,35,3535309,Palmital,0.746,0.702,0.727,0.814,0.89,1.32,5.62,97.18,90.02,36.47,11.42,23.17,739.37,0.44,18.13,4.91,2.71,99.09,99.89,15.17
2010,35,3535408,Panorama,0.722,0.639,0.724,0.814,2.75,1.95,8.55,95.77,76.83,19.68,9.72,26.12,722.51,0.51,21.98,5.47,0.91,98.98,99.59,22.85
2010,35,3535507,Paraguaçu Paulista,0.762,0.739,0.717,0.836,1.3,1.33,6.72,99.37,95.22,36.01,10.34,18.19,694.42,0.45,19.4,6.39,1.54,98.86,99.95,18.96
2010,35,3535606,Paraibuna,0.719,0.642,0.709,0.815,0.71,0.86,9.22,97.17,82.72,12.44,9.71,27.57,657.59,0.51,29.35,11.54,2.48,85.57,99.24,27.98
2010,35,3535705,Paraíso,0.749,0.668,0.751,0.837,1.89,0.38,9.09,99.1,91.52,21.71,10.16,24.26,855.28,0.45,13.38,1.96,1.04,99.32,100.0,14.61
2010,35,3535804,Paranapanema,0.717,0.631,0.697,0.839,1.62,0.3,8.94,98.08,71.33,13.27,9.03,28.43,613.31,0.47,25.56,7.38,2.53,96.79,99.71,24.66
2010,35,3535903,Paranapuã,0.732,0.655,0.712,0.842,3.33,1.69,10.82,98.46,95.11,27.13,11.51,30.04,670.18,0.45,17.47,3.67,0.91,99.92,100.0,10.28
2010,35,3536000,Parapuã,0.737,0.696,0.693,0.83,0.79,1.55,8.76,98.89,80.46,10.29,11.91,23.89,597.44,0.42,24.86,6.69,0.92,98.99,99.91,16.33
2010,35,3536109,Pardinho,0.727,0.652,0.718,0.821,1.74,1.05,7.8,98.33,91.3,27.58,10.11,27.1,696.71,0.46,21.07,6.94,0.35,91.02,99.85,23.16
2010,35,3536208,Pariquera-Açu,0.736,0.678,0.682,0.862,1.84,1.4,6.79,97.14,77.75,8.18,10.85,21.49,557.69,0.47,31.25,10.45,2.24,96.82,99.81,30.31
2010,35,3536257,Parisi,0.721,0.619,0.72,0.842,1.12,1.59,10.71,99.37,90.94,32.57,11.07,37.27,705.62,0.4,8.95,0.54,0.0,82.42,100.0,11.09
2010,35,3536307,Patrocínio Paulista,0.73,0.678,0.696,0.826,2.07,0.72,6.74,97.8,90.9,19.15,10.03,22.09,607.51,0.42,22.53,5.64,0.89,96.93,99.96,19.45
2010,35,3536406,Paulicéia,0.711,0.64,0.692,0.811,2.65,4.05,9.64,94.01,85.47,25.5,10.42,24.31,592.42,0.44,24.11,5.25,0.88,99.48,99.81,22.83
2010,35,3536505,Paulínia,0.795,0.727,0.8,0.864,1.32,0.66,3.46,97.89,96.05,54.44,10.41,12.56,1160.79,0.48,9.78,2.56,0.63,99.09,99.79,23.79
2010,35,3536570,Paulistânia,0.718,0.663,0.683,0.817,0.79,1.14,10.27,97.5,95.41,22.26,9.43,23.22,560.94,0.43,22.07,5.57,2.01,88.35,99.64,16.26
2010,35,3536604,Paulo De Faria,0.725,0.662,0.721,0.8,1.25,1.69,10.18,98.47,91.62,17.56,10.41,26.16,708.63,0.51,22.87,7.26,1.92,98.75,100.0,16.81
2010,35,3536703,Pederneiras,0.739,0.673,0.738,0.812,1.68,0.99,6.63,98.29,89.34,27.47,9.59,22.92,788.42,0.49,18.26,6.66,2.24,97.32,98.42,22.74
2010,35,3536802,Pedra Bela,0.677,0.581,0.671,0.796,2.75,1.41,11.6,95.86,82.18,19.51,9.74,35.01,521.38,0.41,26.95,7.65,1.15,79.79,99.5,24.52
2010,35,3536901,Pedranópolis,0.742,0.684,0.698,0.854,2.14,0.91,9.47,100.0,91.94,17.35,10.95,35.72,615.77,0.38,16.4,3.64,1.81,97.62,100.0,9.76
2010,35,3537008,Pedregulho,0.715,0.623,0.716,0.82,1.8,0.49,7.46,98.35,89.52,18.12,10.52,28.64,690.08,0.49,21.28,6.01,1.79,93.73,99.83,21.75
2010,35,3537107,Pedreira,0.769,0.701,0.75,0.864,0.57,0.63,4.68,98.05,94.41,33.49,10.5,17.72,853.76,0.42,7.4,1.89,0.35,99.04,100.0,25.73
2010,35,3537156,Pedrinhas Paulista,0.774,0.739,0.749,0.837,2.5,1.91,7.1,97.36,94.45,58.95,10.63,14.38,847.63,0.56,19.6,6.3,0.27,99.33,100.0,8.37
2010,35,3537206,Pedro De Toledo,0.696,0.634,0.654,0.812,1.51,1.04,10.25,99.34,83.2,9.42,10.31,27.52,467.93,0.47,40.12,16.94,4.96,88.58,99.17,36.73
2010,35,3537305,Penápolis,0.759,0.68,0.748,0.859,0.92,1.07,5.47,98.71,83.78,33.78,10.21,18.52,840.16,0.47,13.69,3.38,0.43,99.69,99.97,16.3
2010,35,3537404,Pereira Barreto,0.766,0.732,0.728,0.845,1.42,1.68,8.37,98.07,87.88,19.24,10.09,17.98,743.94,0.48,20.93,5.65,1.22,99.24,99.9,14.04
2010,35,3537503,Pereiras,0.736,0.637,0.717,0.873,0.84,0.52,6.57,96.82,76.28,26.9,10.2,31.04,692.35,0.44,17.57,2.42,0.61,99.03,99.9,24.5
2010,35,3537602,Peruíbe,0.749,0.675,0.73,0.854,1.74,1.41,6.05,98.61,89.24,20.56,10.55,21.18,753.85,0.53,26.96,9.3,2.68,96.38,99.4,35.71
2010,35,3537701,Piacatu,0.732,0.684,0.681,0.843,0.94,0.71,10.91,97.41,95.93,29.83,9.79,23.29,553.99,0.4,24.93,7.18,2.95,98.83,100.0,16.6
2010,35,3537800,Piedade,0.716,0.624,0.694,0.848,1.35,1.36,8.62,95.57,79.43,16.53,10.66,28.66,601.32,0.47,25.93,9.25,2.43,92.27,99.8,29.7
2010,35,3537909,Pilar Do Sul,0.69,0.594,0.674,0.82,1.75,1.76,7.35,93.8,86.8,25.52,9.64,29.38,531.06,0.43,30.19,7.26,1.41,98.33,100.0,28.52
2010,35,3538006,Pindamonhangaba,0.773,0.736,0.745,0.843,1.19,1.07,3.87,98.19,70.24,23.84,10.7,13.06,826.02,0.52,20.9,6.79,1.32,99.01,99.66,26.43
2010,35,3538105,Pindorama,0.737,0.654,0.726,0.842,1.39,1.33,8.22,97.51,95.16,17.13,9.75,26.24,732.68,0.39,10.74,3.13,0.39,99.48,100.0,17.66
2010,35,3538204,Pinhalzinho,0.725,0.666,0.707,0.808,1.05,0.8,7.54,97.81,88.14,23.61,10.85,28.63,652.43,0.42,18.51,4.82,1.15,92.57,99.81,21.6
2010,35,3538303,Piquerobi,0.711,0.644,0.669,0.836,1.73,1.12,11.35,99.26,87.96,19.96,11.15,31.76,514.47,0.42,29.54,9.05,3.12,93.43,100.0,14.16
2010,35,3538501,Piquete,0.757,0.74,0.711,0.823,0.69,0.97,4.8,98.79,87.7,18.26,11.35,15.41,665.74,0.49,27.16,10.36,3.54,95.74,99.84,21.33
2010,35,3538600,Piracaia,0.739,0.625,0.758,0.851,1.47,1.15,7.58,97.98,83.57,24.0,9.52,29.37,893.05,0.57,20.59,5.08,2.01,96.09,99.81,29.01
2010,35,3538709,Piracicaba,0.785,0.717,0.797,0.848,1.41,1.04,3.1,97.5,82.09,40.11,10.22,15.5,1143.2,0.52,11.62,3.11,0.94,98.71,99.98,24.48
2010,35,3538808,Piraju,0.758,0.699,0.74,0.843,1.45,0.76,5.86,98.31,90.45,45.98,10.55,20.92,801.23,0.48,17.88,3.71,0.23,98.62,99.93,17.39
2010,35,3538907,Pirajuí,0.749,0.672,0.734,0.853,0.75,0.94,7.86,97.27,85.3,21.05,11.1,19.55,770.38,0.47,17.8,4.15,0.6,98.56,99.9,15.86
2010,35,3539004,Pirangi,0.756,0.701,0.735,0.837,0.99,1.0,7.97,97.75,90.6,14.68,11.13,24.18,774.99,0.38,10.8,1.41,0.45,99.44,100.0,14.8
2010,35,3539103,Pirapora Do Bom Jesus,0.727,0.698,0.679,0.81,1.48,0.86,5.92,97.48,95.58,35.42,10.96,18.15,546.69,0.47,33.44,9.88,2.55,97.15,99.56,50.82
2010,35,3539202,Pirapozinho,0.776,0.733,0.74,0.863,1.85,1.14,7.35,98.76,91.82,31.63,11.44,18.84,798.0,0.52,21.21,6.17,1.09,99.74,99.79,17.75
2010,35,3539301,Pirassununga,0.801,0.736,0.789,0.884,1.27,0.94,4.04,98.17,93.75,32.61,9.88,14.96,1086.22,0.51,12.08,3.16,0.43,99.41,99.93,19.3
2010,35,3539400,Piratininga,0.779,0.723,0.762,0.859,0.51,0.55,5.71,98.4,88.33,30.03,11.09,14.85,917.62,0.48,12.94,3.54,1.44,94.15,100.0,15.59
2010,35,3539509,Pitangueiras,0.723,0.651,0.699,0.83,1.66,1.7,8.04,99.0,85.06,16.78,9.56,24.9,620.66,0.41,20.0,6.4,2.18,99.44,100.0,28.34
2010,35,3539608,Planalto,0.719,0.639,0.683,0.853,1.15,1.0,9.81,99.12,82.42,20.34,9.18,26.68,560.64,0.37,20.83,4.61,0.56,97.74,99.93,19.77
2010,35,3539707,Platina,0.719,0.652,0.691,0.824,2.16,0.0,10.01,98.55,98.05,47.91,9.48,25.92,591.1,0.49,30.23,6.51,1.66,93.1,99.69,23.16
2010,35,3539806,Poá,0.771,0.754,0.71,0.856,1.11,0.99,3.3,97.6,90.19,23.2,11.05,10.96,664.31,0.43,21.99,6.8,2.34,99.29,99.87,39.91
2010,35,3539905,Poloni,0.766,0.717,0.736,0.853,0.75,0.91,9.42,99.53,84.98,16.91,11.95,24.41,778.41,0.39,8.83,0.65,0.0,98.68,100.0,18.55
2010,35,3540002,Pompéia,0.786,0.748,0.75,0.864,0.89,0.89,5.12,98.55,90.27,28.83,11.01,13.05,850.38,0.47,15.76,3.43,0.94,99.62,100.0,16.11
2010,35,3540101,Pongaí,0.755,0.701,0.727,0.844,0.0,0.68,8.96,97.35,95.85,21.3,10.82,27.53,736.33,0.45,18.62,3.34,0.0,95.54,100.0,12.29
2010,35,3540200,Pontal,0.725,0.633,0.718,0.838,1.74,1.2,9.63,94.52,74.21,20.07,9.9,28.78,699.28,0.44,19.03,6.03,1.55,99.47,100.0,39.23
2010,35,3540259,Pontalinda,0.702,0.604,0.677,0.847,1.25,0.96,13.46,98.2,94.57,31.73,10.25,37.51,541.56,0.38,19.36,4.26,0.57,98.55,100.0,14.97
2010,35,3540309,Pontes Gestal,0.732,0.69,0.705,0.805,1.19,1.72,10.63,97.84,85.24,28.9,9.8,25.71,642.68,0.38,13.59,2.9,0.68,99.41,100.0,10.42
2010,35,3540408,Populina,0.714,0.647,0.699,0.804,0.84,1.51,13.07,99.57,100.0,34.47,11.19,32.18,621.48,0.41,19.29,4.39,1.04,99.27,100.0,11.58
2010,35,3540507,Porangaba,0.703,0.578,0.696,0.864,1.87,1.23,7.07,94.7,47.35,9.31,10.36,34.77,606.65,0.48,26.59,12.11,3.18,92.81,99.42,23.38
2010,35,3540606,Porto Feliz,0.758,0.706,0.737,0.836,1.21,1.21,5.24,98.17,84.38,34.19,10.41,18.98,785.76,0.45,14.24,2.55,0.66,98.08,99.91,22.82
2010,35,3540705,Porto Ferreira,0.751,0.696,0.736,0.827,1.67,1.28,5.25,98.12,93.16,29.96,9.64,19.09,779.0,0.45,16.01,4.01,0.65,99.19,99.99,24.46
2010,35,3540754,Potim,0.697,0.646,0.651,0.806,2.27,0.54,4.75,99.33,76.66,16.17,10.2,18.21,460.22,0.37,30.4,8.5,1.53,99.42,99.78,41.85
2010,35,3540804,Potirendaba,0.747,0.661,0.737,0.857,0.88,1.23,6.88,97.98,93.61,30.24,9.46,26.5,785.96,0.4,10.58,2.95,0.08,99.34,100.0,18.85
2010,35,3540853,Pracinha,0.696,0.629,0.658,0.814,0.0,2.35,11.84,100.0,100.0,45.04,11.58,28.13,480.62,0.38,33.28,7.43,1.91,98.43,100.0,22.64
2010,35,3540903,Pradópolis,0.733,0.65,0.738,0.822,2.5,1.44,8.77,96.31,90.82,39.99,9.83,23.59,788.76,0.45,15.74,4.06,1.74,96.73,99.79,26.24
2010,35,3541000,Praia Grande,0.754,0.692,0.744,0.834,1.59,1.23,4.16,96.89,82.13,30.78,9.85,16.72,820.97,0.49,20.27,5.95,1.62,98.59,99.9,37.67
2010,35,3541059,Pratânia,0.701,0.633,0.681,0.798,0.56,0.73,7.4,97.71,89.77,17.74,10.52,29.03,553.4,0.4,23.57,5.01,0.0,98.91,99.86,28.08
2010,35,3541109,Presidente Alves,0.735,0.689,0.711,0.811,2.62,0.52,9.86,98.93,85.11,22.78,10.18,26.48,665.72,0.47,22.89,5.69,2.53,96.59,99.93,18.81
2010,35,3541208,Presidente Bernardes,0.757,0.719,0.718,0.839,1.02,1.29,7.57,98.49,92.54,12.65,11.22,23.04,695.29,0.46,23.74,6.52,2.14,97.86,99.9,11.38
2010,35,3541307,Presidente Epitácio,0.75,0.7,0.714,0.845,1.37,0.9,6.79,98.82,86.86,19.85,10.95,18.24,680.56,0.47,21.9,6.86,2.22,94.74,99.95,17.41
2010,35,3541406,Presidente Prudente,0.806,0.774,0.788,0.858,1.16,0.8,3.92,97.84,92.39,35.55,11.15,13.3,1080.22,0.54,12.62,3.28,0.85,99.73,99.97,14.09
2010,35,3541505,Presidente Venceslau,0.763,0.708,0.749,0.837,1.04,0.9,6.64,98.55,90.59,16.57,10.65,19.44,846.18,0.49,16.36,4.53,0.89,98.65,99.92,11.27
2010,35,3541604,Promissão,0.743,0.666,0.724,0.85,0.92,1.14,5.6,96.72,90.6,14.48,10.83,22.93,726.0,0.43,15.87,3.52,0.99,99.54,99.98,19.46
2010,35,3541653,Quadra,0.678,0.541,0.7,0.822,1.46,0.63,9.25,98.33,78.9,28.53,10.55,41.0,625.35,0.49,31.17,9.37,1.09,99.03,100.0,27.13
2010,35,3541703,Quatá,0.738,0.7,0.706,0.814,0.85,1.17,8.04,98.65,85.25,18.1,11.3,19.16,648.64,0.41,20.09,3.75,1.16,99.18,100.0,15.79
2010,35,3541802,Queiroz,0.715,0.681,0.662,0.811,0.0,0.69,13.24,98.13,76.66,11.37,11.7,20.64,491.84,0.42,30.83,10.76,3.79,99.89,100.0,22.67
2010,35,3541901,Queluz,0.722,0.687,0.665,0.823,1.31,1.91,6.53,98.02,81.25,5.81,10.29,19.53,500.25,0.46,33.96,11.06,5.69,84.52,99.63,30.94
2010,35,3542008,Quintana,0.732,0.703,0.689,0.811,1.79,1.62,9.46,98.14,94.78,19.88,11.28,20.79,581.09,0.43,26.5,7.23,2.11,98.97,99.86,13.15
2010,35,3542107,Rafard,0.745,0.696,0.722,0.823,1.3,0.24,4.74,98.27,91.55,17.64,11.25,16.82,717.07,0.4,12.66,3.48,1.47,98.45,99.94,24.69
2010,35,3542206,Rancharia,0.751,0.683,0.72,0.861,1.64,1.22,7.24,97.47,89.22,23.87,10.76,21.89,707.37,0.47,20.37,5.23,1.5,98.19,99.71,18.16
2010,35,3542305,Redenção Da Serra,0.657,0.56,0.633,0.799,1.08,1.47,10.4,95.17,60.65,5.08,10.65,34.47,411.77,0.45,45.76,14.96,7.55,84.05,99.3,24.9
2010,35,3542404,Regente Feijó,0.768,0.752,0.735,0.818,0.79,1.21,7.34,98.77,94.76,38.11,11.26,18.57,774.14,0.46,15.89,3.5,0.5,99.65,100.0,15.98
2010,35,3542503,Reginópolis,0.728,0.66,0.715,0.817,3.31,0.41,8.33,98.9,80.45,20.52,10.51,24.04,685.32,0.41,19.89,7.19,0.56,98.29,100.0,17.69
2010,35,3542602,Registro,0.754,0.702,0.718,0.851,1.3,0.94,5.58,97.31,82.62,18.98,10.56,18.01,699.41,0.52,29.5,10.24,1.74,98.39,99.9,32.34
2010,35,3542701,Restinga,0.705,0.639,0.664,0.826,2.15,1.07,8.99,98.61,82.78,16.09,9.94,22.21,499.24,0.38,26.95,8.2,3.51,98.19,99.73,29.43
2010,35,3542800,Ribeira,0.698,0.673,0.635,0.797,0.78,2.5,12.48,97.05,82.77,29.98,9.89,27.85,416.85,0.47,50.15,20.47,2.82,62.87,97.34,27.8
2010,35,3542909,Ribeirão Bonito,0.712,0.625,0.712,0.811,1.23,1.44,9.52,98.69,85.42,15.33,11.03,25.45,673.96,0.46,21.17,4.85,0.29,99.12,100.0,25.81
2010,35,3543006,Ribeirão Branco,0.639,0.553,0.592,0.797,1.33,1.51,12.24,97.54,69.22,14.6,9.93,39.57,318.44,0.46,59.29,27.15,9.6,89.31,99.54,31.62
2010,35,3543105,Ribeirão Corrente,0.711,0.642,0.688,0.814,1.51,0.84,9.51,100.0,85.77,27.37,10.84,27.3,579.04,0.42,22.54,5.71,1.18,98.0,99.46,25.27
2010,35,3543204,Ribeirão Do Sul,0.747,0.676,0.753,0.818,1.32,0.92,7.22,99.07,87.47,28.84,10.5,25.42,866.43,0.59,20.83,5.82,1.01,88.22,100.0,17.9
2010,35,3543238,Ribeirão Dos Índios,0.721,0.701,0.661,0.809,1.36,1.11,13.92,98.71,88.42,40.41,10.98,27.2,489.94,0.38,29.13,5.73,2.04,96.51,100.0,8.27
2010,35,3543253,Ribeirão Grande,0.705,0.676,0.643,0.807,0.87,2.2,13.09,96.77,77.43,10.18,10.79,25.62,436.21,0.41,38.07,11.74,4.05,88.96,99.7,23.98
2010,35,3543303,Ribeirão Pires,0.784,0.76,0.749,0.847,1.27,1.1,3.47,97.35,83.67,29.37,10.52,10.25,847.11,0.44,14.19,3.39,0.99,99.0,100.0,29.4
2010,35,3543402,Ribeirão Preto,0.8,0.739,0.82,0.844,1.76,1.25,2.91,96.92,90.17,41.61,10.48,13.78,1314.04,0.54,9.46,2.53,0.61,99.39,99.96,19.06
2010,35,3543501,Riversul,0.664,0.577,0.634,0.799,1.69,1.11,13.3,95.95,63.44,17.24,10.41,37.98,412.42,0.5,50.45,25.07,8.74,94.47,99.37,21.07
2010,35,3543600,Rifaina,0.74,0.69,0.713,0.824,0.47,0.61,6.81,99.26,81.94,9.37,10.43,20.67,677.62,0.45,22.66,5.18,1.8,96.96,100.0,15.81
2010,35,3543709,Rincão,0.734,0.682,0.701,0.826,1.39,0.74,7.79,98.22,92.98,34.1,10.49,22.41,626.27,0.44,23.31,6.82,2.11,99.68,100.0,27.1
2010,35,3543808,Rinópolis,0.723,0.644,0.696,0.843,2.29,0.65,10.15,98.66,85.57,15.41,11.03,30.85,606.9,0.43,21.28,5.17,1.05,99.02,100.0,15.83
2010,35,3543907,Rio Claro,0.803,0.766,0.784,0.862,1.19,0.56,3.46,98.24,93.68,35.8,10.45,12.98,1049.16,0.5,10.4,2.67,0.37,99.53,99.93,22.44
2010,35,3544004,Rio Das Pedras,0.759,0.7,0.741,0.842,1.17,1.05,6.14,98.44,81.44,18.57,9.66,16.01,804.0,0.45,14.39,3.59,0.48,99.25,99.97,25.37
2010,35,3544103,Rio Grande Da Serra,0.749,0.745,0.684,0.823,1.55,1.23,5.41,98.16,80.68,18.1,11.4,14.48,563.57,0.39,22.01,7.02,1.98,99.58,99.64,39.3
2010,35,3544202,Riolândia,0.703,0.629,0.677,0.817,1.68,1.56,13.01,96.68,68.44,17.05,9.08,26.9,539.22,0.4,26.31,6.24,1.94,98.4,99.93,22.92
2010,35,3544251,Rosana,0.764,0.728,0.749,0.818,1.15,1.35,7.39,98.08,85.53,22.6,11.28,19.59,843.59,0.6,30.43,11.37,4.84,94.67,99.92,13.97
2010,35,3544301,Roseira,0.737,0.704,0.691,0.823,0.93,0.59,5.32,98.69,95.67,29.03,10.99,17.22,588.39,0.43,26.56,7.36,0.38,98.63,99.81,30.5
2010,35,3544400,Rubiácea,0.721,0.668,0.684,0.82,1.23,0.0,10.85,99.39,100.0,34.62,9.87,24.07,565.62,0.37,18.35,6.0,1.21,99.65,100.0,17.04
2010,35,3544509,Rubinéia,0.759,0.726,0.713,0.844,0.0,0.78,7.03,100.0,100.0,47.01,9.9,27.38,676.48,0.39,17.14,2.3,0.64,97.89,100.0,12.72
2010,35,3544608,Sabino,0.728,0.671,0.708,0.813,2.45,1.14,8.5,97.32,98.39,35.84,10.25,25.91,655.4,0.41,15.97,4.13,0.71,98.56,99.47,18.59
2010,35,3544707,Sagres,0.73,0.677,0.692,0.83,1.18,0.0,13.47,99.09,85.47,30.76,11.38,26.1,592.88,0.47,25.45,6.29,1.74,98.58,99.93,17.22
2010,35,3544806,Sales,0.751,0.697,0.708,0.859,2.59,2.02,10.57,100.0,90.67,12.6,10.95,26.5,654.79,0.42,18.33,4.77,1.47,95.27,99.94,15.19
2010,35,3544905,Sales Oliveira,0.772,0.739,0.738,0.845,1.07,0.57,5.02,98.81,84.87,26.55,11.28,17.13,789.73,0.43,12.1,1.84,0.15,98.24,100.0,20.7
2010,35,3545001,Salesópolis,0.732,0.69,0.687,0.829,1.58,1.35,9.13,98.37,64.73,10.18,11.54,20.8,576.55,0.42,25.52,8.2,1.09,93.7,99.85,34.48
2010,35,3545100,Salmourão,0.719,0.649,0.678,0.846,0.33,0.37,13.9,98.29,83.84,23.85,11.86,30.54,544.52,0.39,22.15,4.11,1.25,98.58,99.78,16.49
2010,35,3545159,Saltinho,0.791,0.75,0.771,0.857,0.77,0.3,2.67,96.79,77.93,6.26,10.69,15.53,967.88,0.39,5.43,0.71,0.04,99.21,100.0,18.55
2010,35,3545209,Salto,0.78,0.751,0.755,0.837,1.21,0.81,3.96,98.38,81.82,20.28,10.27,13.62,876.67,0.45,11.79,3.3,0.43,99.19,99.97,28.38
2010,35,3545308,Salto De Pirapora,0.729,0.665,0.699,0.834,1.71,0.83,7.85,98.63,78.65,27.37,10.49,20.8,618.93,0.44,25.43,7.99,1.26,99.03,99.96,32.82
2010,35,3545407,Salto Grande,0.704,0.637,0.664,0.825,1.62,1.14,9.75,96.49,98.26,14.71,10.65,30.38,499.65,0.42,29.92,11.69,2.53,97.29,99.74,23.27
2010,35,3545506,Sandovalina,0.709,0.659,0.665,0.812,1.95,1.09,11.17,98.11,72.5,29.09,11.44,21.02,502.4,0.43,34.88,11.12,3.09,78.99,100.0,21.65
2010,35,3545605,Santa Adélia,0.76,0.702,0.75,0.835,1.48,1.5,7.65,100.0,97.16,12.92,10.93,24.63,853.14,0.43,10.23,2.79,0.22,99.24,99.54,18.55
2010,35,3545704,Santa Albertina,0.728,0.665,0.716,0.809,0.68,0.38,9.98,98.77,86.65,16.56,11.44,27.99,686.89,0.42,17.18,3.39,1.03,98.8,99.82,9.4
2010,35,3545803,Santa Bárbara D'Oeste,0.781,0.731,0.752,0.867,0.88,0.63,3.67,98.44,90.86,29.76,10.42,14.32,863.02,0.41,8.67,1.82,0.37,99.53,99.98,23.17
2010,35,3546009,Santa Branca,0.735,0.678,0.706,0.828,1.47,1.0,6.86,98.86,79.4,14.95,10.23,21.71,645.59,0.47,25.99,7.36,1.36,96.44,98.93,33.71
2010,35,3546108,Santa Clara D'Oeste,0.733,0.687,0.712,0.804,0.81,0.99,10.78,98.39,100.0,50.47,11.38,27.89,672.98,0.45,17.58,3.17,0.39,97.25,100.0,10.35
2010,35,3546207,Santa Cruz Da Conceição,0.79,0.679,0.83,0.876,0.0,1.65,5.42,99.62,89.39,42.98,9.73,18.17,1400.46,0.67,14.4,2.05,1.35,98.77,100.0,14.81
2010,35,3546256,Santa Cruz Da Esperança,0.743,0.686,0.719,0.832,0.0,0.0,5.33,86.2,87.2,51.32,7.22,19.61,700.57,0.53,24.74,8.29,2.49,85.09,99.56,22.44
2010,35,3546306,Santa Cruz Das Palmeiras,0.728,0.635,0.746,0.815,1.4,1.42,8.16,97.27,88.37,11.43,10.4,28.24,829.66,0.51,16.66,4.2,1.01,98.75,100.0,28.5
2010,35,3546405,Santa Cruz Do Rio Pardo,0.762,0.686,0.744,0.867,1.21,0.94,5.47,96.34,87.27,23.83,9.84,21.81,818.3,0.46,14.56,2.89,0.33,98.89,99.83,16.27
2010,35,3546504,Santa Ernestina,0.738,0.699,0.716,0.802,2.9,0.92,7.09,99.29,84.63,22.0,11.63,20.07,688.24,0.42,15.96,2.62,0.42,99.94,99.76,24.68
2010,35,3546603,Santa Fé Do Sul,0.784,0.751,0.763,0.84,1.2,0.37,6.43,97.95,92.25,40.6,11.23,17.84,924.06,0.49,10.07,3.41,0.61,99.6,100.0,10.99
2010,35,3546702,Santa Gertrudes,0.737,0.654,0.723,0.847,1.16,0.47,4.59,98.34,94.15,12.97,10.24,22.06,718.03,0.38,10.25,1.92,0.52,97.57,100.0,27.21
2010,35,3546801,Santa Isabel,0.738,0.689,0.7,0.834,1.07,0.93,7.49,97.81,79.73,20.95,10.64,21.13,623.11,0.45,24.43,7.63,3.21,96.2,99.74,39.88
2010,35,3546900,Santa Lúcia,0.737,0.703,0.696,0.818,0.8,1.39,8.04,98.58,92.12,17.24,10.04,18.17,609.37,0.39,15.9,3.91,0.59,100.0,99.77,30.93
2010,35,3547007,Santa Maria Da Serra,0.686,0.571,0.688,0.82,2.53,0.35,8.52,97.56,87.95,19.62,9.1,33.51,578.55,0.45,25.37,7.46,4.05,96.79,100.0,29.78
2010,35,3547106,Santa Mercedes,0.739,0.699,0.683,0.847,1.55,0.0,11.76,98.89,93.07,39.89,10.38,22.07,561.64,0.4,24.8,5.57,0.63,97.76,99.8,20.35
2010,35,3547205,Santana Da Ponte Pensa,0.773,0.733,0.751,0.84,0.0,0.0,9.0,100.0,100.0,41.79,12.53,31.19,856.78,0.42,9.04,0.96,0.43,99.66,100.0,2.91
2010,35,3547304,Santana De Parnaíba,0.814,0.725,0.876,0.849,1.58,0.92,4.5,97.27,92.23,36.64,10.01,15.98,1858.69,0.67,16.85,4.71,1.45,96.26,99.88,34.9
2010,35,3547403,Santa Rita D'Oeste,0.761,0.74,0.711,0.839,0.0,0.0,11.36,100.0,91.32,41.82,12.02,27.27,666.14,0.39,11.48,2.87,0.52,99.23,100.0,10.14
2010,35,3547502,Santa Rita Do Passa Quatro,0.775,0.686,0.764,0.887,1.62,0.51,4.43,97.81,91.64,28.57,9.95,17.84,930.59,0.48,13.48,3.42,0.53,98.86,100.0,15.08
2010,35,3547601,Santa Rosa De Viterbo,0.77,0.704,0.746,0.868,1.2,1.48,4.94,97.91,98.2,33.15,11.49,17.28,829.2,0.5,18.15,5.44,0.92,99.49,100.0,16.29
2010,35,3547650,Santa Salete,0.772,0.748,0.712,0.864,0.0,2.13,6.01,100.0,100.0,32.93,10.38,27.69,673.2,0.35,10.94,2.85,0.65,88.91,100.0,5.15
2010,35,3547700,Santo Anastácio,0.753,0.689,0.725,0.854,1.15,0.86,7.03,98.51,93.04,19.89,11.31,20.97,726.34,0.52,26.35,6.74,1.13,99.34,100.0,17.12
2010,35,3547809,Santo André,0.815,0.769,0.819,0.861,1.21,0.9,2.78,97.41,85.18,30.66,10.69,11.92,1304.31,0.53,11.77,3.24,0.78,98.18,99.99,25.53
2010,35,3547908,Santo Antônio Da Alegria,0.702,0.604,0.69,0.83,0.97,0.95,5.63,97.49,56.01,4.4,9.6,32.19,585.63,0.42,23.8,6.19,1.24,96.47,100.0,18.39
2010,35,3548005,Santo Antônio De Posse,0.702,0.576,0.718,0.838,1.45,0.98,7.82,97.32,92.43,27.72,9.77,36.21,695.67,0.44,17.19,4.14,1.24,98.16,99.73,30.66
2010,35,3548054,Santo Antônio Do Aracanguá,0.757,0.728,0.71,0.84,1.0,1.25,9.48,98.92,93.87,39.61,11.31,20.48,662.71,0.41,16.52,3.32,0.77,96.21,99.83,14.18
2010,35,3548104,Santo Antônio Do Jardim,0.714,0.62,0.703,0.835,1.91,0.71,8.47,97.05,79.89,36.62,8.88,29.6,635.11,0.41,15.91,5.54,2.09,96.64,100.0,19.42
2010,35,3548203,Santo Antônio Do Pinhal,0.706,0.632,0.685,0.812,1.23,1.69,8.08,98.34,81.0,25.27,10.92,27.93,569.08,0.47,31.16,9.11,1.17,77.89,99.85,23.79
2010,35,3548302,Santo Expedito,0.732,0.714,0.664,0.828,0.0,1.31,11.38,99.16,91.59,31.38,10.64,25.82,497.6,0.41,28.78,11.41,2.85,94.62,99.88,17.31
2010,35,3548401,Santópolis Do Aguapeí,0.74,0.719,0.68,0.83,1.41,0.49,8.5,98.51,92.34,20.78,11.8,21.86,551.5,0.35,18.82,2.41,0.37,98.59,100.0,20.48
2010,35,3548500,Santos,0.84,0.807,0.861,0.852,1.04,0.72,2.22,98.22,94.03,48.38,10.84,9.27,1693.65,0.55,8.08,2.39,0.6,99.73,99.94,22.0
2010,35,3548609,São Bento Do Sapucaí,0.72,0.638,0.719,0.812,1.27,2.39,8.45,98.51,86.78,7.59,10.46,29.37,701.89,0.55,28.59,6.9,2.21,82.3,99.96,15.64
2010,35,3548708,São Bernardo Do Campo,0.805,0.752,0.807,0.861,1.07,0.77,3.04,97.59,92.76,35.28,10.22,11.19,1212.65,0.54,13.22,3.54,0.99,99.13,99.98,27.51
2010,35,3548807,São Caetano Do Sul,0.862,0.811,0.891,0.887,1.06,0.56,1.55,97.41,97.0,56.87,11.04,8.79,2043.74,0.54,3.85,0.52,0.09,99.99,100.0,20.06
2010,35,3548906,São Carlos,0.805,0.766,0.788,0.863,1.23,0.83,3.64,97.86,92.87,40.81,10.66,12.16,1079.45,0.49,10.01,2.53,0.58,99.1,99.88,20.15
2010,35,3549003,São Francisco,0.723,0.658,0.705,0.814,2.11,0.0,11.63,100.0,100.0,28.33,10.95,31.88,643.37,0.45,21.09,4.02,0.29,89.63,100.0,9.06
2010,35,3549102,São João Da Boa Vista,0.797,0.749,0.776,0.871,0.87,0.66,3.84,97.21,95.88,33.36,11.04,16.16,998.31,0.51,12.66,1.84,0.32,99.56,99.96,18.94
2010,35,3549201,São João Das Duas Pontes,0.72,0.686,0.675,0.806,3.06,0.75,9.94,99.42,90.99,26.04,11.86,24.3,532.23,0.36,22.06,4.37,0.74,99.65,100.0,7.45
2010,35,3549250,São João De Iracema,0.748,0.738,0.682,0.833,1.02,0.0,11.05,98.14,100.0,44.84,11.89,21.51,559.18,0.37,20.41,6.44,2.9,99.83,100.0,16.39
2010,35,3549300,São João Do Pau D'Alho,0.75,0.692,0.714,0.854,2.13,4.21,11.27,99.24,84.3,57.85,9.68,20.49,680.13,0.33,8.49,1.1,0.73,88.34,100.0,7.78
2010,35,3549409,São Joaquim Da Barra,0.762,0.706,0.74,0.847,1.15,0.61,5.0,96.69,89.51,25.82,10.66,16.77,799.93,0.42,11.74,2.51,0.36,99.75,99.92,21.42
2010,35,3549508,São José Da Bela Vista,0.693,0.58,0.679,0.844,1.99,3.67,11.35,97.93,85.47,19.97,10.39,32.78,548.31,0.46,29.24,7.73,2.45,98.28,99.78,28.76
2010,35,3549607,São José Do Barreiro,0.684,0.591,0.666,0.813,1.57,2.37,10.94,95.52,76.29,16.48,9.28,33.89,506.16,0.55,43.92,22.95,7.09,93.96,94.87,28.41
2010,35,3549706,São José Do Rio Pardo,0.774,0.717,0.744,0.868,1.89,1.29,4.79,97.55,88.93,25.55,10.21,20.15,818.61,0.49,17.98,5.27,0.8,98.82,99.95,16.95
2010,35,3549805,São José Do Rio Preto,0.797,0.748,0.801,0.846,0.99,0.77,3.19,97.95,91.89,42.16,10.06,14.9,1169.16,0.5,8.85,1.73,0.46,96.47,99.97,15.92
2010,35,3549904,São José Dos Campos,0.807,0.764,0.804,0.855,1.1,0.89,2.95,97.43,86.97,28.31,10.92,11.0,1190.96,0.55,13.03,3.89,1.01,98.84,99.95,24.25
2010,35,3549953,São Lourenço Da Serra,0.728,0.666,0.704,0.823,1.58,1.53,8.22,97.25,89.09,21.05,10.5,23.74,640.64,0.47,26.78,7.73,1.61,93.62,99.46,33.32
2010,35,3550001,São Luís Do Paraitinga,0.697,0.593,0.691,0.826,0.85,1.74,9.92,100.0,42.94,2.94,10.14,33.13,590.68,0.48,32.84,9.16,0.99,88.58,99.65,19.73
2010,35,3550100,São Manuel,0.744,0.695,0.735,0.805,1.51,1.19,7.05,97.33,86.13,23.79,10.73,18.74,773.82,0.45,15.61,3.45,1.3,99.75,100.0,22.33
2010,35,3550209,São Miguel Arcanjo,0.71,0.633,0.708,0.799,1.44,1.06,7.95,95.92,77.32,10.68,10.51,27.58,657.07,0.57,32.62,11.05,4.09,96.97,99.59,23.65
2010,35,3550308,São Paulo,0.805,0.725,0.843,0.855,1.69,1.17,3.18,96.02,86.28,38.5,10.11,14.58,1516.21,0.62,14.69,4.27,0.92,99.45,99.97,32.32
2010,35,3550407,São Pedro,0.755,0.674,0.741,0.863,1.43,1.48,5.24,94.79,88.06,31.26,9.73,23.55,803.02,0.46,16.24,4.08,0.49,98.47,99.95,24.42
2010,35,3550506,São Pedro Do Turvo,0.703,0.636,0.661,0.826,0.95,0.77,8.33,97.39,91.76,39.7,10.36,30.31,488.08,0.39,29.59,7.22,1.79,97.61,99.86,15.57
2010,35,3550605,São Roque,0.768,0.687,0.765,0.863,1.4,0.93,4.47,97.58,83.82,33.02,10.28,17.38,932.62,0.5,15.04,4.76,1.61,97.15,99.67,30.42
2010,35,3550704,São Sebastião,0.772,0.703,0.747,0.875,1.32,1.04,5.84,98.17,94.66,38.73,10.35,21.09,837.48,0.49,16.6,3.47,0.68,74.14,99.95,34.53
2010,35,3550803,São Sebastião Da Grama,0.701,0.609,0.689,0.82,1.39,0.82,8.17,98.31,78.91,15.66,9.81,32.35,581.04,0.41,23.62,6.02,0.82,98.05,99.95,15.46
2010,35,3550902,São Simão,0.766,0.722,0.732,0.852,1.85,1.69,4.92,99.79,96.46,26.56,11.23,16.03,761.14,0.45,16.7,4.37,0.71,96.86,99.18,20.43
2010,35,3551009,São Vicente,0.768,0.716,0.738,0.857,1.58,1.26,4.22,96.71,78.79,25.27,10.0,14.52,789.32,0.47,18.56,5.93,1.48,99.2,99.93,38.88
2010,35,3551108,Sarapuí,0.707,0.621,0.699,0.814,1.13,1.27,8.76,99.04,82.36,29.95,10.03,32.13,619.86,0.52,32.34,8.63,1.67,97.64,99.79,29.62
2010,35,3551207,Sarutaiá,0.688,0.603,0.679,0.794,2.08,1.49,11.03,98.66,83.09,35.3,10.08,33.09,548.61,0.44,27.66,6.0,0.3,96.33,99.31,17.74
2010,35,3551306,Sebastianópolis Do Sul,0.773,0.74,0.748,0.835,1.27,1.52,8.33,99.07,100.0,29.9,11.59,24.01,840.63,0.42,8.77,1.18,0.16,96.49,100.0,9.27
2010,35,3551405,Serra Azul,0.686,0.572,0.697,0.81,2.98,1.67,9.13,96.88,76.5,17.79,9.85,28.28,613.57,0.45,23.01,7.29,1.59,94.41,99.74,30.48
2010,35,3551504,Serrana,0.729,0.65,0.713,0.835,1.49,1.69,6.41,97.53,86.84,36.73,10.11,22.39,677.75,0.37,14.18,2.94,0.52,99.74,99.87,29.3
2010,35,3551603,Serra Negra,0.767,0.676,0.764,0.873,0.87,1.38,6.32,97.82,81.64,46.09,11.13,24.48,927.39,0.48,12.32,3.19,0.25,96.75,100.0,18.84
2010,35,3551702,Sertãozinho,0.761,0.672,0.768,0.855,1.15,1.0,5.37,98.46,92.56,38.21,10.15,19.82,953.23,0.46,12.01,2.89,0.6,99.71,99.99,24.19
2010,35,3551801,Sete Barras,0.673,0.562,0.651,0.832,1.67,2.19,10.48,96.14,80.02,13.54,8.45,33.37,459.28,0.5,46.06,20.09,4.12,89.1,98.39,35.77
2010,35,3551900,Severínia,0.715,0.638,0.709,0.807,1.89,1.51,10.83,95.98,87.12,15.93,9.43,24.97,657.45,0.41,15.06,2.68,0.28,99.03,99.9,27.59
2010,35,3552007,Silveiras,0.678,0.584,0.657,0.812,3.03,0.37,10.89,98.17,72.52,13.28,8.78,34.88,475.69,0.48,39.91,18.14,4.87,86.13,99.66,23.63
2010,35,3552106,Socorro,0.729,0.634,0.737,0.828,0.69,1.45,6.84,97.69,90.93,29.94,9.25,27.84,785.71,0.44,15.1,5.84,0.88,93.2,99.92,17.21
2010,35,3552205,Sorocaba,0.798,0.762,0.792,0.843,1.34,1.01,3.1,98.1,86.02,30.92,10.59,11.85,1107.19,0.52,12.1,3.23,0.89,99.68,99.95,26.97
2010,35,3552304,Sud Mennucci,0.747,0.694,0.743,0.809,0.21,0.78,9.47,98.28,90.79,13.93,10.87,18.97,813.95,0.54,17.65,4.16,1.49,98.55,100.0,14.23
2010,35,3552403,Sumaré,0.762,0.705,0.744,0.845,1.36,0.95,4.87,97.73,85.96,26.23,10.13,17.04,820.03,0.45,14.5,3.84,0.88,99.57,99.97,26.28
2010,35,3552502,Suzano,0.765,0.723,0.708,0.873,1.73,1.15,4.85,96.72,80.26,21.83,10.47,13.92,654.61,0.47,25.47,8.54,1.91,98.86,99.57,40.58
2010,35,3552551,Suzanápolis,0.699,0.631,0.665,0.813,0.44,1.89,12.35,99.73,94.39,17.73,10.83,30.21,500.45,0.41,32.63,8.25,3.4,95.32,100.0,18.41
2010,35,3552601,Tabapuã,0.735,0.666,0.726,0.82,0.82,0.82,7.81,98.43,95.9,25.08,10.64,25.13,731.31,0.4,12.22,2.41,0.49,99.28,99.91,15.62
2010,35,3552700,Tabatinga,0.704,0.609,0.7,0.818,1.56,1.85,9.54,96.53,86.24,28.59,10.31,33.33,625.39,0.4,15.13,4.27,1.8,98.5,99.85,22.68
2010,35,3552809,Taboão Da Serra,0.769,0.71,0.742,0.863,1.49,1.11,3.97,96.89,88.17,31.58,9.98,14.37,812.19,0.47,17.56,4.72,1.62,99.79,99.9,37.26
2010,35,3552908,Taciba,0.723,0.684,0.682,0.809,1.72,0.33,11.22,99.25,94.4,14.65,11.6,22.7,559.1,0.38,19.67,4.34,1.61,97.67,99.97,13.22
2010,35,3553005,Taguaí,0.709,0.631,0.69,0.818,0.7,1.0,7.37,97.25,95.35,34.24,9.72,28.3,587.51,0.37,15.28,3.64,0.68,97.64,100.0,25.81
2010,35,3553104,Taiaçu,0.71,0.628,0.701,0.814,1.03,1.15,10.87,97.79,84.43,16.78,11.11,26.04,626.12,0.41,20.72,4.56,1.42,98.74,100.0,27.77
2010,35,3553203,Taiúva,0.76,0.718,0.732,0.835,0.97,0.71,8.25,97.78,86.02,16.66,11.73,20.1,761.47,0.42,15.39,3.38,0.51,98.7,100.0,18.66
2010,35,3553302,Tambaú,0.731,0.624,0.729,0.858,1.79,1.04,5.34,97.73,82.91,17.49,9.06,27.93,747.11,0.45,17.13,4.22,0.72,96.67,100.0,23.11
2010,35,3553401,Tanabi,0.748,0.687,0.735,0.829,1.26,1.8,7.02,99.0,90.35,26.35,9.56,25.14,775.79,0.42,12.98,3.33,0.8,99.07,99.9,13.52
2010,35,3553500,Tapiraí,0.681,0.578,0.647,0.846,1.51,1.06,10.95,98.31,70.41,22.18,11.02,37.31,449.75,0.44,40.9,14.68,3.66,89.44,98.46,34.59
2010,35,3553609,Tapiratiba,0.751,0.692,0.703,0.87,0.56,0.92,6.28,98.17,93.37,26.27,10.52,22.5,637.12,0.4,18.12,4.18,0.71,93.81,99.92,18.61
2010,35,3553658,Taquaral,0.759,0.716,0.742,0.823,1.86,0.81,11.01,98.3,93.82,37.72,11.75,21.83,811.38,0.51,14.54,3.52,1.54,95.17,100.0,18.56
2010,35,3553708,Taquaritinga,0.748,0.696,0.727,0.827,1.55,1.44,7.21,98.19,91.56,25.33,10.93,23.46,739.25,0.46,17.62,4.64,0.98,99.71,99.95,20.17
2010,35,3553807,Taquarituba,0.701,0.606,0.7,0.811,1.15,1.23,8.47,97.79,72.27,21.41,9.92,28.92,624.86,0.48,26.81,7.73,2.48,98.66,99.91,21.45
2010,35,3553856,Taquarivaí,0.679,0.626,0.617,0.811,1.15,1.8,9.55,99.41,79.4,0.96,10.0,27.23,373.06,0.43,52.53,17.91,1.77,97.89,97.98,34.87
2010,35,3553906,Tarabai,0.726,0.697,0.666,0.823,2.54,1.87,10.94,99.26,89.24,16.74,11.81,19.83,505.51,0.4,29.7,8.2,2.41,98.81,99.95,19.21
2010,35,3553955,Tarumã,0.753,0.68,0.738,0.852,0.93,0.57,8.6,98.96,94.2,42.01,10.99,18.86,787.79,0.54,21.78,5.59,1.72,99.9,100.0,18.88
2010,35,3554003,Tatuí,0.752,0.688,0.734,0.842,1.42,1.12,4.25,97.57,86.59,21.65,10.59,20.7,771.05,0.47,17.38,4.86,1.18,98.66,99.97,30.16
2010,35,3554102,Taubaté,0.8,0.746,0.778,0.883,1.4,0.91,3.04,98.15,93.04,29.39,10.15,12.0,1011.95,0.51,13.83,3.75,0.84,98.89,99.8,23.9
2010,35,3554201,Tejupá,0.668,0.563,0.668,0.794,1.73,1.56,15.05,98.31,83.52,31.36,10.38,36.89,510.13,0.48,34.66,12.71,2.88,90.33,99.81,29.75
2010,35,3554300,Teodoro Sampaio,0.741,0.679,0.699,0.856,2.13,1.06,9.17,97.1,80.86,13.53,10.82,20.85,619.79,0.47,24.69,9.12,5.1,91.82,99.49,17.63
2010,35,3554409,Terra Roxa,0.749,0.684,0.732,0.838,1.08,0.95,7.28,98.9,86.97,24.45,11.21,23.57,759.32,0.45,12.92,3.23,0.66,99.04,100.0,16.02
2010,35,3554508,Tietê,0.778,0.698,0.764,0.884,1.66,0.65,3.69,97.05,93.54,46.01,10.46,21.12,927.25,0.48,13.53,3.3,1.04,98.74,99.94,22.93
2010,35,3554607,Timburi,0.71,0.629,0.688,0.826,1.1,0.74,10.18,99.73,89.16,42.83,10.9,29.82,580.24,0.46,26.9,9.24,1.45,96.47,100.0,14.95
2010,35,3554656,Torre De Pedra,0.714,0.647,0.679,0.829,0.0,1.54,4.87,98.39,94.64,4.77,10.59,32.75,548.39,0.39,27.86,8.39,1.11,93.89,100.0,25.72
2010,35,3554706,Torrinha,0.744,0.658,0.734,0.852,0.91,0.45,6.38,96.41,84.8,15.93,10.56,25.92,770.15,0.45,13.49,1.54,0.2,98.81,99.95,19.79
2010,35,3554755,Trabiju,0.722,0.697,0.666,0.811,0.82,2.22,10.43,98.46,96.74,29.41,11.63,23.38,505.36,0.4,28.15,9.07,0.53,96.77,99.83,31.93
2010,35,3554805,Tremembé,0.785,0.72,0.769,0.873,1.37,1.21,4.0,97.81,87.16,23.89,9.72,13.94,959.88,0.53,19.16,5.95,1.38,98.45,99.45,29.11
2010,35,3554904,Três Fronteiras,0.753,0.726,0.71,0.829,0.29,0.8,9.32,98.76,80.04,40.03,11.98,26.15,663.71,0.41,16.91,2.33,0.93,98.34,100.0,14.34
2010,35,3554953,Tuiuti,0.728,0.63,0.702,0.871,1.97,1.44,8.79,97.26,81.18,3.09,9.91,28.44,630.49,0.39,18.31,4.29,0.41,94.65,100.0,21.76
2010,35,3555000,Tupã,0.771,0.704,0.764,0.852,1.35,1.47,6.94,97.25,83.54,24.16,11.08,18.1,926.96,0.54,17.14,4.98,1.07,99.51,99.97,15.79
2010,35,3555109,Tupi Paulista,0.769,0.715,0.762,0.835,1.59,0.66,6.82,99.34,84.87,28.31,10.33,19.76,914.36,0.49,12.42,2.78,0.69,96.6,100.0,10.11
2010,35,3555208,Turiúba,0.751,0.721,0.713,0.824,2.13,0.0,11.41,100.0,91.72,49.08,10.3,22.72,676.92,0.35,12.47,2.85,1.54,99.29,100.0,11.76
2010,35,3555307,Turmalina,0.736,0.675,0.724,0.817,0.0,0.0,11.36,97.04,100.0,33.41,10.43,29.15,725.06,0.39,11.24,1.86,1.28,99.01,100.0,5.15
2010,35,3555356,Ubarana,0.7,0.604,0.672,0.844,0.52,1.14,9.46,99.61,95.07,18.52,9.59,33.61,522.27,0.35,21.68,3.86,0.71,99.63,100.0,24.07
2010,35,3555406,Ubatuba,0.751,0.679,0.741,0.841,1.76,1.38,5.8,97.67,91.68,34.59,10.73,21.97,803.5,0.58,25.64,8.88,2.58,75.35,99.04,35.14
2010,35,3555505,Ubirajara,0.727,0.674,0.689,0.829,0.33,0.92,9.31,98.83,82.98,19.79,11.86,26.47,580.57,0.42,23.2,8.11,1.26,95.35,100.0,19.37
2010,35,3555604,Uchoa,0.721,0.644,0.708,0.823,1.87,0.67,7.3,98.19,75.72,14.19,10.27,27.26,655.13,0.4,18.08,4.24,1.21,99.68,100.0,17.06
2010,35,3555703,União Paulista,0.749,0.699,0.697,0.863,0.98,1.41,12.11,96.99,75.73,25.52,11.47,29.79,610.77,0.35,16.92,1.82,0.77,97.05,100.0,13.38
2010,35,3555802,Urânia,0.746,0.709,0.727,0.804,1.46,1.87,9.06,100.0,92.77,42.28,11.37,24.55,739.08,0.46,16.15,4.85,1.42,99.54,99.93,10.01
2010,35,3555901,Uru,0.712,0.639,0.678,0.832,2.9,4.17,7.15,95.32,100.0,60.71,9.49,29.97,544.1,0.39,24.15,7.6,3.91,98.17,100.0,11.45
2010,35,3556008,Urupês,0.745,0.683,0.741,0.817,0.6,0.91,6.76,99.08,96.18,17.57,11.24,27.88,805.66,0.43,9.39,1.53,0.4,98.77,100.0,15.18
2010,35,3556107,Valentim Gentil,0.735,0.692,0.708,0.81,1.53,0.59,6.95,98.8,94.12,18.75,10.72,23.19,654.97,0.36,12.32,3.85,1.07,99.8,99.89,15.06
2010,35,3556206,Valinhos,0.819,0.763,0.848,0.85,0.99,0.79,3.13,97.18,92.49,39.2,10.35,11.94,1570.91,0.54,5.9,1.17,0.15,99.16,99.98,18.66
2010,35,3556305,Valparaíso,0.725,0.643,0.719,0.825,1.22,0.64,7.3,98.03,79.03,17.32,10.45,22.16,701.02,0.45,19.69,4.8,1.47,99.37,99.61,23.71
2010,35,3556354,Vargem,0.699,0.591,0.69,0.839,1.79,1.35,9.78,98.11,83.5,17.02,10.15,35.05,587.59,0.38,19.22,5.31,0.83,94.7,99.86,25.3
2010,35,3556404,Vargem Grande Do Sul,0.737,0.643,0.721,0.863,1.73,1.12,5.91,98.82,72.44,13.08,9.82,28.19,711.6,0.42,15.28,3.46,0.83,99.3,100.0,22.9
2010,35,3556453,Vargem Grande Paulista,0.77,0.683,0.755,0.884,1.33,1.19,4.11,97.2,93.82,21.98,10.21,19.0,876.61,0.5,14.62,4.33,1.38,99.54,99.97,35.37
2010,35,3556503,Várzea Paulista,0.759,0.705,0.72,0.863,1.39,1.33,5.0,96.91,81.19,16.81,9.64,17.71,706.02,0.39,13.39,3.76,1.15,99.53,99.98,35.09
2010,35,3556602,Vera Cruz,0.754,0.715,0.722,0.83,2.33,1.77,8.03,99.02,88.25,36.53,10.94,17.67,713.66,0.45,16.64,5.9,0.88,96.55,100.0,20.15
2010,35,3556701,Vinhedo,0.817,0.739,0.84,0.878,0.73,0.83,3.37,97.45,94.73,38.03,10.03,14.35,1493.32,0.53,5.12,1.35,0.13,99.44,100.0,22.42
2010,35,3556800,Viradouro,0.739,0.683,0.717,0.823,0.62,1.26,6.64,98.45,89.71,39.53,10.19,21.87,692.01,0.4,13.78,2.82,0.71,99.76,100.0,24.13
2010,35,3556909,Vista Alegre Do Alto,0.744,0.676,0.726,0.84,1.23,0.91,8.08,100.0,96.84,20.48,11.18,21.44,732.14,0.35,7.0,1.43,0.0,99.23,99.92,23.9
2010,35,3556958,Vitória Brasil,0.725,0.685,0.686,0.811,1.09,0.0,13.16,98.29,85.87,16.7,10.82,26.25,572.68,0.35,15.39,3.82,0.28,99.64,100.0,7.27
2010,35,3557006,Votorantim,0.767,0.747,0.72,0.838,1.24,0.99,3.48,97.84,90.8,31.06,10.42,12.59,703.99,0.4,15.37,3.89,0.8,99.05,100.0,31.76
2010,35,3557105,Votuporanga,0.79,0.744,0.772,0.857,0.96,1.0,5.19,98.76,96.65,38.84,11.17,18.09,977.39,0.49,10.45,3.29,0.74,99.84,99.93,12.22
2010,35,3557154,Zacarias,0.729,0.674,0.695,0.826,0.0,0.0,8.84,98.48,85.48,34.08,12.12,26.98,605.79,0.39,18.2,2.86,0.36,96.25,100.0,12.49
2010,35,3557204,Chavantes,0.729,0.655,0.713,0.828,1.97,0.79,8.8,98.65,88.3,22.11,10.75,25.4,677.3,0.47,20.76,4.21,0.47,99.27,99.77,22.33
2010,35,3557303,Estiva Gerbi,0.74,0.695,0.716,0.815,0.88,0.98,5.4,98.55,86.93,21.2,9.09,14.57,686.89,0.41,15.32,1.91,0.82,98.14,100.0,22.22
2010,41,4100103,Abatiá,0.687,0.596,0.676,0.804,1.59,1.26,16.76,96.47,71.27,10.29,9.93,35.75,535.86,0.44,29.5,9.66,3.57,92.93,99.73,17.56
2010,41,4100202,Adrianópolis,0.667,0.563,0.644,0.817,2.3,1.65,16.82,95.83,49.29,8.45,8.68,37.75,440.79,0.53,50.03,22.59,8.22,60.74,96.08,29.85
2010,41,4100301,Agudos Do Sul,0.66,0.543,0.671,0.79,1.58,0.98,8.84,96.32,45.1,7.49,10.08,38.09,519.63,0.48,36.56,17.2,3.85,91.17,99.59,18.8
2010,41,4100400,Almirante Tamandaré,0.699,0.575,0.706,0.84,1.32,1.12,6.06,95.62,49.78,17.21,9.59,27.23,646.02,0.43,18.33,4.89,1.01,98.24,99.71,24.5
2010,41,4100459,Altamira Do Paraná,0.667,0.571,0.667,0.78,0.29,0.38,17.57,97.5,51.07,28.11,9.13,39.66,506.31,0.58,48.16,25.06,10.21,93.62,97.25,21.18
2010,41,4100509,Altônia,0.721,0.641,0.69,0.848,0.96,0.59,10.18,99.74,88.63,30.55,11.44,30.3,585.49,0.38,19.1,5.23,0.86,89.89,100.0,14.94
2010,41,4100608,Alto Paraná,0.696,0.587,0.679,0.846,1.53,0.66,10.38,96.01,85.02,17.55,10.5,38.37,548.25,0.43,26.97,7.63,2.24,95.87,99.65,16.36
2010,41,4100707,Alto Piquiri,0.676,0.578,0.669,0.798,1.01,1.21,13.86,97.65,74.22,22.68,9.89,38.1,515.07,0.44,29.67,8.77,2.01,97.32,99.81,16.35
2010,41,4100806,Alvorada Do Sul,0.708,0.617,0.695,0.826,1.38,0.71,10.21,97.42,88.13,12.99,11.83,31.04,605.41,0.48,29.06,11.95,6.08,90.56,88.72,23.18
2010,41,4100905,Amaporã,0.669,0.591,0.644,0.785,0.78,1.23,13.01,98.34,54.04,7.0,11.32,29.17,441.01,0.39,30.87,12.97,4.94,83.14,98.17,23.81
2010,41,4101002,Ampére,0.709,0.62,0.699,0.824,1.11,1.32,7.5,99.3,65.11,22.26,11.14,27.09,618.76,0.48,25.48,9.11,3.59,93.31,99.92,11.53
2010,41,4101051,Anahy,0.695,0.593,0.671,0.844,0.93,0.64,11.82,97.48,65.38,19.92,11.26,34.06,520.88,0.42,27.77,6.21,1.71,95.42,99.68,11.96
2010,41,4101101,Andirá,0.725,0.66,0.69,0.838,1.83,1.17,10.11,99.14,96.17,36.12,10.35,27.2,587.51,0.42,23.25,6.27,2.87,99.32,100.0,15.16
2010,41,4101150,Ângulo,0.721,0.644,0.705,0.827,0.53,0.0,11.29,100.0,92.23,60.36,9.54,31.64,641.37,0.44,20.65,4.34,0.31,94.16,100.0,11.56
2010,41,4101200,Antonina,0.687,0.564,0.686,0.838,1.69,1.29,8.62,97.61,64.85,4.87,9.95,32.94,572.38,0.55,40.03,17.27,6.13,92.74,98.58,30.0
2010,41,4101309,Antônio Olinto,0.656,0.547,0.626,0.825,0.53,0.45,6.83,98.6,78.06,12.17,10.98,43.76,393.68,0.49,48.2,23.67,13.2,83.78,99.03,17.96
2010,41,4101408,Apucarana,0.748,0.668,0.741,0.845,0.91,0.59,5.9,97.82,68.17,26.03,10.82,21.51,804.81,0.45,13.05,3.09,0.45,98.56,99.89,14.38
2010,41,4101507,Arapongas,0.748,0.669,0.751,0.834,0.69,0.42,5.0,97.31,54.87,19.97,10.64,20.1,855.02,0.46,10.98,2.49,0.49,99.06,99.91,14.06
2010,41,4101606,Arapoti,0.723,0.643,0.715,0.823,1.21,1.26,7.68,97.68,74.41,18.14,10.28,26.56,684.8,0.57,33.51,14.17,4.58,97.76,99.93,21.26
2010,41,4101655,Arapuã,0.676,0.584,0.638,0.828,1.06,2.31,16.59,97.06,68.76,24.01,8.8,41.11,424.27,0.5,44.63,23.92,12.03,81.83,99.8,12.86
2010,41,4101705,Araruna,0.704,0.648,0.685,0.785,0.65,0.52,9.84,99.12,78.47,29.78,10.77,28.17,566.78,0.4,21.26,6.74,1.32,98.12,99.92,12.63
2010,41,4101804,Araucária,0.74,0.639,0.743,0.852,1.19,0.63,3.57,97.4,62.21,25.63,10.4,20.15,814.39,0.46,14.09,3.13,0.83,98.37,99.85,21.37
2010,41,4101853,Ariranha Do Ivaí,0.67,0.594,0.637,0.794,1.3,0.76,15.14,99.32,74.29,36.44,7.99,32.08,420.24,0.41,37.51,12.59,3.67,88.42,100.0,18.59
2010,41,4101903,Assaí,0.728,0.641,0.724,0.833,1.23,1.76,10.0,98.03,81.63,19.23,10.41,25.26,723.56,0.55,27.68,7.55,1.65,96.62,99.56,15.25
2010,41,4102000,Assis Chateaubriand,0.729,0.633,0.713,0.857,0.99,0.86,8.14,98.63,88.82,22.6,10.4,28.93,676.1,0.47,22.76,6.34,1.73,98.65,99.83,9.27
2010,41,4102109,Astorga,0.747,0.675,0.754,0.818,0.94,0.47,8.06,97.39,66.92,30.29,10.28,25.04,875.14,0.5,11.9,2.16,0.67,97.16,100.0,10.39
2010,41,4102208,Atalaia,0.736,0.66,0.707,0.854,0.77,0.0,9.29,99.52,80.27,28.65,10.3,32.74,649.55,0.41,17.99,3.1,0.82,90.61,100.0,10.85
2010,41,4102307,Balsa Nova,0.696,0.579,0.707,0.823,1.11,0.79,4.55,87.4,64.75,19.85,9.66,32.92,652.54,0.44,20.41,7.51,3.05,97.79,99.87,17.33
2010,41,4102406,Bandeirantes,0.727,0.658,0.714,0.819,1.48,1.14,9.07,97.84,79.49,36.86,11.42,24.25,679.72,0.49,25.04,7.73,1.13,96.07,99.93,16.61
2010,41,4102505,Barbosa Ferraz,0.696,0.625,0.667,0.808,1.11,1.0,15.79,98.19,83.99,24.08,11.08,34.25,507.7,0.48,36.54,14.7,5.07,94.62,99.34,14.94
2010,41,4102604,Barracão,0.706,0.59,0.716,0.833,1.8,1.03,8.34,95.3,69.25,19.55,10.5,28.27,688.92,0.54,30.4,12.23,3.13,92.29,99.49,19.23
2010,41,4102703,Barra Do Jacaré,0.744,0.747,0.678,0.813,0.64,0.0,11.81,98.81,93.51,38.78,12.55,18.25,543.58,0.42,29.27,9.46,3.25,79.15,100.0,10.09
2010,41,4102752,Bela Vista Da Caroba,0.681,0.572,0.667,0.828,1.53,3.2,14.22,99.57,86.74,23.08,11.7,40.03,507.41,0.51,38.4,18.83,4.07,88.84,98.89,20.8
2010,41,4102802,Bela Vista Do Paraíso,0.716,0.604,0.721,0.844,1.44,0.65,11.93,97.29,72.33,16.31,9.25,32.97,710.14,0.47,20.8,5.24,1.17,98.5,99.8,18.64
2010,41,4102901,Bituruna,0.667,0.556,0.645,0.829,0.79,0.62,8.07,98.2,56.6,12.8,9.49,34.6,443.43,0.49,44.51,21.04,7.64,89.48,98.31,23.07
2010,41,4103008,Boa Esperança,0.72,0.673,0.687,0.808,1.46,1.3,13.31,98.99,95.55,37.18,10.73,26.65,575.77,0.47,32.38,9.16,3.36,98.49,99.46,8.94
2010,41,4103024,Boa Esperança Do Iguaçu,0.7,0.602,0.673,0.848,0.45,1.89,8.39,98.25,79.19,31.91,12.06,30.99,527.03,0.44,32.49,12.8,7.04,80.02,100.0,11.81
2010,41,4103040,Boa Ventura De São Roque,0.655,0.553,0.635,0.802,0.88,0.91,11.78,97.53,41.41,18.47,10.4,39.5,415.44,0.51,47.99,24.01,8.1,78.4,92.51,24.38
2010,41,4103057,Boa Vista Da Aparecida,0.67,0.563,0.668,0.801,1.54,0.84,15.53,99.18,53.62,14.38,11.31,37.68,510.39,0.48,36.1,16.41,5.94,94.44,99.77,19.42
2010,41,4103107,Bocaiúva Do Sul,0.64,0.473,0.679,0.816,1.25,0.79,9.05,95.08,64.75,15.06,9.99,44.42,547.26,0.46,31.09,10.69,2.09,83.88,99.25,25.54
2010,41,4103156,Bom Jesus Do Sul,0.697,0.656,0.64,0.805,1.25,0.4,10.1,99.3,78.97,23.96,10.97,29.21,430.51,0.46,41.27,18.28,7.72,95.72,99.86,10.3
2010,41,4103206,Bom Sucesso,0.686,0.57,0.692,0.82,0.78,1.35,13.7,95.44,80.82,20.16,10.47,33.15,592.27,0.43,19.58,4.52,0.51,94.62,99.83,17.43
2010,41,4103222,Bom Sucesso Do Sul,0.742,0.695,0.704,0.836,0.46,0.0,1.86,98.39,97.03,1.17,10.72,25.19,639.33,0.53,35.29,12.35,7.29,85.87,100.0,12.75
2010,41,4103305,Borrazópolis,0.717,0.633,0.695,0.838,0.59,1.38,11.75,98.99,67.86,28.92,10.77,30.08,604.08,0.43,24.26,6.09,2.03,95.6,99.93,7.62
2010,41,4103354,Braganey,0.701,0.627,0.689,0.797,0.98,1.85,13.27,98.01,78.96,35.7,11.15,29.78,580.75,0.5,32.74,11.99,3.11,93.87,99.83,14.18
2010,41,4103370,Brasilândia Do Sul,0.681,0.572,0.68,0.813,0.95,1.57,15.44,97.85,91.36,25.95,10.8,36.28,550.58,0.45,31.6,7.81,1.28,97.38,100.0,12.33
2010,41,4103404,Cafeara,0.693,0.602,0.683,0.811,1.12,0.66,15.58,99.47,93.93,43.34,9.99,29.89,560.67,0.4,21.68,6.39,2.77,98.95,100.0,18.21
2010,41,4103453,Cafelândia,0.748,0.692,0.723,0.835,0.68,0.39,4.42,97.94,79.99,34.6,11.5,20.74,721.38,0.41,13.76,2.7,0.4,97.54,100.0,12.1
2010,41,4103479,Cafezal Do Sul,0.692,0.611,0.686,0.792,1.41,2.94,15.32,98.41,80.04,17.11,11.58,35.94,569.82,0.41,24.89,6.79,1.03,95.12,100.0,11.07
2010,41,4103503,Califórnia,0.722,0.638,0.718,0.821,0.94,0.93,8.68,97.2,86.13,26.28,10.58,27.98,698.38,0.5,24.21,6.32,1.73,96.14,99.75,14.43
2010,41,4103602,Cambará,0.721,0.645,0.711,0.818,1.51,1.09,8.59,97.32,59.87,24.28,10.52,24.24,666.89,0.47,24.46,7.53,2.34,98.67,99.95,16.91
2010,41,4103701,Cambé,0.734,0.651,0.724,0.84,0.75,0.78,6.38,97.49,59.36,23.5,9.94,21.61,723.34,0.42,13.87,3.1,0.77,99.23,100.0,18.23
2010,41,4103800,Cambira,0.725,0.651,0.702,0.835,2.66,0.53,8.9,97.47,84.78,22.6,10.61,25.93,630.19,0.42,20.05,5.26,1.03,95.4,100.0,9.74
2010,41,4103909,Campina Da Lagoa,0.704,0.623,0.677,0.829,0.96,1.11,13.03,97.31,82.35,23.52,10.47,31.65,540.04,0.46,34.71,10.6,2.9,96.69,99.93,17.14
2010,41,4103958,Campina Do Simão,0.63,0.527,0.598,0.792,1.1,1.24,11.93,98.33,62.48,0.6,10.31,44.14,330.48,0.5,55.37,31.12,13.61,82.86,90.51,21.57
2010,41,4104006,Campina Grande Do Sul,0.718,0.605,0.712,0.86,1.17,1.21,5.98,97.98,54.79,19.94,9.88,24.59,671.29,0.44,20.06,6.03,1.17,89.83,99.66,23.55
2010,41,4104055,Campo Bonito,0.681,0.562,0.69,0.813,1.38,1.61,13.07,97.43,75.14,27.77,11.54,35.79,585.04,0.48,33.99,11.89,2.98,90.93,99.34,18.49
2010,41,4104105,Campo Do Tenente,0.686,0.606,0.661,0.806,2.31,1.81,9.11,98.73,69.7,12.04,11.05,29.28,488.06,0.49,39.09,13.93,2.73,95.45,99.1,27.8
2010,41,4104204,Campo Largo,0.745,0.664,0.73,0.854,1.01,0.87,4.48,97.67,83.55,23.3,10.44,23.48,749.21,0.45,17.6,4.25,1.47,97.3,99.84,17.59
2010,41,4104253,Campo Magro,0.701,0.607,0.685,0.828,1.65,1.51,6.17,96.13,68.03,12.06,8.46,26.91,567.04,0.38,21.83,5.16,1.7,95.25,99.82,22.65
2010,41,4104303,Campo Mourão,0.757,0.689,0.749,0.841,1.23,0.96,7.29,98.17,92.77,37.61,10.39,22.55,843.42,0.5,17.95,4.58,1.23,97.95,99.89,15.41
2010,41,4104402,Cândido De Abreu,0.629,0.494,0.643,0.783,1.41,1.03,16.19,98.08,28.42,7.85,10.19,45.48,438.62,0.57,51.11,27.42,10.96,89.73,96.72,29.91
2010,41,4104428,Candói,0.635,0.503,0.655,0.778,1.54,0.95,9.31,93.76,58.09,10.66,9.9,43.64,472.4,0.54,46.25,22.52,9.92,90.75,98.2,23.66
2010,41,4104451,Cantagalo,0.635,0.522,0.638,0.768,2.02,2.0,8.79,96.04,75.76,15.13,10.12,43.07,424.57,0.51,49.19,23.91,5.75,95.63,98.83,25.6
2010,41,4104501,Capanema,0.706,0.611,0.719,0.801,0.75,0.57,7.33,98.18,57.34,27.71,11.51,32.39,701.11,0.45,19.28,6.6,2.39,95.05,99.92,11.25
2010,41,4104600,Capitão Leônidas Marques,0.716,0.623,0.712,0.829,0.97,0.95,9.59,98.24,36.46,8.47,10.21,29.29,670.16,0.46,23.05,7.2,1.03,87.74,100.0,12.92
2010,41,4104659,Carambeí,0.728,0.64,0.721,0.836,1.3,1.03,5.0,98.23,63.6,18.02,9.81,24.81,711.5,0.53,25.02,8.9,2.07,94.21,99.94,22.63
2010,41,4104709,Carlópolis,0.713,0.625,0.696,0.832,0.8,0.83,8.07,98.12,72.57,20.68,10.29,30.89,608.82,0.47,26.39,9.02,1.1,94.89,99.7,20.67
2010,41,4104808,Cascavel,0.782,0.728,0.776,0.846,0.78,0.65,4.47,98.12,70.79,26.26,11.22,16.71,1003.38,0.51,13.68,3.27,0.8,98.2,99.75,14.01
2010,41,4104907,Castro,0.703,0.6,0.704,0.823,1.2,0.81,7.63,97.22,63.9,22.27,10.31,30.59,639.54,0.53,32.32,12.09,3.91,89.35,98.83,24.92
2010,41,4105003,Catanduvas,0.678,0.573,0.677,0.805,1.52,1.38,13.6,97.82,62.09,21.67,10.27,37.54,539.43,0.53,40.8,16.54,6.65,85.55,98.44,23.6
2010,41,4105102,Centenário Do Sul,0.668,0.549,0.686,0.791,2.58,1.5,13.56,97.84,93.57,28.5,10.21,39.2,571.32,0.41,22.09,5.81,1.46,96.04,99.82,13.24
2010,41,4105201,Cerro Azul,0.573,0.391,0.604,0.797,3.38,1.47,17.73,92.92,42.58,13.75,8.12,59.79,342.88,0.48,54.12,29.26,11.26,73.37,96.06,29.19
2010,41,4105300,Céu Azul,0.732,0.659,0.732,0.812,0.27,0.34,6.25,98.42,90.32,36.9,10.89,25.34,759.41,0.47,18.26,3.26,0.8,92.79,99.81,7.87
2010,41,4105409,Chopinzinho,0.74,0.671,0.74,0.817,1.08,1.17,8.13,98.06,86.0,19.55,9.93,26.61,802.23,0.55,25.46,10.03,3.07,90.06,99.49,14.8
2010,41,4105508,Cianorte,0.755,0.685,0.747,0.841,0.65,0.6,5.58,98.2,75.84,22.0,11.07,21.37,837.13,0.41,9.47,2.13,0.58,98.04,99.99,12.85
2010,41,4105607,Cidade Gaúcha,0.718,0.645,0.712,0.805,1.25,0.48,11.33,98.52,94.27,31.07,11.82,28.69,671.1,0.42,15.37,3.31,1.54,98.29,99.93,17.36
2010,41,4105706,Clevelândia,0.694,0.573,0.718,0.813,1.53,1.67,11.39,95.95,50.42,6.38,10.13,35.35,696.71,0.58,35.36,13.41,3.91,97.58,99.31,20.67
2010,41,4105805,Colombo,0.733,0.632,0.715,0.87,1.21,0.84,4.65,96.57,69.33,25.97,9.54,23.49,682.85,0.41,16.29,3.75,0.77,98.96,99.93,22.09
2010,41,4105904,Colorado,0.73,0.649,0.747,0.804,1.23,0.73,8.82,98.14,45.49,19.94,10.3,23.54,833.7,0.43,9.68,1.63,0.18,98.81,99.95,10.81
2010,41,4106001,Congonhinhas,0.668,0.562,0.655,0.809,3.02,1.1,16.91,98.72,76.99,11.53,11.25,40.23,471.57,0.5,44.01,18.82,6.61,79.25,99.48,16.32
2010,41,4106100,Conselheiro Mairinck,0.707,0.65,0.675,0.806,0.35,0.42,10.11,98.76,89.8,24.62,11.85,26.11,534.5,0.47,36.71,10.42,2.41,91.46,99.01,19.22
2010,41,4106209,Contenda,0.681,0.555,0.697,0.816,1.6,0.95,5.06,99.62,46.0,17.4,10.19,34.79,612.8,0.47,28.85,9.93,2.17,97.61,99.18,22.08
2010,41,4106308,Corbélia,0.738,0.683,0.728,0.807,1.31,0.52,7.66,97.92,92.69,25.09,9.97,23.67,743.65,0.48,20.0,4.6,0.97,97.84,99.97,13.5
2010,41,4106407,Cornélio Procópio,0.759,0.692,0.746,0.848,0.96,0.9,6.72,98.75,73.7,23.8,11.31,19.33,828.19,0.48,16.15,5.21,1.37,99.54,99.98,10.43
2010,41,4106456,Coronel Domingos Soares,0.6,0.447,0.609,0.792,2.93,2.39,10.2,95.85,44.9,11.43,9.64,50.98,353.16,0.54,54.78,35.15,15.41,91.09,98.64,21.75
2010,41,4106506,Coronel Vivida,0.723,0.653,0.714,0.81,1.11,0.9,8.19,97.48,75.06,19.83,10.88,25.67,679.98,0.47,24.25,7.16,2.65,94.03,100.0,12.34
2010,41,4106555,Corumbataí Do Sul,0.638,0.52,0.632,0.79,1.78,1.65,19.22,97.08,48.03,16.36,8.5,41.53,409.02,0.42,40.76,16.88,4.5,78.47,100.0,13.67
2010,41,4106571,Cruzeiro Do Iguaçu,0.709,0.641,0.703,0.792,2.16,1.17,12.77,98.37,98.11,23.94,11.26,27.0,636.1,0.51,27.04,9.77,4.0,91.2,99.92,11.15
2010,41,4106605,Cruzeiro Do Oeste,0.717,0.64,0.698,0.825,1.55,0.86,12.56,97.73,87.78,25.4,11.01,30.76,617.44,0.43,22.27,5.41,0.77,96.73,100.0,13.57
2010,41,4106704,Cruzeiro Do Sul,0.713,0.641,0.682,0.828,2.03,2.05,12.11,98.49,91.48,18.18,10.78,24.86,558.9,0.42,25.79,5.37,1.91,93.54,100.0,10.56
2010,41,4106803,Cruz Machado,0.664,0.545,0.635,0.845,0.97,0.67,5.88,96.85,43.82,11.03,9.85,36.84,414.98,0.54,48.91,29.04,14.54,80.4,98.89,23.84
2010,41,4106852,Cruzmaltina,0.666,0.593,0.65,0.768,0.0,1.1,17.14,99.22,91.85,24.75,11.19,33.31,456.21,0.38,32.19,9.78,0.65,79.77,99.67,8.85
2010,41,4106902,Curitiba,0.823,0.768,0.85,0.855,0.88,0.6,2.13,97.57,83.62,39.48,10.95,11.32,1581.04,0.55,7.86,1.73,0.48,99.82,99.98,13.3
2010,41,4107009,Curiúva,0.656,0.546,0.649,0.795,1.2,1.11,13.6,98.63,56.13,6.61,10.95,40.5,455.24,0.45,39.9,12.05,3.3,90.18,99.75,18.68
2010,41,4107108,Diamante Do Norte,0.723,0.657,0.699,0.824,2.49,0.31,11.15,97.15,84.46,27.8,11.5,29.01,619.39,0.44,22.01,5.62,1.13,91.83,99.9,16.03
2010,41,4107124,Diamante Do Sul,0.608,0.479,0.605,0.777,1.1,0.78,19.12,99.41,54.98,22.17,10.51,51.36,344.73,0.45,51.97,27.14,11.14,88.5,94.81,23.73
2010,41,4107157,Diamante D'Oeste,0.644,0.532,0.647,0.776,2.43,1.76,16.77,98.25,55.06,12.11,10.21,43.12,447.57,0.5,44.4,20.44,9.89,87.95,98.15,24.57
2010,41,4107207,Dois Vizinhos,0.767,0.711,0.747,0.85,1.23,0.67,6.59,98.35,71.8,19.9,11.06,20.38,836.1,0.47,15.87,4.62,1.52,86.36,100.0,12.3
2010,41,4107256,Douradina,0.724,0.644,0.721,0.818,1.51,1.4,9.54,97.16,84.17,26.57,11.46,28.3,708.51,0.43,15.17,3.5,0.3,93.51,99.9,11.02
2010,41,4107306,Doutor Camargo,0.746,0.702,0.704,0.839,0.87,1.01,8.78,98.53,100.0,38.74,11.7,24.79,639.19,0.39,14.99,5.92,3.28,96.43,100.0,8.22
2010,41,4107405,Enéas Marques,0.752,0.664,0.767,0.835,0.67,1.4,8.77,99.28,69.92,20.47,12.57,30.34,948.7,0.6,24.74,10.06,2.85,84.3,99.71,11.99
2010,41,4107504,Engenheiro Beltrão,0.73,0.677,0.701,0.82,0.43,0.98,9.72,97.82,94.23,44.77,9.92,25.27,629.05,0.43,19.38,8.41,2.62,90.62,99.92,11.94
2010,41,4107520,Esperança Nova,0.689,0.594,0.69,0.799,0.78,1.14,11.46,98.58,76.89,58.78,11.55,36.62,584.46,0.39,21.09,7.11,2.31,87.58,100.0,9.5
2010,41,4107538,Entre Rios Do Oeste,0.761,0.686,0.778,0.826,1.18,0.47,3.19,100.0,87.28,32.4,11.65,24.65,1013.75,0.5,10.9,3.07,0.41,99.92,100.0,12.49
2010,41,4107546,Espigão Alto Do Iguaçu,0.636,0.521,0.632,0.781,2.35,1.43,14.05,97.92,66.21,12.88,10.37,40.44,409.12,0.57,49.06,31.81,18.67,81.77,95.7,27.52
2010,41,4107553,Farol,0.715,0.665,0.671,0.818,2.24,0.9,14.87,97.1,75.77,22.71,10.79,26.26,521.09,0.49,33.95,13.49,4.42,88.32,100.0,14.28
2010,41,4107603,Faxinal,0.687,0.584,0.697,0.796,1.86,1.27,13.39,96.27,58.62,13.67,9.42,34.61,612.79,0.48,30.38,7.94,1.5,95.2,99.83,18.18
2010,41,4107652,Fazenda Rio Grande,0.72,0.617,0.713,0.847,1.19,0.91,4.47,95.76,58.01,16.25,9.45,24.37,677.31,0.46,18.31,5.61,1.62,99.25,99.98,24.4
2010,41,4107702,Fênix,0.716,0.665,0.669,0.825,1.86,1.01,13.31,99.09,100.0,34.65,10.94,24.56,514.41,0.43,31.27,10.21,4.83,96.04,99.84,14.15
2010,41,4107736,Fernandes Pinheiro,0.645,0.525,0.647,0.791,0.79,2.26,9.92,96.51,75.26,19.08,10.16,38.61,446.98,0.54,48.11,23.08,9.55,92.59,99.02,24.26
2010,41,4107751,Figueira,0.677,0.569,0.68,0.801,0.63,0.41,14.1,98.14,53.06,14.38,10.72,38.47,551.93,0.44,30.0,9.41,1.82,98.22,99.36,16.2
2010,41,4107801,Floraí,0.745,0.656,0.739,0.853,0.69,0.72,8.18,97.0,93.13,32.68,10.61,26.8,792.48,0.43,9.08,2.39,0.73,95.78,99.94,5.94
2010,41,4107850,Flor Da Serra Do Sul,0.682,0.56,0.68,0.833,1.62,1.49,11.08,98.79,62.15,11.56,10.89,35.13,549.7,0.46,30.0,13.89,3.24,92.84,98.62,14.63
2010,41,4107900,Floresta,0.736,0.691,0.707,0.816,0.55,0.67,7.07,98.74,97.91,42.76,10.46,23.84,649.71,0.36,12.51,1.61,0.88,97.78,99.86,12.37
2010,41,4108007,Florestópolis,0.701,0.625,0.682,0.807,1.49,2.03,12.94,97.13,93.86,35.55,10.32,28.87,555.82,0.34,15.03,2.83,0.95,99.62,99.95,17.13
2010,41,4108106,Flórida,0.732,0.679,0.707,0.816,1.78,0.8,9.11,96.31,95.98,54.78,11.14,25.58,652.52,0.39,13.96,2.14,0.63,93.88,99.88,14.43
2010,41,4108205,Formosa Do Oeste,0.723,0.652,0.692,0.836,1.6,0.82,10.31,96.39,88.83,23.56,10.72,28.37,593.44,0.41,23.2,7.28,1.18,90.73,99.8,8.07
2010,41,4108304,Foz Do Iguaçu,0.751,0.661,0.748,0.858,1.05,1.06,5.64,96.36,71.84,29.23,10.09,22.25,842.26,0.53,22.71,7.37,1.75,99.19,99.83,20.85
2010,41,4108320,Francisco Alves,0.669,0.57,0.669,0.786,1.42,0.48,15.78,98.61,85.42,19.32,10.58,38.27,512.87,0.41,27.17,8.08,3.9,98.61,99.95,13.73
2010,41,4108403,Francisco Beltrão,0.774,0.726,0.758,0.844,1.13,0.78,5.68,98.79,79.49,29.79,11.26,18.27,895.36,0.47,13.99,4.38,1.2,97.89,99.86,10.86
2010,41,4108452,Foz Do Jordão,0.645,0.496,0.654,0.828,2.32,1.1,10.77,96.42,68.04,19.5,9.26,46.12,467.65,0.54,47.34,19.52,7.59,98.61,99.29,29.68
2010,41,4108502,General Carneiro,0.652,0.532,0.638,0.816,1.56,1.02,9.87,96.73,48.24,5.88,9.71,39.57,423.27,0.48,48.39,20.0,4.83,95.06,97.77,27.86
2010,41,4108551,Godoy Moreira,0.675,0.578,0.642,0.828,2.6,1.02,15.38,100.0,81.36,26.02,12.83,38.89,434.45,0.44,40.64,15.25,5.76,88.06,99.09,14.97
2010,41,4108601,Goioerê,0.731,0.639,0.72,0.85,1.2,0.91,10.64,97.43,79.79,21.49,10.88,27.28,707.58,0.48,23.64,6.14,1.85,99.41,99.93,13.39
2010,41,4108650,Goioxim,0.641,0.547,0.593,0.813,1.72,1.62,12.8,98.13,54.29,14.02,11.29,42.5,320.16,0.49,56.8,33.13,15.18,85.85,98.87,28.39
2010,41,4108700,Grandes Rios,0.658,0.55,0.649,0.799,0.77,1.45,17.93,96.14,59.15,11.49,10.8,37.04,455.19,0.45,40.33,14.97,4.3,91.28,98.95,16.4
2010,41,4108809,Guaíra,0.724,0.615,0.739,0.836,1.69,1.2,9.5,95.88,82.93,17.22,10.71,29.48,795.84,0.57,29.11,11.7,3.47,96.67,98.32,17.92
2010,41,4108908,Guairaçá,0.693,0.574,0.698,0.829,1.36,1.89,14.08,96.98,71.47,9.44,9.57,38.01,614.06,0.45,22.33,7.29,1.01,93.96,98.63,19.04
2010,41,4108957,Guamiranga,0.669,0.568,0.657,0.804,0.93,1.21,7.35,97.51,72.82,4.53,10.3,38.89,478.34,0.46,39.17,14.09,2.49,88.61,99.19,22.94
2010,41,4109005,Guapirama,0.702,0.645,0.666,0.805,0.69,0.85,12.54,98.56,79.52,32.92,10.07,30.88,505.91,0.46,34.63,13.15,3.04,96.39,99.83,14.8
2010,41,4109104,Guaporema,0.719,0.671,0.686,0.808,0.58,1.52,12.19,98.37,90.96,63.34,11.4,25.87,572.72,0.37,18.15,3.17,0.06,89.09,100.0,14.28
2010,41,4109203,Guaraci,0.698,0.598,0.693,0.821,0.53,0.64,11.2,99.4,93.75,28.83,10.89,31.12,595.93,0.37,16.92,1.44,0.42,96.67,99.94,15.07
2010,41,4109302,Guaraniaçu,0.677,0.528,0.698,0.841,1.85,0.94,10.74,96.87,63.31,24.47,10.93,42.75,614.94,0.54,35.37,16.23,5.53,93.52,98.41,17.91
2010,41,4109401,Guarapuava,0.731,0.628,0.73,0.853,1.02,1.05,6.0,97.09,53.24,17.11,10.5,27.13,750.09,0.55,27.71,8.92,2.24,98.55,99.01,20.62
2010,41,4109500,Guaraqueçaba,0.587,0.434,0.587,0.792,2.95,1.01,14.71,95.26,52.02,8.66,9.0,50.21,307.8,0.49,60.0,36.05,14.46,61.39,97.54,29.21
2010,41,4109609,Guaratuba,0.717,0.604,0.737,0.828,1.34,0.79,5.4,97.83,78.06,36.95,9.12,27.48,782.92,0.56,27.98,9.15,3.08,95.05,98.98,23.67
2010,41,4109658,Honório Serpa,0.683,0.612,0.645,0.807,0.92,1.28,9.39,99.1,66.86,16.27,9.71,34.77,443.83,0.46,44.09,18.84,6.87,90.04,98.57,17.32
2010,41,4109708,Ibaiti,0.71,0.596,0.738,0.813,1.46,1.29,11.59,96.53,77.97,20.25,10.37,34.8,787.74,0.62,32.89,12.74,5.15,94.79,99.44,20.07
2010,41,4109757,Ibema,0.685,0.615,0.664,0.786,1.2,0.71,11.92,98.0,80.99,34.46,10.91,32.95,499.24,0.44,33.48,11.07,3.09,96.5,99.42,24.87
2010,41,4109807,Ibiporã,0.726,0.647,0.72,0.821,1.12,1.01,7.44,96.76,75.05,30.83,9.77,23.17,706.25,0.45,19.26,5.91,1.46,99.45,99.83,16.57
2010,41,4109906,Icaraíma,0.666,0.554,0.673,0.792,1.67,0.59,11.98,97.77,74.46,4.08,9.83,36.85,525.92,0.42,28.04,9.76,3.16,87.44,100.0,14.22
2010,41,4110003,Iguaraçu,0.758,0.732,0.714,0.833,0.74,0.44,9.6,98.25,96.55,51.98,10.29,18.7,678.32,0.42,19.14,4.29,1.07,91.5,100.0,17.46
2010,41,4110052,Iguatu,0.703,0.637,0.672,0.812,1.72,0.85,12.02,96.79,100.0,45.05,11.85,31.77,523.94,0.46,32.39,12.85,2.36,91.91,99.04,13.94
2010,41,4110078,Imbaú,0.622,0.481,0.636,0.785,1.73,1.23,16.35,97.18,66.03,7.31,9.24,43.51,418.52,0.43,37.58,15.5,4.91,83.62,98.78,27.05
2010,41,4110102,Imbituva,0.66,0.509,0.681,0.828,0.95,1.25,5.84,95.92,55.77,13.05,9.63,46.88,553.65,0.51,35.42,12.69,2.53,96.5,99.51,22.86
2010,41,4110201,Inácio Martins,0.6,0.454,0.623,0.765,1.38,1.08,10.89,94.54,61.89,15.15,8.63,50.92,385.92,0.51,51.83,27.21,8.58,87.03,88.09,30.9
2010,41,4110300,Inajá,0.705,0.641,0.676,0.807,2.62,0.54,14.32,98.66,88.05,35.85,10.84,30.38,538.69,0.43,26.76,8.28,2.38,96.8,100.0,22.83
2010,41,4110409,Indianópolis,0.724,0.642,0.707,0.835,0.36,0.0,10.23,100.0,89.37,41.76,11.26,28.51,652.36,0.35,11.49,1.86,0.3,97.16,100.0,10.54
2010,41,4110508,Ipiranga,0.652,0.489,0.684,0.828,1.45,1.92,7.62,97.42,45.55,9.84,9.91,46.04,564.83,0.53,36.18,15.05,6.27,91.99,99.62,18.87
2010,41,4110607,Iporã,0.706,0.611,0.696,0.829,1.09,1.44,12.11,99.24,72.54,18.17,10.81,33.77,608.93,0.45,24.25,8.15,1.96,98.42,100.0,14.01
2010,41,4110656,Iracema Do Oeste,0.707,0.63,0.672,0.836,0.65,0.78,16.11,98.31,89.52,39.44,11.32,33.53,524.51,0.4,23.27,10.28,1.94,92.01,99.79,13.33
2010,41,4110706,Irati,0.726,0.64,0.715,0.835,0.89,0.87,4.56,98.52,64.17,17.47,10.51,27.48,685.81,0.49,23.85,6.79,1.89,96.26,99.59,16.36
2010,41,4110805,Iretama,0.665,0.521,0.696,0.811,0.69,0.78,16.79,98.72,73.62,21.72,10.55,46.91,608.11,0.58,40.62,14.82,3.38,89.75,99.0,18.06
2010,41,4110904,Itaguajé,0.707,0.664,0.672,0.791,3.49,1.11,11.42,98.88,68.57,34.38,10.45,25.61,523.98,0.41,27.88,8.21,0.57,94.69,99.76,19.85
2010,41,4110953,Itaipulândia,0.738,0.608,0.779,0.848,1.24,1.89,7.69,99.2,90.31,37.36,10.8,28.63,1019.87,0.63,21.28,5.62,1.47,97.02,100.0,10.97
2010,41,4111001,Itambaracá,0.694,0.639,0.664,0.789,0.65,2.23,15.46,99.53,94.99,29.61,10.3,28.73,499.63,0.42,33.14,11.31,2.77,98.06,99.34,14.96
2010,41,4111100,Itambé,0.746,0.703,0.691,0.854,0.58,0.63,11.74,99.22,91.62,26.74,10.86,20.69,588.49,0.36,14.63,2.7,0.04,96.42,100.0,13.73
2010,41,4111209,Itapejara D'Oeste,0.731,0.661,0.713,0.828,0.94,0.96,7.32,100.0,73.55,14.64,10.61,29.19,674.12,0.49,23.76,7.4,2.18,93.23,100.0,10.02
2010,41,4111258,Itaperuçu,0.637,0.507,0.654,0.779,1.69,1.34,10.78,94.94,65.28,6.0,8.52,40.5,468.04,0.4,32.79,9.15,2.99,89.03,99.83,31.72
2010,41,4111308,Itaúna Do Sul,0.656,0.543,0.651,0.798,2.29,0.98,19.28,93.57,78.0,20.93,9.1,38.54,460.51,0.37,30.6,7.25,1.19,94.29,100.0,19.44
2010,41,4111407,Ivaí,0.651,0.534,0.654,0.791,1.72,0.8,8.31,97.2,37.33,0.82,10.29,40.19,469.13,0.5,42.3,21.64,7.66,92.74,99.13,28.56
2010,41,4111506,Ivaiporã,0.73,0.661,0.711,0.827,1.5,1.2,11.54,98.34,72.89,20.32,10.84,26.24,666.73,0.48,25.31,9.58,2.01,96.42,99.9,14.1
2010,41,4111555,Ivaté,0.706,0.641,0.684,0.803,1.67,1.5,10.23,98.13,78.44,14.61,10.44,27.72,563.82,0.37,20.02,4.94,1.3,87.08,99.95,9.16
2010,41,4111605,Ivatuba,0.766,0.748,0.718,0.837,0.88,0.49,7.02,99.25,96.73,43.83,11.22,23.93,699.09,0.43,16.73,4.27,0.0,93.42,100.0,13.14
2010,41,4111704,Jaboti,0.718,0.64,0.699,0.827,0.57,1.56,11.49,97.55,79.09,15.94,11.69,31.76,618.6,0.48,27.96,7.39,0.75,93.91,100.0,13.08
2010,41,4111803,Jacarezinho,0.743,0.663,0.734,0.844,1.46,1.38,9.04,98.08,78.04,23.97,9.85,21.47,770.55,0.53,23.92,6.0,1.14,98.31,99.87,19.76
2010,41,4111902,Jaguapitã,0.715,0.615,0.714,0.834,0.96,1.1,10.81,98.94,87.75,34.87,10.11,30.0,681.75,0.4,12.37,3.16,0.47,98.47,99.95,14.26
2010,41,4112009,Jaguariaíva,0.743,0.684,0.698,0.859,1.32,1.36,6.9,98.03,65.73,15.88,10.41,25.07,616.79,0.51,35.26,11.0,2.39,95.24,99.5,21.35
2010,41,4112108,Jandaia Do Sul,0.747,0.703,0.741,0.801,1.36,0.75,7.33,99.21,71.18,25.4,11.47,20.56,803.28,0.46,11.61,2.25,0.65,97.37,100.0,10.02
2010,41,4112207,Janiópolis,0.696,0.593,0.688,0.826,2.25,1.04,17.66,99.03,87.07,24.05,10.01,35.67,577.55,0.5,30.13,11.24,2.8,92.73,99.13,15.45
2010,41,4112306,Japira,0.696,0.603,0.675,0.827,1.1,0.76,10.99,98.32,56.81,10.55,11.77,32.55,534.19,0.47,32.46,10.34,2.7,86.5,99.74,20.28
2010,41,4112405,Japurá,0.712,0.623,0.698,0.829,0.59,0.46,8.84,98.45,78.87,19.84,10.4,31.89,615.19,0.35,16.32,3.1,0.36,97.58,99.97,8.54
2010,41,4112504,Jardim Alegre,0.689,0.569,0.696,0.827,1.18,0.68,15.12,98.1,75.96,14.09,11.24,37.09,608.16,0.66,46.94,23.97,14.29,87.34,99.56,19.4
2010,41,4112603,Jardim Olinda,0.682,0.6,0.669,0.791,1.79,0.0,12.41,97.71,100.0,58.37,12.2,36.44,515.05,0.44,32.53,10.73,2.43,84.81,99.69,17.74
2010,41,4112702,Jataizinho,0.687,0.574,0.669,0.845,1.03,1.0,10.34,97.87,78.74,27.21,9.95,32.29,514.94,0.44,30.48,11.45,3.83,97.55,99.93,24.79
2010,41,4112751,Jesuítas,0.705,0.615,0.68,0.839,0.73,1.14,10.22,97.6,82.09,19.79,10.37,37.24,551.65,0.42,27.33,9.58,2.06,93.97,99.89,11.01
2010,41,4112801,Joaquim Távora,0.7,0.613,0.699,0.801,2.07,0.19,8.08,97.37,75.67,31.31,10.34,31.04,618.36,0.43,21.98,4.01,0.45,94.05,99.88,15.42
2010,41,4112900,Jundiaí Do Sul,0.688,0.605,0.66,0.817,0.75,1.54,14.51,98.98,71.59,14.04,11.81,33.63,485.95,0.5,41.11,16.26,7.45,94.99,98.42,18.08
2010,41,4112959,Juranda,0.708,0.639,0.678,0.818,1.08,1.98,12.24,98.26,92.6,19.93,11.14,30.31,544.87,0.44,30.46,8.63,1.47,98.65,99.79,15.96
2010,41,4113007,Jussara,0.718,0.619,0.716,0.835,0.94,0.27,7.05,96.93,94.18,19.17,12.28,34.97,688.1,0.46,17.2,4.05,1.28,99.43,100.0,13.84
2010,41,4113106,Kaloré,0.721,0.657,0.673,0.848,2.65,1.28,11.45,95.88,97.27,51.95,11.48,28.11,528.02,0.4,27.72,8.32,1.15,96.45,100.0,8.77
2010,41,4113205,Lapa,0.706,0.595,0.696,0.848,0.89,0.91,5.67,98.8,43.54,14.81,10.53,30.13,608.6,0.49,30.68,10.59,3.68,94.14,99.28,20.13
2010,41,4113254,Laranjal,0.585,0.436,0.581,0.79,3.63,1.28,17.81,97.18,31.84,6.19,9.95,47.84,297.34,0.49,60.34,31.17,14.62,91.54,96.66,34.26
2010,41,4113304,Laranjeiras Do Sul,0.706,0.594,0.709,0.835,1.36,0.66,8.47,96.35,68.9,25.45,9.62,34.07,659.33,0.54,32.75,14.43,4.6,97.5,99.04,19.68
2010,41,4113403,Leópolis,0.707,0.663,0.657,0.812,2.11,0.45,11.52,98.84,83.41,50.91,11.12,26.89,477.23,0.39,32.49,7.68,2.14,91.85,99.65,13.11
2010,41,4113429,Lidianópolis,0.68,0.598,0.657,0.802,2.56,1.31,17.81,99.3,82.16,36.16,9.83,33.9,477.52,0.4,33.38,10.61,0.77,94.34,100.0,11.84
2010,41,4113452,Lindoeste,0.666,0.588,0.652,0.769,1.17,1.11,13.65,98.92,69.76,19.12,10.69,31.33,462.44,0.5,42.02,16.43,8.05,87.58,98.62,14.12
2010,41,4113502,Loanda,0.725,0.645,0.724,0.815,1.51,0.62,8.24,97.95,70.44,24.83,10.62,25.11,725.67,0.47,18.47,5.36,1.23,98.42,99.41,18.24
2010,41,4113601,Lobato,0.744,0.692,0.708,0.841,0.99,0.0,11.01,98.9,100.0,64.26,8.41,20.17,653.7,0.38,12.86,2.57,0.42,97.51,100.0,9.83
2010,41,4113700,Londrina,0.778,0.712,0.789,0.837,0.99,0.75,4.52,97.34,72.87,28.97,10.35,17.15,1083.35,0.51,12.38,3.27,0.74,98.96,99.82,15.65
2010,41,4113734,Luiziana,0.668,0.58,0.659,0.781,1.48,1.16,14.63,98.11,62.45,6.44,9.71,36.02,482.03,0.48,42.21,11.45,2.54,97.31,99.51,17.84
2010,41,4113759,Lunardelli,0.69,0.607,0.655,0.826,1.31,2.91,16.23,98.43,87.89,22.46,10.19,37.02,471.99,0.46,41.36,13.33,5.35,90.28,99.93,17.53
2010,41,4113809,Lupionópolis,0.71,0.595,0.703,0.856,1.55,0.41,11.02,98.39,97.01,38.34,8.57,33.26,636.69,0.48,22.74,5.9,2.39,99.41,99.95,17.52
2010,41,4113908,Mallet,0.708,0.645,0.681,0.809,0.78,0.27,3.27,98.49,70.28,10.69,11.07,28.31,552.86,0.46,30.29,12.45,5.11,95.04,98.41,15.11
2010,41,4114005,Mamborê,0.719,0.649,0.698,0.821,1.91,0.93,11.0,98.85,81.64,18.78,10.65,30.07,616.46,0.49,31.55,12.64,2.61,95.83,99.17,15.49
2010,41,4114104,Mandaguaçu,0.718,0.625,0.717,0.825,1.27,1.04,8.83,96.84,79.51,29.01,9.86,26.18,693.16,0.41,13.68,2.34,0.38,96.68,99.97,14.53
2010,41,4114203,Mandaguari,0.751,0.689,0.732,0.84,0.71,0.6,7.32,98.67,91.6,41.43,11.09,22.48,762.54,0.45,16.26,3.54,0.61,99.46,99.98,11.46
2010,41,4114302,Mandirituba,0.655,0.515,0.677,0.807,1.1,0.63,6.63,94.75,47.57,18.38,9.95,38.46,539.68,0.46,31.11,11.37,2.72,95.52,99.77,22.26
2010,41,4114351,Manfrinópolis,0.645,0.52,0.642,0.805,0.38,1.83,14.6,98.37,70.78,6.7,9.94,41.2,435.85,0.47,41.38,20.57,9.23,89.21,97.92,10.86
2010,41,4114401,Mangueirinha,0.688,0.579,0.695,0.811,1.58,1.33,9.47,97.59,60.14,17.15,10.41,33.35,605.97,0.57,37.52,16.79,6.13,91.63,96.65,22.86
2010,41,4114500,Manoel Ribas,0.716,0.628,0.725,0.806,2.02,1.8,13.66,95.58,75.45,22.1,11.28,31.04,729.51,0.6,36.45,14.73,4.28,88.65,98.86,24.87
2010,41,4114609,Marechal Cândido Rondon,0.774,0.704,0.782,0.842,1.45,1.08,3.84,98.51,83.83,35.55,11.04,22.45,1036.38,0.53,10.44,2.15,0.58,98.36,99.98,9.66
2010,41,4114708,Maria Helena,0.703,0.607,0.68,0.842,1.71,1.23,14.34,97.77,88.17,10.68,10.61,34.93,552.13,0.41,25.28,7.43,1.9,94.36,99.88,16.17
2010,41,4114807,Marialva,0.735,0.666,0.733,0.814,0.79,0.95,6.83,99.25,85.91,22.82,10.8,22.11,765.58,0.44,15.01,3.65,1.47,91.96,99.78,13.97
2010,41,4114906,Marilândia Do Sul,0.691,0.599,0.664,0.831,0.32,0.82,10.47,98.75,79.54,6.65,10.28,33.51,497.15,0.44,33.63,12.5,1.93,96.31,99.9,17.96
2010,41,4115002,Marilena,0.681,0.585,0.651,0.828,0.97,2.56,12.77,98.46,91.63,20.33,11.18,32.9,461.09,0.36,28.56,6.47,1.34,89.16,100.0,16.74
2010,41,4115101,Mariluz,0.639,0.504,0.653,0.794,1.53,1.13,17.46,99.13,37.22,5.06,10.05,41.14,466.87,0.46,38.59,13.96,4.1,97.15,99.92,23.55
2010,41,4115200,Maringá,0.808,0.768,0.806,0.852,0.77,0.62,3.27,98.38,90.89,46.98,11.37,12.49,1202.63,0.49,6.25,1.39,0.29,99.22,100.0,9.49
2010,41,4115309,Mariópolis,0.698,0.591,0.717,0.804,1.18,0.27,7.57,97.55,76.86,18.26,10.73,35.1,694.06,0.48,26.44,6.34,1.14,97.24,99.52,11.41
2010,41,4115358,Maripá,0.758,0.684,0.736,0.866,0.63,1.56,3.32,99.6,94.82,27.28,11.15,22.4,781.94,0.42,12.94,2.11,0.29,88.22,100.0,8.96
2010,41,4115408,Marmeleiro,0.722,0.613,0.73,0.842,1.39,1.2,8.37,98.04,83.07,19.09,9.55,30.05,751.42,0.51,24.26,10.53,2.48,92.57,98.13,15.7
2010,41,4115457,Marquinho,0.614,0.463,0.615,0.814,1.12,1.88,13.97,99.37,31.3,7.34,11.02,49.57,366.3,0.5,55.38,28.88,10.15,89.26,98.23,28.1
2010,41,4115507,Marumbi,0.721,0.643,0.705,0.826,2.52,1.1,12.98,97.12,98.06,35.8,10.35,29.57,642.72,0.46,18.98,3.82,1.15,90.52,99.86,9.07
2010,41,4115606,Matelândia,0.725,0.642,0.715,0.831,0.95,1.04,6.73,98.73,80.86,29.68,10.5,26.03,683.91,0.46,21.91,7.4,1.7,97.52,99.72,13.04
2010,41,4115705,Matinhos,0.743,0.662,0.743,0.834,1.25,1.28,4.23,98.73,81.27,36.43,10.79,24.3,814.03,0.48,19.28,6.16,1.28,93.73,99.57,19.15
2010,41,4115739,Mato Rico,0.632,0.536,0.58,0.812,1.43,3.05,18.09,97.13,69.21,19.21,10.41,41.11,296.21,0.45,58.34,31.49,15.14,89.21,96.21,26.95
2010,41,4115754,Mauá Da Serra,0.652,0.529,0.661,0.793,1.54,0.56,13.03,98.63,60.26,15.6,9.99,36.16,487.69,0.47,37.92,11.73,3.51,90.06,99.96,23.05
2010,41,4115804,Medianeira,0.763,0.686,0.762,0.849,0.71,1.0,5.42,98.74,85.16,26.91,10.71,23.39,914.67,0.49,12.53,3.93,0.87,96.16,99.93,12.51
2010,41,4115853,Mercedes,0.74,0.68,0.708,0.843,0.85,0.76,4.28,99.58,95.48,34.49,11.85,28.96,657.38,0.41,19.49,7.41,2.33,95.6,100.0,8.91
2010,41,4115903,Mirador,0.68,0.599,0.656,0.8,1.89,0.63,14.32,97.24,84.65,20.52,11.21,33.46,474.75,0.4,30.71,10.72,1.93,97.2,99.61,20.39
2010,41,4116000,Miraselva,0.748,0.707,0.694,0.854,0.0,0.0,9.86,99.44,100.0,56.94,11.63,20.08,600.03,0.39,17.82,5.6,1.54,92.03,100.0,10.07
2010,41,4116059,Missal,0.711,0.608,0.714,0.828,1.49,0.98,5.6,97.52,77.96,28.39,10.63,32.86,678.96,0.45,19.76,8.1,5.39,73.76,100.0,11.07
2010,41,4116109,Moreira Sales,0.675,0.57,0.673,0.802,1.33,1.65,15.79,98.3,81.62,20.95,10.92,39.37,528.33,0.44,29.37,10.16,3.61,95.22,99.79,16.53
2010,41,4116208,Morretes,0.686,0.544,0.71,0.837,1.53,1.47,6.77,96.59,37.91,13.87,8.59,32.79,665.51,0.53,32.6,10.87,2.74,83.93,99.51,27.48
2010,41,4116307,Munhoz De Melo,0.726,0.634,0.704,0.856,0.4,0.5,10.71,98.48,81.42,70.22,11.17,29.46,637.77,0.39,16.0,2.42,0.0,92.24,100.0,10.48
2010,41,4116406,Nossa Senhora Das Graças,0.709,0.631,0.679,0.832,1.79,0.92,12.45,97.0,78.52,32.89,9.69,28.05,547.55,0.33,17.55,2.94,0.87,96.96,99.85,15.2
2010,41,4116505,Nova Aliança Do Ivaí,0.717,0.691,0.673,0.794,2.78,1.01,11.42,97.36,92.35,52.33,11.0,25.81,528.26,0.34,21.32,2.77,0.36,98.41,100.0,21.97
2010,41,4116604,Nova América Da Colina,0.698,0.643,0.655,0.809,1.18,0.52,13.84,97.71,72.26,14.51,11.87,25.59,472.29,0.36,26.31,6.25,0.82,97.45,100.0,16.35
2010,41,4116703,Nova Aurora,0.733,0.642,0.726,0.844,0.96,1.55,5.01,95.84,85.47,14.44,11.2,26.98,734.83,0.55,27.0,8.4,2.19,95.14,99.83,9.83
2010,41,4116802,Nova Cantu,0.658,0.558,0.646,0.792,2.5,1.69,17.2,96.75,73.77,14.69,10.45,40.91,446.81,0.48,44.23,18.05,4.4,87.63,98.8,25.27
2010,41,4116901,Nova Esperança,0.722,0.628,0.723,0.829,0.98,1.47,8.81,98.68,77.53,17.33,9.45,28.18,719.26,0.46,16.83,4.17,0.78,94.0,99.96,14.58
2010,41,4116950,Nova Esperança Do Sudoeste,0.714,0.633,0.714,0.805,1.98,0.59,9.16,98.62,67.93,1.28,11.64,34.39,678.29,0.5,27.07,8.49,5.39,81.36,99.81,13.73
2010,41,4117008,Nova Fátima,0.688,0.584,0.681,0.819,2.14,0.46,13.62,99.35,72.4,21.08,11.31,38.0,555.2,0.45,28.85,8.84,1.66,98.47,99.36,17.97
2010,41,4117057,Nova Laranjeiras,0.642,0.517,0.614,0.833,1.02,0.66,12.37,95.51,52.0,9.57,9.98,39.43,366.26,0.56,57.85,36.01,17.71,79.1,93.87,34.76
2010,41,4117107,Nova Londrina,0.758,0.691,0.735,0.856,0.97,1.14,8.53,98.54,87.4,26.32,11.8,24.32,777.47,0.5,15.92,3.39,1.35,96.43,100.0,12.16
2010,41,4117206,Nova Olímpia,0.71,0.631,0.699,0.813,0.93,0.7,13.25,98.92,98.77,26.97,10.42,30.92,619.47,0.4,15.4,3.7,1.12,97.8,99.95,16.37
2010,41,4117214,Nova Santa Bárbara,0.68,0.588,0.668,0.799,1.37,1.15,16.41,97.63,73.99,34.9,10.39,35.27,511.42,0.49,37.87,17.66,7.02,94.68,99.93,18.5
2010,41,4117222,Nova Santa Rosa,0.731,0.66,0.732,0.809,0.22,0.54,3.2,99.49,78.95,22.43,11.1,27.36,758.84,0.41,14.02,2.94,0.13,93.6,100.0,9.13
2010,41,4117255,Nova Prata Do Iguaçu,0.716,0.646,0.711,0.798,1.17,0.81,10.19,97.9,70.84,18.97,11.21,28.39,668.06,0.46,25.35,9.72,3.68,95.46,100.0,14.76
2010,41,4117271,Nova Tebas,0.651,0.553,0.632,0.788,2.07,1.65,18.18,97.56,71.46,23.63,10.51,36.9,408.22,0.5,49.33,22.41,10.29,88.82,97.93,22.35
2010,41,4117297,Novo Itacolomi,0.71,0.633,0.681,0.831,2.19,2.01,10.35,97.83,82.39,43.87,9.83,27.16,553.56,0.38,23.79,5.86,0.27,78.05,100.0,8.0
2010,41,4117305,Ortigueira,0.609,0.441,0.632,0.811,1.37,1.81,18.33,95.1,41.53,13.71,8.68,54.19,408.86,0.49,47.5,23.38,6.92,86.83,98.69,26.26
2010,41,4117404,Ourizona,0.72,0.644,0.721,0.803,1.0,1.64,9.02,96.93,85.23,19.22,10.98,26.53,709.99,0.44,14.13,2.65,0.0,98.53,100.0,13.34
2010,41,4117453,Ouro Verde Do Oeste,0.709,0.634,0.688,0.817,0.25,0.87,10.07,98.82,60.53,6.02,10.19,29.47,578.86,0.41,23.05,5.51,1.39,98.81,100.0,12.57
2010,41,4117503,Paiçandu,0.716,0.632,0.697,0.833,1.16,0.75,7.6,97.17,86.52,23.79,10.33,25.13,610.64,0.36,13.88,2.77,0.62,99.66,99.51,14.9
2010,41,4117602,Palmas,0.66,0.505,0.687,0.827,2.51,1.99,9.31,92.81,63.21,19.34,8.23,42.06,575.55,0.54,37.91,16.63,4.71,98.52,99.23,30.31
2010,41,4117701,Palmeira,0.718,0.618,0.725,0.826,1.24,1.27,4.23,95.52,52.41,13.04,10.66,30.5,729.05,0.59,31.42,14.28,5.91,96.46,98.88,20.02
2010,41,4117800,Palmital,0.639,0.511,0.647,0.791,1.12,1.79,14.36,97.05,43.99,16.35,9.39,39.24,447.15,0.52,46.7,22.48,8.69,93.5,98.44,29.06
2010,41,4117909,Palotina,0.768,0.689,0.76,0.864,0.95,0.74,5.82,99.4,83.65,33.35,10.56,21.7,904.85,0.47,14.02,2.85,0.98,97.61,100.0,10.41
2010,41,4118006,Paraíso Do Norte,0.746,0.668,0.752,0.825,0.78,0.92,9.16,97.7,84.82,33.01,10.29,23.43,864.18,0.48,10.52,1.05,0.18,95.39,99.96,15.58
2010,41,4118105,Paranacity,0.717,0.638,0.689,0.839,1.08,1.57,10.85,98.99,83.19,15.97,10.39,24.89,582.06,0.4,20.82,4.19,0.49,96.53,99.67,13.44
2010,41,4118204,Paranaguá,0.75,0.676,0.733,0.852,1.07,1.08,3.88,97.95,67.65,11.1,10.87,18.72,765.85,0.52,24.56,8.1,2.13,98.36,99.5,28.22
2010,41,4118303,Paranapoema,0.709,0.629,0.68,0.834,3.3,1.63,13.18,98.35,100.0,18.39,9.7,29.17,549.69,0.43,26.89,6.56,1.94,98.67,99.46,19.01
2010,41,4118402,Paranavaí,0.763,0.703,0.75,0.844,1.31,1.12,7.0,98.65,83.6,31.61,11.34,19.04,852.66,0.48,13.6,3.79,0.97,98.23,99.92,14.2
2010,41,4118451,Pato Bragado,0.747,0.694,0.745,0.807,1.27,0.43,3.8,100.0,94.25,32.32,10.46,21.19,824.97,0.43,10.85,0.84,0.0,99.94,100.0,8.31
2010,41,4118501,Pato Branco,0.782,0.728,0.778,0.845,0.81,0.66,4.33,98.75,77.02,32.1,11.22,17.83,1013.22,0.51,13.67,3.71,1.57,95.04,99.88,10.66
2010,41,4118600,Paula Freitas,0.717,0.622,0.699,0.847,0.53,1.35,5.25,97.99,56.35,23.91,12.03,29.22,621.46,0.58,36.55,17.5,7.01,95.59,98.74,14.46
2010,41,4118709,Paulo Frontin,0.708,0.639,0.688,0.806,0.42,0.26,3.69,99.42,74.6,18.9,10.26,30.31,579.76,0.51,32.03,14.24,5.7,93.84,98.27,13.95
2010,41,4118808,Peabiru,0.723,0.629,0.727,0.826,2.53,1.49,10.42,98.0,84.95,29.09,9.69,28.52,737.63,0.54,27.49,7.61,2.65,98.35,99.68,15.36
2010,41,4118857,Perobal,0.713,0.638,0.684,0.83,1.1,0.34,12.26,98.07,93.15,31.91,11.39,30.04,565.43,0.41,24.69,5.02,1.8,89.93,99.58,15.88
2010,41,4118907,Pérola,0.7,0.607,0.704,0.804,0.34,0.4,8.68,99.42,82.17,25.19,9.91,31.42,637.59,0.37,12.84,2.1,0.18,87.93,99.88,9.73
2010,41,4119004,Pérola D'Oeste,0.726,0.679,0.697,0.809,1.58,0.54,9.73,99.15,83.88,22.12,12.03,31.3,613.32,0.44,24.16,9.1,2.77,95.71,99.01,15.19
2010,41,4119103,Piên,0.694,0.616,0.677,0.802,1.03,0.96,4.21,97.49,70.33,16.89,9.74,32.22,541.67,0.42,27.35,10.57,2.63,98.7,99.79,15.95
2010,41,4119152,Pinhais,0.751,0.666,0.761,0.836,0.85,0.67,3.35,97.21,80.01,31.19,10.42,18.41,911.51,0.48,11.94,3.0,0.65,99.09,100.0,19.68
2010,41,4119202,Pinhalão,0.697,0.601,0.679,0.828,1.41,1.19,11.64,99.32,54.15,19.07,10.02,28.55,545.95,0.49,34.66,10.67,1.08,94.51,99.68,19.29
2010,41,4119251,Pinhal De São Bento,0.695,0.626,0.669,0.801,0.89,0.55,8.85,99.63,95.75,48.51,10.51,35.97,514.89,0.37,25.52,4.41,0.99,78.1,99.72,13.21
2010,41,4119301,Pinhão,0.654,0.534,0.649,0.806,1.73,1.72,12.28,96.01,57.5,23.09,9.54,40.23,454.31,0.53,47.18,24.66,10.89,87.28,95.17,28.8
2010,41,4119400,Piraí Do Sul,0.708,0.619,0.702,0.816,0.98,1.07,6.69,97.54,68.64,9.87,8.48,31.71,631.84,0.56,35.91,11.89,2.82,86.19,98.99,20.9
2010,41,4119509,Piraquara,0.7,0.574,0.689,0.869,1.41,1.12,5.0,96.46,63.48,16.64,8.99,28.1,581.74,0.41,23.29,6.67,2.03,99.16,99.84,26.68
2010,41,4119608,Pitanga,0.702,0.621,0.696,0.802,1.28,1.44,10.49,99.02,66.91,18.6,10.11,29.98,609.77,0.52,34.2,14.41,4.85,89.82,98.69,18.41
2010,41,4119657,Pitangueiras,0.71,0.634,0.67,0.842,0.93,0.0,12.24,100.0,100.0,46.92,11.91,28.41,518.34,0.33,18.08,1.66,0.61,85.81,100.0,13.87
2010,41,4119707,Planaltina Do Paraná,0.705,0.646,0.682,0.795,1.08,1.21,13.12,100.0,75.41,30.88,11.97,31.73,556.04,0.43,25.01,8.54,4.15,83.0,90.19,19.79
2010,41,4119806,Planalto,0.706,0.636,0.704,0.786,1.05,0.87,9.4,99.81,86.8,27.31,10.41,29.81,641.16,0.47,26.19,9.57,2.5,96.33,100.0,13.02
2010,41,4119905,Ponta Grossa,0.763,0.703,0.755,0.837,1.06,0.8,3.67,98.18,76.77,22.88,10.34,18.9,877.1,0.54,21.4,6.72,1.63,98.78,99.63,19.92
2010,41,4119954,Pontal Do Paraná,0.738,0.655,0.737,0.831,1.25,0.84,4.83,97.37,75.6,28.25,10.64,23.83,782.87,0.51,22.49,5.98,1.46,99.04,99.73,18.47
2010,41,4120002,Porecatu,0.738,0.661,0.728,0.834,1.17,0.9,9.42,96.89,94.3,34.36,9.53,20.0,742.25,0.44,13.84,1.95,0.47,98.89,99.96,14.3
2010,41,4120101,Porto Amazonas,0.7,0.595,0.708,0.815,0.29,1.08,6.47,97.79,77.44,31.98,10.42,33.64,655.76,0.51,26.77,6.38,2.14,98.12,99.93,20.8
2010,41,4120150,Porto Barreiro,0.688,0.588,0.676,0.821,1.53,0.87,10.39,99.52,64.42,2.37,11.1,34.73,535.4,0.52,40.02,18.74,4.95,75.59,90.33,20.98
2010,41,4120200,Porto Rico,0.735,0.68,0.691,0.846,2.0,2.42,12.61,97.07,72.66,36.3,11.84,22.31,590.58,0.48,27.3,7.08,2.68,93.23,99.83,18.33
2010,41,4120309,Porto Vitória,0.685,0.6,0.674,0.796,1.55,0.88,6.04,98.06,62.55,11.04,10.7,32.05,531.11,0.44,33.92,11.48,1.49,89.22,97.69,18.85
2010,41,4120333,Prado Ferreira,0.71,0.593,0.707,0.852,2.02,1.95,12.52,97.86,83.99,29.51,10.17,36.35,652.38,0.49,22.28,5.49,1.14,94.62,99.67,17.84
2010,41,4120358,Pranchita,0.752,0.696,0.743,0.821,1.57,1.71,9.45,99.62,93.38,21.08,12.59,28.63,815.6,0.52,21.97,10.91,3.73,90.67,99.74,11.15
2010,41,4120408,Presidente Castelo Branco,0.713,0.608,0.695,0.857,2.02,0.7,12.43,99.04,89.6,29.61,10.36,27.15,603.83,0.37,13.79,2.67,1.33,98.51,100.0,12.71
2010,41,4120507,Primeiro De Maio,0.701,0.599,0.695,0.826,1.08,0.53,10.48,97.25,72.71,26.08,10.04,33.5,604.96,0.45,27.86,7.03,1.83,92.57,100.0,15.1
2010,41,4120606,Prudentópolis,0.676,0.577,0.664,0.807,1.27,1.2,7.9,97.02,59.34,13.63,10.27,37.34,497.84,0.47,36.79,16.72,6.5,95.4,95.41,22.56
2010,41,4120655,Quarto Centenário,0.71,0.603,0.724,0.819,0.31,0.67,12.76,98.35,90.68,29.47,10.07,31.85,723.41,0.61,30.48,10.8,4.02,92.79,99.94,13.74
2010,41,4120705,Quatiguá,0.714,0.655,0.691,0.803,2.05,0.56,8.46,98.98,77.26,18.73,10.08,28.53,590.85,0.41,20.64,6.27,1.01,97.75,100.0,9.04
2010,41,4120804,Quatro Barras,0.742,0.665,0.74,0.831,1.45,0.52,4.7,97.07,74.81,28.33,9.35,19.14,800.4,0.47,14.72,3.92,1.57,98.01,99.87,19.28
2010,41,4120853,Quatro Pontes,0.791,0.748,0.79,0.838,0.0,0.0,1.24,99.17,86.59,37.61,12.14,23.26,1093.43,0.47,4.48,0.93,0.0,98.8,100.0,4.98
2010,41,4120903,Quedas Do Iguaçu,0.681,0.576,0.69,0.794,1.87,1.61,11.14,97.14,43.42,17.54,8.76,35.25,586.88,0.58,36.1,20.83,12.23,93.84,98.29,21.49
2010,41,4121000,Querência Do Norte,0.688,0.604,0.667,0.808,1.31,0.94,15.36,99.04,90.91,31.14,11.43,31.46,509.13,0.5,38.85,15.0,4.09,90.87,99.63,19.89
2010,41,4121109,Quinta Do Sol,0.715,0.631,0.689,0.842,2.73,2.31,16.45,96.07,86.1,18.95,8.9,34.0,583.64,0.44,24.56,6.99,1.83,96.22,99.79,14.86
2010,41,4121208,Quitandinha,0.68,0.603,0.648,0.806,0.54,1.14,7.11,98.41,44.76,11.08,10.07,31.92,452.08,0.47,40.99,17.87,6.88,95.72,99.75,17.11
2010,41,4121257,Ramilândia,0.63,0.489,0.639,0.802,1.6,1.13,15.37,97.86,70.31,22.35,8.58,44.18,426.7,0.48,43.21,21.21,9.37,94.0,99.22,26.27
2010,41,4121307,Rancho Alegre,0.707,0.633,0.691,0.808,0.7,1.83,11.08,98.43,93.14,35.2,11.91,30.46,590.51,0.49,28.35,10.53,2.68,98.3,100.0,16.14
2010,41,4121356,Rancho Alegre D'Oeste,0.704,0.625,0.673,0.831,1.52,0.63,13.83,98.68,98.74,21.37,10.91,39.9,528.21,0.44,31.3,8.82,1.67,96.53,100.0,19.59
2010,41,4121406,Realeza,0.722,0.63,0.72,0.83,1.37,0.55,7.82,97.34,80.79,31.0,10.87,30.27,704.94,0.43,17.45,6.11,1.16,84.09,99.87,9.9
2010,41,4121505,Rebouças,0.672,0.576,0.647,0.814,0.27,0.82,6.85,98.26,53.87,11.79,11.6,37.6,449.27,0.51,45.0,23.22,10.54,97.11,97.28,20.45
2010,41,4121604,Renascença,0.733,0.63,0.746,0.838,1.31,3.03,9.74,97.71,75.02,23.67,10.56,32.56,831.49,0.58,29.27,12.52,4.74,91.26,93.12,14.2
2010,41,4121703,Reserva,0.618,0.461,0.65,0.786,1.37,1.61,14.76,96.21,54.09,16.22,8.38,51.01,457.88,0.5,44.62,20.38,4.87,92.97,98.62,27.21
2010,41,4121752,Reserva Do Iguaçu,0.648,0.521,0.636,0.82,1.59,0.93,11.96,98.35,77.31,26.97,10.53,43.24,419.62,0.57,53.48,27.81,13.61,86.67,94.84,30.13
2010,41,4121802,Ribeirão Claro,0.716,0.627,0.704,0.832,1.29,0.7,7.45,98.21,78.43,15.65,10.48,27.75,639.91,0.52,28.99,9.98,5.29,86.26,99.9,16.6
2010,41,4121901,Ribeirão Do Pinhal,0.701,0.611,0.684,0.824,1.49,0.13,15.38,98.53,81.24,18.77,11.07,34.88,563.87,0.5,33.62,11.9,2.39,97.42,100.0,17.86
2010,41,4122008,Rio Azul,0.687,0.544,0.728,0.819,1.78,2.0,4.17,96.22,54.25,6.2,10.22,38.91,740.31,0.63,34.35,14.56,7.08,93.82,97.43,20.77
2010,41,4122107,Rio Bom,0.729,0.681,0.672,0.848,0.95,0.0,8.46,100.0,95.9,37.03,11.38,26.37,524.89,0.43,32.47,8.51,3.93,96.36,100.0,18.51
2010,41,4122156,Rio Bonito Do Iguaçu,0.629,0.498,0.631,0.792,1.18,1.37,10.86,97.58,62.79,15.05,9.01,48.02,405.76,0.5,49.02,24.24,9.67,84.84,97.58,23.08
2010,41,4122172,Rio Branco Do Ivaí,0.64,0.537,0.624,0.783,1.15,2.28,14.99,97.18,57.08,2.84,10.58,41.93,387.85,0.49,51.25,22.09,8.81,90.09,98.75,26.61
2010,41,4122206,Rio Branco Do Sul,0.679,0.545,0.679,0.847,1.4,1.24,10.47,93.86,47.1,8.62,8.84,36.56,548.8,0.47,30.27,10.66,3.8,78.13,98.62,29.47
2010,41,4122305,Rio Negro,0.76,0.705,0.721,0.863,1.11,0.92,3.54,98.24,74.34,26.52,10.32,20.37,709.13,0.48,22.53,7.2,1.97,97.14,99.94,17.57
2010,41,4122404,Rolândia,0.739,0.661,0.744,0.821,0.72,0.74,6.17,97.51,77.82,21.91,10.01,22.61,819.52,0.45,12.9,2.6,0.49,99.22,100.0,12.62
2010,41,4122503,Roncador,0.681,0.595,0.665,0.797,1.44,1.73,15.55,98.71,89.56,21.21,10.21,37.78,500.36,0.53,41.92,18.25,6.64,92.79,99.52,19.27
2010,41,4122602,Rondon,0.713,0.61,0.724,0.82,1.47,1.03,10.67,96.94,92.24,41.28,9.5,31.71,724.58,0.41,10.64,1.32,0.2,96.73,99.88,13.89
2010,41,4122651,Rosário Do Ivaí,0.662,0.577,0.638,0.788,1.39,2.64,19.53,96.79,65.0,15.26,12.06,37.87,422.97,0.47,44.4,20.67,7.67,84.41,98.77,18.46
2010,41,4122701,Sabáudia,0.74,0.676,0.71,0.843,0.73,0.54,9.74,98.58,83.56,38.56,10.89,27.34,663.2,0.41,18.11,4.61,1.35,91.27,99.97,13.49
2010,41,4122800,Salgado Filho,0.7,0.604,0.682,0.831,0.78,2.95,10.86,98.27,76.68,26.24,12.16,35.69,557.15,0.46,30.43,11.41,3.35,92.06,96.68,16.63
2010,41,4122909,Salto Do Itararé,0.704,0.631,0.661,0.836,1.45,1.37,14.92,98.4,65.75,35.57,11.54,33.14,490.56,0.42,35.4,10.43,4.11,92.37,99.66,14.04
2010,41,4123006,Salto Do Lontra,0.718,0.625,0.707,0.839,1.5,1.15,9.73,96.5,76.57,18.94,10.18,29.12,650.57,0.46,23.47,8.43,1.64,94.74,99.4,16.68
2010,41,4123105,Santa Amélia,0.653,0.526,0.655,0.809,0.93,2.6,11.19,96.85,77.33,29.98,11.15,41.86,470.75,0.41,30.62,11.12,2.04,92.72,100.0,16.58
2010,41,4123204,Santa Cecília Do Pavão,0.723,0.661,0.681,0.838,2.21,3.05,17.83,97.81,79.47,37.9,11.69,31.6,553.12,0.47,30.95,12.23,3.35,97.94,99.9,14.24
2010,41,4123303,Santa Cruz De Monte Castelo,0.71,0.633,0.681,0.831,1.14,1.12,12.91,98.66,73.36,17.43,11.56,26.53,552.67,0.38,21.34,5.14,1.6,85.06,100.0,16.2
2010,41,4123402,Santa Fé,0.705,0.601,0.721,0.808,0.78,0.74,8.7,97.88,86.15,53.53,11.16,27.01,709.44,0.41,13.13,2.24,0.33,94.27,99.9,14.25
2010,41,4123501,Santa Helena,0.744,0.678,0.738,0.823,0.85,0.88,7.7,99.4,84.98,41.39,10.89,27.09,791.53,0.52,21.63,6.48,1.08,95.68,99.82,13.3
2010,41,4123600,Santa Inês,0.717,0.659,0.675,0.827,0.0,0.88,13.0,100.0,94.31,46.21,10.31,28.07,533.95,0.38,22.81,3.38,2.14,99.66,100.0,13.52
2010,41,4123709,Santa Isabel Do Ivaí,0.72,0.656,0.697,0.817,2.11,0.69,12.08,100.0,85.83,16.27,9.96,26.71,610.69,0.41,20.27,5.2,1.43,96.45,99.96,9.99
2010,41,4123808,Santa Izabel Do Oeste,0.696,0.603,0.677,0.826,1.43,1.72,9.78,97.06,59.97,19.1,10.69,29.47,540.49,0.45,31.1,11.23,4.1,95.39,99.71,21.13
2010,41,4123824,Santa Lúcia,0.687,0.592,0.688,0.795,1.82,1.0,12.92,97.04,49.26,1.62,11.21,34.57,578.04,0.44,26.72,10.05,3.5,81.82,99.92,13.54
2010,41,4123857,Santa Maria Do Oeste,0.609,0.477,0.6,0.79,1.58,1.12,14.44,95.54,36.36,5.81,10.08,42.05,334.84,0.48,54.62,28.21,13.56,86.08,97.74,30.89
2010,41,4123907,Santa Mariana,0.7,0.624,0.684,0.804,1.73,1.03,13.7,98.15,69.42,25.11,10.96,32.16,564.1,0.43,27.23,8.3,1.72,99.42,99.87,12.93
2010,41,4123956,Santa Mônica,0.704,0.63,0.698,0.792,1.74,1.9,12.87,99.57,82.27,32.42,11.63,28.26,614.27,0.48,26.26,5.04,0.27,89.24,100.0,17.75
2010,41,4124004,Santana Do Itararé,0.687,0.585,0.654,0.848,1.19,0.68,16.1,97.57,78.71,16.48,11.12,37.1,467.18,0.5,41.07,14.8,6.95,90.71,99.35,16.15
2010,41,4124020,Santa Tereza Do Oeste,0.705,0.632,0.686,0.808,0.96,0.75,7.45,97.7,77.28,21.92,10.12,28.32,573.27,0.44,27.76,8.81,2.73,96.03,99.52,17.24
2010,41,4124053,Santa Terezinha De Itaipu,0.738,0.689,0.716,0.814,1.06,1.02,7.26,99.57,97.3,38.82,11.73,21.01,688.34,0.44,21.21,6.48,2.05,97.79,100.0,14.54
2010,41,4124103,Santo Antônio Da Platina,0.718,0.617,0.733,0.817,2.8,1.72,9.75,96.23,51.65,17.29,9.54,26.65,765.04,0.54,23.53,8.2,1.4,93.93,99.91,17.7
2010,41,4124202,Santo Antônio Do Caiuá,0.696,0.632,0.65,0.82,2.38,1.18,12.98,98.07,100.0,56.44,11.3,28.67,455.52,0.35,28.88,8.32,2.73,91.74,99.75,12.11
2010,41,4124301,Santo Antônio Do Paraíso,0.716,0.662,0.683,0.813,2.3,1.82,13.07,97.73,89.48,29.58,12.8,23.94,561.33,0.48,31.99,7.32,0.91,97.35,99.54,14.25
2010,41,4124400,Santo Antônio Do Sudoeste,0.671,0.543,0.69,0.807,1.55,2.09,11.66,96.57,57.78,16.05,10.51,40.7,585.95,0.52,33.36,14.5,5.74,96.18,99.63,20.01
2010,41,4124509,Santo Inácio,0.739,0.641,0.746,0.843,0.6,0.7,9.37,99.26,90.56,12.12,10.66,25.65,829.4,0.53,18.51,4.19,0.82,93.2,99.9,16.19
2010,41,4124608,São Carlos Do Ivaí,0.682,0.547,0.703,0.825,0.23,0.79,10.77,98.26,61.14,18.42,10.05,35.38,635.85,0.4,16.82,5.75,0.71,95.99,100.0,17.04
2010,41,4124707,São Jerônimo Da Serra,0.637,0.503,0.626,0.822,3.75,3.13,17.23,96.22,55.0,7.9,9.51,43.96,393.81,0.53,50.4,28.42,12.78,87.28,99.83,23.12
2010,41,4124806,São João,0.727,0.66,0.695,0.838,1.43,0.84,7.66,97.67,83.53,28.85,11.1,28.14,605.55,0.43,24.21,8.15,2.17,93.41,99.87,9.12
2010,41,4124905,São João Do Caiuá,0.664,0.551,0.678,0.785,2.61,1.65,13.19,95.01,91.78,28.9,10.36,37.64,545.41,0.44,29.36,7.28,1.92,97.41,99.94,18.18
2010,41,4125001,São João Do Ivaí,0.693,0.611,0.677,0.803,1.22,1.29,16.21,98.67,86.78,28.33,8.79,32.18,540.31,0.43,29.82,9.97,2.35,96.74,99.95,12.31
2010,41,4125100,São João Do Triunfo,0.629,0.475,0.655,0.801,1.52,1.13,7.84,96.92,52.2,7.89,9.88,46.98,471.43,0.49,40.15,18.76,7.08,91.22,97.73,23.91
2010,41,4125209,São Jorge D'Oeste,0.722,0.656,0.705,0.813,1.5,0.77,7.28,98.93,78.53,14.2,10.18,27.68,641.7,0.47,28.23,9.95,3.63,94.58,100.0,10.55
2010,41,4125308,São Jorge Do Ivaí,0.743,0.696,0.727,0.81,1.21,0.81,9.06,98.36,98.06,43.08,11.6,29.56,738.42,0.43,12.27,2.4,1.01,96.25,100.0,6.69
2010,41,4125357,São Jorge Do Patrocínio,0.676,0.543,0.702,0.81,0.27,1.16,14.47,97.2,87.74,44.21,10.87,41.22,630.8,0.4,15.93,2.17,0.34,99.75,100.0,14.3
2010,41,4125407,São José Da Boa Vista,0.671,0.594,0.651,0.781,1.06,0.26,11.44,99.19,65.54,17.91,10.02,35.44,458.85,0.43,36.55,13.38,2.6,86.55,99.84,18.07
2010,41,4125456,São José Das Palmeiras,0.713,0.627,0.686,0.844,1.44,0.44,13.84,99.54,85.47,27.49,10.19,27.32,570.26,0.45,28.17,8.35,1.55,87.65,100.0,15.87
2010,41,4125506,São José Dos Pinhais,0.758,0.678,0.749,0.859,1.02,0.79,3.4,97.44,73.5,24.01,9.68,18.44,846.93,0.45,12.32,2.56,0.66,98.85,99.91,18.95
2010,41,4125555,São Manoel Do Paraná,0.725,0.64,0.721,0.825,0.67,0.0,13.5,97.83,94.65,67.18,11.48,27.01,710.62,0.44,12.33,1.36,0.38,98.67,99.9,8.26
2010,41,4125605,São Mateus Do Sul,0.719,0.623,0.711,0.838,1.0,0.85,3.84,97.61,56.62,23.04,9.61,27.49,669.78,0.49,26.67,10.97,3.64,96.23,99.65,16.81
2010,41,4125704,São Miguel Do Iguaçu,0.704,0.588,0.726,0.818,1.22,0.71,8.04,99.01,83.23,26.75,9.41,34.57,734.88,0.54,27.92,10.86,4.05,93.63,99.11,15.19
2010,41,4125753,São Pedro Do Iguaçu,0.683,0.581,0.687,0.798,1.65,1.26,11.64,97.26,86.27,20.89,10.54,37.65,573.84,0.46,28.4,9.55,2.61,97.07,99.74,12.75
2010,41,4125803,São Pedro Do Ivaí,0.717,0.627,0.702,0.836,0.59,0.54,10.7,97.64,68.92,31.01,11.03,25.01,632.22,0.4,15.52,2.53,0.44,95.7,100.0,16.43
2010,41,4125902,São Pedro Do Paraná,0.704,0.616,0.678,0.836,0.0,1.56,12.57,100.0,91.32,33.69,11.3,29.79,544.76,0.4,24.23,5.11,0.55,74.61,98.42,8.45
2010,41,4126009,São Sebastião Da Amoreira,0.715,0.651,0.689,0.814,1.31,1.52,14.46,99.01,74.5,11.13,11.67,27.09,582.81,0.44,22.36,6.82,1.08,96.05,99.95,17.77
2010,41,4126108,São Tomé,0.725,0.66,0.707,0.816,1.81,0.34,9.12,98.69,84.77,17.84,11.08,28.22,651.78,0.38,15.3,1.7,0.16,98.46,100.0,12.33
2010,41,4126207,Sapopema,0.655,0.509,0.695,0.795,1.68,1.9,16.97,96.63,61.1,12.31,10.34,45.68,603.35,0.58,38.16,15.53,5.73,85.68,98.01,25.89
2010,41,4126256,Sarandi,0.695,0.579,0.681,0.85,1.26,1.08,7.09,96.33,71.26,27.66,9.7,30.86,554.48,0.35,19.01,5.22,0.95,96.87,99.89,20.34
2010,41,4126272,Saudade Do Iguaçu,0.699,0.611,0.695,0.803,1.22,0.0,8.26,99.06,89.37,20.71,11.16,33.19,604.56,0.47,30.45,12.12,4.08,95.06,99.45,20.1
2010,41,4126306,Sengés,0.663,0.546,0.658,0.811,1.36,1.3,8.43,97.73,44.18,3.08,10.81,40.42,479.7,0.51,43.83,17.32,5.54,88.86,99.32,27.31
2010,41,4126355,Serranópolis Do Iguaçu,0.762,0.662,0.778,0.859,0.68,0.41,4.07,100.0,100.0,39.08,10.7,28.06,1012.88,0.5,11.49,1.68,0.15,93.7,100.0,6.69
2010,41,4126405,Sertaneja,0.725,0.651,0.724,0.809,1.28,1.37,9.56,99.64,96.21,30.69,10.55,28.79,725.23,0.53,24.78,7.96,1.36,98.83,99.95,10.7
2010,41,4126504,Sertanópolis,0.723,0.655,0.719,0.804,1.08,0.48,6.78,97.09,89.62,38.79,9.48,26.13,701.27,0.43,16.31,3.18,0.85,98.6,99.93,13.37
2010,41,4126603,Siqueira Campos,0.704,0.588,0.708,0.839,1.6,0.59,8.8,97.49,64.05,15.63,9.36,31.71,655.16,0.49,24.64,5.85,0.76,92.36,99.97,12.19
2010,41,4126652,Sulina,0.693,0.57,0.684,0.854,0.92,1.89,8.41,99.24,84.73,12.6,9.74,37.42,563.32,0.47,31.64,12.78,3.94,90.81,99.8,14.59
2010,41,4126678,Tamarana,0.621,0.46,0.628,0.829,3.57,3.69,15.25,94.4,50.18,18.08,7.67,41.94,398.24,0.47,47.38,22.57,9.76,75.05,91.71,32.09
2010,41,4126702,Tamboara,0.731,0.674,0.679,0.852,0.33,0.0,10.94,98.32,85.04,27.65,10.6,22.62,546.32,0.34,18.17,1.94,0.11,96.38,100.0,14.36
2010,41,4126801,Tapejara,0.703,0.612,0.694,0.819,1.03,1.11,11.77,98.35,83.8,18.94,10.92,32.02,599.13,0.39,18.47,2.9,0.59,95.7,100.0,15.71
2010,41,4126900,Tapira,0.697,0.619,0.689,0.794,1.86,1.69,13.9,99.22,84.2,25.79,11.43,34.21,583.51,0.42,23.07,5.69,0.87,95.49,99.45,12.69
2010,41,4127007,Teixeira Soares,0.671,0.544,0.676,0.822,1.3,1.05,5.5,96.78,50.06,7.71,9.64,37.64,536.39,0.51,37.57,14.73,5.19,93.89,99.31,21.6
2010,41,4127106,Telêmaco Borba,0.734,0.657,0.726,0.828,1.14,0.98,7.35,98.4,77.93,17.97,9.74,24.05,732.78,0.49,23.58,7.05,2.53,99.42,99.69,21.93
2010,41,4127205,Terra Boa,0.728,0.68,0.708,0.803,0.85,1.04,8.67,98.76,92.36,26.93,11.41,25.15,653.34,0.4,12.97,2.3,0.26,99.32,99.97,13.06
2010,41,4127304,Terra Rica,0.71,0.613,0.698,0.837,1.82,1.42,10.74,98.79,73.57,14.46,10.89,27.97,614.23,0.39,16.87,3.79,1.42,90.31,99.96,14.18
2010,41,4127403,Terra Roxa,0.714,0.639,0.697,0.818,1.67,0.56,10.05,97.71,75.59,24.13,10.56,30.02,611.85,0.42,21.29,7.33,1.98,97.62,99.81,13.2
2010,41,4127502,Tibagi,0.664,0.519,0.678,0.832,1.49,1.66,12.12,96.65,54.68,8.33,10.33,38.22,543.05,0.55,41.75,16.14,4.69,91.68,98.99,25.36
2010,41,4127601,Tijucas Do Sul,0.636,0.479,0.679,0.792,1.32,0.88,8.59,97.25,74.09,24.17,9.51,46.44,547.62,0.47,32.57,11.11,3.89,91.85,99.79,17.69
2010,41,4127700,Toledo,0.768,0.702,0.755,0.855,0.96,0.61,4.6,98.76,92.07,32.96,11.59,19.49,876.72,0.46,12.96,2.88,0.78,99.22,99.97,10.11
2010,41,4127809,Tomazina,0.699,0.622,0.661,0.829,1.89,0.21,13.23,98.4,47.88,14.9,11.55,32.61,489.45,0.45,36.43,11.9,4.15,81.13,99.89,13.91
2010,41,4127858,Três Barras Do Paraná,0.681,0.557,0.683,0.831,0.94,0.69,12.48,98.3,31.6,8.9,11.06,33.52,562.22,0.5,37.58,16.43,7.37,91.45,99.36,14.33
2010,41,4127882,Tunas Do Paraná,0.611,0.444,0.641,0.801,6.46,4.46,18.25,97.39,54.04,13.67,7.4,54.55,431.27,0.52,51.59,20.38,5.09,61.87,98.74,37.05
2010,41,4127908,Tuneiras Do Oeste,0.695,0.629,0.662,0.805,1.15,0.58,9.49,97.71,83.18,21.57,11.42,28.43,493.46,0.38,30.43,5.54,1.22,94.55,99.55,13.79
2010,41,4127957,Tupãssi,0.73,0.649,0.721,0.83,1.55,1.36,6.82,98.56,94.88,40.78,11.17,29.14,711.31,0.47,19.35,4.17,1.04,93.75,100.0,9.14
2010,41,4127965,Turvo,0.672,0.549,0.668,0.828,1.82,1.14,12.3,97.48,69.71,9.81,9.25,40.37,512.21,0.52,42.09,17.24,6.15,78.56,94.52,21.99
2010,41,4128005,Ubiratã,0.739,0.669,0.706,0.854,1.51,0.93,9.63,97.67,89.92,36.69,10.27,29.39,648.36,0.46,25.27,7.95,1.81,97.51,99.79,12.88
2010,41,4128104,Umuarama,0.761,0.698,0.755,0.836,0.95,0.78,6.15,97.91,83.98,29.24,10.64,21.0,880.6,0.48,14.17,2.79,0.59,98.96,100.0,11.86
2010,41,4128203,União Da Vitória,0.74,0.68,0.713,0.837,0.63,0.61,4.04,98.17,70.96,28.59,10.21,22.64,674.29,0.48,24.61,9.46,2.04,96.38,99.45,18.05
2010,41,4128302,Uniflor,0.72,0.655,0.69,0.826,3.24,1.33,10.27,98.16,88.8,50.91,11.71,25.51,586.3,0.37,14.92,2.47,0.58,88.43,99.91,12.19
2010,41,4128401,Uraí,0.721,0.655,0.698,0.821,0.67,0.65,11.07,98.65,88.1,47.28,11.08,30.48,617.75,0.48,28.98,7.82,1.27,96.98,99.91,13.78
2010,41,4128500,Wenceslau Braz,0.687,0.594,0.692,0.79,1.53,1.89,10.96,98.21,38.18,12.79,9.87,31.52,594.42,0.52,35.98,13.24,3.76,92.72,99.68,19.01
2010,41,4128534,Ventania,0.65,0.543,0.633,0.798,1.24,1.75,14.88,95.69,71.21,6.32,10.43,40.56,411.92,0.42,41.64,13.81,3.95,92.88,99.5,26.09
2010,41,4128559,Vera Cruz Do Oeste,0.699,0.601,0.702,0.811,2.12,0.37,11.11,97.72,65.9,4.06,10.87,31.23,632.91,0.54,33.81,14.51,6.32,91.71,99.86,12.24
2010,41,4128609,Verê,0.72,0.626,0.709,0.84,1.69,0.91,10.79,98.05,97.73,21.4,11.55,28.01,661.18,0.47,23.99,9.29,3.64,92.27,100.0,6.6
2010,41,4128625,Alto Paraíso,0.678,0.556,0.677,0.829,0.43,2.22,14.66,99.47,82.21,8.39,8.91,38.62,540.24,0.52,35.17,16.59,6.99,81.98,99.7,15.44
2010,41,4128633,Doutor Ulysses,0.546,0.362,0.57,0.791,2.61,1.64,17.34,94.4,30.14,7.56,7.91,54.32,277.33,0.49,63.97,38.11,18.88,71.16,96.76,32.57
2010,41,4128658,Virmond,0.722,0.628,0.708,0.848,1.45,0.0,7.2,99.55,73.17,16.82,11.61,32.44,655.2,0.53,31.35,14.58,7.74,92.48,98.52,17.51
2010,41,4128708,Vitorino,0.702,0.582,0.728,0.818,1.27,0.99,5.7,97.42,81.7,20.45,9.67,33.23,742.97,0.48,21.04,7.99,2.71,91.19,99.48,14.14
2010,41,4128807,Xambrê,0.706,0.606,0.703,0.825,0.82,0.33,12.86,98.5,75.15,15.77,10.08,31.62,633.91,0.48,24.36,7.01,2.11,79.14,99.83,11.09
2010,42,4200051,Abdon Batista,0.694,0.625,0.66,0.812,1.14,0.69,9.73,100.0,83.22,8.4,9.37,36.85,485.35,0.45,39.74,16.39,5.96,91.73,100.0,13.95
2010,42,4200101,Abelardo Luz,0.696,0.578,0.684,0.852,1.11,1.32,11.05,97.11,64.63,9.79,9.86,34.83,562.88,0.53,35.95,19.55,10.6,91.32,99.18,21.54
2010,42,4200200,Agrolândia,0.725,0.633,0.727,0.827,0.68,1.49,5.11,97.02,80.89,36.61,10.65,29.23,739.1,0.36,10.29,3.13,1.06,93.11,100.0,10.11
2010,42,4200309,Agronômica,0.741,0.595,0.774,0.884,1.84,0.36,5.58,94.45,72.83,31.35,8.5,30.54,985.65,0.47,10.37,1.8,0.51,88.94,100.0,15.19
2010,42,4200408,Água Doce,0.698,0.574,0.724,0.82,1.08,0.97,7.2,97.9,73.46,9.61,10.43,40.04,722.21,0.54,30.27,12.29,2.16,88.88,99.29,15.57
2010,42,4200507,Águas De Chapecó,0.713,0.629,0.712,0.811,1.47,0.65,6.4,99.29,80.04,20.56,10.51,34.24,673.13,0.44,21.12,8.04,2.34,90.86,99.5,14.21
2010,42,4200556,Águas Frias,0.745,0.661,0.728,0.86,1.14,1.48,9.09,100.0,79.32,25.36,11.91,31.35,743.13,0.38,13.03,5.95,3.26,88.67,99.28,7.56
2010,42,4200606,Águas Mornas,0.723,0.606,0.731,0.853,0.8,0.63,5.84,98.72,66.15,26.1,10.29,31.11,754.54,0.34,6.72,2.41,0.73,58.93,99.95,5.08
2010,42,4200705,Alfredo Wagner,0.668,0.481,0.702,0.882,0.88,0.86,9.4,92.8,35.97,14.72,10.04,43.25,630.54,0.46,25.23,12.22,7.02,66.68,99.96,9.45
2010,42,4200754,Alto Bela Vista,0.755,0.664,0.734,0.882,0.88,0.97,4.04,98.92,100.0,32.29,10.72,32.03,770.49,0.46,18.48,7.86,3.47,89.53,99.8,11.15
2010,42,4200804,Anchieta,0.699,0.608,0.703,0.8,0.87,1.07,7.21,99.76,94.21,37.34,11.77,35.76,636.15,0.44,23.73,10.1,2.74,92.97,99.74,18.07
2010,42,4200903,Angelina,0.687,0.581,0.699,0.797,2.25,1.46,10.49,99.26,93.93,18.52,10.95,40.31,618.55,0.47,28.08,9.69,2.83,69.37,99.61,8.4
2010,42,4201000,Anita Garibaldi,0.688,0.592,0.667,0.826,1.36,1.54,13.29,96.11,81.28,31.22,9.45,35.98,506.94,0.5,39.44,19.41,7.09,84.57,99.67,10.33
2010,42,4201109,Anitápolis,0.674,0.524,0.699,0.836,1.39,3.8,10.7,98.47,80.36,38.4,7.44,50.84,620.8,0.44,22.12,7.66,1.13,81.12,99.61,8.06
2010,42,4201208,Antônio Carlos,0.749,0.615,0.768,0.89,0.78,0.48,4.11,96.55,84.9,14.91,10.55,34.47,952.53,0.43,7.1,1.01,0.13,71.49,100.0,6.42
2010,42,4201257,Apiúna,0.708,0.584,0.735,0.827,0.98,1.79,5.93,97.81,64.96,37.0,10.23,36.72,776.69,0.39,10.81,2.95,1.38,78.17,99.89,11.01
2010,42,4201273,Arabutã,0.733,0.614,0.744,0.863,1.21,0.47,4.04,99.67,93.82,26.9,10.73,34.99,820.78,0.45,17.1,7.77,4.95,78.79,99.9,7.21
2010,42,4201307,Araquari,0.703,0.602,0.696,0.83,1.02,1.3,5.68,96.04,64.73,20.41,9.48,24.26,609.76,0.4,20.02,4.69,1.22,96.64,99.5,25.7
2010,42,4201406,Araranguá,0.76,0.691,0.745,0.853,0.88,0.85,4.45,98.38,75.67,29.05,11.04,21.58,827.2,0.45,12.99,2.9,0.79,97.1,99.97,12.42
2010,42,4201505,Armazém,0.77,0.698,0.743,0.882,1.73,1.37,5.8,98.46,92.05,49.43,10.88,23.34,814.95,0.44,8.41,1.58,0.31,82.27,100.0,9.96
2010,42,4201604,Arroio Trinta,0.764,0.653,0.781,0.873,0.0,1.05,5.54,99.3,100.0,43.07,9.56,27.35,1029.14,0.45,4.59,0.76,0.42,83.27,99.93,4.16
2010,42,4201653,Arvoredo,0.715,0.61,0.713,0.842,1.47,1.54,9.87,97.44,77.4,11.82,12.01,26.1,675.6,0.36,13.64,3.76,2.28,79.17,99.92,14.43
2010,42,4201703,Ascurra,0.742,0.636,0.739,0.868,1.11,0.51,4.1,97.94,77.05,53.07,10.12,28.61,793.09,0.35,8.6,0.57,0.0,95.04,100.0,10.17
2010,42,4201802,Atalanta,0.733,0.668,0.736,0.802,0.86,0.5,3.96,98.99,89.37,39.18,8.77,25.14,781.32,0.44,18.14,5.42,1.42,90.91,100.0,5.42
2010,42,4201901,Aurora,0.733,0.606,0.748,0.87,0.79,0.62,4.61,99.26,90.72,42.19,11.02,37.51,841.85,0.4,12.09,4.57,3.14,72.13,99.91,11.21
2010,42,4201950,Balneário Arroio Do Silva,0.746,0.642,0.753,0.858,1.61,0.62,4.94,98.07,58.72,34.43,10.1,26.91,866.42,0.53,20.29,5.51,1.68,99.61,99.94,15.35
2010,42,4202008,Balneário Camboriú,0.845,0.789,0.854,0.894,0.73,0.56,1.5,98.34,88.79,44.64,10.47,10.92,1625.59,0.52,4.63,0.95,0.21,99.03,100.0,14.8
2010,42,4202057,Balneário Barra Do Sul,0.716,0.611,0.713,0.844,0.34,1.83,3.71,98.75,80.64,21.73,9.81,30.47,676.33,0.41,19.08,3.89,0.26,98.93,99.53,13.49
2010,42,4202073,Balneário Gaivota,0.728,0.622,0.734,0.844,1.2,1.43,6.3,98.68,63.44,31.38,10.26,33.77,768.73,0.47,17.21,3.19,0.46,98.65,100.0,11.34
2010,42,4202081,Bandeirante,0.672,0.565,0.675,0.795,0.0,1.71,8.92,99.17,77.13,3.64,9.14,36.65,534.25,0.4,26.6,15.18,4.19,90.43,99.78,20.56
2010,42,4202099,Barra Bonita,0.701,0.599,0.692,0.83,2.16,2.34,13.57,96.4,89.26,4.29,11.28,37.22,594.28,0.4,21.56,8.48,2.32,93.93,100.0,12.26
2010,42,4202107,Barra Velha,0.738,0.639,0.735,0.857,1.3,0.94,4.63,96.83,75.08,34.02,9.99,25.82,773.05,0.44,15.94,3.56,1.06,98.63,99.67,18.24
2010,42,4202131,Bela Vista Do Toldo,0.675,0.598,0.624,0.826,1.65,0.86,5.47,98.93,72.16,17.31,11.14,33.07,389.28,0.46,45.29,20.14,11.67,96.55,99.79,18.85
2010,42,4202156,Belmonte,0.705,0.611,0.699,0.82,0.54,1.36,9.39,100.0,90.93,11.96,11.28,31.98,620.67,0.45,26.96,10.19,1.89,89.38,100.0,23.13
2010,42,4202206,Benedito Novo,0.74,0.645,0.723,0.868,0.92,0.21,4.09,98.26,95.25,42.67,9.44,25.58,717.89,0.36,9.55,3.5,0.76,82.42,100.0,9.68
2010,42,4202305,Biguaçu,0.739,0.659,0.733,0.836,1.06,0.87,4.61,96.87,69.37,29.76,10.07,19.71,764.37,0.39,11.57,2.64,0.5,85.61,99.68,16.81
2010,42,4202404,Blumenau,0.806,0.722,0.812,0.894,0.85,0.54,1.77,97.04,78.31,50.02,9.97,15.37,1253.17,0.46,4.41,1.02,0.12,97.89,99.97,11.6
2010,42,4202438,Bocaina Do Sul,0.647,0.549,0.642,0.768,3.32,0.95,11.26,96.75,65.94,24.22,8.37,37.8,434.87,0.41,40.11,12.6,2.46,70.54,97.74,7.73
2010,42,4202453,Bombinhas,0.781,0.732,0.753,0.864,1.05,0.95,3.46,99.06,95.49,44.54,10.44,19.36,865.15,0.44,10.25,1.84,0.3,93.26,99.86,14.67
2010,42,4202503,Bom Jardim Da Serra,0.696,0.568,0.71,0.835,2.29,0.75,8.39,97.85,57.3,21.94,9.59,37.13,665.6,0.57,36.46,15.42,2.44,79.2,99.93,8.65
2010,42,4202537,Bom Jesus,0.718,0.606,0.74,0.827,1.0,3.36,10.55,97.97,81.85,24.36,8.0,27.57,798.97,0.55,26.39,10.74,3.67,94.13,99.64,14.1
2010,42,4202578,Bom Jesus Do Oeste,0.712,0.601,0.725,0.83,0.0,0.0,7.16,100.0,85.09,3.4,10.33,32.57,728.09,0.39,13.23,4.04,0.56,95.68,100.0,6.07
2010,42,4202602,Bom Retiro,0.699,0.559,0.704,0.869,1.0,1.46,10.2,96.29,71.48,20.81,9.05,39.44,638.85,0.46,26.86,9.68,1.22,90.47,99.07,13.19
2010,42,4202701,Botuverá,0.724,0.604,0.741,0.848,0.42,0.45,5.85,99.0,70.15,1.39,10.53,36.63,805.77,0.28,3.79,0.62,0.07,82.96,100.0,7.69
2010,42,4202800,Braço Do Norte,0.778,0.716,0.746,0.881,0.62,0.89,3.54,98.94,87.15,51.03,10.74,18.88,831.77,0.41,8.47,1.77,0.21,94.72,100.0,8.81
2010,42,4202859,Braço Do Trombudo,0.78,0.702,0.766,0.883,1.56,0.0,3.37,98.93,96.73,54.52,10.49,20.96,941.12,0.36,5.61,0.78,0.29,94.91,100.0,8.0
2010,42,4202875,Brunópolis,0.661,0.545,0.646,0.819,1.69,2.53,13.63,98.72,71.21,12.17,10.21,41.88,446.48,0.47,40.03,19.77,9.79,80.11,98.8,9.49
2010,42,4202909,Brusque,0.795,0.707,0.794,0.894,0.84,0.77,2.68,97.98,86.25,31.25,10.18,18.1,1116.93,0.4,3.45,0.89,0.29,96.33,99.92,11.54
2010,42,4203006,Caçador,0.735,0.62,0.728,0.878,1.3,1.1,5.93,95.96,69.2,18.12,9.83,27.51,744.28,0.48,21.4,6.93,1.6,95.77,99.69,17.64
2010,42,4203105,Caibi,0.728,0.631,0.737,0.83,1.17,0.6,8.39,98.65,95.7,32.83,9.46,33.08,783.57,0.44,16.72,6.06,1.68,82.92,99.74,8.34
2010,42,4203154,Calmon,0.622,0.5,0.618,0.779,1.5,0.48,10.84,95.59,73.83,31.17,9.72,42.3,373.86,0.42,48.11,18.69,2.75,89.64,99.05,32.08
2010,42,4203204,Camboriú,0.726,0.6,0.736,0.866,0.96,0.82,4.04,96.59,74.69,33.57,9.15,25.13,781.76,0.4,11.57,2.78,0.12,97.15,100.0,26.21
2010,42,4203253,Capão Alto,0.654,0.516,0.68,0.796,1.44,0.67,9.89,99.29,58.81,28.24,9.37,38.93,550.84,0.51,35.36,12.53,3.7,73.38,99.78,12.96
2010,42,4203303,Campo Alegre,0.714,0.636,0.677,0.845,0.47,0.87,4.4,98.61,58.84,19.78,9.35,30.48,539.9,0.41,25.74,8.08,3.3,90.15,99.95,15.99
2010,42,4203402,Campo Belo Do Sul,0.641,0.528,0.648,0.768,2.04,1.91,14.43,95.69,58.23,14.99,8.95,38.22,450.29,0.46,40.88,11.66,3.98,89.37,97.61,12.49
2010,42,4203501,Campo Erê,0.69,0.595,0.702,0.787,2.08,1.95,12.94,98.64,83.33,27.91,11.37,38.23,631.08,0.51,31.56,13.16,4.59,93.27,98.42,16.57
2010,42,4203600,Campos Novos,0.742,0.658,0.721,0.861,0.82,0.97,6.64,97.34,64.83,26.84,10.03,27.34,708.77,0.46,20.37,7.44,1.9,95.59,99.92,15.06
2010,42,4203709,Canelinha,0.697,0.542,0.723,0.865,2.26,1.6,7.89,98.49,87.81,24.0,8.3,36.2,721.27,0.44,17.66,8.42,5.2,89.19,100.0,18.42
2010,42,4203808,Canoinhas,0.757,0.692,0.717,0.874,1.27,0.85,4.34,98.83,69.93,20.42,10.65,21.45,692.87,0.49,25.87,8.63,2.43,96.01,99.37,15.61
2010,42,4203907,Capinzal,0.752,0.659,0.742,0.869,1.69,0.72,5.59,97.76,93.11,38.26,9.27,25.89,811.66,0.45,12.31,2.99,0.5,94.93,99.98,8.05
2010,42,4203956,Capivari De Baixo,0.767,0.716,0.724,0.87,1.63,0.99,4.22,97.63,89.65,27.12,9.32,18.06,723.04,0.36,12.09,2.58,0.79,97.86,100.0,14.08
2010,42,4204004,Catanduvas,0.714,0.625,0.723,0.806,0.69,0.37,6.17,96.2,86.61,11.01,9.49,29.62,717.59,0.47,20.09,4.38,0.06,96.75,99.58,16.93
2010,42,4204103,Caxambu Do Sul,0.691,0.523,0.725,0.87,0.97,0.8,10.77,96.16,77.59,7.48,8.5,43.62,730.36,0.5,26.68,8.09,2.29,82.22,98.44,15.86
2010,42,4204152,Celso Ramos,0.719,0.692,0.651,0.826,1.6,0.57,8.69,98.94,88.7,35.51,9.79,26.88,458.62,0.39,34.53,12.06,4.57,90.49,99.77,11.23
2010,42,4204178,Cerro Negro,0.621,0.455,0.634,0.829,1.96,1.49,17.02,96.32,47.34,28.59,7.86,51.63,414.6,0.55,47.84,27.51,12.96,82.64,100.0,7.95
2010,42,4204194,Chapadão Do Lageado,0.704,0.616,0.68,0.833,0.48,0.68,7.41,99.29,87.91,32.05,9.92,33.1,549.08,0.43,30.07,17.53,6.84,69.62,100.0,11.07
2010,42,4204202,Chapecó,0.79,0.727,0.779,0.871,1.06,0.8,4.45,98.36,92.51,43.02,10.75,18.14,1017.34,0.48,10.35,2.7,0.65,92.46,99.75,11.67
2010,42,4204251,Cocal Do Sul,0.78,0.74,0.747,0.859,0.54,0.61,2.81,98.82,92.33,29.54,10.25,13.89,833.24,0.37,8.42,1.82,0.88,98.49,100.0,9.36
2010,42,4204301,Concórdia,0.8,0.756,0.777,0.872,0.97,0.79,4.2,98.37,89.36,39.04,10.46,17.86,1009.49,0.46,9.15,2.68,0.9,95.97,99.72,7.65
2010,42,4204350,Cordilheira Alta,0.747,0.662,0.735,0.855,0.47,1.34,4.86,99.33,89.97,36.51,10.51,19.47,773.44,0.39,11.24,4.15,0.49,59.21,100.0,9.05
2010,42,4204400,Coronel Freitas,0.744,0.653,0.732,0.86,1.28,0.0,8.3,99.59,94.69,29.86,11.73,27.68,759.01,0.4,11.12,3.33,0.92,92.68,99.62,9.55
2010,42,4204459,Coronel Martins,0.696,0.609,0.678,0.816,0.49,0.54,11.43,99.18,75.61,8.52,11.93,30.27,543.22,0.44,31.0,11.71,4.99,79.27,98.33,10.0
2010,42,4204509,Corupá,0.78,0.707,0.768,0.873,0.66,0.43,3.09,99.09,79.04,25.82,10.29,19.84,951.63,0.46,7.12,2.28,0.17,91.85,99.9,9.88
2010,42,4204558,Correia Pinto,0.702,0.614,0.701,0.804,1.72,1.44,9.4,97.27,78.03,35.83,9.84,29.03,628.18,0.49,28.97,11.15,2.87,94.66,99.55,13.1
2010,42,4204608,Criciúma,0.788,0.737,0.786,0.846,0.97,0.87,3.0,98.49,88.03,42.16,10.49,15.81,1062.53,0.48,8.94,2.17,0.51,97.84,99.98,11.49
2010,42,4204707,Cunha Porã,0.742,0.682,0.744,0.804,1.11,0.36,4.88,99.29,81.51,47.93,11.27,24.55,821.86,0.38,9.56,1.34,0.0,93.63,99.43,11.22
2010,42,4204756,Cunhataí,0.754,0.623,0.777,0.886,0.87,0.0,3.95,100.0,100.0,21.53,11.4,29.72,1009.05,0.46,9.27,1.96,0.12,93.28,99.92,8.06
2010,42,4204806,Curitibanos,0.721,0.62,0.716,0.846,1.9,1.48,7.95,97.71,70.58,36.53,10.61,27.2,687.47,0.51,26.73,10.47,1.72,86.75,99.55,15.06
2010,42,4204905,Descanso,0.743,0.647,0.741,0.854,1.69,1.77,5.41,99.24,82.67,24.38,10.79,27.18,804.31,0.43,14.98,5.4,2.15,89.13,99.53,10.71
2010,42,4205001,Dionísio Cerqueira,0.706,0.61,0.703,0.82,1.7,1.31,10.18,96.54,83.46,18.6,10.77,37.1,636.41,0.53,33.63,15.17,5.21,95.2,97.24,19.93
2010,42,4205100,Dona Emma,0.742,0.622,0.762,0.862,1.49,1.9,4.17,98.12,86.68,35.48,10.66,32.84,918.49,0.46,12.14,4.19,0.97,92.84,100.0,6.91
2010,42,4205159,Doutor Pedrinho,0.716,0.609,0.714,0.843,0.78,1.21,3.88,98.5,94.18,38.3,8.96,31.64,679.44,0.34,8.67,2.83,1.07,76.78,100.0,8.86
2010,42,4205175,Entre Rios,0.657,0.55,0.638,0.808,1.92,0.0,14.93,97.36,76.08,26.86,10.51,43.15,423.63,0.44,41.54,17.87,3.75,82.92,96.78,34.43
2010,42,4205191,Ermo,0.726,0.67,0.708,0.808,0.7,2.52,6.09,97.95,72.45,4.44,10.88,28.45,655.45,0.4,19.25,4.74,1.04,94.46,100.0,7.55
2010,42,4205209,Erval Velho,0.723,0.592,0.736,0.868,2.21,0.0,7.53,97.4,87.43,34.77,11.31,33.47,780.33,0.47,15.0,4.29,0.0,88.63,99.78,9.22
2010,42,4205308,Faxinal Dos Guedes,0.758,0.676,0.746,0.863,1.37,0.84,6.97,97.39,78.63,7.7,10.42,19.33,828.49,0.49,15.95,4.67,0.52,88.03,99.96,8.2
2010,42,4205357,Flor Do Sertão,0.708,0.608,0.736,0.792,1.79,2.7,11.97,98.97,91.19,21.86,10.66,35.68,778.06,0.48,20.7,7.39,3.7,98.39,98.93,12.42
2010,42,4205407,Florianópolis,0.847,0.8,0.87,0.873,1.03,0.88,2.07,98.37,87.32,47.54,10.79,9.0,1798.12,0.54,6.42,1.35,0.27,96.35,99.96,11.59
2010,42,4205431,Formosa Do Sul,0.715,0.593,0.728,0.845,2.22,1.84,7.72,99.06,93.98,6.48,10.12,33.88,744.5,0.42,18.55,6.85,2.16,83.4,100.0,10.96
2010,42,4205456,Forquilhinha,0.753,0.657,0.754,0.861,0.82,0.73,3.87,98.26,72.59,31.13,10.13,23.42,870.85,0.46,9.61,1.59,0.12,96.87,99.86,13.5
2010,42,4205506,Fraiburgo,0.731,0.637,0.712,0.86,1.25,0.68,6.6,98.07,75.75,42.86,10.15,27.54,673.84,0.48,25.43,9.14,3.0,92.28,99.96,17.84
2010,42,4205555,Frei Rogério,0.682,0.588,0.664,0.812,2.06,2.16,8.27,100.0,63.98,11.27,11.06,35.74,498.33,0.51,40.7,24.7,3.26,71.93,99.35,14.69
2010,42,4205605,Galvão,0.708,0.618,0.704,0.815,1.13,1.53,14.28,97.98,78.21,23.71,10.71,39.15,638.12,0.45,25.35,11.19,3.63,93.2,99.35,10.51
2010,42,4205704,Garopaba,0.753,0.668,0.737,0.868,0.43,0.66,8.25,99.59,86.58,14.84,10.89,23.07,784.88,0.45,15.5,2.96,0.79,90.53,99.96,11.48
2010,42,4205803,Garuva,0.725,0.64,0.717,0.83,1.29,1.24,5.6,97.97,65.42,17.86,10.05,22.85,691.98,0.44,19.97,3.49,0.67,85.17,99.94,20.63
2010,42,4205902,Gaspar,0.765,0.655,0.77,0.889,0.86,0.67,2.45,97.28,63.17,34.56,9.47,20.05,964.36,0.37,4.44,1.24,0.61,97.17,99.99,12.37
2010,42,4206009,Governador Celso Ramos,0.747,0.651,0.737,0.87,1.56,1.87,7.77,97.89,98.05,31.03,10.68,25.81,784.5,0.43,14.95,2.23,0.14,94.12,99.92,11.73
2010,42,4206108,Grão Pará,0.736,0.63,0.749,0.846,0.49,0.61,4.86,98.2,84.85,38.59,11.01,25.95,845.01,0.43,9.92,2.43,0.61,82.92,100.0,8.51
2010,42,4206207,Gravatal,0.757,0.681,0.726,0.877,1.41,0.5,5.39,98.02,86.73,57.15,10.98,22.83,730.8,0.4,12.42,2.32,0.5,69.56,100.0,8.64
2010,42,4206306,Guabiruba,0.754,0.653,0.75,0.876,1.08,1.18,2.77,97.58,87.09,28.86,9.67,24.64,851.75,0.34,6.33,1.91,0.93,92.09,99.82,11.05
2010,42,4206405,Guaraciaba,0.751,0.646,0.754,0.871,0.91,0.92,6.59,99.37,92.94,36.6,10.56,28.26,873.67,0.47,13.54,4.18,1.0,88.68,100.0,9.61
2010,42,4206504,Guaramirim,0.751,0.641,0.748,0.885,0.97,0.58,2.83,96.72,74.66,29.11,9.52,24.36,842.24,0.38,8.61,2.22,1.16,96.68,100.0,15.36
2010,42,4206603,Guarujá Do Sul,0.73,0.639,0.732,0.833,0.93,0.0,6.33,98.16,91.36,41.07,10.53,36.8,759.66,0.4,12.01,3.87,1.16,97.3,99.74,9.26
2010,42,4206652,Guatambú,0.717,0.626,0.716,0.823,1.1,0.68,10.21,98.84,88.51,8.97,10.05,29.84,687.32,0.45,19.69,5.68,1.75,86.71,99.65,17.86
2010,42,4206702,Herval D'Oeste,0.758,0.684,0.74,0.859,1.08,0.57,4.81,97.42,78.52,24.58,10.09,23.65,799.29,0.42,14.13,3.82,0.67,95.87,99.85,14.33
2010,42,4206751,Ibiam,0.725,0.631,0.737,0.82,2.38,0.93,6.22,100.0,80.34,11.83,10.25,32.68,786.22,0.46,17.07,5.74,1.9,94.72,99.64,7.9
2010,42,4206801,Ibicaré,0.708,0.586,0.734,0.826,0.49,1.19,6.73,98.31,83.96,14.7,10.38,36.72,768.67,0.43,16.62,5.87,1.12,91.55,100.0,5.39
2010,42,4206900,Ibirama,0.737,0.63,0.749,0.848,1.13,1.24,3.72,98.85,80.57,48.79,10.04,28.36,844.25,0.37,7.1,0.92,0.09,95.72,99.91,8.45
2010,42,4207007,Içara,0.741,0.645,0.732,0.861,1.28,0.65,4.2,96.41,78.77,18.7,10.11,23.21,759.54,0.4,11.82,2.9,1.23,96.44,100.0,12.77
2010,42,4207106,Ilhota,0.738,0.607,0.75,0.883,1.51,0.74,5.28,97.05,73.76,34.97,10.68,28.75,853.29,0.38,6.75,0.97,0.29,86.58,100.0,13.81
2010,42,4207205,Imaruí,0.667,0.53,0.67,0.834,1.26,1.37,12.08,97.47,93.86,30.99,9.25,45.0,516.73,0.45,33.45,11.66,6.51,71.72,99.58,13.55
2010,42,4207304,Imbituba,0.765,0.703,0.734,0.868,1.44,0.91,5.88,99.14,77.61,22.96,10.8,18.84,768.81,0.45,15.99,5.08,0.88,93.26,99.9,14.7
2010,42,4207403,Imbuia,0.713,0.602,0.716,0.84,1.44,1.46,6.51,99.72,85.99,42.93,9.49,36.8,688.57,0.47,25.78,8.53,2.74,88.7,100.0,11.02
2010,42,4207502,Indaial,0.777,0.701,0.767,0.873,0.31,0.71,2.91,98.12,80.01,45.11,9.71,18.49,945.33,0.39,5.55,0.89,0.36,96.78,99.96,12.95
2010,42,4207577,Iomerê,0.795,0.749,0.754,0.891,0.0,0.71,2.96,100.0,98.05,25.96,10.43,21.68,873.9,0.33,6.27,0.98,0.3,94.48,100.0,4.64
2010,42,4207601,Ipira,0.736,0.657,0.724,0.838,0.0,1.23,5.02,99.52,94.34,24.01,10.97,30.6,725.68,0.45,17.88,5.92,3.46,92.27,99.93,4.39
2010,42,4207650,Iporã Do Oeste,0.759,0.695,0.743,0.847,0.36,0.68,3.34,98.88,98.96,26.29,11.66,26.12,815.06,0.43,13.34,3.45,1.63,94.61,100.0,6.33
2010,42,4207684,Ipuaçu,0.66,0.54,0.674,0.79,1.97,2.45,11.07,95.69,51.45,6.9,9.72,38.23,530.81,0.61,47.61,27.86,14.87,58.41,94.18,43.65
2010,42,4207700,Ipumirim,0.738,0.631,0.747,0.853,1.13,1.56,5.09,99.67,93.82,24.84,9.71,32.6,837.81,0.42,11.06,3.58,0.23,83.66,99.9,10.31
2010,42,4207759,Iraceminha,0.722,0.628,0.71,0.845,1.34,0.85,7.1,98.96,91.39,11.06,11.23,27.32,663.24,0.43,21.35,9.03,2.32,87.64,100.0,12.92
2010,42,4207809,Irani,0.742,0.675,0.715,0.847,1.69,1.65,7.37,98.24,71.07,16.98,10.27,27.38,686.25,0.42,18.55,5.71,1.15,91.69,99.57,13.7
2010,42,4207858,Irati,0.707,0.609,0.694,0.836,1.16,1.57,11.56,97.88,90.41,12.8,11.07,33.14,601.25,0.45,26.88,11.05,2.41,97.28,99.58,8.48
2010,42,4207908,Irineópolis,0.699,0.567,0.72,0.836,2.29,1.19,7.05,97.5,54.53,24.06,10.23,38.88,708.34,0.54,31.31,10.69,2.6,90.74,98.49,24.57
2010,42,4208005,Itá,0.771,0.698,0.747,0.879,0.68,0.91,6.08,98.46,98.55,26.1,11.12,23.48,836.69,0.45,12.18,3.39,0.31,87.35,99.76,5.6
2010,42,4208104,Itaiópolis,0.708,0.606,0.7,0.836,0.85,1.14,4.7,97.3,67.22,18.19,9.38,31.25,625.36,0.49,28.73,11.82,3.88,93.43,99.52,19.71
2010,42,4208203,Itajaí,0.795,0.73,0.778,0.884,1.1,0.82,2.97,97.93,82.42,42.82,10.3,15.35,1014.0,0.45,9.11,2.31,0.43,97.93,99.92,18.65
2010,42,4208302,Itapema,0.796,0.727,0.788,0.881,0.71,0.55,2.8,97.95,88.97,22.4,9.73,17.96,1078.48,0.49,10.13,2.7,0.66,93.67,99.83,16.53
2010,42,4208401,Itapiranga,0.775,0.723,0.766,0.842,0.9,0.81,3.28,99.78,99.01,38.73,11.59,20.33,942.44,0.45,9.95,3.06,1.05,96.22,99.97,10.09
2010,42,4208450,Itapoá,0.761,0.682,0.739,0.874,1.05,1.26,3.88,98.65,87.19,35.75,10.17,22.74,793.24,0.47,18.0,5.51,1.1,97.35,99.5,17.58
2010,42,4208500,Ituporanga,0.748,0.638,0.749,0.876,1.08,0.97,4.62,98.01,81.85,36.19,9.05,29.38,844.05,0.43,11.72,3.94,0.46,90.25,100.0,10.74
2010,42,4208609,Jaborá,0.732,0.657,0.746,0.801,0.39,1.38,7.29,99.68,82.1,25.37,11.61,28.84,831.84,0.45,13.81,5.61,2.55,74.31,100.0,7.89
2010,42,4208708,Jacinto Machado,0.716,0.633,0.708,0.818,1.15,1.22,7.61,98.29,79.96,26.42,10.07,33.91,655.7,0.43,20.73,7.03,2.1,83.67,99.96,11.34
2010,42,4208807,Jaguaruna,0.721,0.628,0.719,0.83,1.05,1.1,6.49,97.32,75.96,15.1,9.71,30.64,701.05,0.39,12.85,3.32,0.45,97.56,100.0,9.63
2010,42,4208906,Jaraguá Do Sul,0.803,0.755,0.793,0.865,0.8,0.59,1.77,98.31,80.77,42.63,10.5,11.74,1111.85,0.42,4.12,0.71,0.25,97.98,100.0,10.62
2010,42,4208955,Jardinópolis,0.709,0.611,0.708,0.823,0.7,0.0,8.99,100.0,95.84,39.85,12.7,28.74,654.02,0.4,19.46,6.18,3.09,93.84,99.93,9.55
2010,42,4209003,Joaçaba,0.827,0.771,0.823,0.891,1.18,0.53,3.17,99.76,93.63,39.83,10.85,14.13,1338.5,0.54,7.77,2.61,0.43,97.25,100.0,8.63
2010,42,4209102,Joinville,0.809,0.749,0.795,0.889,0.85,0.6,2.26,97.34,70.89,29.79,10.02,11.17,1126.74,0.49,7.98,1.67,0.29,98.16,99.93,13.32
2010,42,4209151,José Boiteux,0.694,0.578,0.689,0.841,1.57,0.72,6.27,98.34,60.79,38.64,10.88,30.31,580.97,0.44,27.79,13.78,7.24,89.52,99.77,22.01
2010,42,4209177,Jupiá,0.719,0.61,0.708,0.862,1.27,3.17,10.18,99.23,79.19,26.14,10.6,33.75,654.0,0.55,32.19,14.26,5.56,94.06,98.41,8.46
2010,42,4209201,Lacerdópolis,0.781,0.708,0.763,0.883,0.71,0.0,5.41,99.5,100.0,11.28,12.28,21.93,925.08,0.39,6.97,1.16,0.19,72.11,100.0,5.9
2010,42,4209300,Lages,0.77,0.697,0.755,0.867,1.28,1.32,5.02,97.3,83.8,33.6,10.18,19.55,878.34,0.54,22.39,6.24,1.57,98.84,99.58,16.56
2010,42,4209409,Laguna,0.752,0.682,0.715,0.871,1.14,0.8,5.55,97.71,77.13,24.28,10.77,24.34,684.42,0.44,20.01,5.27,1.61,87.13,99.98,12.34
2010,42,4209458,Lajeado Grande,0.771,0.712,0.75,0.858,0.0,0.0,7.39,95.8,96.18,19.31,11.16,23.51,850.34,0.44,13.95,4.85,2.49,76.47,98.94,4.88
2010,42,4209508,Laurentino,0.749,0.662,0.742,0.855,0.78,1.14,3.9,97.6,58.59,39.09,9.43,22.62,810.58,0.36,7.45,1.7,0.09,92.05,100.0,6.73
2010,42,4209607,Lauro Muller,0.735,0.677,0.714,0.822,0.81,0.29,4.86,98.72,84.4,29.04,9.75,22.07,678.67,0.37,13.43,3.13,0.55,84.91,100.0,9.06
2010,42,4209706,Lebon Régis,0.649,0.537,0.632,0.806,1.5,3.0,12.05,95.26,63.17,22.32,9.11,39.47,409.05,0.45,44.49,19.27,5.76,91.15,98.0,22.44
2010,42,4209805,Leoberto Leal,0.686,0.533,0.74,0.818,0.47,2.78,10.42,98.85,78.51,26.82,8.27,46.3,800.32,0.49,18.57,7.03,4.95,77.25,100.0,8.39
2010,42,4209854,Lindóia Do Sul,0.743,0.636,0.747,0.865,1.1,0.45,5.44,98.1,72.98,12.2,9.46,29.08,836.32,0.43,13.4,4.68,0.62,95.61,99.41,20.52
2010,42,4209904,Lontras,0.704,0.579,0.735,0.82,0.69,0.93,5.08,98.55,81.16,53.82,9.63,32.79,773.05,0.37,10.42,2.79,0.73,94.29,100.0,11.32
2010,42,4210001,Luiz Alves,0.737,0.6,0.766,0.87,0.97,0.5,4.39,96.71,82.76,33.0,8.84,36.63,937.32,0.44,8.01,1.67,0.68,81.58,100.0,11.19
2010,42,4210035,Luzerna,0.789,0.718,0.781,0.877,0.56,0.0,2.16,99.54,96.29,57.36,11.45,23.23,1030.37,0.43,5.88,0.85,0.18,93.42,99.95,5.33
2010,42,4210050,Macieira,0.662,0.533,0.675,0.806,1.34,0.9,9.63,94.23,83.72,14.64,10.23,45.82,533.9,0.39,30.52,6.53,1.93,83.12,100.0,14.29
2010,42,4210100,Mafra,0.777,0.723,0.738,0.88,0.87,0.81,3.45,98.94,82.44,23.35,11.38,19.67,789.53,0.49,19.15,5.4,1.46,95.52,99.68,14.23
2010,42,4210209,Major Gercino,0.698,0.563,0.738,0.818,0.84,0.0,7.52,98.04,59.37,17.6,8.56,38.81,789.61,0.52,21.98,8.26,4.51,77.37,98.75,11.8
2010,42,4210308,Major Vieira,0.69,0.617,0.653,0.817,0.86,2.03,6.08,97.8,67.42,4.85,9.66,34.39,465.76,0.46,40.68,17.28,7.17,95.84,99.23,20.4
2010,42,4210407,Maracajá,0.768,0.699,0.752,0.861,2.37,2.03,5.53,98.53,81.34,18.12,11.51,21.45,861.85,0.5,13.59,2.51,0.28,98.19,100.0,9.19
2010,42,4210506,Maravilha,0.781,0.708,0.758,0.886,0.86,0.36,4.98,97.69,96.8,48.21,9.59,22.7,896.02,0.45,10.8,2.14,0.39,92.66,99.97,9.37
2010,42,4210555,Marema,0.743,0.636,0.748,0.862,0.61,2.17,8.42,100.0,86.06,2.79,11.66,25.68,840.58,0.41,10.56,2.65,0.23,51.95,100.0,6.83
2010,42,4210605,Massaranduba,0.774,0.714,0.749,0.867,0.79,0.26,3.44,98.37,83.94,26.46,10.76,20.02,847.63,0.34,6.05,1.47,0.0,94.1,99.88,8.49
2010,42,4210704,Matos Costa,0.657,0.541,0.63,0.831,3.69,2.14,10.81,98.41,60.49,11.53,9.66,48.69,402.83,0.45,45.37,19.28,7.11,90.64,98.81,20.68
2010,42,4210803,Meleiro,0.738,0.679,0.734,0.808,0.75,0.56,5.37,99.69,90.53,23.49,12.16,23.07,768.23,0.41,11.62,2.12,0.57,85.69,99.95,9.6
2010,42,4210852,Mirim Doce,0.708,0.633,0.683,0.821,2.47,0.0,7.74,96.7,35.86,12.16,11.06,31.04,560.66,0.39,26.31,7.94,3.33,66.25,100.0,9.42
2010,42,4210902,Modelo,0.76,0.659,0.751,0.886,0.79,1.3,6.67,100.0,98.57,29.27,11.1,27.97,858.23,0.43,10.09,3.58,0.4,95.13,100.0,11.47
2010,42,4211009,Mondaí,0.748,0.657,0.728,0.875,1.39,0.78,4.55,96.16,87.51,25.18,10.08,24.78,741.84,0.4,12.98,6.09,1.48,88.96,99.76,11.63
2010,42,4211058,Monte Carlo,0.643,0.511,0.648,0.804,1.95,1.71,12.5,98.66,77.05,20.59,9.64,43.39,449.82,0.45,43.36,12.36,1.83,96.42,98.79,26.61
2010,42,4211108,Monte Castelo,0.675,0.581,0.641,0.826,0.57,2.67,7.38,98.39,61.89,5.58,10.77,36.81,432.84,0.44,40.56,15.25,5.22,95.51,98.95,20.57
2010,42,4211207,Morro Da Fumaça,0.738,0.665,0.732,0.825,0.69,1.39,5.37,98.08,84.57,24.14,11.04,25.67,759.25,0.36,8.73,2.08,0.0,89.98,100.0,12.6
2010,42,4211256,Morro Grande,0.701,0.548,0.742,0.847,1.1,1.2,6.06,100.0,76.66,31.42,9.42,41.77,809.37,0.51,17.9,7.01,2.99,90.9,100.0,8.22
2010,42,4211306,Navegantes,0.736,0.624,0.731,0.873,1.38,1.19,4.2,97.38,84.09,39.13,9.61,25.69,756.39,0.41,13.08,5.19,1.47,97.44,99.96,20.85
2010,42,4211405,Nova Erechim,0.765,0.686,0.767,0.851,1.3,0.41,5.77,99.59,92.52,37.98,12.03,28.12,944.83,0.44,8.09,2.61,0.25,98.2,99.95,8.68
2010,42,4211454,Nova Itaberaba,0.736,0.605,0.753,0.876,0.28,0.79,9.14,98.43,84.08,4.9,9.34,33.77,868.83,0.55,24.23,8.15,0.83,73.24,99.59,9.95
2010,42,4211504,Nova Trento,0.748,0.628,0.749,0.891,1.19,0.31,3.65,99.17,79.65,19.87,9.74,26.89,847.77,0.35,6.65,2.54,2.06,85.07,100.0,7.11
2010,42,4211603,Nova Veneza,0.768,0.703,0.741,0.869,0.7,0.29,3.33,99.33,91.66,43.33,10.62,20.72,805.79,0.39,6.9,1.32,0.15,89.78,99.95,8.7
2010,42,4211652,Novo Horizonte,0.706,0.594,0.7,0.846,0.99,1.38,12.99,100.0,84.19,8.54,9.16,36.07,623.51,0.39,18.81,6.6,1.35,85.66,99.54,11.7
2010,42,4211702,Orleans,0.755,0.657,0.749,0.873,1.46,0.78,4.46,98.11,81.71,34.38,10.07,26.74,844.35,0.45,14.87,3.34,1.24,88.85,100.0,10.3
2010,42,4211751,Otacílio Costa,0.74,0.681,0.713,0.835,1.07,0.66,6.63,95.96,88.0,30.12,9.88,24.62,677.67,0.4,16.87,5.74,1.48,98.18,99.93,11.93
2010,42,4211801,Ouro,0.774,0.677,0.774,0.884,0.0,0.76,4.27,98.85,88.31,42.16,10.98,25.21,987.45,0.45,9.74,4.14,0.53,91.77,100.0,6.5
2010,42,4211850,Ouro Verde,0.695,0.611,0.696,0.79,1.16,2.22,11.69,98.06,83.01,4.07,9.63,32.19,607.09,0.53,34.96,17.8,7.88,90.76,99.29,10.63
2010,42,4211876,Paial,0.718,0.62,0.705,0.847,1.64,0.0,9.23,100.0,80.56,2.9,9.56,32.38,644.16,0.44,22.43,8.48,1.41,94.34,99.44,18.07
2010,42,4211892,Painel,0.664,0.543,0.668,0.808,3.55,0.8,10.06,97.26,62.59,24.18,10.7,37.67,511.7,0.49,41.62,13.56,2.38,81.06,99.54,10.07
2010,42,4211900,Palhoça,0.757,0.672,0.752,0.859,1.03,1.04,3.9,97.65,74.85,32.74,9.83,17.3,862.74,0.4,9.21,2.18,0.61,94.97,99.9,16.83
2010,42,4212007,Palma Sola,0.704,0.622,0.7,0.8,1.19,0.82,8.97,98.7,96.83,28.74,10.77,32.02,623.64,0.5,30.21,13.17,4.07,93.77,99.11,11.27
2010,42,4212056,Palmeira,0.671,0.557,0.655,0.827,4.14,1.46,11.29,92.88,89.29,36.5,8.66,44.6,471.82,0.43,37.65,14.95,5.41,82.77,99.56,8.4
2010,42,4212106,Palmitos,0.737,0.632,0.757,0.836,0.42,0.47,6.89,98.97,79.54,31.42,11.39,31.63,887.5,0.46,14.71,4.37,1.59,94.99,99.63,11.0
2010,42,4212205,Papanduva,0.704,0.603,0.691,0.836,1.43,1.07,6.77,98.07,64.3,15.53,9.31,34.25,589.35,0.47,30.97,10.8,3.58,95.61,99.22,19.02
2010,42,4212239,Paraíso,0.7,0.565,0.728,0.833,1.23,0.43,11.07,100.0,84.09,28.11,11.83,44.69,743.76,0.5,23.08,10.16,2.74,88.44,99.57,12.12
2010,42,4212254,Passo De Torres,0.72,0.618,0.695,0.869,1.08,1.07,6.87,97.42,48.72,13.36,10.57,22.81,602.85,0.42,24.31,8.29,2.42,96.23,99.9,17.02
2010,42,4212270,Passos Maia,0.659,0.547,0.648,0.808,1.49,0.37,9.75,96.85,73.94,24.28,8.35,41.51,450.78,0.47,37.33,19.0,8.12,85.69,99.25,23.8
2010,42,4212304,Paulo Lopes,0.716,0.6,0.707,0.865,1.09,3.11,11.08,98.92,78.49,5.7,10.88,33.65,650.58,0.4,17.35,5.37,1.5,68.07,100.0,13.59
2010,42,4212403,Pedras Grandes,0.728,0.621,0.715,0.87,0.88,0.52,5.04,98.72,77.73,31.88,9.41,30.9,683.36,0.33,11.4,2.32,0.05,78.51,99.96,5.77
2010,42,4212502,Penha,0.743,0.64,0.739,0.867,1.16,0.55,3.54,97.65,77.92,32.47,10.31,24.78,793.53,0.42,12.59,3.5,1.02,96.62,99.87,16.83
2010,42,4212601,Peritiba,0.766,0.669,0.762,0.882,0.0,0.65,2.12,98.5,89.61,50.38,11.13,33.77,918.86,0.47,15.14,6.67,1.47,93.53,99.39,7.79
2010,42,4212700,Petrolândia,0.716,0.618,0.74,0.802,1.39,0.27,7.54,99.34,91.97,30.41,10.79,34.32,799.56,0.47,17.2,6.17,1.81,83.04,99.9,8.47
2010,42,4212809,Balneário Piçarras,0.756,0.668,0.745,0.869,1.46,1.07,4.54,95.53,67.56,30.12,9.2,22.24,826.13,0.44,15.97,4.09,0.8,99.0,99.79,17.69
2010,42,4212908,Pinhalzinho,0.783,0.716,0.758,0.886,1.56,0.87,4.95,99.17,96.24,48.32,11.03,23.22,893.85,0.43,9.64,2.23,0.77,96.12,99.9,8.55
2010,42,4213005,Pinheiro Preto,0.777,0.712,0.762,0.866,0.55,1.06,4.64,100.0,90.24,23.56,12.12,24.26,917.64,0.45,8.24,2.28,0.16,84.01,99.77,8.86
2010,42,4213104,Piratuba,0.758,0.714,0.736,0.829,1.13,0.0,5.4,99.64,91.45,37.59,11.24,30.11,779.57,0.43,13.8,2.76,0.71,85.34,99.88,9.17
2010,42,4213153,Planalto Alegre,0.751,0.659,0.731,0.881,1.09,1.89,11.98,100.0,93.97,26.31,10.9,28.1,754.11,0.42,15.02,5.29,2.41,91.17,99.61,11.2
2010,42,4213203,Pomerode,0.78,0.687,0.78,0.886,0.66,0.24,1.68,98.69,81.39,36.92,10.62,17.18,1022.91,0.38,4.1,0.81,0.19,97.54,99.92,7.44
2010,42,4213302,Ponte Alta,0.673,0.568,0.666,0.804,2.15,1.13,11.28,98.39,86.27,20.83,10.63,39.74,503.47,0.45,36.13,12.44,2.2,89.32,98.45,16.98
2010,42,4213351,Ponte Alta Do Norte,0.689,0.605,0.661,0.819,0.67,0.0,9.61,97.83,87.76,9.16,9.31,30.12,490.45,0.47,36.99,13.06,1.97,96.64,99.66,20.05
2010,42,4213401,Ponte Serrada,0.693,0.61,0.69,0.79,1.09,1.53,9.66,98.47,72.7,24.92,10.39,34.91,586.05,0.44,25.82,7.23,1.24,86.21,98.97,19.78
2010,42,4213500,Porto Belo,0.76,0.66,0.75,0.886,1.15,1.22,4.62,97.43,78.2,35.95,9.91,24.21,850.99,0.42,10.78,1.93,0.53,87.2,99.83,18.46
2010,42,4213609,Porto União,0.786,0.724,0.752,0.891,0.9,0.63,3.44,98.16,85.98,31.55,10.87,19.49,864.41,0.53,19.31,6.26,1.05,96.63,99.38,14.93
2010,42,4213708,Pouso Redondo,0.72,0.598,0.728,0.857,0.94,0.96,5.85,98.62,69.87,29.63,9.47,32.67,742.15,0.43,16.21,3.69,0.46,86.0,99.92,12.32
2010,42,4213807,Praia Grande,0.718,0.636,0.692,0.84,0.81,1.4,9.58,99.01,74.53,18.46,10.93,30.74,591.62,0.42,24.45,8.28,2.35,85.27,99.88,12.6
2010,42,4213906,Presidente Castello Branco,0.77,0.637,0.813,0.883,0.0,0.0,4.7,100.0,100.0,26.81,12.12,31.18,1255.85,0.47,9.07,1.82,0.57,86.54,100.0,10.28
2010,42,4214003,Presidente Getúlio,0.759,0.654,0.764,0.874,1.46,0.53,3.06,98.06,83.05,52.86,10.21,25.82,928.86,0.41,6.46,2.58,0.39,95.56,99.97,9.17
2010,42,4214102,Presidente Nereu,0.737,0.609,0.765,0.861,1.76,0.0,11.29,99.41,100.0,55.04,10.2,35.09,934.37,0.5,14.08,2.47,0.26,83.9,99.81,11.08
2010,42,4214151,Princesa,0.706,0.611,0.701,0.82,1.06,1.8,10.36,99.36,86.09,32.34,11.56,27.75,626.1,0.42,21.98,6.32,2.43,95.45,99.49,10.5
2010,42,4214201,Quilombo,0.73,0.656,0.712,0.832,1.45,0.96,8.22,97.23,83.38,16.12,9.76,27.01,672.58,0.39,15.3,5.7,1.73,87.53,99.96,7.89
2010,42,4214300,Rancho Queimado,0.753,0.644,0.743,0.893,0.56,0.78,6.98,98.32,70.25,21.2,11.01,32.85,813.8,0.42,8.47,1.92,1.13,74.01,100.0,6.16
2010,42,4214409,Rio Das Antas,0.697,0.569,0.727,0.82,1.36,1.22,6.0,97.06,66.1,25.54,10.81,36.46,737.53,0.44,16.6,5.21,1.45,91.25,99.79,13.01
2010,42,4214508,Rio Do Campo,0.729,0.65,0.741,0.803,1.92,0.32,5.79,99.37,86.17,34.6,11.2,29.47,803.46,0.5,19.36,5.92,1.63,86.75,100.0,9.55
2010,42,4214607,Rio Do Oeste,0.754,0.625,0.769,0.892,1.22,1.47,4.08,97.58,76.22,33.69,9.32,30.84,957.34,0.47,12.19,3.11,1.47,79.67,99.98,8.21
2010,42,4214706,Rio Dos Cedros,0.729,0.634,0.739,0.827,1.03,0.62,3.03,96.45,84.11,30.89,9.97,29.27,795.95,0.37,5.68,2.35,0.0,84.88,100.0,11.07
2010,42,4214805,Rio Do Sul,0.802,0.727,0.793,0.894,1.02,0.55,2.81,96.53,90.53,58.56,10.16,19.15,1114.31,0.45,6.85,2.03,0.61,96.56,100.0,10.6
2010,42,4214904,Rio Fortuna,0.806,0.727,0.848,0.85,0.82,0.42,2.89,98.87,92.81,36.18,10.83,17.07,1570.51,0.56,3.7,0.37,0.0,81.86,100.0,7.61
2010,42,4215000,Rio Negrinho,0.738,0.668,0.71,0.848,1.45,1.18,3.84,97.91,70.33,27.64,9.72,22.61,664.58,0.44,20.09,5.02,0.31,97.83,99.39,18.06
2010,42,4215059,Rio Rufino,0.653,0.53,0.652,0.806,0.99,2.65,9.51,99.13,65.26,50.35,9.64,35.87,463.38,0.42,34.51,17.29,4.16,75.89,99.46,11.96
2010,42,4215075,Riqueza,0.714,0.624,0.702,0.83,0.55,1.0,8.43,98.59,85.1,9.07,11.92,34.76,629.81,0.44,23.45,7.99,1.94,93.06,99.67,10.0
2010,42,4215109,Rodeio,0.754,0.626,0.769,0.889,1.49,0.69,3.75,96.55,84.83,37.12,9.02,27.62,958.15,0.42,5.98,1.64,0.0,81.52,100.0,9.51
2010,42,4215208,Romelândia,0.692,0.561,0.738,0.8,2.54,2.94,11.36,97.77,89.51,29.6,9.97,42.36,791.78,0.47,21.18,6.47,2.36,93.7,99.7,8.35
2010,42,4215307,Salete,0.744,0.695,0.737,0.803,1.18,0.52,4.53,98.65,93.3,36.91,10.07,23.75,784.32,0.43,15.05,3.15,0.7,80.68,100.0,7.67
2010,42,4215356,Saltinho,0.654,0.551,0.639,0.795,0.29,0.0,13.98,98.58,84.72,12.09,11.0,43.4,427.12,0.5,44.68,25.2,14.27,94.65,97.86,15.08
2010,42,4215406,Salto Veloso,0.784,0.705,0.778,0.88,0.72,0.85,7.55,98.31,89.97,63.21,11.4,21.51,1011.21,0.55,15.59,5.36,1.01,75.29,100.0,8.31
2010,42,4215455,Sangão,0.7,0.554,0.725,0.853,3.19,1.24,7.28,94.91,85.76,15.07,9.13,37.04,730.38,0.4,10.82,1.32,0.18,83.07,100.0,21.14
2010,42,4215505,Santa Cecília,0.698,0.597,0.697,0.819,1.47,0.75,9.66,96.85,51.99,20.14,9.56,31.88,610.94,0.52,33.47,10.51,3.24,94.88,98.78,21.27
2010,42,4215554,Santa Helena,0.727,0.653,0.705,0.833,0.62,0.0,9.82,100.0,100.0,8.13,11.44,27.76,644.48,0.38,18.75,6.05,1.44,89.61,99.7,9.85
2010,42,4215604,Santa Rosa De Lima,0.757,0.71,0.726,0.843,0.74,0.0,4.83,97.85,81.19,45.13,11.51,18.18,731.43,0.32,4.17,2.42,0.73,70.55,100.0,10.16
2010,42,4215653,Santa Rosa Do Sul,0.705,0.618,0.702,0.806,1.2,0.45,6.62,99.14,76.94,17.21,10.79,31.73,630.29,0.39,16.3,4.79,1.87,92.46,99.94,9.5
2010,42,4215679,Santa Terezinha,0.669,0.575,0.637,0.817,0.42,1.49,5.66,97.4,81.33,18.05,10.47,33.45,421.9,0.48,41.93,21.41,12.63,88.0,100.0,13.68
2010,42,4215687,Santa Terezinha Do Progresso,0.682,0.585,0.686,0.791,1.99,1.61,13.18,98.49,85.65,11.15,11.77,31.02,572.73,0.56,38.56,25.49,19.89,92.63,99.9,7.87
2010,42,4215695,Santiago Do Sul,0.728,0.652,0.731,0.811,2.59,1.19,11.41,98.99,94.54,5.69,10.91,30.75,756.0,0.46,19.61,8.98,5.01,97.22,100.0,6.91
2010,42,4215703,Santo Amaro Da Imperatriz,0.781,0.71,0.753,0.89,0.64,0.56,5.13,98.97,79.52,33.39,10.94,19.02,867.13,0.38,8.09,1.64,0.09,84.5,100.0,10.66
2010,42,4215752,São Bernardino,0.677,0.577,0.653,0.822,0.0,0.51,11.57,99.3,90.24,12.56,10.0,37.06,465.1,0.45,38.02,20.7,8.26,81.85,98.64,15.35
2010,42,4215802,São Bento Do Sul,0.782,0.719,0.763,0.871,0.96,0.56,2.42,97.82,79.89,47.44,10.39,16.27,923.29,0.49,12.4,2.97,0.71,98.79,99.95,10.23
2010,42,4215901,São Bonifácio,0.731,0.622,0.729,0.86,0.53,1.75,3.71,98.77,92.2,36.69,9.14,30.56,745.72,0.47,16.7,7.34,3.88,69.51,100.0,6.29
2010,42,4216008,São Carlos,0.769,0.688,0.763,0.867,1.32,0.63,4.71,98.91,88.31,33.51,10.69,25.25,924.02,0.46,12.4,2.92,0.5,93.09,99.52,7.85
2010,42,4216057,São Cristovão Do Sul,0.665,0.543,0.667,0.812,1.78,2.36,12.62,97.26,85.15,22.54,8.82,44.43,507.73,0.44,33.64,10.38,1.38,96.41,99.64,15.27
2010,42,4216107,São Domingos,0.765,0.675,0.769,0.861,0.97,0.78,9.27,98.23,85.31,20.99,11.44,28.17,956.19,0.58,20.5,5.48,1.27,90.96,99.81,12.89
2010,42,4216206,São Francisco Do Sul,0.762,0.699,0.74,0.856,0.92,0.57,3.64,98.49,79.08,26.65,10.43,16.99,801.49,0.45,17.5,5.63,0.75,96.74,99.22,18.9
2010,42,4216255,São João Do Oeste,0.761,0.668,0.756,0.873,0.52,1.15,1.05,100.0,100.0,16.24,12.2,22.35,881.09,0.4,7.0,1.4,0.0,91.84,100.0,7.03
2010,42,4216305,São João Batista,0.74,0.634,0.739,0.865,0.77,0.4,3.41,94.89,76.89,12.63,9.5,22.18,794.12,0.33,5.2,1.13,0.31,92.86,100.0,14.6
2010,42,4216354,São João Do Itaperiú,0.738,0.645,0.714,0.873,1.56,0.49,6.57,98.64,62.81,3.2,9.84,25.69,680.25,0.34,10.45,1.63,0.09,96.75,99.79,15.78
2010,42,4216404,São João Do Sul,0.695,0.587,0.682,0.84,0.6,0.7,7.66,98.33,66.04,17.25,10.61,33.26,558.4,0.42,25.56,9.05,2.25,79.4,100.0,10.4
2010,42,4216503,São Joaquim,0.687,0.562,0.705,0.817,0.87,0.66,5.84,95.72,53.47,20.86,8.74,33.17,641.75,0.48,29.72,7.66,0.85,92.58,99.73,11.39
2010,42,4216602,São José,0.809,0.752,0.799,0.88,1.08,0.86,2.62,97.54,82.15,40.72,10.52,11.93,1157.43,0.44,6.99,1.36,0.19,97.85,99.97,13.24
2010,42,4216701,São José Do Cedro,0.731,0.625,0.753,0.83,0.83,0.6,6.0,98.92,93.51,45.92,10.07,33.24,866.73,0.48,17.26,6.71,3.22,97.42,99.49,8.46
2010,42,4216800,São José Do Cerrito,0.636,0.503,0.618,0.827,3.37,1.63,12.92,96.78,71.7,15.12,9.12,48.43,375.44,0.46,46.38,24.69,10.87,68.53,99.56,11.82
2010,42,4216909,São Lourenço Do Oeste,0.749,0.695,0.748,0.807,1.11,0.84,6.7,99.03,94.09,30.5,9.79,24.48,841.27,0.46,13.91,3.83,1.62,94.35,99.79,10.86
2010,42,4217006,São Ludgero,0.755,0.683,0.756,0.834,2.34,1.22,3.8,99.07,95.06,49.84,9.56,19.48,884.18,0.44,7.32,2.28,0.1,85.42,100.0,9.5
2010,42,4217105,São Martinho,0.742,0.654,0.754,0.83,0.55,1.23,4.27,96.74,84.21,33.55,10.48,25.49,870.77,0.38,6.7,1.77,0.82,76.73,100.0,9.58
2010,42,4217154,São Miguel Da Boa Vista,0.71,0.615,0.733,0.795,0.0,0.0,11.08,98.64,93.46,14.04,12.26,36.65,767.85,0.5,24.52,9.06,1.69,97.11,99.1,10.61
2010,42,4217204,São Miguel Do Oeste,0.801,0.739,0.787,0.884,0.8,0.67,4.64,97.7,92.43,37.71,10.54,16.84,1072.6,0.5,10.97,3.27,0.59,91.87,99.85,7.7
2010,42,4217253,São Pedro De Alcântara,0.734,0.618,0.757,0.846,1.02,0.0,5.79,98.49,87.71,57.38,11.02,28.26,887.7,0.41,8.56,2.65,0.97,83.54,100.0,5.47
2010,42,4217303,Saudades,0.755,0.7,0.723,0.85,0.34,0.58,4.42,99.41,93.99,38.44,11.66,20.78,719.94,0.33,7.85,1.98,0.43,87.78,100.0,5.03
2010,42,4217402,Schroeder,0.769,0.71,0.75,0.855,0.39,0.13,2.05,98.16,89.77,29.72,10.27,16.36,852.5,0.34,4.48,1.2,0.0,92.45,99.92,9.87
2010,42,4217501,Seara,0.779,0.674,0.804,0.872,0.83,0.85,5.2,98.58,80.53,28.26,10.87,21.55,1188.18,0.51,6.0,1.47,0.67,88.3,99.85,8.29
2010,42,4217550,Serra Alta,0.773,0.694,0.758,0.879,0.0,1.84,6.14,100.0,95.82,7.92,11.69,26.9,893.35,0.41,7.74,1.39,0.0,95.42,99.75,9.47
2010,42,4217600,Siderópolis,0.774,0.701,0.751,0.88,1.3,1.02,4.34,99.37,92.39,34.21,11.21,18.11,855.02,0.4,9.56,2.53,0.81,85.61,99.83,11.07
2010,42,4217709,Sombrio,0.728,0.617,0.729,0.858,0.79,1.03,5.39,97.58,69.93,36.07,9.83,28.71,746.69,0.4,11.6,2.09,0.28,96.43,100.0,9.59
2010,42,4217758,Sul Brasil,0.707,0.595,0.713,0.832,2.29,1.22,13.49,99.4,100.0,8.44,11.96,37.13,674.87,0.45,21.08,7.14,1.45,94.36,100.0,11.25
2010,42,4217808,Taió,0.761,0.67,0.749,0.879,0.44,0.45,4.47,97.39,89.5,41.86,11.12,24.53,848.34,0.43,8.9,1.81,0.36,88.96,99.8,6.54
2010,42,4217907,Tangará,0.737,0.617,0.748,0.867,1.92,1.34,6.58,98.42,89.62,25.32,11.19,33.18,840.87,0.46,13.18,4.19,0.6,89.86,99.66,11.14
2010,42,4217956,Tigrinhos,0.717,0.633,0.688,0.846,0.0,1.85,10.26,100.0,92.43,29.57,12.04,34.3,579.87,0.41,25.05,11.25,3.86,98.28,98.98,6.36
2010,42,4218004,Tijucas,0.76,0.672,0.747,0.873,1.12,1.42,5.85,96.46,71.01,17.79,9.73,24.52,835.48,0.41,12.49,3.81,1.22,96.82,99.67,17.05
2010,42,4218103,Timbé Do Sul,0.72,0.606,0.721,0.856,1.59,2.12,8.22,98.31,94.44,34.93,10.83,31.59,709.63,0.47,18.26,4.21,1.7,74.91,100.0,6.16
2010,42,4218202,Timbó,0.784,0.697,0.807,0.856,0.74,0.89,1.82,98.22,91.99,48.33,9.19,17.74,1214.03,0.47,3.95,0.38,0.0,98.94,100.0,8.5
2010,42,4218251,Timbó Grande,0.659,0.565,0.634,0.798,1.52,1.67,9.6,95.25,45.5,7.79,10.49,32.05,412.31,0.47,46.07,17.76,7.41,92.86,96.85,27.68
2010,42,4218301,Três Barras,0.706,0.639,0.677,0.814,1.74,0.93,6.5,96.25,66.2,22.78,9.23,26.4,539.69,0.47,34.46,12.49,2.59,95.87,99.27,27.94
2010,42,4218350,Treviso,0.774,0.714,0.737,0.882,0.0,0.6,2.27,99.78,72.9,35.96,11.25,19.67,784.39,0.34,7.3,0.71,0.09,95.43,100.0,6.45
2010,42,4218400,Treze De Maio,0.729,0.602,0.729,0.881,2.04,0.76,5.78,97.13,87.99,29.26,9.6,33.01,746.89,0.36,6.87,0.7,0.3,76.82,100.0,8.91
2010,42,4218509,Treze Tílias,0.795,0.685,0.838,0.874,0.95,0.63,4.48,97.67,88.46,34.02,10.44,24.25,1471.95,0.62,10.76,3.36,0.32,89.64,100.0,7.86
2010,42,4218608,Trombudo Central,0.775,0.696,0.76,0.88,0.79,0.86,4.33,99.64,84.91,46.09,10.05,23.39,905.3,0.44,8.47,1.88,0.81,91.75,100.0,8.46
2010,42,4218707,Tubarão,0.796,0.74,0.788,0.866,0.91,0.92,3.33,98.81,88.33,44.6,10.72,16.56,1077.62,0.47,7.43,1.71,0.73,93.21,99.83,8.45
2010,42,4218756,Tunápolis,0.752,0.704,0.728,0.83,0.67,0.78,3.89,99.4,84.59,4.95,11.49,25.72,742.67,0.41,16.33,5.14,0.94,95.85,99.68,6.69
2010,42,4218806,Turvo,0.74,0.631,0.742,0.867,1.04,0.77,4.7,98.46,78.83,43.08,10.08,25.49,810.85,0.4,8.2,1.04,0.0,79.46,100.0,9.06
2010,42,4218855,União Do Oeste,0.705,0.606,0.703,0.823,0.48,1.19,9.81,100.0,83.34,16.29,11.13,32.09,634.81,0.37,12.75,4.58,1.52,87.3,98.71,6.64
2010,42,4218905,Urubici,0.694,0.562,0.722,0.823,1.05,1.15,6.56,96.71,70.85,33.19,9.73,33.74,713.25,0.52,27.0,8.29,1.31,82.85,99.83,15.2
2010,42,4218954,Urupema,0.699,0.622,0.667,0.823,0.65,1.42,6.97,99.59,94.14,7.0,10.84,37.09,508.79,0.42,33.42,10.58,1.85,78.44,99.53,8.64
2010,42,4219002,Urussanga,0.772,0.695,0.756,0.876,0.77,0.45,3.24,97.65,85.41,32.37,10.28,20.55,883.42,0.4,6.85,2.46,0.51,91.52,100.0,9.72
2010,42,4219101,Vargeão,0.686,0.551,0.708,0.827,1.59,0.87,8.49,94.04,68.53,15.4,7.91,40.05,655.53,0.45,24.43,7.44,2.43,77.39,98.67,10.8
2010,42,4219150,Vargem,0.629,0.495,0.636,0.79,5.09,2.05,13.86,98.91,81.87,9.74,7.93,46.95,419.74,0.5,48.16,24.28,11.21,81.13,99.25,11.34
2010,42,4219176,Vargem Bonita,0.718,0.656,0.705,0.801,0.25,0.7,6.93,99.33,77.3,21.75,10.3,26.2,642.6,0.43,25.45,7.79,1.08,84.68,99.66,16.51
2010,42,4219200,Vidal Ramos,0.7,0.588,0.728,0.802,1.33,0.77,8.48,99.29,88.67,31.4,10.21,38.45,744.1,0.41,15.35,5.06,0.87,80.85,100.0,14.88
2010,42,4219309,Videira,0.764,0.675,0.772,0.857,0.9,0.82,3.55,96.88,79.4,50.72,10.49,19.41,978.07,0.47,10.32,1.76,0.35,95.51,99.92,11.48
2010,42,4219358,Vitor Meireles,0.673,0.522,0.694,0.841,1.61,1.49,7.91,96.81,48.88,25.07,9.96,36.85,599.02,0.52,31.86,15.84,10.76,91.04,99.85,14.5
2010,42,4219408,Witmarsum,0.71,0.557,0.739,0.87,1.5,1.42,4.85,98.09,88.92,37.11,7.35,35.87,796.45,0.43,13.23,6.07,2.42,89.08,100.0,11.27
2010,42,4219507,Xanxerê,0.775,0.711,0.76,0.861,0.87,0.65,5.62,98.65,81.71,27.18,10.02,20.01,906.11,0.48,15.18,5.55,1.77,68.94,99.17,14.53
2010,42,4219606,Xavantina,0.749,0.632,0.772,0.861,1.27,0.96,6.47,99.45,67.43,1.49,10.48,26.64,973.81,0.47,11.67,3.42,0.4,86.94,99.63,5.05
2010,42,4219705,Xaxim,0.752,0.662,0.737,0.871,0.69,1.06,5.7,96.4,86.1,42.43,10.5,28.26,783.29,0.43,16.49,3.48,1.23,94.32,99.44,12.15
2010,42,4219853,Zortéa,0.761,0.661,0.752,0.885,0.54,1.16,7.17,98.84,90.84,46.55,10.68,21.63,861.63,0.42,9.67,3.15,0.27,96.08,99.91,9.36
2010,43,4300034,Aceguá,0.687,0.541,0.703,0.852,0.29,0.47,6.4,93.85,48.35,3.97,9.88,39.99,633.63,0.53,36.14,13.65,2.34,63.06,99.04,24.63
2010,43,4300059,Água Santa,0.75,0.59,0.84,0.85,1.17,1.49,5.42,98.39,83.44,20.45,10.51,31.51,1491.17,0.68,16.6,6.62,0.48,74.76,100.0,6.79
2010,43,4300109,Agudo,0.694,0.524,0.752,0.847,0.88,1.23,6.78,96.54,54.52,15.64,7.95,37.64,861.06,0.52,21.06,8.71,3.91,88.17,99.59,11.52
2010,43,4300208,Ajuricaba,0.753,0.658,0.763,0.85,1.43,1.83,5.14,98.59,76.24,25.71,11.1,31.2,925.7,0.47,14.48,3.62,0.84,93.24,99.77,9.54
2010,43,4300307,Alecrim,0.672,0.522,0.683,0.852,1.3,0.78,7.86,97.09,46.5,9.95,11.36,43.58,561.62,0.49,32.15,16.76,9.48,94.42,98.71,11.73
2010,43,4300406,Alegrete,0.74,0.664,0.72,0.849,0.96,0.78,5.92,98.87,75.51,18.8,10.98,21.57,705.29,0.52,27.39,9.47,2.74,96.94,99.19,20.26
2010,43,4300455,Alegria,0.695,0.572,0.717,0.818,1.87,1.38,10.02,98.89,65.64,10.36,11.4,41.3,692.76,0.53,28.1,12.57,6.0,88.46,99.62,8.05
2010,43,4300471,Almirante Tamandaré Do Sul,0.74,0.669,0.732,0.828,2.38,0.91,4.27,100.0,86.06,18.77,10.22,31.27,760.16,0.44,15.17,7.16,1.19,76.79,100.0,3.33
2010,43,4300505,Alpestre,0.671,0.543,0.7,0.795,1.9,1.62,12.73,98.1,53.54,10.81,10.27,40.71,625.11,0.49,29.13,12.75,6.06,89.77,99.32,13.94
2010,43,4300554,Alto Alegre,0.747,0.642,0.756,0.859,1.94,0.0,7.36,97.91,85.23,20.67,10.36,30.23,880.85,0.48,15.89,6.55,2.38,89.89,99.89,8.61
2010,43,4300570,Alto Feliz,0.734,0.603,0.74,0.886,0.63,2.76,2.69,98.28,83.72,52.44,9.73,31.49,802.2,0.29,5.53,1.53,0.72,93.19,100.0,2.62
2010,43,4300604,Alvorada,0.699,0.564,0.694,0.874,1.64,1.5,3.93,95.31,34.18,13.84,9.03,22.76,600.48,0.43,23.66,7.32,2.15,98.9,99.85,27.08
2010,43,4300638,Amaral Ferrador,0.624,0.457,0.664,0.802,2.63,0.58,12.05,98.31,31.8,0.86,9.7,49.09,499.77,0.44,33.99,16.6,3.71,92.22,97.82,17.9
2010,43,4300646,Ametista Do Sul,0.682,0.562,0.697,0.809,2.17,1.4,11.41,100.0,59.49,15.6,10.17,39.27,611.2,0.58,38.2,16.67,5.58,88.67,99.7,15.21
2010,43,4300661,André Da Rocha,0.72,0.605,0.738,0.837,0.0,1.85,6.67,100.0,85.32,4.52,10.38,38.94,792.19,0.5,25.47,6.76,0.83,95.53,99.84,10.08
2010,43,4300703,Anta Gorda,0.74,0.63,0.742,0.868,0.98,0.0,5.62,97.81,59.49,4.7,10.37,32.36,810.41,0.34,7.53,1.87,0.5,95.54,100.0,3.31
2010,43,4300802,Antônio Prado,0.758,0.671,0.777,0.835,1.01,0.32,4.82,98.59,71.28,32.15,10.56,20.57,1004.85,0.41,7.03,1.14,0.35,95.23,100.0,6.65
2010,43,4300851,Arambaré,0.691,0.57,0.694,0.833,2.09,1.05,7.38,97.26,23.45,3.43,9.96,32.84,599.72,0.48,34.44,11.37,2.91,99.17,99.84,15.07
2010,43,4300877,Araricá,0.679,0.547,0.696,0.824,1.85,0.43,4.94,97.22,70.74,44.3,9.18,43.75,609.69,0.35,14.24,1.81,0.05,86.14,99.47,11.7
2010,43,4300901,Aratiba,0.772,0.67,0.801,0.856,0.0,1.28,4.38,98.77,86.8,20.97,10.73,31.04,1171.7,0.54,10.59,2.62,0.48,80.68,100.0,3.83
2010,43,4301008,Arroio Do Meio,0.769,0.706,0.75,0.86,0.28,0.45,1.88,99.79,91.5,61.82,9.87,23.75,850.06,0.36,6.62,1.09,0.02,97.4,99.97,7.7
2010,43,4301057,Arroio Do Sal,0.74,0.649,0.74,0.844,1.17,0.52,3.88,98.54,68.34,30.09,9.68,27.86,800.4,0.47,19.1,6.46,1.77,98.11,99.63,13.68
2010,43,4301073,Arroio Do Padre,0.669,0.461,0.756,0.86,2.56,0.81,4.6,97.4,46.47,0.0,8.86,40.63,883.18,0.53,22.11,7.17,3.09,79.1,100.0,27.29
2010,43,4301107,Arroio Dos Ratos,0.698,0.583,0.7,0.833,1.03,1.9,7.11,97.57,46.99,17.96,10.06,31.61,623.54,0.46,26.16,8.29,1.2,98.76,99.52,21.9
2010,43,4301206,Arroio Do Tigre,0.707,0.589,0.708,0.848,1.68,1.36,7.07,98.25,64.16,17.45,10.38,35.37,654.51,0.47,24.21,10.63,3.28,84.79,99.26,12.31
2010,43,4301305,Arroio Grande,0.657,0.522,0.673,0.807,1.11,1.52,8.15,98.72,41.53,10.16,10.22,38.61,528.13,0.5,38.75,14.55,4.53,96.95,99.75,23.01
2010,43,4301404,Arvorezinha,0.694,0.575,0.713,0.817,1.84,0.64,8.27,97.23,67.65,6.76,9.58,37.0,675.18,0.41,19.44,7.09,1.42,94.24,100.0,11.15
2010,43,4301503,Augusto Pestana,0.743,0.621,0.779,0.847,1.42,1.25,4.03,99.76,78.87,17.47,11.37,35.4,1016.34,0.49,13.8,3.74,0.74,89.94,99.88,10.21
2010,43,4301552,Áurea,0.707,0.588,0.715,0.841,0.0,0.0,5.44,99.19,74.91,13.58,9.06,44.2,686.1,0.42,17.0,6.03,1.88,76.77,100.0,6.87
2010,43,4301602,Bagé,0.74,0.647,0.739,0.848,1.11,1.19,4.93,97.56,69.28,18.76,10.34,21.91,795.56,0.56,27.21,8.96,3.14,99.23,99.66,25.97
2010,43,4301636,Balneário Pinhal,0.696,0.567,0.71,0.836,0.99,0.88,5.19,97.94,83.75,38.82,9.63,31.18,662.85,0.5,28.93,12.02,4.78,97.65,99.25,24.08
2010,43,4301651,Barão,0.748,0.652,0.767,0.836,0.0,0.79,3.06,98.68,85.99,39.37,10.36,27.8,947.28,0.4,5.7,1.14,0.67,93.35,99.94,5.24
2010,43,4301701,Barão De Cotegipe,0.719,0.593,0.745,0.842,1.97,0.9,3.83,97.91,65.95,24.04,10.57,32.4,823.2,0.42,13.71,5.2,1.25,93.51,99.41,8.32
2010,43,4301750,Barão Do Triunfo,0.61,0.428,0.645,0.821,2.04,1.93,9.75,97.97,40.65,0.0,9.68,59.32,441.81,0.53,46.6,24.69,12.38,70.01,99.37,16.7
2010,43,4301800,Barracão,0.71,0.568,0.711,0.885,0.55,1.62,8.72,97.76,62.71,19.83,10.75,37.05,667.95,0.57,34.1,14.55,7.37,86.33,99.78,8.92
2010,43,4301859,Barra Do Guarita,0.734,0.672,0.696,0.845,2.59,0.62,9.92,97.87,89.26,54.33,10.54,26.41,609.31,0.48,24.04,8.06,5.03,93.82,99.64,15.48
2010,43,4301875,Barra Do Quaraí,0.662,0.548,0.659,0.802,0.31,2.59,7.4,97.72,25.05,0.97,10.57,28.38,483.29,0.48,38.69,18.35,11.29,92.66,98.97,31.44
2010,43,4301909,Barra Do Ribeiro,0.67,0.529,0.691,0.822,3.53,1.38,7.03,94.18,43.34,29.12,9.94,35.23,589.16,0.48,32.66,11.24,4.56,95.8,98.6,20.36
2010,43,4301925,Barra Do Rio Azul,0.723,0.638,0.703,0.842,0.0,0.0,7.96,99.16,59.95,0.0,11.55,32.69,634.55,0.4,17.69,5.94,2.39,49.35,100.0,3.11
2010,43,4301958,Barra Funda,0.763,0.71,0.731,0.856,0.76,0.88,5.17,100.0,85.72,22.35,11.17,20.08,757.01,0.39,8.34,2.71,0.38,83.43,100.0,11.0
2010,43,4302006,Barros Cassal,0.65,0.5,0.69,0.795,1.55,1.31,15.14,96.5,40.62,14.81,9.39,47.21,587.45,0.51,33.96,14.82,5.28,83.23,98.89,19.67
2010,43,4302055,Benjamin Constant Do Sul,0.619,0.492,0.601,0.801,2.12,0.6,13.81,98.04,60.05,8.24,8.85,33.3,336.44,0.48,53.2,31.18,16.33,92.43,98.65,40.18
2010,43,4302105,Bento Gonçalves,0.778,0.695,0.805,0.842,0.81,0.64,2.23,96.62,72.66,32.79,10.02,18.23,1196.56,0.44,5.26,1.31,0.34,97.34,99.91,9.02
2010,43,4302154,Boa Vista Das Missões,0.676,0.561,0.666,0.825,1.08,3.05,9.0,98.45,50.42,6.39,9.9,39.81,505.89,0.44,33.85,12.93,6.67,99.43,99.82,8.68
2010,43,4302204,Boa Vista Do Buricá,0.762,0.697,0.761,0.834,0.74,0.59,1.88,99.65,88.43,45.91,11.23,23.72,909.95,0.43,8.48,2.58,0.7,99.28,99.57,6.09
2010,43,4302220,Boa Vista Do Cadeado,0.703,0.59,0.692,0.851,0.87,0.0,5.57,100.0,58.83,0.0,9.01,34.72,594.94,0.4,20.65,7.96,3.97,74.69,99.57,5.87
2010,43,4302238,Boa Vista Do Incra,0.731,0.641,0.703,0.867,0.71,0.0,5.01,99.1,60.22,0.0,8.87,23.49,633.52,0.45,24.99,8.62,5.38,93.69,99.86,6.99
2010,43,4302253,Boa Vista Do Sul,0.728,0.587,0.77,0.852,0.0,0.0,7.36,99.1,100.0,1.1,11.01,37.66,964.35,0.45,8.05,1.66,0.43,93.44,100.0,2.27
2010,43,4302303,Bom Jesus,0.666,0.51,0.697,0.832,1.48,1.11,7.91,94.98,42.95,12.15,8.63,37.64,611.26,0.52,34.56,11.04,2.62,86.91,99.25,14.72
2010,43,4302352,Bom Princípio,0.746,0.661,0.751,0.836,0.88,0.18,1.72,97.96,79.41,34.62,9.71,23.18,855.42,0.37,7.88,0.62,0.24,97.74,100.0,4.32
2010,43,4302378,Bom Progresso,0.723,0.643,0.7,0.84,2.08,1.52,10.21,99.23,78.59,11.4,10.98,30.8,623.82,0.52,32.63,14.03,5.89,78.9,99.72,16.91
2010,43,4302402,Bom Retiro Do Sul,0.739,0.649,0.725,0.857,1.26,0.5,3.42,99.44,80.09,51.88,9.83,25.55,728.62,0.38,9.75,3.27,0.56,94.45,100.0,8.99
2010,43,4302451,Boqueirão Do Leão,0.7,0.562,0.725,0.843,1.79,1.28,10.77,98.56,69.38,15.41,10.11,36.62,726.61,0.47,22.94,9.88,2.26,92.7,99.73,11.95
2010,43,4302501,Bossoroca,0.692,0.608,0.665,0.821,0.63,1.75,7.96,96.88,63.79,7.42,9.98,34.7,502.18,0.49,39.89,15.71,4.93,90.34,99.24,14.22
2010,43,4302584,Bozano,0.745,0.628,0.773,0.853,0.91,0.93,5.16,100.0,72.27,3.59,10.93,31.27,982.06,0.42,8.12,3.63,0.5,92.31,99.95,6.23
2010,43,4302600,Braga,0.674,0.563,0.656,0.83,0.43,1.85,13.78,92.94,73.59,20.97,10.54,36.95,475.39,0.47,39.73,22.26,10.21,88.52,99.62,18.16
2010,43,4302659,Brochier,0.699,0.554,0.723,0.851,1.66,0.96,3.33,98.09,69.23,11.62,10.54,43.96,720.21,0.36,10.46,1.28,0.0,99.1,99.61,8.45
2010,43,4302709,Butiá,0.689,0.558,0.691,0.848,2.98,2.22,8.46,96.43,48.92,17.2,9.43,35.09,590.45,0.47,32.69,9.74,3.46,99.05,99.41,20.94
2010,43,4302808,Caçapava Do Sul,0.704,0.585,0.699,0.855,1.38,1.4,8.24,98.97,57.58,18.93,9.77,33.52,618.98,0.48,29.34,10.41,3.42,91.42,99.76,14.92
2010,43,4302907,Cacequi,0.7,0.626,0.68,0.807,1.43,1.31,7.51,96.46,47.87,9.32,10.99,27.76,550.88,0.52,38.59,12.69,3.98,95.79,98.98,18.89
2010,43,4303004,Cachoeira Do Sul,0.742,0.648,0.739,0.854,1.38,0.94,7.49,98.68,60.04,21.81,10.14,27.07,793.67,0.54,25.46,9.04,2.93,96.6,99.75,16.72
2010,43,4303103,Cachoeirinha,0.757,0.675,0.749,0.857,1.22,0.96,2.94,95.99,48.53,28.08,10.05,14.82,844.04,0.44,13.22,3.91,1.39,99.21,99.53,18.87
2010,43,4303202,Cacique Doble,0.662,0.528,0.677,0.81,2.13,1.62,10.13,99.03,37.05,4.96,10.7,42.25,539.67,0.51,37.62,21.52,12.04,84.93,95.05,21.66
2010,43,4303301,Caibaté,0.719,0.611,0.709,0.857,2.45,0.41,6.95,98.12,74.98,15.22,10.54,33.74,659.58,0.48,25.27,9.97,3.76,99.42,99.79,9.91
2010,43,4303400,Caiçara,0.699,0.58,0.721,0.817,1.53,1.54,7.59,97.08,65.04,2.7,11.02,37.45,712.77,0.47,21.88,8.7,2.57,91.43,99.64,11.31
2010,43,4303509,Camaquã,0.697,0.578,0.715,0.819,1.29,1.47,7.05,96.73,44.92,8.45,10.19,32.44,686.36,0.48,25.41,9.19,2.13,95.09,99.62,17.3
2010,43,4303558,Camargo,0.736,0.612,0.762,0.854,4.08,0.81,8.57,98.09,81.23,12.64,10.06,32.35,916.32,0.39,10.86,0.8,0.0,97.49,99.87,5.56
2010,43,4303608,Cambará Do Sul,0.697,0.574,0.705,0.838,2.01,1.65,6.89,96.38,59.3,20.47,10.07,28.9,643.45,0.45,22.89,4.94,0.76,73.95,99.18,13.63
2010,43,4303673,Campestre Da Serra,0.706,0.557,0.713,0.886,0.89,0.0,6.42,100.0,49.03,0.0,10.43,38.92,675.91,0.31,7.79,2.27,0.82,88.56,99.74,5.72
2010,43,4303707,Campina Das Missões,0.738,0.677,0.698,0.849,0.0,0.36,4.06,98.55,86.73,29.12,11.47,29.01,615.85,0.41,21.48,8.31,2.69,99.61,99.86,3.39
2010,43,4303806,Campinas Do Sul,0.76,0.691,0.753,0.842,1.26,1.71,4.72,99.4,81.21,21.88,10.48,27.62,869.1,0.46,14.19,3.53,1.08,97.66,100.0,7.45
2010,43,4303905,Campo Bom,0.745,0.643,0.755,0.852,0.72,0.81,3.18,98.95,73.87,39.55,9.57,24.98,879.65,0.43,9.33,2.23,0.2,99.23,99.82,13.15
2010,43,4304002,Campo Novo,0.703,0.593,0.677,0.866,0.7,1.47,13.04,98.59,82.23,13.19,8.88,32.72,539.04,0.48,35.77,13.56,4.18,96.69,99.48,13.5
2010,43,4304101,Campos Borges,0.708,0.616,0.704,0.819,1.48,2.45,9.44,97.3,79.05,27.93,11.07,31.32,637.46,0.46,22.91,8.0,3.62,62.6,99.82,8.04
2010,43,4304200,Candelária,0.674,0.521,0.699,0.842,1.69,1.37,9.5,97.88,32.13,4.63,9.93,38.83,620.92,0.46,26.58,11.01,4.91,89.19,99.78,16.07
2010,43,4304309,Cândido Godói,0.728,0.627,0.72,0.853,1.11,0.94,3.38,99.19,69.34,19.37,11.38,33.97,706.19,0.45,19.04,5.32,2.53,98.33,99.77,4.65
2010,43,4304358,Candiota,0.698,0.562,0.704,0.86,1.49,1.76,5.48,94.87,46.84,8.19,8.46,29.91,638.77,0.51,30.19,14.37,6.91,89.25,99.41,21.19
2010,43,4304408,Canela,0.748,0.667,0.738,0.849,1.07,0.62,4.2,97.15,53.44,21.08,9.95,24.75,787.78,0.48,17.79,5.48,1.34,98.07,99.77,15.79
2010,43,4304507,Canguçu,0.65,0.491,0.683,0.819,1.21,1.2,9.17,96.89,35.65,8.48,9.45,42.55,562.54,0.49,32.95,18.19,9.14,85.13,99.44,16.29
2010,43,4304606,Canoas,0.75,0.636,0.768,0.864,1.33,0.91,2.61,95.88,47.08,22.62,9.89,18.32,952.13,0.51,15.72,4.4,0.93,98.8,99.93,20.45
2010,43,4304614,Canudos Do Vale,0.713,0.574,0.751,0.84,1.09,2.44,10.66,98.99,67.89,11.84,11.08,39.24,854.58,0.49,17.88,9.47,6.9,94.5,99.87,9.72
2010,43,4304622,Capão Bonito Do Sul,0.637,0.507,0.654,0.779,3.81,2.25,10.12,98.75,53.73,0.0,10.34,43.42,468.49,0.52,45.32,21.56,10.65,64.76,99.2,9.85
2010,43,4304630,Capão Da Canoa,0.743,0.637,0.756,0.852,1.45,1.57,3.74,95.16,62.58,23.62,8.75,22.5,884.47,0.51,16.88,6.25,1.49,97.7,99.72,23.13
2010,43,4304655,Capão Do Cipó,0.672,0.552,0.639,0.86,1.86,1.36,6.42,98.91,55.47,3.52,9.76,37.91,426.09,0.51,47.14,21.85,9.81,93.68,99.73,14.25
2010,43,4304663,Capão Do Leão,0.637,0.48,0.662,0.814,2.12,1.0,7.37,95.31,34.5,5.86,9.6,37.66,493.36,0.43,32.42,11.03,2.37,96.59,99.9,27.52
2010,43,4304671,Capivari Do Sul,0.766,0.668,0.805,0.836,1.81,2.3,7.9,96.37,89.2,13.87,8.49,21.81,1196.47,0.68,19.83,6.19,1.0,98.43,99.68,12.44
2010,43,4304689,Capela De Santana,0.661,0.525,0.675,0.816,1.65,0.93,5.77,98.26,57.8,8.14,9.42,44.12,533.88,0.39,21.56,7.42,2.2,93.86,100.0,21.17
2010,43,4304697,Capitão,0.746,0.661,0.747,0.842,2.37,0.86,5.32,98.07,100.0,54.92,10.86,30.4,835.57,0.38,7.17,0.87,0.19,97.54,100.0,6.16
2010,43,4304705,Carazinho,0.766,0.707,0.756,0.84,1.16,1.31,4.1,97.96,74.13,28.26,10.45,17.24,881.73,0.51,18.42,5.82,1.56,97.65,99.76,14.26
2010,43,4304713,Caraá,0.652,0.505,0.661,0.83,2.07,2.78,11.98,96.22,42.03,11.28,9.31,44.74,490.65,0.39,27.08,9.24,2.36,89.37,98.97,13.84
2010,43,4304804,Carlos Barbosa,0.796,0.724,0.835,0.835,0.61,0.37,2.54,98.74,80.48,30.64,10.97,15.63,1446.56,0.51,1.97,0.19,0.0,95.65,100.0,4.78
2010,43,4304853,Carlos Gomes,0.739,0.622,0.732,0.886,1.04,0.0,4.74,98.21,89.45,15.05,10.37,33.7,761.35,0.43,15.22,3.7,1.17,85.34,100.0,11.13
2010,43,4304903,Casca,0.785,0.733,0.778,0.847,1.25,0.79,3.88,99.04,91.71,38.29,11.57,21.84,1011.38,0.41,7.11,2.02,0.36,94.56,99.93,4.84
2010,43,4304952,Caseiros,0.703,0.6,0.696,0.833,1.79,1.91,10.19,94.7,72.92,0.0,11.65,39.9,606.99,0.47,26.99,11.95,6.14,90.71,99.91,9.0
2010,43,4305009,Catuípe,0.739,0.627,0.763,0.842,0.79,1.01,6.07,99.59,76.55,22.04,10.34,33.2,920.96,0.56,22.37,6.14,2.23,96.44,99.2,11.39
2010,43,4305108,Caxias Do Sul,0.782,0.686,0.812,0.86,1.04,0.8,2.34,96.32,43.36,20.01,10.05,15.74,1253.93,0.48,7.08,1.72,0.36,98.34,99.97,10.29
2010,43,4305116,Centenário,0.701,0.569,0.707,0.856,1.9,0.63,4.08,99.24,90.59,12.4,11.01,41.4,651.77,0.46,23.93,8.5,5.2,93.8,100.0,13.24
2010,43,4305124,Cerrito,0.649,0.504,0.657,0.824,0.95,1.51,12.08,97.41,35.31,3.12,10.58,43.61,476.66,0.48,39.94,20.28,6.18,92.49,99.6,18.0
2010,43,4305132,Cerro Branco,0.661,0.527,0.671,0.816,1.68,0.9,13.08,98.62,69.62,16.05,10.33,46.16,519.95,0.41,29.43,11.66,3.02,91.89,98.62,12.54
2010,43,4305157,Cerro Grande,0.674,0.563,0.676,0.803,1.73,0.74,14.04,97.7,59.9,4.28,10.73,42.49,538.45,0.49,37.29,14.25,4.85,97.97,99.4,8.04
2010,43,4305173,Cerro Grande Do Sul,0.66,0.499,0.673,0.855,2.25,1.59,9.85,94.93,31.21,0.75,9.77,45.2,527.88,0.5,38.58,17.24,5.13,74.92,99.59,20.75
2010,43,4305207,Cerro Largo,0.764,0.698,0.752,0.849,1.13,0.63,4.43,98.26,61.9,16.44,10.95,24.32,862.05,0.47,15.71,2.85,0.37,97.72,99.16,10.98
2010,43,4305306,Chapada,0.757,0.679,0.752,0.849,1.38,0.7,4.28,98.96,78.96,28.24,9.6,30.64,860.15,0.46,12.87,3.47,1.34,97.96,99.95,8.16
2010,43,4305355,Charqueadas,0.747,0.659,0.726,0.87,0.67,0.55,4.63,99.52,79.67,31.61,10.39,19.82,734.59,0.43,17.1,4.56,1.63,95.12,99.97,18.52
2010,43,4305371,Charrua,0.62,0.385,0.699,0.885,2.44,1.49,13.09,89.68,21.3,0.0,8.41,49.28,618.89,0.51,40.85,20.85,4.87,61.36,95.6,41.67
2010,43,4305405,Chiapetta,0.732,0.657,0.702,0.85,1.44,0.46,6.26,97.44,87.41,17.0,11.3,25.15,632.18,0.49,32.0,13.15,4.54,99.41,99.71,10.56
2010,43,4305439,Chuí,0.706,0.658,0.676,0.792,1.21,0.88,1.88,97.69,88.2,35.74,9.69,18.12,535.86,0.48,36.55,14.5,4.05,98.72,99.07,28.53
2010,43,4305447,Chuvisca,0.616,0.437,0.655,0.818,0.59,2.78,9.74,96.95,46.9,4.16,10.59,55.02,471.66,0.46,39.53,20.13,6.14,82.93,99.75,17.9
2010,43,4305454,Cidreira,0.729,0.625,0.73,0.848,1.59,1.68,3.66,99.13,72.06,26.46,9.08,26.79,750.55,0.49,21.99,7.42,3.17,98.98,99.48,22.8
2010,43,4305504,Ciríaco,0.719,0.6,0.724,0.855,1.62,1.37,7.12,95.3,63.39,13.76,10.17,33.2,725.12,0.45,18.35,6.08,1.45,81.49,100.0,4.41
2010,43,4305587,Colinas,0.765,0.678,0.786,0.84,1.08,0.0,2.93,99.12,90.65,33.86,10.41,26.0,1066.39,0.47,7.23,2.2,0.08,92.81,100.0,5.76
2010,43,4305603,Colorado,0.758,0.674,0.775,0.835,0.0,1.83,4.45,99.17,62.16,22.81,10.43,26.7,996.93,0.51,14.83,4.38,2.0,96.47,100.0,5.82
2010,43,4305702,Condor,0.747,0.666,0.735,0.852,1.18,0.3,5.4,98.3,57.31,15.07,10.4,28.07,777.62,0.49,21.55,7.68,2.65,93.87,99.93,13.59
2010,43,4305801,Constantina,0.754,0.668,0.726,0.885,1.31,0.99,8.26,96.1,78.01,10.47,10.23,30.06,732.39,0.45,21.3,10.09,3.01,89.78,99.83,11.99
2010,43,4305835,Coqueiro Baixo,0.692,0.532,0.703,0.886,3.61,0.0,7.06,100.0,57.38,0.0,11.16,46.11,634.31,0.41,20.26,9.34,4.22,97.38,100.0,4.28
2010,43,4305850,Coqueiros Do Sul,0.746,0.614,0.806,0.84,1.27,1.04,5.09,98.69,73.98,16.04,11.19,33.77,1208.56,0.53,12.26,4.11,1.33,88.64,100.0,4.92
2010,43,4305871,Coronel Barros,0.744,0.61,0.793,0.852,0.0,1.83,3.15,98.65,66.11,0.0,10.19,38.49,1112.14,0.53,10.78,3.59,0.19,97.71,100.0,8.16
2010,43,4305900,Coronel Bicaco,0.665,0.55,0.667,0.803,2.06,0.68,11.28,97.27,71.28,16.49,10.65,41.39,509.04,0.51,42.09,19.56,8.72,81.84,98.6,16.63
2010,43,4305934,Coronel Pilar,0.727,0.6,0.766,0.835,1.41,1.52,4.06,100.0,81.22,0.0,11.27,33.57,942.36,0.36,8.18,1.3,0.48,91.17,100.0,5.58
2010,43,4305959,Cotiporã,0.741,0.636,0.767,0.835,0.48,0.0,4.52,99.4,75.1,41.15,11.18,30.14,943.48,0.39,7.05,0.37,0.1,80.42,100.0,5.59
2010,43,4305975,Coxilha,0.706,0.586,0.693,0.866,1.52,1.35,6.82,97.93,79.6,7.36,9.37,33.82,596.9,0.49,31.58,11.86,6.17,95.29,100.0,12.78
2010,43,4306007,Crissiumal,0.712,0.616,0.702,0.835,1.3,0.56,4.79,98.79,86.09,21.62,10.72,37.4,630.54,0.41,19.85,7.24,2.84,96.16,99.32,10.92
2010,43,4306056,Cristal,0.644,0.471,0.687,0.826,2.5,1.32,9.49,97.96,22.68,0.64,9.33,46.57,575.45,0.45,28.37,11.74,2.99,90.58,97.9,18.17
2010,43,4306072,Cristal Do Sul,0.66,0.542,0.641,0.826,1.1,0.0,12.19,97.83,40.38,2.8,11.08,42.57,430.67,0.45,41.73,17.74,7.06,95.18,99.77,15.33
2010,43,4306106,Cruz Alta,0.75,0.653,0.754,0.858,1.25,1.11,4.49,97.2,72.91,28.87,10.21,22.61,871.81,0.53,22.04,7.02,2.76,97.94,99.49,14.53
2010,43,4306130,Cruzaltense,0.719,0.605,0.724,0.849,0.0,0.0,6.76,100.0,64.72,0.0,10.25,34.45,723.18,0.45,21.9,9.38,6.23,88.99,99.29,5.54
2010,43,4306205,Cruzeiro Do Sul,0.723,0.607,0.746,0.833,1.78,1.01,3.83,97.03,75.87,37.29,9.69,29.26,832.23,0.41,10.44,1.82,0.42,80.72,99.89,11.3
2010,43,4306304,David Canabarro,0.762,0.688,0.74,0.87,0.33,1.06,7.36,98.63,76.15,16.97,12.11,23.45,798.91,0.44,13.61,2.6,0.0,91.64,100.0,3.04
2010,43,4306320,Derrubadas,0.707,0.628,0.664,0.846,0.81,1.06,9.78,100.0,70.65,3.41,10.72,32.08,497.31,0.55,44.19,24.87,17.64,93.93,99.88,8.65
2010,43,4306353,Dezesseis De Novembro,0.654,0.553,0.625,0.809,1.33,0.0,12.29,98.81,35.22,17.26,10.5,33.5,391.3,0.48,47.71,27.9,11.96,99.5,98.99,18.03
2010,43,4306379,Dilermando De Aguiar,0.648,0.463,0.681,0.864,1.4,0.61,13.65,94.08,49.31,9.69,9.14,51.01,553.74,0.58,43.03,22.19,8.02,84.23,98.44,14.0
2010,43,4306403,Dois Irmãos,0.743,0.633,0.763,0.848,0.68,0.47,2.04,98.48,64.54,42.64,9.57,20.21,921.37,0.38,3.92,0.52,0.0,99.28,100.0,6.73
2010,43,4306429,Dois Irmãos Das Missões,0.67,0.585,0.646,0.797,4.27,0.82,12.29,95.98,82.53,16.8,8.13,39.53,446.59,0.5,43.21,26.64,13.22,94.82,99.09,21.8
2010,43,4306452,Dois Lajeados,0.757,0.67,0.775,0.837,0.0,0.0,5.11,99.02,74.25,3.47,10.37,28.32,992.68,0.34,3.45,0.31,0.0,79.34,99.85,5.75
2010,43,4306502,Dom Feliciano,0.587,0.39,0.633,0.818,1.55,2.24,12.21,94.05,28.43,2.85,9.47,58.07,409.72,0.48,46.98,22.12,9.99,76.21,99.02,22.05
2010,43,4306551,Dom Pedro De Alcântara,0.691,0.577,0.697,0.82,1.6,3.05,5.65,97.59,80.27,9.14,10.58,36.94,611.05,0.43,21.24,7.75,1.5,83.61,99.86,5.05
2010,43,4306601,Dom Pedrito,0.708,0.585,0.715,0.848,1.29,1.03,5.88,97.46,69.57,17.92,10.28,31.94,686.15,0.54,30.33,11.38,2.26,95.16,99.77,25.72
2010,43,4306700,Dona Francisca,0.697,0.568,0.718,0.831,0.48,1.75,7.19,97.63,67.52,36.73,8.87,31.26,698.57,0.46,21.45,8.83,1.6,76.86,99.75,14.21
2010,43,4306734,Doutor Maurício Cardoso,0.706,0.593,0.707,0.84,0.91,1.42,6.29,97.3,63.26,16.61,11.4,39.11,652.63,0.47,25.74,10.68,3.8,94.07,99.81,8.46
2010,43,4306759,Doutor Ricardo,0.724,0.593,0.749,0.855,1.59,0.0,7.19,99.23,78.49,0.0,11.3,34.86,843.35,0.38,9.95,3.37,0.41,95.79,99.86,5.93
2010,43,4306767,Eldorado Do Sul,0.717,0.609,0.717,0.844,1.73,1.0,4.17,97.18,48.99,19.53,9.46,21.9,692.0,0.46,21.99,6.99,2.29,97.51,99.57,27.53
2010,43,4306809,Encantado,0.767,0.687,0.764,0.858,0.81,0.87,3.25,99.5,73.04,48.85,9.57,22.61,931.47,0.42,8.63,2.21,0.49,94.19,100.0,6.55
2010,43,4306908,Encruzilhada Do Sul,0.657,0.478,0.677,0.875,2.86,1.61,10.8,96.11,53.65,15.85,9.54,43.06,539.0,0.52,40.11,16.24,6.75,90.3,98.95,18.5
2010,43,4306924,Engenho Velho,0.717,0.611,0.735,0.821,1.59,0.0,10.6,97.2,55.2,7.95,8.99,27.87,775.44,0.55,29.11,21.37,16.45,98.38,99.53,22.93
2010,43,4306932,Entre-Ijuís,0.68,0.548,0.692,0.829,2.41,0.23,6.09,99.24,43.38,14.69,10.13,40.31,594.67,0.47,29.12,13.51,3.87,87.55,99.68,11.8
2010,43,4306957,Entre Rios Do Sul,0.703,0.572,0.709,0.857,0.49,2.34,9.13,98.13,88.07,9.52,10.85,35.26,657.86,0.45,20.68,10.32,3.53,93.34,100.0,8.29
2010,43,4306973,Erebango,0.712,0.626,0.689,0.837,1.35,2.11,6.86,99.08,55.39,16.04,9.72,22.44,583.76,0.47,31.08,10.02,5.29,83.64,99.76,22.5
2010,43,4307005,Erechim,0.776,0.716,0.782,0.833,0.95,0.89,3.27,97.85,78.89,28.08,10.06,17.86,1038.39,0.48,10.6,3.29,1.08,97.84,99.86,11.0
2010,43,4307054,Ernestina,0.716,0.612,0.703,0.854,0.99,0.73,6.23,100.0,73.78,17.78,11.22,31.8,634.28,0.43,20.9,6.24,1.4,97.87,99.87,7.57
2010,43,4307104,Herval,0.687,0.527,0.73,0.843,1.1,1.29,7.53,97.28,29.83,6.74,9.93,39.59,752.24,0.68,44.03,20.49,10.07,86.93,99.21,23.18
2010,43,4307203,Erval Grande,0.681,0.501,0.713,0.885,1.25,0.7,11.75,99.25,40.81,0.0,9.63,47.17,677.58,0.5,26.52,10.37,2.0,87.52,99.45,14.22
2010,43,4307302,Erval Seco,0.685,0.589,0.666,0.821,3.09,2.29,11.78,99.1,66.31,15.81,10.54,39.11,505.57,0.52,42.95,21.46,10.0,85.6,99.01,18.38
2010,43,4307401,Esmeralda,0.68,0.569,0.669,0.827,0.54,1.79,8.22,98.7,67.92,8.94,10.48,37.31,514.34,0.45,36.67,12.73,4.12,90.11,99.93,7.81
2010,43,4307450,Esperança Do Sul,0.661,0.55,0.665,0.788,1.71,0.0,10.08,97.92,74.94,18.79,9.83,46.97,502.89,0.43,31.23,16.09,9.25,91.29,98.6,7.16
2010,43,4307500,Espumoso,0.765,0.677,0.747,0.884,0.8,1.32,7.52,98.24,88.78,41.07,10.29,24.03,834.66,0.49,18.05,5.14,1.9,94.72,99.45,9.42
2010,43,4307559,Estação,0.753,0.674,0.752,0.843,2.22,1.95,3.48,96.68,71.86,16.48,8.42,21.56,862.69,0.46,10.54,1.78,0.96,91.99,100.0,7.98
2010,43,4307609,Estância Velha,0.757,0.652,0.749,0.887,0.89,0.51,2.62,98.58,62.06,34.29,10.12,21.55,848.45,0.42,10.29,2.21,0.7,98.95,99.91,12.71
2010,43,4307708,Esteio,0.754,0.662,0.769,0.843,1.18,0.77,2.65,97.61,57.93,32.18,10.25,18.83,955.86,0.48,13.59,4.53,1.32,99.51,99.99,16.41
2010,43,4307807,Estrela,0.767,0.684,0.776,0.85,1.32,1.09,2.47,98.69,76.84,50.26,9.91,22.42,1002.78,0.42,8.87,1.23,0.0,98.84,100.0,9.88
2010,43,4307815,Estrela Velha,0.679,0.56,0.707,0.792,0.91,0.53,8.99,100.0,72.07,2.72,11.11,38.89,650.28,0.49,30.06,12.96,6.42,90.67,99.32,12.73
2010,43,4307831,Eugênio De Castro,0.712,0.584,0.697,0.885,0.53,0.74,6.49,99.32,73.46,2.9,10.04,41.76,613.5,0.5,32.54,12.26,3.56,97.46,99.12,12.19
2010,43,4307864,Fagundes Varela,0.763,0.674,0.773,0.852,0.83,0.0,4.02,98.83,89.87,11.34,11.26,28.04,981.99,0.35,4.14,0.63,0.42,81.91,99.88,6.17
2010,43,4307906,Farroupilha,0.777,0.696,0.783,0.861,0.62,0.59,2.58,98.5,66.22,20.0,9.99,17.38,1045.05,0.43,5.99,1.37,0.45,89.71,99.96,7.58
2010,43,4308003,Faxinal Do Soturno,0.72,0.597,0.732,0.854,0.24,0.63,5.15,99.09,71.3,23.29,10.23,32.07,760.86,0.47,19.37,6.92,1.71,82.17,99.72,12.7
2010,43,4308052,Faxinalzinho,0.666,0.571,0.646,0.801,0.0,0.69,9.49,96.35,27.38,0.0,10.28,33.04,445.67,0.43,37.0,17.32,9.85,82.3,98.15,16.97
2010,43,4308078,Fazenda Vilanova,0.698,0.557,0.726,0.841,0.81,0.0,5.94,97.08,67.91,15.42,9.11,40.92,734.82,0.44,16.4,2.45,1.56,98.74,99.12,16.54
2010,43,4308102,Feliz,0.75,0.658,0.758,0.847,0.15,0.5,0.95,98.89,76.14,38.84,10.43,25.97,897.05,0.37,4.61,0.5,0.0,98.44,99.89,5.23
2010,43,4308201,Flores Da Cunha,0.754,0.642,0.786,0.849,0.59,0.74,3.16,97.44,61.8,15.38,9.67,24.12,1062.06,0.44,6.47,1.12,0.48,94.04,100.0,8.63
2010,43,4308250,Floriano Peixoto,0.663,0.486,0.701,0.854,0.78,1.92,4.44,99.35,95.48,2.23,10.5,55.49,626.67,0.44,25.37,11.16,5.25,96.32,99.59,9.34
2010,43,4308300,Fontoura Xavier,0.661,0.532,0.668,0.812,1.82,1.65,17.45,96.06,34.4,1.19,9.69,40.81,511.46,0.53,40.14,20.19,10.84,80.08,99.12,16.6
2010,43,4308409,Formigueiro,0.682,0.549,0.69,0.838,1.18,1.09,11.22,95.59,46.01,13.8,10.0,37.43,586.75,0.51,32.57,15.55,4.49,90.68,99.92,15.85
2010,43,4308433,Forquetinha,0.683,0.484,0.743,0.886,0.8,0.0,6.64,95.24,59.14,9.83,10.0,46.94,812.72,0.38,10.91,4.78,1.04,96.95,99.81,8.65
2010,43,4308458,Fortaleza Dos Valos,0.756,0.663,0.779,0.837,0.96,0.37,6.27,99.65,77.42,19.03,10.06,28.15,1021.84,0.62,26.9,6.5,2.31,91.99,98.52,5.99
2010,43,4308508,Frederico Westphalen,0.76,0.688,0.754,0.846,0.68,0.6,4.78,97.93,77.21,29.18,10.87,23.77,875.03,0.47,16.95,4.98,1.64,92.52,99.93,13.84
2010,43,4308607,Garibaldi,0.786,0.688,0.825,0.856,1.06,0.74,2.64,95.59,77.57,31.06,10.42,20.4,1355.37,0.51,4.06,1.04,0.06,91.51,100.0,6.76
2010,43,4308656,Garruchos,0.671,0.553,0.657,0.833,2.3,2.99,12.22,98.29,18.69,2.36,11.02,33.28,476.17,0.52,46.61,19.53,9.28,97.8,99.93,12.44
2010,43,4308706,Gaurama,0.738,0.643,0.733,0.852,1.52,1.05,4.05,99.18,73.93,17.16,11.08,30.08,765.58,0.43,15.67,5.74,0.8,81.21,99.95,5.8
2010,43,4308805,General Câmara,0.686,0.552,0.704,0.832,1.72,1.18,9.55,97.3,56.91,14.12,9.11,40.21,640.45,0.49,30.1,11.25,2.65,95.9,99.57,18.93
2010,43,4308854,Gentil,0.733,0.643,0.71,0.863,0.0,1.16,7.59,97.98,87.66,5.33,10.51,31.42,662.04,0.43,23.2,8.2,2.5,97.06,96.79,10.14
2010,43,4308904,Getúlio Vargas,0.746,0.658,0.747,0.843,1.3,1.23,4.12,98.5,83.01,24.14,10.01,27.27,837.17,0.45,15.3,3.68,1.2,94.85,99.79,12.21
2010,43,4309001,Giruá,0.721,0.629,0.707,0.842,1.91,1.12,6.68,98.21,72.12,26.46,10.82,31.39,653.18,0.53,30.77,11.44,3.36,92.51,99.68,12.62
2010,43,4309050,Glorinha,0.714,0.593,0.716,0.859,0.87,0.84,7.96,98.86,66.5,17.98,10.66,31.07,686.99,0.41,18.86,4.97,1.46,94.23,99.62,14.6
2010,43,4309100,Gramado,0.764,0.662,0.783,0.861,0.9,0.65,2.82,96.86,72.34,22.91,10.61,21.26,1045.52,0.48,7.48,2.18,0.32,96.24,100.0,10.2
2010,43,4309126,Gramado Dos Loureiros,0.685,0.584,0.662,0.832,0.59,0.0,13.05,99.41,40.48,0.0,11.3,30.35,491.1,0.5,40.76,22.49,9.22,93.49,99.58,23.19
2010,43,4309159,Gramado Xavier,0.634,0.473,0.681,0.792,0.96,2.11,9.91,98.55,25.27,4.37,10.06,49.73,552.44,0.54,35.53,21.6,12.65,85.02,100.0,16.16
2010,43,4309209,Gravataí,0.736,0.636,0.727,0.862,1.26,1.01,3.2,95.73,37.13,12.5,10.16,18.8,737.29,0.44,18.01,5.39,1.54,98.65,99.77,19.54
2010,43,4309258,Guabiju,0.758,0.612,0.831,0.857,3.37,1.22,4.55,100.0,96.34,21.06,11.27,38.65,1408.71,0.55,7.71,1.81,0.3,97.36,100.0,6.56
2010,43,4309308,Guaíba,0.73,0.639,0.732,0.833,1.3,0.84,3.83,97.31,44.78,15.37,10.02,19.67,758.83,0.47,19.29,6.44,1.49,98.95,99.83,18.32
2010,43,4309407,Guaporé,0.765,0.685,0.781,0.837,1.97,0.91,3.75,98.55,71.59,58.91,10.0,26.11,1035.41,0.42,5.09,0.86,0.27,94.79,100.0,6.61
2010,43,4309506,Guarani Das Missões,0.737,0.665,0.698,0.863,1.65,2.13,4.93,97.85,69.15,25.47,10.3,27.07,615.87,0.42,21.5,6.49,3.09,96.48,99.16,16.17
2010,43,4309555,Harmonia,0.749,0.668,0.748,0.841,0.39,0.0,2.09,100.0,92.67,54.49,9.73,23.93,840.55,0.36,7.36,1.89,0.54,98.59,99.77,6.74
2010,43,4309571,Herveiras,0.616,0.441,0.67,0.792,0.44,3.78,10.17,93.72,56.43,3.07,9.68,52.67,516.11,0.41,31.91,12.94,5.29,89.74,99.38,15.72
2010,43,4309605,Horizontina,0.783,0.716,0.782,0.858,0.5,0.6,2.89,97.58,84.68,40.91,10.7,21.06,1037.04,0.49,11.09,2.47,0.58,96.26,99.88,7.64
2010,43,4309654,Hulha Negra,0.643,0.512,0.653,0.796,1.82,0.84,8.69,95.98,13.03,1.37,9.32,31.56,465.17,0.54,42.76,24.94,15.51,85.15,99.93,30.19
2010,43,4309704,Humaitá,0.738,0.657,0.732,0.837,2.33,0.44,3.55,98.91,100.0,37.0,10.99,35.28,759.99,0.42,18.13,3.47,0.53,90.92,99.41,5.56
2010,43,4309753,Ibarama,0.652,0.511,0.686,0.792,0.78,0.41,6.69,97.72,66.07,13.33,10.19,43.63,572.6,0.43,30.84,13.26,4.72,93.66,99.26,10.46
2010,43,4309803,Ibiaçá,0.739,0.593,0.766,0.888,1.16,0.9,6.7,97.63,69.89,18.48,10.81,32.86,940.93,0.43,10.51,2.05,0.51,92.41,99.86,5.16
2010,43,4309902,Ibiraiaras,0.724,0.615,0.739,0.835,1.63,1.34,5.99,97.5,47.33,17.35,10.45,30.25,795.0,0.44,15.21,4.41,1.44,85.62,100.0,5.87
2010,43,4309951,Ibirapuitã,0.638,0.463,0.678,0.828,0.68,1.72,9.99,95.4,46.49,9.34,8.95,49.87,544.81,0.52,38.7,16.54,3.74,97.42,99.5,12.43
2010,43,4310009,Ibirubá,0.765,0.671,0.786,0.848,1.6,0.66,3.44,99.06,83.53,35.31,10.1,25.04,1062.3,0.49,11.43,3.09,1.04,95.53,99.96,7.86
2010,43,4310108,Igrejinha,0.721,0.571,0.749,0.876,1.08,0.49,3.51,97.27,60.3,26.05,9.48,33.8,848.23,0.44,9.35,2.42,0.61,94.33,100.0,13.72
2010,43,4310207,Ijuí,0.781,0.707,0.786,0.858,1.09,0.86,4.16,98.89,83.31,29.85,10.72,20.76,1066.65,0.57,16.83,5.95,2.34,97.57,99.61,12.91
2010,43,4310306,Ilópolis,0.73,0.595,0.756,0.866,0.78,1.8,6.74,95.69,75.16,9.6,10.21,31.04,884.57,0.48,13.77,5.43,1.71,93.89,100.0,10.35
2010,43,4310330,Imbé,0.764,0.638,0.825,0.847,1.1,1.49,3.02,96.77,68.34,38.26,9.65,26.25,1359.66,0.68,19.15,5.75,1.25,96.51,99.8,19.94
2010,43,4310363,Imigrante,0.743,0.635,0.764,0.844,0.85,0.0,1.32,95.02,71.39,53.17,9.83,36.5,928.0,0.35,4.25,1.68,0.0,96.43,100.0,4.57
2010,43,4310405,Independência,0.693,0.576,0.711,0.813,2.24,2.37,7.95,98.85,73.34,16.64,10.6,38.49,665.99,0.48,26.55,11.94,4.53,87.82,99.76,9.47
2010,43,4310413,Inhacorá,0.673,0.585,0.647,0.807,1.76,1.6,10.55,98.7,80.64,32.99,10.52,39.46,448.48,0.43,38.72,14.15,4.77,98.02,99.68,20.21
2010,43,4310439,Ipê,0.728,0.618,0.751,0.831,1.3,0.75,6.3,98.62,58.47,13.46,9.72,30.64,856.32,0.45,13.63,2.92,1.05,89.8,99.9,5.61
2010,43,4310462,Ipiranga Do Sul,0.791,0.698,0.818,0.866,0.0,4.21,3.38,100.0,65.93,0.0,12.38,22.86,1301.23,0.48,9.35,2.05,0.6,73.15,100.0,4.61
2010,43,4310504,Iraí,0.691,0.59,0.684,0.819,1.54,1.58,9.44,98.32,76.08,11.9,10.88,34.4,564.49,0.54,41.72,20.23,10.3,83.76,97.77,21.71
2010,43,4310538,Itaara,0.76,0.687,0.761,0.841,1.52,1.08,5.72,99.09,61.68,15.29,9.44,22.41,913.96,0.61,27.78,7.21,1.92,94.95,99.77,18.8
2010,43,4310553,Itacurubi,0.657,0.509,0.692,0.804,1.98,0.59,8.36,96.34,31.96,1.61,10.11,37.63,593.23,0.61,44.81,20.08,6.51,96.06,96.78,20.8
2010,43,4310579,Itapuca,0.664,0.495,0.709,0.834,2.22,0.0,9.13,97.42,51.82,0.0,9.65,44.38,660.33,0.4,16.97,5.73,0.6,93.16,99.72,11.99
2010,43,4310603,Itaqui,0.713,0.626,0.687,0.843,1.0,1.49,6.18,98.73,68.26,15.68,10.5,26.12,576.71,0.51,35.19,11.59,3.55,94.86,99.69,24.99
2010,43,4310652,Itati,0.669,0.524,0.692,0.827,2.34,2.24,12.92,97.69,48.15,7.42,9.94,40.28,592.8,0.47,30.35,15.13,4.14,76.26,98.53,11.63
2010,43,4310702,Itatiba Do Sul,0.681,0.567,0.696,0.801,1.43,0.93,11.38,99.12,35.66,6.59,10.79,35.76,607.67,0.49,32.19,13.92,5.36,87.43,99.3,10.79
2010,43,4310751,Ivorá,0.724,0.602,0.712,0.886,1.83,0.0,4.84,97.04,46.11,22.47,11.78,32.96,670.27,0.44,21.24,7.13,2.4,83.21,99.92,5.63
2010,43,4310801,Ivoti,0.784,0.729,0.78,0.848,0.61,0.55,1.88,100.0,88.47,51.27,10.38,18.73,1025.02,0.44,6.07,0.95,0.1,95.92,100.0,8.98
2010,43,4310850,Jaboticaba,0.658,0.547,0.636,0.82,0.62,2.23,12.16,98.15,70.44,3.54,10.32,45.5,419.41,0.53,48.27,28.1,18.1,82.13,98.97,10.53
2010,43,4310876,Jacuizinho,0.662,0.487,0.73,0.817,0.56,1.31,11.85,98.11,34.67,8.66,9.91,48.54,750.68,0.72,48.06,28.01,19.56,88.6,98.01,12.92
2010,43,4310900,Jacutinga,0.726,0.636,0.703,0.855,1.46,0.93,6.31,97.43,92.94,25.33,10.99,31.8,636.24,0.39,18.38,6.07,0.92,78.75,99.62,12.07
2010,43,4311007,Jaguarão,0.707,0.608,0.698,0.832,1.4,1.95,6.62,97.12,51.0,8.33,9.62,29.24,616.82,0.49,29.79,10.63,2.75,98.72,99.56,20.34
2010,43,4311106,Jaguari,0.712,0.567,0.734,0.866,1.65,1.35,5.82,96.97,49.27,8.52,11.21,31.82,772.25,0.51,24.67,8.86,3.82,78.51,100.0,6.73
2010,43,4311122,Jaquirana,0.614,0.475,0.626,0.779,1.62,2.29,11.07,96.08,20.51,2.35,9.42,43.15,392.53,0.43,47.03,19.38,5.66,86.01,98.45,16.65
2010,43,4311130,Jari,0.631,0.473,0.636,0.836,2.95,1.01,7.65,95.95,37.56,0.0,8.44,49.83,418.18,0.56,50.75,26.54,16.16,90.26,98.46,10.71
2010,43,4311155,Jóia,0.686,0.572,0.671,0.841,1.01,0.86,6.26,96.6,61.81,16.27,10.34,34.68,521.7,0.53,39.42,18.88,11.86,82.67,99.14,19.22
2010,43,4311205,Júlio De Castilhos,0.716,0.602,0.733,0.833,0.81,1.04,5.65,97.3,64.85,24.5,11.0,31.66,765.91,0.59,31.52,12.13,4.18,95.73,99.5,19.0
2010,43,4311239,Lagoa Bonita Do Sul,0.67,0.539,0.696,0.801,1.6,2.22,10.66,97.78,23.56,0.0,10.36,40.7,608.88,0.43,25.54,8.94,3.94,83.61,98.55,14.35
2010,43,4311254,Lagoão,0.643,0.505,0.641,0.822,2.65,2.13,20.11,97.03,36.25,1.63,10.26,46.99,432.78,0.43,36.73,16.01,6.72,80.86,97.8,16.4
2010,43,4311270,Lagoa Dos Três Cantos,0.789,0.754,0.765,0.852,0.0,0.0,2.22,100.0,100.0,42.29,9.82,22.05,933.6,0.43,8.81,3.78,0.67,98.38,99.4,3.36
2010,43,4311304,Lagoa Vermelha,0.738,0.62,0.734,0.885,1.13,2.02,7.41,97.47,62.9,16.73,9.69,30.34,771.47,0.5,23.26,7.19,1.24,94.03,99.76,11.8
2010,43,4311403,Lajeado,0.778,0.704,0.796,0.84,1.1,0.84,2.69,98.01,81.91,52.22,10.19,20.83,1130.85,0.46,6.77,1.96,0.38,90.43,99.92,10.73
2010,43,4311429,Lajeado Do Bugre,0.613,0.465,0.604,0.822,0.48,1.44,18.33,96.93,53.9,1.77,10.08,53.11,343.1,0.49,54.25,32.58,16.13,96.51,97.36,23.04
2010,43,4311502,Lavras Do Sul,0.699,0.577,0.683,0.868,0.95,1.16,9.19,98.52,63.69,22.46,9.52,30.28,559.67,0.5,36.67,11.8,4.08,95.41,99.17,20.89
2010,43,4311601,Liberato Salzano,0.685,0.583,0.68,0.81,0.84,1.34,12.78,98.83,64.68,8.71,10.71,34.09,551.91,0.43,29.57,10.29,3.37,89.38,99.09,12.37
2010,43,4311627,Lindolfo Collor,0.712,0.601,0.712,0.842,0.64,0.39,3.78,97.14,79.53,30.67,9.81,34.19,672.81,0.37,10.46,3.27,0.52,98.0,99.94,9.94
2010,43,4311643,Linha Nova,0.749,0.662,0.751,0.846,1.16,2.78,2.86,100.0,87.62,39.7,10.73,28.98,857.79,0.36,5.48,1.15,0.13,96.16,100.0,6.82
2010,43,4311700,Machadinho,0.692,0.577,0.711,0.807,2.29,0.38,10.55,98.54,66.9,9.36,10.44,39.93,669.6,0.5,28.63,13.51,4.58,84.32,99.85,7.35
2010,43,4311718,Maçambará,0.684,0.58,0.664,0.832,1.57,0.78,9.92,99.21,62.02,3.41,10.49,34.75,499.71,0.5,37.73,13.49,4.63,85.96,99.35,21.71
2010,43,4311734,Mampituba,0.649,0.517,0.65,0.813,1.46,1.75,10.22,96.51,31.47,7.97,10.68,44.24,456.27,0.46,42.22,16.34,1.34,86.28,99.5,16.53
2010,43,4311759,Manoel Viana,0.655,0.534,0.686,0.766,1.72,1.4,9.77,99.27,36.66,3.82,9.96,40.66,570.72,0.52,37.65,13.93,4.78,91.22,99.64,14.98
2010,43,4311775,Maquiné,0.682,0.519,0.695,0.88,0.82,0.3,7.59,94.58,52.65,7.86,9.62,40.54,604.04,0.43,21.66,6.45,1.34,85.19,98.86,11.47
2010,43,4311791,Maratá,0.697,0.54,0.729,0.862,1.25,0.8,3.06,98.91,29.57,26.01,8.83,40.75,745.31,0.34,8.84,2.12,0.24,98.81,100.0,3.89
2010,43,4311809,Marau,0.774,0.699,0.773,0.857,0.75,0.78,3.0,94.51,87.29,42.23,9.65,18.91,980.92,0.44,7.18,1.31,0.62,89.37,99.95,5.49
2010,43,4311908,Marcelino Ramos,0.724,0.618,0.735,0.834,1.16,0.39,6.42,98.12,79.9,1.62,10.56,34.6,777.41,0.47,18.48,7.35,2.61,94.14,100.0,11.32
2010,43,4311981,Mariana Pimentel,0.701,0.568,0.701,0.866,1.79,1.69,7.56,97.71,72.87,3.67,11.67,41.34,628.63,0.46,25.72,6.84,3.09,77.97,99.31,12.42
2010,43,4312005,Mariano Moro,0.73,0.604,0.763,0.843,0.78,2.54,7.24,98.05,75.19,42.74,10.62,37.58,925.46,0.47,13.33,4.8,1.26,72.43,100.0,4.86
2010,43,4312054,Marques De Souza,0.687,0.515,0.743,0.849,1.0,1.64,6.91,100.0,66.36,29.37,9.43,44.98,817.11,0.42,12.36,3.56,0.64,95.82,99.48,13.78
2010,43,4312104,Mata,0.656,0.529,0.66,0.807,1.49,1.13,7.52,97.87,58.15,11.41,10.92,44.17,484.75,0.46,37.92,16.67,6.31,81.83,99.69,9.62
2010,43,4312138,Mato Castelhano,0.727,0.608,0.752,0.839,1.97,0.0,9.38,100.0,50.71,0.0,9.85,31.19,862.71,0.56,23.46,5.63,2.58,64.18,100.0,7.92
2010,43,4312153,Mato Leitão,0.746,0.676,0.721,0.853,0.83,0.61,3.8,100.0,83.47,30.0,9.36,30.85,708.43,0.36,12.18,6.77,1.85,99.62,99.92,6.74
2010,43,4312179,Mato Queimado,0.717,0.603,0.702,0.87,0.0,2.7,7.59,99.33,85.14,18.5,9.9,38.11,629.4,0.43,25.92,8.84,2.37,100.0,99.4,7.13
2010,43,4312203,Maximiliano De Almeida,0.699,0.591,0.699,0.825,0.28,1.51,8.81,99.2,78.15,5.28,10.19,38.13,620.58,0.44,22.94,9.55,3.98,87.1,99.4,8.45
2010,43,4312252,Minas Do Leão,0.681,0.514,0.743,0.826,1.03,1.8,10.25,97.86,41.14,7.86,9.33,38.09,815.23,0.62,30.62,9.0,1.65,99.55,99.79,18.81
2010,43,4312302,Miraguaí,0.725,0.613,0.744,0.837,0.94,1.19,9.64,99.08,72.54,7.09,9.51,36.64,820.8,0.66,35.67,17.49,7.77,89.67,98.9,16.03
2010,43,4312351,Montauri,0.764,0.662,0.79,0.852,2.41,1.89,6.61,100.0,89.64,5.1,10.13,29.88,1091.01,0.35,3.89,0.47,0.47,98.72,100.0,1.81
2010,43,4312377,Monte Alegre Dos Campos,0.65,0.501,0.667,0.822,0.5,0.0,10.93,98.68,56.58,22.47,10.28,42.92,508.71,0.55,41.79,20.56,10.72,57.79,98.35,12.98
2010,43,4312385,Monte Belo Do Sul,0.752,0.663,0.752,0.852,0.98,0.97,2.4,98.59,91.85,32.9,11.1,25.63,861.81,0.33,7.39,1.65,0.0,96.0,100.0,4.22
2010,43,4312401,Montenegro,0.755,0.654,0.761,0.866,1.47,0.84,3.75,97.36,72.21,39.88,9.92,23.74,914.23,0.5,16.08,4.87,0.82,96.91,99.87,14.47
2010,43,4312427,Mormaço,0.714,0.576,0.735,0.86,0.56,2.24,10.22,97.89,84.34,34.93,10.56,37.91,775.77,0.57,30.03,12.34,2.28,96.93,98.92,17.59
2010,43,4312443,Morrinhos Do Sul,0.711,0.593,0.72,0.842,0.55,1.29,8.73,100.0,29.68,0.0,9.93,34.38,705.78,0.47,23.25,6.08,0.72,88.24,99.89,8.73
2010,43,4312450,Morro Redondo,0.702,0.557,0.719,0.864,0.87,0.74,9.01,98.47,23.56,3.78,9.84,39.27,701.43,0.51,25.84,9.88,4.24,89.05,99.61,11.32
2010,43,4312476,Morro Reuter,0.743,0.653,0.733,0.858,1.19,0.4,1.04,96.67,70.62,16.33,8.48,25.83,767.55,0.32,5.7,1.19,0.21,86.41,100.0,5.66
2010,43,4312500,Mostardas,0.664,0.493,0.701,0.849,1.63,1.27,11.25,96.56,55.99,18.94,9.73,41.27,627.16,0.55,32.77,11.7,3.92,98.06,99.17,15.92
2010,43,4312609,Muçum,0.746,0.654,0.757,0.84,0.81,0.52,4.47,97.17,82.65,49.74,10.95,27.18,887.43,0.39,8.25,2.5,0.39,99.17,100.0,6.4
2010,43,4312617,Muitos Capões,0.702,0.558,0.711,0.873,3.98,2.27,7.39,92.68,49.15,19.2,10.27,36.73,666.24,0.5,24.93,8.62,2.02,75.05,100.0,9.99
2010,43,4312625,Muliterno,0.689,0.547,0.74,0.808,0.0,0.0,6.82,95.03,53.97,8.56,10.64,32.41,799.52,0.51,20.92,12.18,8.67,87.32,99.14,13.61
2010,43,4312658,Não-Me-Toque,0.765,0.673,0.784,0.847,1.0,1.15,3.79,98.93,92.05,34.74,9.49,23.98,1051.05,0.5,8.16,2.2,0.74,97.86,99.97,8.56
2010,43,4312674,Nicolau Vergueiro,0.753,0.66,0.772,0.839,0.0,2.67,5.66,97.2,76.76,9.7,11.4,34.78,974.79,0.52,17.23,6.97,3.46,97.73,99.73,5.44
2010,43,4312708,Nonoai,0.702,0.591,0.703,0.833,1.61,1.2,11.02,96.18,70.7,16.97,10.0,31.24,634.06,0.5,29.3,12.04,5.21,96.01,99.45,21.4
2010,43,4312757,Nova Alvorada,0.74,0.634,0.763,0.838,1.79,0.66,8.25,96.75,84.94,45.34,9.35,30.06,925.66,0.46,14.34,3.55,1.63,91.03,99.49,8.79
2010,43,4312807,Nova Araçá,0.785,0.722,0.796,0.843,0.0,0.48,2.48,100.0,79.45,21.81,11.08,18.74,1134.76,0.45,5.01,1.37,0.0,91.67,100.0,7.15
2010,43,4312906,Nova Bassano,0.747,0.632,0.778,0.849,0.2,0.74,3.29,98.58,68.37,16.24,10.45,23.05,1010.72,0.37,4.09,1.03,0.28,97.59,100.0,5.32
2010,43,4312955,Nova Boa Vista,0.768,0.708,0.764,0.836,0.0,1.06,2.5,98.25,100.0,38.39,10.87,29.06,928.49,0.4,7.01,1.08,0.0,99.55,100.0,4.06
2010,43,4313003,Nova Bréscia,0.778,0.666,0.836,0.847,1.08,0.68,3.73,99.42,93.06,34.33,9.88,33.03,1452.06,0.58,10.19,3.58,0.7,95.62,99.94,3.19
2010,43,4313011,Nova Candelária,0.759,0.643,0.794,0.856,0.65,0.78,2.16,97.81,85.19,32.97,10.78,28.26,1120.1,0.41,2.57,0.0,0.0,99.89,100.0,1.87
2010,43,4313037,Nova Esperança Do Sul,0.735,0.647,0.723,0.848,1.52,0.74,5.31,100.0,72.83,41.28,11.43,24.93,717.7,0.45,15.48,3.2,1.36,92.07,100.0,11.98
2010,43,4313060,Nova Hartz,0.689,0.563,0.694,0.836,0.69,0.64,3.32,95.61,58.79,33.9,9.51,33.75,600.0,0.34,12.35,2.09,0.64,86.89,100.0,12.55
2010,43,4313086,Nova Pádua,0.761,0.678,0.762,0.852,0.83,1.98,3.63,100.0,83.41,9.89,12.0,22.85,914.36,0.32,2.5,0.34,0.0,94.37,100.0,4.71
2010,43,4313102,Nova Palma,0.744,0.643,0.762,0.841,0.72,1.18,3.62,97.98,57.53,4.75,9.45,20.42,915.86,0.53,20.14,8.47,2.66,87.64,99.44,13.78
2010,43,4313201,Nova Petrópolis,0.78,0.688,0.775,0.89,0.41,0.25,2.02,98.73,87.99,43.14,10.14,24.37,994.67,0.44,7.3,1.27,0.13,95.35,99.97,8.21
2010,43,4313300,Nova Prata,0.766,0.686,0.782,0.839,0.62,0.48,2.88,99.25,66.46,33.58,10.76,22.82,1039.74,0.43,6.42,2.26,0.2,89.23,100.0,9.14
2010,43,4313334,Nova Ramada,0.742,0.642,0.752,0.847,0.71,0.0,6.48,98.67,83.44,2.38,10.7,35.49,861.28,0.5,22.58,6.62,0.64,95.88,100.0,6.67
2010,43,4313359,Nova Roma Do Sul,0.741,0.602,0.794,0.851,1.06,0.0,4.6,98.28,70.61,26.11,10.04,29.82,1120.95,0.44,4.1,0.57,0.47,95.09,99.74,5.3
2010,43,4313375,Nova Santa Rita,0.718,0.606,0.716,0.853,1.36,1.01,4.54,97.49,40.65,19.79,9.53,25.85,686.87,0.43,17.99,5.51,1.86,96.56,99.86,19.88
2010,43,4313391,Novo Cabrais,0.688,0.548,0.697,0.852,0.41,1.0,8.73,98.66,58.83,4.29,10.91,43.33,611.08,0.42,25.69,9.11,1.88,92.43,99.85,12.68
2010,43,4313409,Novo Hamburgo,0.747,0.629,0.778,0.852,1.28,1.07,3.36,97.03,62.22,22.67,9.55,26.79,1011.62,0.53,14.58,3.91,0.82,98.5,99.92,15.41
2010,43,4313425,Novo Machado,0.663,0.543,0.674,0.796,0.92,2.34,7.22,97.61,35.52,4.58,11.3,45.39,531.07,0.41,32.28,13.27,3.71,96.96,99.34,11.15
2010,43,4313441,Novo Tiradentes,0.676,0.566,0.679,0.805,1.31,0.83,15.28,98.72,66.17,2.61,10.83,41.03,548.05,0.4,29.08,11.18,4.64,99.58,99.44,7.2
2010,43,4313466,Novo Xingu,0.767,0.708,0.749,0.85,2.22,0.0,5.52,99.25,84.91,7.42,11.41,21.92,847.22,0.41,12.55,1.86,0.38,100.0,100.0,6.96
2010,43,4313490,Novo Barreiro,0.706,0.594,0.734,0.808,1.61,1.99,10.78,99.29,63.36,1.19,10.82,38.49,768.98,0.62,30.64,13.4,3.46,96.81,99.45,4.39
2010,43,4313508,Osório,0.751,0.646,0.769,0.853,1.27,1.05,4.19,97.12,69.24,33.11,10.11,23.1,957.94,0.53,17.56,5.67,1.14,94.92,99.99,15.28
2010,43,4313607,Paim Filho,0.706,0.558,0.725,0.87,2.17,0.0,7.65,98.62,64.26,18.09,8.14,36.44,729.03,0.47,18.73,6.6,1.63,95.45,99.93,4.66
2010,43,4313656,Palmares Do Sul,0.715,0.592,0.725,0.852,1.69,0.95,8.09,95.59,65.3,14.48,9.91,30.76,730.31,0.53,26.03,9.07,1.45,98.25,99.61,13.57
2010,43,4313706,Palmeira Das Missões,0.737,0.667,0.722,0.831,1.36,1.34,8.71,98.32,71.92,22.39,10.56,26.14,715.29,0.52,26.97,11.01,4.08,96.83,99.53,16.04
2010,43,4313805,Palmitinho,0.72,0.632,0.707,0.836,1.54,1.02,8.95,98.74,69.69,29.24,10.64,31.54,652.86,0.42,18.22,8.07,5.66,93.23,99.42,10.32
2010,43,4313904,Panambi,0.761,0.691,0.752,0.848,0.92,0.81,2.96,99.09,77.77,33.07,10.88,23.67,864.44,0.44,11.43,3.2,1.08,95.89,99.52,9.05
2010,43,4313953,Pantano Grande,0.661,0.524,0.676,0.816,1.83,0.19,10.55,98.38,42.73,13.84,9.48,37.48,536.01,0.47,34.75,9.35,2.55,98.16,99.0,19.94
2010,43,4314001,Paraí,0.773,0.679,0.787,0.866,1.0,0.0,2.75,96.08,91.78,45.54,10.84,23.19,1071.25,0.47,7.49,1.51,0.25,95.48,100.0,7.82
2010,43,4314027,Paraíso Do Sul,0.676,0.537,0.692,0.831,1.57,1.47,7.54,99.18,46.03,9.19,10.22,42.71,593.01,0.37,19.64,7.84,2.66,89.97,99.64,13.71
2010,43,4314035,Pareci Novo,0.749,0.668,0.738,0.852,1.02,0.6,1.66,97.81,84.35,29.69,9.79,27.2,788.66,0.4,9.36,3.09,0.35,99.49,100.0,7.06
2010,43,4314050,Parobé,0.704,0.562,0.7,0.886,1.22,1.03,4.56,96.61,33.55,19.06,8.88,33.71,625.4,0.37,16.77,4.94,0.64,95.59,99.74,16.31
2010,43,4314068,Passa Sete,0.622,0.482,0.639,0.782,1.3,2.09,13.1,98.59,49.85,0.95,9.59,48.0,427.13,0.45,39.88,21.75,7.95,76.24,98.42,12.48
2010,43,4314076,Passo Do Sobrado,0.698,0.551,0.726,0.851,0.88,0.99,5.92,98.51,62.88,18.94,10.48,41.25,732.19,0.47,20.62,7.97,2.66,89.51,99.88,9.4
2010,43,4314100,Passo Fundo,0.776,0.699,0.787,0.849,1.26,0.91,3.58,97.26,65.39,27.62,10.53,17.12,1068.95,0.52,13.63,3.63,0.83,98.74,99.73,15.35
2010,43,4314134,Paulo Bento,0.71,0.571,0.73,0.858,0.0,0.0,4.08,99.14,56.26,9.03,10.29,38.0,749.77,0.39,10.1,3.24,1.3,84.98,100.0,8.65
2010,43,4314159,Paverama,0.683,0.541,0.701,0.84,0.85,0.0,6.35,98.71,67.28,26.98,9.49,43.93,628.77,0.34,13.11,3.25,0.47,97.08,99.87,10.22
2010,43,4314175,Pedras Altas,0.64,0.493,0.647,0.82,0.6,0.0,9.87,94.24,55.33,4.52,9.17,42.79,449.2,0.52,46.04,21.75,11.5,80.47,99.54,17.85
2010,43,4314209,Pedro Osório,0.678,0.551,0.683,0.829,1.2,2.07,8.71,95.81,43.52,0.0,11.35,32.41,560.06,0.48,33.32,12.94,6.63,95.1,99.89,17.03
2010,43,4314308,Pejuçara,0.741,0.648,0.724,0.867,0.46,0.97,4.51,100.0,85.44,19.71,10.03,28.08,722.64,0.44,15.92,4.84,0.45,81.44,99.92,6.28
2010,43,4314407,Pelotas,0.739,0.632,0.758,0.844,1.57,1.21,4.12,96.85,54.23,17.76,9.89,24.47,894.35,0.54,22.46,7.56,2.1,98.11,99.7,20.41
2010,43,4314423,Picada Café,0.758,0.701,0.738,0.842,0.35,0.39,2.33,99.38,84.96,53.61,10.44,23.62,792.06,0.32,6.38,1.66,0.06,94.59,99.67,4.05
2010,43,4314456,Pinhal,0.72,0.624,0.701,0.852,0.69,1.3,9.34,98.42,78.71,4.51,10.35,29.36,625.79,0.45,23.78,10.09,3.28,98.04,100.0,7.26
2010,43,4314464,Pinhal Da Serra,0.65,0.513,0.641,0.835,0.65,0.0,8.28,95.64,51.72,2.61,9.92,43.88,431.37,0.52,46.41,26.61,16.98,92.21,99.7,6.34
2010,43,4314472,Pinhal Grande,0.678,0.577,0.672,0.804,1.79,3.53,7.99,97.69,40.82,0.0,9.76,34.83,523.52,0.51,37.36,20.56,11.49,94.76,98.95,13.42
2010,43,4314498,Pinheirinho Do Vale,0.71,0.607,0.713,0.828,1.79,2.46,10.36,97.24,72.1,29.11,10.7,29.52,678.14,0.57,32.4,14.36,6.89,89.32,99.81,13.14
2010,43,4314506,Pinheiro Machado,0.661,0.499,0.685,0.846,1.61,1.32,9.81,97.06,33.45,4.03,8.87,37.03,567.32,0.48,32.0,12.97,6.0,96.38,99.58,18.56
2010,43,4314555,Pirapó,0.669,0.553,0.656,0.824,3.64,1.3,13.73,97.83,68.49,0.0,9.32,43.68,473.9,0.46,38.82,19.89,6.71,98.65,98.53,13.33
2010,43,4314605,Piratini,0.658,0.517,0.672,0.821,1.08,0.62,10.31,97.21,25.61,22.56,9.44,38.5,524.3,0.51,37.02,19.16,9.06,85.56,99.69,16.99
2010,43,4314704,Planalto,0.687,0.597,0.674,0.807,0.95,0.52,11.28,97.19,65.2,24.83,10.42,34.24,531.04,0.44,30.87,15.18,7.02,93.8,98.58,15.55
2010,43,4314753,Poço Das Antas,0.744,0.634,0.742,0.877,0.0,1.3,2.79,98.91,93.77,31.47,10.11,30.6,810.09,0.38,10.76,4.52,1.83,97.97,100.0,7.75
2010,43,4314779,Pontão,0.725,0.623,0.708,0.864,1.78,0.45,4.75,96.89,78.64,4.27,10.01,28.73,656.34,0.53,32.88,11.97,5.07,96.55,99.47,8.24
2010,43,4314787,Ponte Preta,0.725,0.6,0.727,0.874,0.0,1.11,6.54,100.0,81.66,5.87,11.01,32.31,735.35,0.39,10.99,3.25,1.42,95.42,100.0,7.87
2010,43,4314803,Portão,0.713,0.584,0.725,0.856,1.19,0.93,4.63,96.17,57.13,21.64,9.81,30.36,729.01,0.42,16.57,4.7,0.79,97.11,99.72,15.33
2010,43,4314902,Porto Alegre,0.805,0.702,0.867,0.857,1.37,1.06,2.27,96.63,60.19,30.52,9.76,12.95,1758.27,0.6,12.51,3.82,0.92,99.55,99.91,19.0
2010,43,4315008,Porto Lucena,0.693,0.575,0.7,0.827,2.22,0.75,8.63,97.58,77.97,9.22,11.3,44.41,621.82,0.44,25.23,10.34,3.58,98.53,99.2,7.84
2010,43,4315057,Porto Mauá,0.698,0.608,0.672,0.831,0.0,0.0,6.61,100.0,92.77,13.69,10.16,33.93,524.57,0.41,28.29,14.66,6.59,99.04,100.0,8.35
2010,43,4315073,Porto Vera Cruz,0.69,0.6,0.661,0.827,0.85,0.0,7.9,100.0,69.42,28.04,12.0,42.38,490.03,0.42,34.08,13.64,4.21,99.41,99.22,8.87
2010,43,4315107,Porto Xavier,0.723,0.628,0.687,0.876,1.66,2.16,11.13,99.55,67.55,15.55,11.17,33.4,574.32,0.47,29.51,11.29,4.63,96.15,99.37,13.03
2010,43,4315131,Pouso Novo,0.715,0.566,0.765,0.845,0.0,2.02,8.97,96.43,77.13,3.66,10.44,42.41,935.9,0.53,19.14,9.7,1.62,92.13,98.95,11.21
2010,43,4315149,Presidente Lucena,0.757,0.674,0.727,0.885,0.76,0.0,2.2,98.52,91.54,56.36,9.97,27.26,739.9,0.32,7.57,1.95,0.0,98.1,100.0,6.99
2010,43,4315156,Progresso,0.683,0.525,0.705,0.861,0.74,0.25,8.79,99.03,79.44,13.69,10.14,45.72,643.93,0.4,20.17,6.75,1.21,92.14,99.74,12.98
2010,43,4315172,Protásio Alves,0.733,0.609,0.771,0.839,1.98,0.0,6.95,98.29,65.79,0.0,10.61,34.4,972.84,0.52,14.1,3.95,1.38,85.96,98.81,7.47
2010,43,4315206,Putinga,0.715,0.563,0.745,0.873,1.28,1.0,8.6,97.85,72.79,28.1,11.18,35.53,826.94,0.42,12.83,3.34,2.2,91.94,99.67,9.86
2010,43,4315305,Quaraí,0.704,0.609,0.673,0.852,1.33,1.46,5.6,99.41,82.68,21.15,9.32,27.86,528.64,0.5,39.51,16.89,4.82,97.04,99.66,28.21
2010,43,4315313,Quatro Irmãos,0.689,0.565,0.695,0.833,4.24,2.06,9.7,99.54,88.86,7.01,9.5,37.82,602.95,0.47,28.38,11.12,3.58,83.36,99.05,18.98
2010,43,4315321,Quevedos,0.665,0.534,0.667,0.824,0.0,0.66,8.72,96.38,39.13,3.86,11.01,38.84,509.07,0.55,41.15,22.23,13.61,85.68,98.46,15.28
2010,43,4315354,Quinze De Novembro,0.756,0.655,0.783,0.841,1.34,0.0,3.56,100.0,84.08,17.91,11.0,30.2,1046.11,0.47,8.61,2.84,1.1,87.94,100.0,6.69
2010,43,4315404,Redentora,0.631,0.523,0.606,0.792,5.05,4.28,16.28,93.51,51.49,3.52,8.62,38.93,346.4,0.64,61.19,43.55,29.51,84.69,93.33,50.43
2010,43,4315453,Relvado,0.731,0.588,0.765,0.868,0.0,0.0,4.7,98.29,77.56,16.35,11.12,37.76,935.8,0.44,11.74,2.86,0.85,96.53,100.0,5.26
2010,43,4315503,Restinga Seca,0.683,0.542,0.709,0.828,0.94,0.48,7.11,97.54,47.54,14.28,9.8,33.46,660.14,0.52,32.23,8.94,3.65,95.52,100.0,14.54
2010,43,4315552,Rio Dos Índios,0.656,0.545,0.645,0.804,0.37,0.88,14.85,95.15,33.41,11.4,10.69,39.45,442.12,0.49,43.34,22.68,8.97,84.44,98.74,18.12
2010,43,4315602,Rio Grande,0.744,0.637,0.752,0.861,1.39,1.19,4.62,97.69,57.86,16.06,9.51,22.95,859.2,0.51,20.88,6.99,1.57,97.02,99.72,22.8
2010,43,4315701,Rio Pardo,0.693,0.56,0.702,0.846,2.01,1.36,8.23,96.12,45.49,17.17,9.76,33.86,633.1,0.48,28.25,10.91,4.55,91.73,99.38,15.01
2010,43,4315750,Riozinho,0.661,0.472,0.69,0.885,1.21,0.88,8.39,96.4,81.37,49.61,9.57,52.46,587.62,0.38,16.02,5.18,2.39,86.67,99.7,11.73
2010,43,4315800,Roca Sales,0.729,0.602,0.753,0.853,0.58,0.9,3.1,98.77,73.47,41.36,10.61,31.42,865.23,0.43,10.44,2.07,0.06,89.17,99.85,8.76
2010,43,4315909,Rodeio Bonito,0.732,0.636,0.733,0.842,2.26,1.03,7.93,99.29,81.01,17.75,10.35,33.62,767.63,0.46,17.75,6.95,2.02,93.64,99.42,8.77
2010,43,4315958,Rolador,0.689,0.579,0.676,0.834,2.4,2.4,7.8,98.62,31.35,3.5,10.9,35.14,537.31,0.44,32.46,15.93,6.77,97.7,99.84,8.06
2010,43,4316006,Rolante,0.688,0.553,0.708,0.83,0.87,0.75,6.59,96.89,73.67,32.1,10.53,36.83,656.75,0.35,12.92,3.29,1.17,92.95,99.84,11.93
2010,43,4316105,Ronda Alta,0.724,0.6,0.729,0.867,2.3,1.36,7.15,94.64,50.44,17.42,10.16,31.11,746.52,0.54,26.96,12.41,6.58,96.49,99.95,20.09
2010,43,4316204,Rondinha,0.764,0.678,0.78,0.842,1.25,0.78,4.26,99.05,88.23,20.6,11.46,26.42,1022.85,0.47,12.72,3.11,0.59,98.98,100.0,8.87
2010,43,4316303,Roque Gonzales,0.688,0.563,0.687,0.843,1.47,1.8,7.1,97.85,59.35,15.62,10.57,37.03,575.83,0.5,34.62,14.93,7.15,99.5,99.07,12.46
2010,43,4316402,Rosário Do Sul,0.699,0.576,0.705,0.841,1.98,1.45,7.63,96.55,64.33,14.55,9.99,31.67,643.97,0.51,30.6,12.68,3.81,94.32,99.53,20.0
2010,43,4316428,Sagrada Família,0.678,0.596,0.669,0.782,1.1,0.62,13.05,98.51,53.22,11.6,11.25,36.03,513.97,0.54,43.26,14.98,7.28,97.77,99.71,7.84
2010,43,4316436,Saldanha Marinho,0.762,0.706,0.745,0.841,0.65,0.0,5.22,100.0,100.0,44.45,11.89,21.27,823.55,0.43,14.01,3.09,0.3,94.03,99.89,7.12
2010,43,4316451,Salto Do Jacuí,0.687,0.558,0.693,0.837,2.34,1.55,8.57,96.28,57.72,15.81,9.09,34.3,596.84,0.48,30.92,12.1,4.64,94.34,98.95,18.11
2010,43,4316477,Salvador Das Missões,0.753,0.706,0.71,0.851,0.65,0.0,1.87,100.0,89.19,0.0,10.52,24.92,663.26,0.36,13.28,3.55,0.0,99.78,99.5,3.38
2010,43,4316501,Salvador Do Sul,0.74,0.641,0.75,0.843,0.76,0.29,2.31,98.88,78.87,39.91,10.18,27.07,852.02,0.38,6.84,0.67,0.04,97.9,100.0,5.59
2010,43,4316600,Sananduva,0.747,0.647,0.764,0.843,1.32,0.45,5.53,98.39,54.2,26.56,10.21,29.35,931.29,0.44,11.51,3.04,0.9,94.71,99.94,5.22
2010,43,4316709,Santa Bárbara Do Sul,0.725,0.634,0.716,0.841,0.51,0.6,6.74,99.5,83.72,15.29,10.9,28.59,689.09,0.49,22.83,8.47,1.51,93.66,99.57,10.45
2010,43,4316733,Santa Cecília Do Sul,0.725,0.581,0.781,0.839,0.93,0.0,5.13,99.01,41.14,0.0,10.6,33.04,1029.23,0.48,14.42,4.44,0.46,74.06,99.12,6.28
2010,43,4316758,Santa Clara Do Sul,0.74,0.644,0.747,0.843,1.03,0.41,3.88,98.68,72.41,47.21,9.87,26.11,833.67,0.36,7.07,1.96,1.05,99.37,100.0,6.76
2010,43,4316808,Santa Cruz Do Sul,0.773,0.693,0.782,0.852,1.26,0.9,3.37,98.31,74.88,42.25,10.2,19.85,1036.87,0.49,11.76,3.68,0.96,97.41,99.66,11.48
2010,43,4316907,Santa Maria,0.784,0.715,0.795,0.848,1.23,0.84,3.18,98.11,64.0,20.81,10.85,15.55,1127.25,0.55,16.37,5.47,1.19,97.52,99.62,15.05
2010,43,4316956,Santa Maria Do Herval,0.676,0.51,0.716,0.846,0.91,0.75,1.91,88.12,64.66,47.69,8.22,38.23,689.47,0.3,4.52,1.34,0.34,84.95,99.67,2.02
2010,43,4316972,Santa Margarida Do Sul,0.663,0.484,0.691,0.87,0.65,0.85,12.44,98.93,56.68,4.55,9.71,45.74,588.3,0.54,33.61,11.81,4.86,81.73,97.3,16.29
2010,43,4317004,Santana Da Boa Vista,0.633,0.503,0.63,0.802,1.74,2.14,13.98,98.53,55.71,18.01,10.68,47.53,404.01,0.52,49.62,27.76,14.67,81.24,98.93,15.81
2010,43,4317103,Sant'Ana Do Livramento,0.727,0.636,0.715,0.846,1.53,0.88,4.21,97.55,66.3,21.55,10.57,23.88,685.04,0.54,31.06,13.21,3.97,97.13,99.51,24.01
2010,43,4317202,Santa Rosa,0.769,0.693,0.752,0.871,0.96,0.72,3.75,98.59,57.14,25.22,10.83,19.22,863.61,0.47,15.25,3.98,0.55,96.23,99.96,10.27
2010,43,4317251,Santa Tereza,0.746,0.637,0.765,0.853,0.0,0.0,3.5,98.6,92.93,21.83,10.77,31.77,935.56,0.37,9.02,0.85,0.0,91.55,100.0,6.48
2010,43,4317301,Santa Vitória Do Palmar,0.712,0.591,0.709,0.861,0.76,0.85,6.47,98.49,65.71,23.96,9.81,31.39,657.76,0.54,32.7,11.12,2.77,97.26,99.26,19.0
2010,43,4317400,Santiago,0.766,0.682,0.746,0.882,1.31,0.58,4.54,98.92,63.15,19.57,10.78,21.91,828.78,0.51,22.3,6.85,1.36,97.66,99.71,9.02
2010,43,4317509,Santo Ângelo,0.772,0.696,0.765,0.863,1.33,0.76,4.23,99.04,77.73,32.66,11.02,21.82,936.27,0.54,19.35,5.66,1.79,97.75,99.85,13.7
2010,43,4317558,Santo Antônio Do Palma,0.764,0.665,0.787,0.853,0.0,0.0,5.19,99.35,84.92,3.7,10.9,24.8,1069.61,0.49,12.52,4.11,0.92,96.34,99.53,6.66
2010,43,4317608,Santo Antônio Da Patrulha,0.717,0.594,0.718,0.866,1.35,1.68,9.05,96.89,57.3,32.06,9.62,32.77,696.41,0.44,18.34,6.24,1.38,89.03,99.59,12.84
2010,43,4317707,Santo Antônio Das Missões,0.686,0.576,0.672,0.835,1.05,1.22,9.31,97.35,66.14,13.73,10.64,32.68,522.77,0.45,31.42,12.04,3.85,97.64,98.4,15.91
2010,43,4317756,Santo Antônio Do Planalto,0.759,0.705,0.701,0.885,0.74,0.0,5.55,99.14,63.54,2.87,9.54,28.47,626.67,0.44,22.28,8.95,2.23,98.41,100.0,8.66
2010,43,4317806,Santo Augusto,0.739,0.637,0.753,0.84,1.3,1.06,9.05,97.74,88.62,27.03,10.79,30.13,866.86,0.57,24.98,7.56,2.12,96.66,99.73,10.15
2010,43,4317905,Santo Cristo,0.738,0.656,0.746,0.82,1.29,0.59,2.59,99.75,71.4,30.4,11.35,29.81,832.4,0.44,12.94,3.54,0.79,96.5,100.0,6.66
2010,43,4317954,Santo Expedito Do Sul,0.732,0.677,0.679,0.853,1.68,0.0,7.64,98.82,66.66,12.3,10.76,29.59,547.94,0.43,33.13,13.98,5.88,94.03,100.0,4.58
2010,43,4318002,São Borja,0.736,0.643,0.72,0.86,1.17,1.02,6.51,97.52,64.61,16.86,10.73,23.86,705.72,0.55,30.95,8.98,2.72,95.91,99.08,21.17
2010,43,4318051,São Domingos Do Sul,0.763,0.68,0.78,0.839,0.62,0.0,4.44,99.0,94.02,37.71,11.9,25.01,1025.84,0.44,5.05,0.96,0.0,97.36,100.0,4.03
2010,43,4318101,São Francisco De Assis,0.675,0.552,0.681,0.818,0.97,1.28,8.68,97.97,44.98,16.19,10.77,39.43,553.81,0.54,38.56,17.06,8.55,89.57,99.56,12.87
2010,43,4318200,São Francisco De Paula,0.685,0.534,0.701,0.86,1.19,1.19,7.44,96.77,34.64,13.51,9.93,40.54,628.15,0.46,28.77,7.8,2.64,91.13,99.32,14.83
2010,43,4318309,São Gabriel,0.699,0.585,0.711,0.822,1.93,1.86,8.0,96.85,51.99,13.24,10.02,32.18,667.06,0.54,33.01,12.24,4.26,96.93,98.39,19.62
2010,43,4318408,São Jerônimo,0.696,0.56,0.734,0.822,1.34,1.15,8.54,96.04,43.09,16.9,9.54,34.46,768.93,0.55,26.91,11.34,4.33,92.71,99.37,18.83
2010,43,4318424,São João Da Urtiga,0.694,0.575,0.702,0.828,0.36,0.0,9.11,98.67,58.33,0.0,11.42,36.65,632.23,0.4,18.27,7.11,2.35,90.0,99.95,7.54
2010,43,4318432,São João Do Polêsine,0.748,0.661,0.748,0.847,0.68,0.81,4.65,99.09,81.72,18.48,11.09,25.63,841.33,0.53,16.31,5.1,1.27,68.65,99.59,12.13
2010,43,4318440,São Jorge,0.732,0.617,0.75,0.846,0.67,0.0,3.82,98.23,80.73,12.82,9.88,31.87,853.6,0.39,11.03,1.35,0.51,95.48,100.0,4.33
2010,43,4318457,São José Das Missões,0.651,0.542,0.652,0.782,1.6,1.35,9.43,99.05,68.47,0.0,11.9,48.13,462.15,0.43,36.13,15.53,4.65,95.79,99.54,11.63
2010,43,4318465,São José Do Herval,0.717,0.622,0.701,0.847,1.08,0.74,16.31,95.2,80.01,2.24,9.85,36.32,626.93,0.58,38.13,21.66,13.25,83.92,99.33,23.38
2010,43,4318481,São José Do Hortêncio,0.707,0.597,0.717,0.824,0.97,0.5,1.37,99.45,65.95,25.36,9.64,27.32,693.46,0.28,5.63,1.45,0.67,99.19,100.0,6.85
2010,43,4318499,São José Do Inhacorá,0.747,0.702,0.723,0.822,0.0,1.04,2.68,99.48,91.46,53.36,12.72,28.37,720.69,0.36,11.21,2.72,0.85,99.73,99.92,10.38
2010,43,4318507,São José Do Norte,0.623,0.461,0.663,0.792,2.85,1.67,17.37,96.62,32.26,5.63,8.3,46.61,493.78,0.43,34.63,12.23,3.37,94.22,99.6,23.28
2010,43,4318606,São José Do Ouro,0.755,0.669,0.759,0.846,0.26,1.51,5.95,100.0,84.59,12.53,11.11,25.65,901.51,0.55,22.23,8.34,2.69,75.73,99.81,6.6
2010,43,4318614,São José Do Sul,0.725,0.59,0.774,0.836,0.0,1.16,2.36,96.54,61.48,18.27,10.92,32.11,989.48,0.39,4.56,0.32,0.0,96.85,100.0,4.77
2010,43,4318622,São José Dos Ausentes,0.663,0.541,0.674,0.801,1.61,0.0,7.07,98.42,56.94,15.23,10.03,40.22,529.71,0.48,38.7,12.48,2.84,73.97,98.93,9.3
2010,43,4318705,São Leopoldo,0.739,0.612,0.766,0.861,1.31,1.11,3.17,96.79,47.59,19.74,9.7,22.84,939.93,0.53,18.24,5.96,1.62,98.96,99.91,18.6
2010,43,4318804,São Lourenço Do Sul,0.687,0.528,0.722,0.849,1.41,0.66,5.01,97.57,49.28,15.79,8.64,37.98,713.88,0.46,21.95,7.57,2.11,90.68,99.07,17.82
2010,43,4318903,São Luiz Gonzaga,0.741,0.664,0.718,0.855,1.3,0.9,6.71,98.75,67.6,23.47,10.69,26.98,698.77,0.5,27.72,9.47,1.69,98.09,99.77,13.9
2010,43,4319000,São Marcos,0.768,0.683,0.775,0.855,1.29,0.58,3.89,98.42,64.76,15.97,10.55,21.89,991.51,0.41,8.1,1.41,0.61,90.12,100.0,6.22
2010,43,4319109,São Martinho,0.726,0.628,0.734,0.83,0.93,0.35,6.14,99.14,73.21,3.22,10.61,31.57,771.81,0.47,20.82,8.01,2.17,94.46,99.7,6.54
2010,43,4319125,São Martinho Da Serra,0.652,0.496,0.659,0.848,0.49,2.11,9.63,99.76,31.29,4.15,11.0,46.9,482.31,0.49,40.16,19.81,9.53,73.73,99.01,8.39
2010,43,4319158,São Miguel Das Missões,0.667,0.537,0.674,0.821,0.78,1.23,9.06,97.23,44.86,10.28,9.09,41.84,531.71,0.54,39.31,19.7,8.26,79.52,98.75,17.99
2010,43,4319208,São Nicolau,0.645,0.523,0.658,0.778,1.53,0.0,12.87,96.83,47.24,10.62,10.59,40.06,479.55,0.5,42.31,19.31,6.85,97.81,98.89,18.76
2010,43,4319307,São Paulo Das Missões,0.692,0.584,0.688,0.825,1.68,1.47,6.22,98.45,46.27,8.68,11.23,35.17,577.86,0.42,22.44,9.17,1.2,98.97,99.61,10.36
2010,43,4319356,São Pedro Da Serra,0.739,0.634,0.748,0.851,0.45,0.59,1.97,98.39,76.47,30.23,10.67,28.73,842.22,0.42,9.72,1.8,0.0,95.26,100.0,8.29
2010,43,4319364,São Pedro Das Missões,0.664,0.566,0.644,0.804,1.48,2.83,14.12,98.83,53.65,6.01,10.83,35.8,441.36,0.48,41.0,18.7,13.84,92.47,99.57,15.36
2010,43,4319372,São Pedro Do Butiá,0.763,0.694,0.76,0.843,0.0,0.0,2.31,100.0,66.22,0.88,11.05,24.22,905.55,0.46,12.12,4.44,0.52,99.37,100.0,0.72
2010,43,4319406,São Pedro Do Sul,0.709,0.619,0.698,0.824,0.63,1.0,5.85,97.18,41.7,5.52,10.34,31.53,614.89,0.48,30.36,12.07,5.11,90.4,99.77,11.72
2010,43,4319505,São Sebastião Do Caí,0.739,0.646,0.734,0.852,0.96,0.87,3.51,99.2,63.93,29.96,10.49,26.62,772.04,0.44,14.59,4.97,1.04,98.62,99.77,15.45
2010,43,4319604,São Sepé,0.708,0.576,0.708,0.871,1.91,1.15,7.59,97.32,57.95,11.09,9.73,34.28,656.77,0.51,29.84,10.78,4.18,90.28,99.31,16.07
2010,43,4319703,São Valentim,0.72,0.612,0.745,0.82,0.87,1.48,9.37,99.19,82.25,1.69,10.8,35.69,826.2,0.53,19.35,11.38,4.39,86.67,99.22,13.2
2010,43,4319711,São Valentim Do Sul,0.764,0.677,0.776,0.848,0.0,0.99,4.23,98.02,40.91,0.0,9.93,26.08,1000.93,0.45,8.01,4.13,0.6,93.65,100.0,5.92
2010,43,4319737,São Valério Do Sul,0.642,0.48,0.674,0.816,4.27,3.33,13.67,94.24,56.52,7.8,8.63,43.89,530.07,0.57,45.96,22.04,7.0,98.64,98.07,38.43
2010,43,4319752,São Vendelino,0.754,0.677,0.743,0.852,0.0,0.0,1.17,100.0,93.04,59.54,11.28,26.29,814.28,0.29,2.5,0.0,0.0,98.58,100.0,5.5
2010,43,4319802,São Vicente Do Sul,0.685,0.553,0.698,0.831,1.43,1.74,7.53,98.21,38.16,8.99,9.19,35.32,614.13,0.52,34.11,12.2,4.07,87.68,99.95,14.61
2010,43,4319901,Sapiranga,0.711,0.598,0.722,0.832,1.05,0.54,3.91,97.56,79.37,38.4,9.45,31.36,713.99,0.41,13.11,3.73,0.91,99.01,99.73,15.58
2010,43,4320008,Sapucaia Do Sul,0.726,0.624,0.726,0.844,1.18,1.05,3.33,97.39,44.58,14.59,9.71,20.62,733.28,0.44,18.29,4.94,1.27,98.81,99.8,19.7
2010,43,4320107,Sarandi,0.777,0.705,0.776,0.858,1.03,0.64,5.02,98.22,83.81,28.26,10.54,23.1,1000.86,0.52,12.55,2.58,1.08,95.04,99.36,11.71
2010,43,4320206,Seberi,0.723,0.62,0.706,0.865,1.06,0.89,8.0,98.07,80.88,8.23,10.51,34.75,645.51,0.52,32.02,16.38,7.46,92.11,99.86,10.74
2010,43,4320230,Sede Nova,0.712,0.543,0.751,0.886,1.49,0.0,8.7,98.99,70.04,0.0,10.17,42.4,856.09,0.56,26.4,13.16,4.47,95.01,97.62,10.15
2010,43,4320263,Segredo,0.659,0.525,0.673,0.811,1.48,2.31,9.81,98.53,53.53,5.92,10.14,43.14,528.42,0.48,35.26,18.28,9.45,88.21,99.88,12.16
2010,43,4320305,Selbach,0.777,0.71,0.785,0.841,0.7,2.74,3.74,99.66,89.52,40.96,10.69,22.79,1055.91,0.47,7.55,2.61,0.43,91.86,100.0,4.58
2010,43,4320321,Senador Salgado Filho,0.693,0.581,0.701,0.817,1.6,2.1,6.06,96.76,53.17,0.0,11.44,35.74,628.28,0.42,21.43,6.08,1.26,98.52,100.0,8.41
2010,43,4320354,Sentinela Do Sul,0.671,0.545,0.671,0.826,0.6,0.38,7.57,99.52,46.05,3.26,10.63,40.91,519.1,0.47,36.81,12.81,3.51,88.66,99.93,15.33
2010,43,4320404,Serafina Corrêa,0.76,0.69,0.755,0.843,0.74,0.31,3.15,97.91,79.33,32.68,11.1,18.6,877.24,0.36,5.16,1.72,0.24,93.04,100.0,8.6
2010,43,4320453,Sério,0.652,0.471,0.695,0.847,2.11,1.56,11.95,96.93,70.51,5.74,8.89,55.55,606.03,0.37,21.21,7.47,1.23,91.62,99.86,11.28
2010,43,4320503,Sertão,0.751,0.678,0.746,0.837,1.55,0.96,6.1,97.41,82.25,27.04,10.96,27.18,827.95,0.46,18.06,5.35,2.18,88.38,100.0,6.38
2010,43,4320552,Sertão Santana,0.689,0.534,0.737,0.832,1.81,1.01,7.15,97.84,53.11,9.12,8.96,38.91,783.19,0.6,30.79,16.57,9.75,80.42,99.57,14.25
2010,43,4320578,Sete De Setembro,0.683,0.577,0.682,0.81,0.0,3.03,4.99,99.14,49.65,0.0,11.45,40.37,557.15,0.47,30.2,13.96,8.06,97.72,98.97,11.31
2010,43,4320602,Severiano De Almeida,0.752,0.67,0.738,0.861,0.48,0.49,6.15,97.72,86.42,28.54,10.02,26.89,791.5,0.43,14.23,6.08,1.61,73.71,99.78,4.42
2010,43,4320651,Silveira Martins,0.742,0.644,0.744,0.852,0.78,0.0,5.4,99.14,73.97,0.0,10.46,31.36,817.67,0.5,17.99,7.84,1.6,86.35,99.57,13.94
2010,43,4320677,Sinimbu,0.631,0.456,0.697,0.792,1.71,1.33,8.01,97.24,42.75,6.33,8.87,56.36,610.76,0.48,29.46,14.11,8.25,83.6,99.35,14.57
2010,43,4320701,Sobradinho,0.743,0.647,0.735,0.861,0.94,0.85,6.63,97.56,77.29,35.44,10.16,27.27,775.79,0.5,22.85,7.14,2.61,96.8,99.08,13.54
2010,43,4320800,Soledade,0.731,0.625,0.727,0.861,1.82,1.38,8.9,96.34,60.36,17.81,9.27,29.32,737.92,0.52,28.8,9.13,3.07,95.06,98.94,15.13
2010,43,4320859,Tabaí,0.701,0.595,0.694,0.834,1.23,0.48,8.02,100.0,40.01,11.82,10.89,39.15,599.99,0.41,23.13,7.57,2.13,88.93,99.35,14.92
2010,43,4320909,Tapejara,0.76,0.688,0.763,0.837,1.8,0.98,3.69,98.54,60.93,13.13,9.97,22.29,922.28,0.44,8.3,1.47,0.42,95.81,99.85,9.78
2010,43,4321006,Tapera,0.747,0.672,0.743,0.835,0.98,0.96,5.18,98.95,89.42,36.35,10.9,27.85,812.48,0.45,16.1,4.21,0.34,97.19,99.86,9.3
2010,43,4321105,Tapes,0.695,0.556,0.699,0.862,1.9,1.73,6.98,97.8,54.79,19.53,9.59,37.14,620.13,0.51,31.84,10.42,2.81,98.48,99.79,19.47
2010,43,4321204,Taquara,0.727,0.579,0.754,0.88,1.49,0.68,4.34,97.14,58.53,19.78,9.61,31.37,871.42,0.5,16.89,4.81,1.19,96.65,99.63,15.9
2010,43,4321303,Taquari,0.733,0.629,0.737,0.849,1.91,1.17,6.45,97.17,62.98,19.19,8.84,29.39,786.91,0.5,20.08,5.58,0.44,96.57,100.0,12.98
2010,43,4321329,Taquaruçu Do Sul,0.739,0.633,0.768,0.83,3.05,1.88,8.63,98.28,69.28,12.39,10.6,29.31,954.19,0.53,16.19,6.49,2.56,94.75,99.91,14.86
2010,43,4321352,Tavares,0.656,0.492,0.692,0.828,1.64,1.89,14.38,95.31,56.89,20.81,9.89,46.43,594.12,0.42,23.58,8.23,2.54,96.13,99.12,16.32
2010,43,4321402,Tenente Portela,0.708,0.603,0.709,0.83,2.06,1.57,8.62,96.74,74.58,16.01,10.34,32.9,659.27,0.55,34.85,18.25,8.19,96.22,98.77,22.28
2010,43,4321436,Terra De Areia,0.689,0.565,0.699,0.829,1.12,0.41,7.26,98.44,55.0,23.99,9.46,37.8,620.36,0.43,23.49,6.28,1.51,94.96,100.0,15.0
2010,43,4321451,Teutônia,0.747,0.65,0.751,0.855,0.43,0.61,2.0,99.43,70.71,44.82,10.79,24.49,854.63,0.35,4.04,0.44,0.19,99.03,100.0,7.31
2010,43,4321469,Tio Hugo,0.742,0.682,0.709,0.845,0.56,2.13,6.33,91.58,50.52,6.11,10.45,21.72,660.04,0.4,14.32,2.67,0.28,93.53,100.0,13.07
2010,43,4321477,Tiradentes Do Sul,0.689,0.569,0.705,0.815,2.04,2.74,10.75,98.86,75.02,4.4,10.58,43.71,644.85,0.48,27.5,12.98,4.28,86.95,98.7,11.59
2010,43,4321493,Toropi,0.683,0.569,0.68,0.822,0.0,0.0,5.89,98.0,13.98,3.27,10.53,39.48,551.5,0.44,29.35,13.73,5.65,87.45,98.65,11.34
2010,43,4321501,Torres,0.762,0.685,0.75,0.862,1.29,1.19,4.6,98.45,66.6,31.07,10.38,21.25,853.62,0.47,15.08,3.75,0.52,98.68,99.76,13.11
2010,43,4321600,Tramandaí,0.719,0.606,0.727,0.842,1.66,1.28,4.08,97.55,56.93,20.55,9.31,27.21,737.84,0.5,25.26,9.55,2.47,98.95,99.49,24.64
2010,43,4321626,Travesseiro,0.701,0.559,0.735,0.839,0.86,0.0,4.01,97.53,82.26,52.28,10.31,39.53,777.34,0.35,9.09,3.32,0.49,98.19,99.62,5.02
2010,43,4321634,Três Arroios,0.791,0.689,0.843,0.851,0.0,0.0,4.16,100.0,98.49,34.23,10.34,28.07,1518.78,0.62,7.02,1.43,0.0,85.74,100.0,0.65
2010,43,4321667,Três Cachoeiras,0.718,0.606,0.722,0.847,1.67,1.17,5.92,97.54,50.26,23.35,10.16,30.02,713.83,0.4,13.63,4.49,1.08,87.13,100.0,9.76
2010,43,4321709,Três Coroas,0.71,0.584,0.74,0.829,0.96,0.73,4.0,98.94,54.54,29.49,8.9,32.87,799.41,0.4,8.17,1.33,0.5,87.75,99.5,14.54
2010,43,4321808,Três De Maio,0.759,0.694,0.756,0.834,0.91,0.95,4.43,98.83,67.24,31.61,11.55,23.75,881.15,0.5,18.53,4.7,1.2,93.54,99.72,7.2
2010,43,4321832,Três Forquilhas,0.662,0.539,0.661,0.813,0.51,3.45,12.59,96.0,29.37,0.0,10.34,44.09,489.32,0.41,31.97,11.25,3.47,80.61,99.8,7.91
2010,43,4321857,Três Palmeiras,0.703,0.56,0.747,0.832,1.95,1.58,11.0,98.36,54.42,5.5,10.84,36.57,835.88,0.61,31.14,15.77,7.05,97.82,99.47,17.7
2010,43,4321907,Três Passos,0.768,0.71,0.745,0.858,1.36,0.77,5.32,98.88,78.13,37.85,10.63,22.35,823.33,0.45,15.62,6.24,2.38,92.46,99.96,8.46
2010,43,4321956,Trindade Do Sul,0.687,0.61,0.675,0.787,1.31,0.0,11.56,98.93,51.33,7.33,10.94,36.73,532.27,0.49,35.66,17.85,8.47,96.62,98.57,14.01
2010,43,4322004,Triunfo,0.733,0.629,0.717,0.873,1.36,1.44,6.51,98.27,80.31,28.2,10.48,27.4,695.08,0.44,20.91,4.8,1.41,89.15,99.72,13.73
2010,43,4322103,Tucunduva,0.747,0.682,0.748,0.816,0.33,1.05,5.22,100.0,91.22,9.05,11.57,26.66,839.53,0.48,17.14,6.03,1.09,96.6,99.89,6.96
2010,43,4322152,Tunas,0.657,0.541,0.659,0.794,0.33,1.13,11.47,98.32,35.67,1.9,10.1,38.68,482.5,0.47,37.14,18.66,8.65,83.77,99.35,14.36
2010,43,4322186,Tupanci Do Sul,0.694,0.595,0.688,0.818,0.88,2.13,10.2,98.65,40.93,7.31,11.0,38.37,577.85,0.5,34.34,16.92,10.54,85.05,99.82,5.27
2010,43,4322202,Tupanciretã,0.709,0.596,0.721,0.828,1.63,0.52,5.5,97.89,53.26,19.24,10.24,30.07,708.79,0.57,32.56,12.37,4.03,92.59,99.14,16.18
2010,43,4322251,Tupandi,0.718,0.597,0.742,0.836,0.91,0.0,1.8,98.81,68.21,46.15,8.73,29.1,808.39,0.31,4.12,0.88,0.08,96.72,100.0,6.31
2010,43,4322301,Tuparendi,0.728,0.632,0.734,0.832,0.85,0.74,5.16,99.63,72.62,11.54,10.86,31.24,768.25,0.46,18.98,6.06,1.23,96.12,99.63,6.85
2010,43,4322327,Turuçu,0.629,0.446,0.685,0.814,1.9,2.48,6.24,99.33,30.34,14.05,8.59,48.69,566.71,0.48,33.54,10.38,3.37,85.38,99.74,20.11
2010,43,4322343,Ubiretama,0.7,0.613,0.691,0.809,1.86,1.8,4.14,99.3,45.03,0.0,11.45,35.27,590.64,0.36,18.63,4.27,0.85,98.9,99.45,6.69
2010,43,4322350,União Da Serra,0.733,0.587,0.786,0.852,4.05,0.0,4.98,98.72,75.0,0.0,10.4,33.85,1068.08,0.37,3.27,1.26,0.0,87.12,99.85,1.69
2010,43,4322376,Unistalda,0.649,0.542,0.626,0.804,0.96,0.0,9.42,99.5,19.99,0.0,9.63,40.89,392.38,0.47,48.12,22.16,9.57,73.92,99.08,14.18
2010,43,4322400,Uruguaiana,0.744,0.661,0.722,0.863,0.95,0.91,4.07,97.6,60.01,16.31,10.48,18.5,714.26,0.57,31.86,12.23,3.49,98.25,99.22,30.52
2010,43,4322509,Vacaria,0.721,0.605,0.74,0.838,1.12,0.69,5.16,97.07,51.72,14.15,9.5,26.75,797.86,0.51,20.91,6.11,1.66,96.95,99.72,14.5
2010,43,4322525,Vale Verde,0.646,0.497,0.666,0.816,1.06,1.32,10.4,98.94,61.96,11.01,9.97,47.11,503.24,0.45,34.18,13.88,5.76,69.42,99.53,6.1
2010,43,4322533,Vale Do Sol,0.624,0.439,0.681,0.813,1.23,1.19,6.23,98.52,44.63,1.22,8.87,48.7,553.23,0.45,30.08,14.82,4.18,87.12,99.42,10.35
2010,43,4322541,Vale Real,0.737,0.636,0.739,0.85,0.37,1.25,2.99,98.41,80.96,31.25,10.46,23.47,795.41,0.29,4.93,0.34,0.06,92.42,99.92,6.09
2010,43,4322558,Vanini,0.757,0.704,0.736,0.836,0.0,1.08,6.41,98.9,95.75,19.89,11.87,27.91,780.56,0.35,9.31,2.44,0.24,99.69,100.0,5.05
2010,43,4322608,Venâncio Aires,0.712,0.6,0.736,0.818,1.36,1.03,4.65,97.26,58.09,32.08,9.29,32.25,779.48,0.45,15.36,4.27,1.05,92.67,99.75,9.27
2010,43,4322707,Vera Cruz,0.737,0.643,0.738,0.842,1.13,0.77,4.7,98.99,59.24,40.66,10.39,29.38,790.95,0.47,17.11,5.84,0.92,95.33,99.7,13.0
2010,43,4322806,Veranópolis,0.773,0.692,0.797,0.838,0.43,0.31,2.8,99.26,82.16,41.87,11.94,18.68,1141.67,0.47,9.07,1.96,0.0,93.73,99.95,4.48
2010,43,4322855,Vespasiano Correa,0.723,0.584,0.758,0.855,2.6,1.23,7.24,98.89,82.71,17.88,9.96,35.35,895.32,0.35,4.48,1.03,0.59,97.43,100.0,8.68
2010,43,4322905,Viadutos,0.702,0.561,0.715,0.864,1.41,1.32,5.44,95.5,76.42,15.24,10.01,36.79,683.03,0.42,21.01,9.85,2.6,91.75,99.81,11.24
2010,43,4323002,Viamão,0.717,0.591,0.72,0.866,1.49,1.33,4.19,95.86,37.53,15.85,9.54,21.73,707.05,0.47,22.41,7.08,1.85,98.08,99.8,25.42
2010,43,4323101,Vicente Dutra,0.638,0.489,0.656,0.809,2.53,1.33,11.01,96.12,57.42,11.27,8.56,47.58,475.13,0.5,41.04,22.62,10.34,94.18,98.95,23.76
2010,43,4323200,Victor Graeff,0.777,0.722,0.774,0.84,0.63,0.0,2.54,99.32,79.68,42.44,10.12,26.2,989.66,0.46,8.3,2.23,1.17,91.55,100.0,8.08
2010,43,4323309,Vila Flores,0.742,0.65,0.725,0.867,0.56,1.32,2.14,96.86,86.59,11.25,9.79,25.52,728.71,0.32,8.24,1.73,0.51,91.61,99.93,8.14
2010,43,4323358,Vila Lângaro,0.705,0.551,0.759,0.839,0.0,0.8,5.76,99.5,21.9,0.0,10.4,37.1,902.87,0.47,18.93,5.64,3.03,94.7,99.91,5.47
2010,43,4323408,Vila Maria,0.761,0.664,0.791,0.839,0.0,0.96,4.3,98.66,81.53,2.29,11.01,22.86,1101.27,0.4,5.11,0.71,0.0,97.84,100.0,3.71
2010,43,4323457,Vila Nova Do Sul,0.662,0.544,0.645,0.827,0.74,0.99,9.12,96.1,38.24,2.22,11.2,36.19,442.26,0.44,38.46,14.24,7.17,84.3,99.81,11.28
2010,43,4323507,Vista Alegre,0.739,0.631,0.76,0.842,1.55,0.0,7.23,97.95,58.3,9.24,11.12,28.61,905.87,0.57,25.07,12.14,5.87,82.56,98.86,7.33
2010,43,4323606,Vista Alegre Do Prata,0.78,0.692,0.809,0.847,0.0,0.0,2.55,94.09,91.33,2.83,9.5,20.17,1231.8,0.44,5.16,1.27,0.14,94.7,99.86,6.39
2010,43,4323705,Vista Gaúcha,0.757,0.669,0.774,0.839,1.65,1.34,6.07,100.0,100.0,8.75,12.1,30.44,990.13,0.6,21.73,6.08,2.11,92.61,99.36,8.12
2010,43,4323754,Vitória Das Missões,0.655,0.526,0.659,0.809,0.86,2.87,11.41,100.0,34.54,0.0,11.87,40.2,482.44,0.48,38.77,19.74,10.63,96.05,99.9,10.84
2010,43,4323770,Westfalia,0.752,0.63,0.796,0.849,0.0,0.0,1.95,98.76,87.93,14.84,9.95,23.03,1136.67,0.33,3.07,0.33,0.0,94.23,99.92,4.0
2010,43,4323804,Xangri-Lá,0.735,0.63,0.74,0.852,0.95,0.87,3.31,97.31,77.07,39.51,9.24,23.85,798.62,0.43,13.22,3.2,0.66,98.03,99.74,21.12
2010,50,5000203,Água Clara,0.67,0.518,0.705,0.823,2.04,0.87,8.98,96.64,66.57,8.59,8.94,41.03,642.97,0.5,27.9,6.0,1.27,90.59,99.75,29.23
2010,50,5000252,Alcinópolis,0.711,0.572,0.733,0.858,0.9,2.23,11.04,98.02,74.56,12.52,9.93,37.04,764.03,0.54,24.37,4.67,1.63,94.9,99.66,21.66
2010,50,5000609,Amambai,0.673,0.546,0.683,0.818,2.25,1.68,11.14,93.21,60.32,14.89,8.87,39.29,561.14,0.56,40.97,20.69,10.58,90.79,90.67,28.72
2010,50,5000708,Anastácio,0.663,0.557,0.663,0.789,1.63,1.39,11.54,98.43,76.69,18.24,10.12,36.95,495.48,0.47,38.42,14.29,4.54,96.03,99.36,30.94
2010,50,5000807,Anaurilândia,0.67,0.538,0.676,0.826,1.48,1.37,11.87,98.88,72.13,6.25,9.31,42.82,538.13,0.51,38.99,14.67,5.83,84.52,94.63,25.25
2010,50,5000856,Angélica,0.697,0.582,0.692,0.839,1.26,1.05,12.06,98.14,79.41,21.22,10.14,35.12,592.27,0.42,23.13,7.29,2.07,93.09,99.57,21.46
2010,50,5000906,Antônio João,0.643,0.526,0.633,0.799,1.19,1.1,13.45,96.87,71.89,26.85,9.81,42.88,411.49,0.54,51.88,25.93,11.57,89.52,91.6,36.33
2010,50,5001003,Aparecida Do Taboado,0.697,0.588,0.717,0.804,0.45,0.58,9.96,97.44,77.16,12.54,9.34,33.47,692.79,0.46,19.54,6.02,2.95,99.23,99.9,20.48
2010,50,5001102,Aquidauana,0.688,0.562,0.69,0.84,1.37,1.05,8.53,97.59,67.18,17.09,9.55,32.72,585.62,0.56,40.94,17.36,6.86,93.76,97.86,32.63
2010,50,5001243,Aral Moreira,0.633,0.507,0.628,0.798,2.67,2.29,14.28,90.72,58.05,5.46,8.98,40.81,398.5,0.53,54.63,26.82,11.89,94.35,95.61,35.06
2010,50,5001508,Bandeirantes,0.681,0.537,0.694,0.848,0.86,1.73,11.99,97.52,63.98,19.82,10.33,38.84,602.02,0.51,33.6,10.56,3.89,99.1,99.23,18.52
2010,50,5001904,Bataguassu,0.71,0.606,0.698,0.847,1.92,1.11,10.27,97.93,80.72,20.43,9.82,29.83,614.34,0.47,25.87,8.09,2.13,93.99,99.77,24.83
2010,50,5002001,Batayporã,0.684,0.559,0.702,0.814,1.35,1.75,12.53,97.02,78.4,27.0,10.1,37.93,631.47,0.56,34.35,12.99,3.65,96.57,98.91,20.03
2010,50,5002100,Bela Vista,0.698,0.585,0.699,0.83,2.21,0.93,9.16,96.02,59.01,17.42,10.08,28.77,621.23,0.61,46.66,18.26,5.25,94.47,98.18,29.96
2010,50,5002159,Bodoquena,0.666,0.573,0.665,0.776,1.55,1.14,10.81,99.2,79.46,26.95,10.97,36.15,500.13,0.5,41.26,17.61,6.57,90.53,99.72,26.19
2010,50,5002209,Bonito,0.67,0.508,0.714,0.831,2.24,0.93,9.31,97.3,62.94,21.64,9.5,38.48,679.03,0.54,32.0,8.74,1.33,95.54,99.78,28.73
2010,50,5002308,Brasilândia,0.701,0.57,0.721,0.837,0.95,1.21,10.53,98.68,73.27,30.71,9.85,35.11,709.29,0.52,23.93,5.47,0.81,95.76,99.57,20.29
2010,50,5002407,Caarapó,0.692,0.592,0.676,0.828,1.59,1.59,12.2,91.47,53.02,16.84,9.1,34.7,537.01,0.5,34.45,18.24,10.46,94.54,95.09,30.37
2010,50,5002605,Camapuã,0.703,0.596,0.715,0.817,1.48,0.51,10.57,97.94,56.26,19.13,9.65,30.59,685.77,0.49,23.68,6.96,2.2,97.49,99.9,18.63
2010,50,5002704,Campo Grande,0.784,0.724,0.79,0.844,1.05,0.71,3.92,97.96,80.81,29.81,10.93,15.78,1089.37,0.56,17.26,4.59,0.99,99.3,99.9,20.7
2010,50,5002803,Caracol,0.647,0.522,0.628,0.826,1.33,1.12,8.53,97.95,73.82,18.87,10.15,36.71,399.46,0.43,43.51,15.78,3.06,88.97,98.28,28.03
2010,50,5002902,Cassilândia,0.727,0.627,0.756,0.811,1.07,0.94,11.54,98.9,85.0,22.84,10.45,32.84,885.1,0.54,21.16,3.87,1.2,98.03,99.84,10.28
2010,50,5002951,Chapadão Do Sul,0.754,0.665,0.758,0.85,1.05,1.14,4.61,98.31,84.53,40.27,10.72,20.48,896.92,0.47,13.91,3.17,0.93,96.47,99.95,22.53
2010,50,5003108,Corguinho,0.671,0.531,0.684,0.83,2.74,0.74,11.55,98.3,60.88,3.89,9.69,44.15,566.09,0.53,36.15,12.48,5.47,91.43,91.12,21.74
2010,50,5003157,Coronel Sapucaia,0.589,0.417,0.607,0.806,4.1,4.23,17.86,84.05,46.4,9.98,8.25,49.28,350.37,0.55,57.56,35.06,16.87,93.96,88.94,44.51
2010,50,5003207,Corumbá,0.7,0.586,0.701,0.834,2.44,1.89,6.35,94.66,75.86,17.19,9.99,23.55,627.1,0.55,37.51,16.11,4.34,93.32,97.47,47.67
2010,50,5003256,Costa Rica,0.706,0.606,0.717,0.811,1.89,1.04,9.28,98.58,81.07,21.62,9.04,28.5,693.05,0.47,19.41,5.45,1.58,95.47,99.85,19.59
2010,50,5003306,Coxim,0.703,0.579,0.719,0.836,1.46,0.82,10.46,97.08,76.92,22.23,9.97,32.8,703.01,0.51,28.02,8.47,1.7,96.1,99.62,21.14
2010,50,5003454,Deodápolis,0.694,0.595,0.693,0.81,1.3,1.93,13.11,99.03,66.47,14.09,10.77,27.66,596.5,0.45,25.34,7.79,1.47,98.12,99.26,18.08
2010,50,5003488,Dois Irmãos Do Buriti,0.639,0.528,0.64,0.773,1.64,0.7,12.42,95.9,76.3,17.06,9.84,39.26,429.18,0.58,55.92,29.35,12.38,97.93,97.38,31.75
2010,50,5003504,Douradina,0.699,0.597,0.706,0.809,0.96,0.66,10.46,99.09,71.18,23.3,10.43,33.34,648.98,0.61,35.96,19.72,11.24,95.12,95.11,31.21
2010,50,5003702,Dourados,0.747,0.657,0.753,0.843,1.38,0.93,5.56,97.08,68.79,21.19,10.01,22.01,866.4,0.52,19.88,5.96,1.57,98.57,99.49,21.36
2010,50,5003751,Eldorado,0.684,0.577,0.674,0.824,1.47,2.08,14.21,96.13,77.09,13.12,9.11,36.74,530.89,0.49,35.56,12.39,5.91,87.39,98.49,20.1
2010,50,5003801,Fátima Do Sul,0.714,0.621,0.719,0.815,1.07,0.69,11.73,97.98,83.44,22.15,10.45,31.16,701.87,0.52,25.72,7.62,1.81,99.34,99.93,13.16
2010,50,5003900,Figueirão,0.66,0.511,0.677,0.83,0.0,0.66,10.66,95.98,60.63,4.86,8.72,47.97,541.93,0.44,28.35,7.59,0.58,95.85,99.11,15.21
2010,50,5004007,Glória De Dourados,0.721,0.648,0.705,0.822,1.34,0.95,11.16,99.77,81.87,14.56,10.66,28.12,644.1,0.46,23.96,6.95,1.72,95.24,99.85,13.77
2010,50,5004106,Guia Lopes Da Laguna,0.675,0.549,0.677,0.826,2.13,0.64,13.49,96.54,46.5,12.76,10.27,37.63,541.87,0.57,42.83,19.15,7.71,98.81,99.74,29.31
2010,50,5004304,Iguatemi,0.662,0.53,0.671,0.817,1.0,1.3,12.71,96.04,71.05,18.61,8.87,40.13,519.03,0.51,38.15,13.89,5.94,94.13,99.03,23.63
2010,50,5004403,Inocência,0.681,0.531,0.702,0.846,1.12,1.18,13.47,96.58,54.91,22.29,8.91,39.55,633.12,0.48,26.39,6.7,0.88,90.85,99.11,14.17
2010,50,5004502,Itaporã,0.654,0.523,0.66,0.809,2.51,1.39,11.9,94.83,48.74,17.75,9.01,42.59,487.51,0.54,45.75,22.5,9.29,97.73,95.01,30.9
2010,50,5004601,Itaquiraí,0.62,0.479,0.645,0.772,3.01,1.42,16.74,97.47,75.52,14.79,9.56,44.62,442.57,0.5,44.35,20.48,9.44,80.53,96.16,21.75
2010,50,5004700,Ivinhema,0.72,0.615,0.715,0.85,1.07,1.02,9.92,98.95,80.58,31.46,9.85,29.2,685.17,0.48,23.03,7.72,1.07,91.02,99.96,15.55
2010,50,5004809,Japorã,0.526,0.337,0.547,0.791,5.67,3.51,23.12,86.07,40.71,7.68,7.3,62.4,241.32,0.66,72.04,56.46,42.15,79.89,77.47,56.89
2010,50,5004908,Jaraguari,0.664,0.53,0.668,0.827,1.83,1.2,9.34,96.53,51.01,24.97,9.85,39.08,511.64,0.48,37.44,13.49,3.35,89.12,98.48,23.28
2010,50,5005004,Jardim,0.712,0.595,0.718,0.845,1.12,0.86,7.94,98.92,59.25,12.66,10.04,32.72,697.92,0.55,30.16,11.42,4.45,96.71,99.47,26.17
2010,50,5005103,Jateí,0.708,0.579,0.716,0.857,1.38,1.46,12.68,95.59,59.41,27.39,9.82,35.37,690.71,0.6,38.22,11.07,5.43,81.38,100.0,15.86
2010,50,5005152,Juti,0.623,0.485,0.646,0.77,1.73,1.89,18.67,93.45,49.9,15.48,10.08,49.39,446.17,0.51,41.08,22.95,12.47,91.89,93.76,29.54
2010,50,5005202,Ladário,0.704,0.618,0.687,0.822,3.16,1.53,6.69,97.04,81.18,26.68,9.76,22.15,575.16,0.52,37.86,17.13,5.2,94.79,99.45,48.38
2010,50,5005251,Laguna Carapã,0.672,0.545,0.676,0.822,2.3,1.96,12.24,95.0,53.22,5.4,9.24,40.79,536.02,0.53,38.64,21.84,9.45,96.64,93.53,28.31
2010,50,5005400,Maracaju,0.736,0.613,0.744,0.873,1.36,0.79,7.22,96.46,76.73,23.38,9.75,26.88,819.6,0.54,22.82,7.82,3.81,97.93,98.74,30.04
2010,50,5005608,Miranda,0.632,0.507,0.638,0.782,2.92,1.83,12.52,94.25,66.83,9.18,8.62,40.01,424.44,0.54,52.85,25.34,9.41,84.87,98.66,39.99
2010,50,5005681,Mundo Novo,0.686,0.565,0.707,0.808,1.96,1.86,11.81,96.98,73.99,15.77,9.42,36.56,652.56,0.5,29.41,10.2,3.69,92.5,99.87,17.37
2010,50,5005707,Naviraí,0.7,0.597,0.715,0.803,1.33,1.25,10.12,97.0,75.98,21.03,10.31,30.02,683.86,0.47,21.48,6.88,2.29,98.83,99.72,22.74
2010,50,5005806,Nioaque,0.639,0.483,0.658,0.822,1.82,1.59,12.2,96.95,49.49,17.17,9.38,45.38,480.75,0.58,49.78,27.53,12.72,93.31,98.34,28.83
2010,50,5006002,Nova Alvorada Do Sul,0.694,0.554,0.746,0.809,1.63,1.24,9.38,96.17,54.57,21.33,10.27,31.0,830.08,0.58,24.29,7.44,3.84,96.42,98.78,29.78
2010,50,5006200,Nova Andradina,0.721,0.616,0.716,0.85,1.04,0.88,8.52,98.21,88.71,26.34,10.11,27.43,688.15,0.48,23.87,8.27,2.54,93.88,98.04,19.32
2010,50,5006259,Novo Horizonte Do Sul,0.649,0.523,0.656,0.798,0.78,1.2,12.97,98.16,65.92,1.3,9.1,43.98,472.75,0.4,31.52,11.49,1.71,67.61,99.88,18.45
2010,50,5006309,Paranaíba,0.721,0.627,0.727,0.823,1.71,1.13,10.82,99.29,74.24,21.37,10.25,31.42,738.58,0.49,21.79,5.67,1.36,99.02,99.87,16.62
2010,50,5006358,Paranhos,0.588,0.444,0.566,0.811,4.99,3.66,17.88,91.6,58.03,15.23,8.78,53.76,271.52,0.64,69.58,52.84,33.54,70.18,70.97,56.07
2010,50,5006408,Pedro Gomes,0.671,0.562,0.672,0.801,2.11,1.25,16.96,99.15,66.53,29.05,10.33,41.74,524.83,0.48,39.9,12.72,2.84,93.53,99.26,20.44
2010,50,5006606,Ponta Porã,0.701,0.598,0.708,0.812,1.61,1.6,9.2,96.87,56.79,13.0,9.94,29.72,653.36,0.6,40.1,16.69,5.94,92.84,99.2,27.91
2010,50,5006903,Porto Murtinho,0.666,0.526,0.677,0.83,1.65,1.32,10.75,94.09,58.7,16.67,9.12,34.21,539.19,0.61,46.95,22.79,9.25,88.11,97.73,47.27
2010,50,5007109,Ribas Do Rio Pardo,0.664,0.519,0.681,0.83,2.35,1.29,10.35,97.24,55.72,8.51,9.29,39.32,552.58,0.47,32.58,9.84,3.51,89.06,99.66,28.08
2010,50,5007208,Rio Brilhante,0.715,0.59,0.72,0.861,1.03,0.88,8.11,96.75,78.55,31.34,9.83,32.99,705.6,0.53,26.3,9.26,2.74,96.95,99.47,28.57
2010,50,5007307,Rio Negro,0.709,0.585,0.702,0.869,1.38,1.2,12.95,95.2,82.93,31.82,9.91,34.21,631.11,0.54,34.15,12.4,3.5,94.84,98.53,20.67
2010,50,5007406,Rio Verde De Mato Grosso,0.673,0.521,0.686,0.852,1.64,1.25,11.84,94.75,61.71,18.66,9.35,40.59,570.74,0.46,27.37,8.7,3.06,93.09,99.55,21.69
2010,50,5007505,Rochedo,0.651,0.491,0.676,0.83,0.79,0.0,7.48,97.35,58.85,13.75,10.14,44.85,538.26,0.48,38.31,10.99,2.03,95.55,99.28,20.04
2010,50,5007554,Santa Rita Do Pardo,0.642,0.505,0.655,0.8,1.79,2.49,12.56,97.72,56.92,13.03,9.13,42.61,471.42,0.44,36.5,11.13,4.94,92.25,98.33,23.2
2010,50,5007695,São Gabriel Do Oeste,0.729,0.608,0.751,0.85,1.27,1.34,5.72,98.12,74.23,32.08,9.09,26.69,855.21,0.54,21.19,4.91,1.58,98.95,100.0,18.89
2010,50,5007703,Sete Quedas,0.614,0.45,0.66,0.778,3.6,3.27,18.4,93.55,67.89,16.87,8.2,46.76,487.0,0.54,45.32,22.79,9.48,96.44,95.75,27.66
2010,50,5007802,Selvíria,0.682,0.576,0.668,0.825,0.62,1.65,11.68,96.07,67.21,10.54,9.96,32.33,510.94,0.44,32.22,12.62,4.13,90.55,98.26,24.06
2010,50,5007901,Sidrolândia,0.686,0.561,0.694,0.829,1.23,0.83,8.84,98.11,66.2,23.8,9.91,35.15,599.76,0.57,37.88,17.19,7.89,89.85,95.89,30.28
2010,50,5007935,Sonora,0.681,0.557,0.706,0.803,2.07,0.92,12.4,98.46,71.13,13.71,10.06,35.92,648.07,0.5,27.32,8.35,2.99,94.9,99.69,30.61
2010,50,5007950,Tacuru,0.593,0.434,0.615,0.782,1.86,1.63,19.45,94.97,49.89,10.79,8.41,55.01,367.68,0.6,57.54,34.36,23.07,81.99,81.35,44.45
2010,50,5007976,Taquarussu,0.651,0.545,0.657,0.769,2.48,4.17,15.97,94.66,100.0,37.64,9.67,40.13,478.38,0.42,32.74,13.88,5.47,95.83,98.83,13.4
2010,50,5008008,Terenos,0.658,0.521,0.651,0.839,1.88,1.31,8.17,95.55,56.06,12.51,9.19,39.7,460.32,0.5,44.11,17.75,7.53,95.38,94.7,27.68
2010,50,5008305,Três Lagoas,0.744,0.645,0.752,0.849,1.67,0.99,6.43,97.5,80.13,27.84,9.82,22.61,863.66,0.51,17.0,4.85,1.33,98.65,99.67,23.7
2010,50,5008404,Vicentina,0.711,0.626,0.689,0.835,0.26,0.64,14.62,98.72,88.91,16.57,9.99,33.9,583.56,0.46,30.3,7.56,1.58,97.81,99.8,16.03
2010,51,5100102,Acorizal,0.628,0.51,0.594,0.816,2.33,2.56,23.58,96.59,59.0,17.4,6.99,40.02,321.58,0.5,58.87,28.54,14.91,81.91,99.24,35.91
2010,51,5100201,Água Boa,0.729,0.646,0.723,0.829,2.58,1.98,7.69,99.22,81.9,35.33,10.01,27.06,720.74,0.49,20.78,7.38,1.45,96.17,98.14,19.64
2010,51,5100250,Alta Floresta,0.714,0.629,0.709,0.817,1.74,1.55,8.88,97.97,59.61,15.69,9.81,25.39,660.84,0.48,25.2,5.77,1.86,98.65,99.61,20.37
2010,51,5100300,Alto Araguaia,0.704,0.612,0.712,0.802,0.85,1.01,8.64,96.7,71.79,6.71,9.1,28.49,671.99,0.47,22.84,9.48,3.66,97.55,96.6,19.65
2010,51,5100359,Alto Boa Vista,0.651,0.561,0.613,0.803,1.9,0.93,11.51,96.81,81.94,23.97,8.17,31.85,362.66,0.57,52.8,35.68,25.18,72.6,79.82,34.8
2010,51,5100409,Alto Garças,0.701,0.583,0.707,0.835,1.03,0.6,9.31,98.06,70.43,18.07,8.92,29.09,651.91,0.46,24.34,7.7,2.15,94.04,99.57,20.98
2010,51,5100508,Alto Paraguai,0.638,0.541,0.612,0.784,1.68,1.9,14.64,95.36,70.34,5.75,8.96,36.57,360.06,0.47,47.59,24.55,12.45,87.83,90.31,32.77
2010,51,5100607,Alto Taquari,0.705,0.571,0.736,0.833,1.61,0.98,6.63,98.32,79.31,23.51,9.03,30.62,781.26,0.46,16.83,4.3,1.15,99.0,99.98,29.95
2010,51,5100805,Apiacás,0.675,0.57,0.666,0.809,2.81,1.28,13.38,95.03,61.61,14.09,8.98,34.93,504.04,0.46,31.29,12.73,6.82,91.6,98.28,27.38
2010,51,5101001,Araguaiana,0.687,0.591,0.671,0.817,1.8,0.52,12.42,98.3,68.76,20.47,9.99,33.0,519.03,0.43,32.83,9.57,3.77,94.3,97.79,17.56
2010,51,5101209,Araguainha,0.701,0.627,0.65,0.844,0.0,0.0,14.59,98.37,82.33,15.1,10.83,30.44,456.43,0.4,31.87,9.69,1.32,96.12,97.13,19.0
2010,51,5101258,Araputanga,0.725,0.655,0.704,0.826,1.13,0.61,11.13,97.45,72.05,10.61,9.47,21.87,639.18,0.5,29.03,9.03,3.56,93.6,97.83,17.72
2010,51,5101308,Arenápolis,0.704,0.649,0.677,0.793,1.13,0.18,12.3,98.4,62.79,14.72,9.95,25.59,540.59,0.46,31.72,11.2,2.51,84.85,99.29,23.7
2010,51,5101407,Aripuanã,0.675,0.553,0.682,0.816,2.93,2.09,10.0,92.69,60.76,12.19,6.75,35.88,558.26,0.56,37.22,19.96,14.66,90.86,93.36,28.85
2010,51,5101605,Barão De Melgaço,0.6,0.44,0.598,0.82,6.72,4.01,17.4,86.29,59.29,19.09,6.93,46.48,330.46,0.5,59.24,27.47,13.62,71.56,94.76,38.6
2010,51,5101704,Barra Do Bugres,0.693,0.595,0.684,0.818,2.22,1.95,13.21,96.86,65.7,12.13,8.7,30.89,563.98,0.51,34.71,14.73,6.96,94.44,99.04,29.56
2010,51,5101803,Barra Do Garças,0.748,0.693,0.738,0.817,2.05,1.39,7.24,96.34,72.0,14.69,10.29,19.16,789.99,0.55,27.08,10.88,4.09,97.46,98.02,21.84
2010,51,5101852,Bom Jesus Do Araguaia,0.661,0.555,0.665,0.784,4.18,0.97,10.5,97.2,74.22,10.8,7.32,34.42,500.5,0.48,37.92,16.68,3.91,87.11,97.33,24.67
2010,51,5101902,Brasnorte,0.696,0.571,0.695,0.85,0.97,0.64,9.21,96.03,67.03,12.76,8.69,32.4,602.75,0.53,33.23,17.46,9.04,88.98,90.67,28.19
2010,51,5102504,Cáceres,0.708,0.633,0.691,0.813,2.11,1.35,10.18,97.8,70.25,16.1,9.09,25.28,590.43,0.53,37.01,14.28,4.69,95.51,99.04,36.08
2010,51,5102603,Campinápolis,0.538,0.324,0.597,0.803,19.48,12.43,24.7,81.84,44.69,9.17,6.41,60.23,328.15,0.69,66.27,54.03,37.82,81.44,57.82,59.69
2010,51,5102637,Campo Novo Do Parecis,0.734,0.649,0.745,0.819,1.02,0.65,5.59,97.85,69.8,26.44,9.19,24.51,823.32,0.45,13.98,2.18,0.73,97.56,100.0,26.28
2010,51,5102678,Campo Verde,0.75,0.67,0.755,0.834,0.76,0.88,6.32,98.06,68.48,4.85,9.46,19.78,878.37,0.51,17.25,3.57,1.51,92.24,98.32,24.2
2010,51,5102686,Campos De Júlio,0.744,0.625,0.8,0.825,1.46,0.32,5.68,97.91,83.98,17.2,8.25,28.08,1162.4,0.62,14.82,1.8,0.46,96.61,98.57,31.78
2010,51,5102694,Canabrava Do Norte,0.667,0.589,0.616,0.817,0.54,1.76,11.32,98.07,75.02,2.94,10.2,32.83,370.81,0.52,51.83,27.37,14.85,90.19,96.41,25.99
2010,51,5102702,Canarana,0.693,0.549,0.735,0.825,7.81,5.82,10.28,94.28,72.44,16.77,9.18,35.5,774.65,0.53,24.94,10.29,5.08,95.0,95.05,26.09
2010,51,5102793,Carlinda,0.665,0.553,0.656,0.809,1.95,1.18,15.75,98.66,63.63,17.58,9.75,37.49,474.83,0.52,40.43,18.91,9.26,96.44,98.33,18.08
2010,51,5102850,Castanheira,0.665,0.547,0.671,0.8,0.44,2.62,13.29,96.77,27.61,3.38,9.58,34.2,520.54,0.55,41.73,20.79,5.54,96.7,90.54,20.2
2010,51,5103007,Chapada Dos Guimarães,0.688,0.578,0.677,0.833,2.32,1.08,12.63,95.67,75.65,10.71,8.73,33.69,540.98,0.53,38.08,18.62,9.09,83.59,96.99,29.31
2010,51,5103056,Cláudia,0.699,0.586,0.719,0.809,1.73,1.0,9.42,97.5,73.62,27.25,9.63,32.78,700.38,0.57,30.76,11.68,5.32,96.7,95.29,23.03
2010,51,5103106,Cocalinho,0.66,0.528,0.674,0.807,4.79,2.99,15.97,90.43,52.64,8.39,7.74,35.76,531.41,0.48,33.59,12.8,3.84,94.54,96.26,22.68
2010,51,5103205,Colíder,0.713,0.604,0.732,0.819,1.46,1.25,9.99,97.22,79.88,20.58,9.2,34.74,758.67,0.56,26.31,8.8,3.91,98.43,99.57,15.81
2010,51,5103254,Colniza,0.611,0.443,0.633,0.815,2.35,1.91,10.78,95.39,42.47,8.74,6.83,45.76,411.69,0.58,51.48,31.89,22.95,92.72,71.25,29.89
2010,51,5103304,Comodoro,0.689,0.567,0.687,0.84,2.78,2.78,12.74,96.1,53.07,16.81,8.67,34.67,573.89,0.54,36.93,17.62,8.44,90.65,90.83,27.84
2010,51,5103353,Confresa,0.668,0.556,0.66,0.812,1.95,1.3,11.52,97.15,66.93,8.24,9.24,35.18,484.89,0.58,48.55,25.71,14.24,96.2,97.91,31.88
2010,51,5103361,Conquista D'Oeste,0.718,0.65,0.707,0.807,2.34,0.47,11.76,98.61,83.31,17.18,8.81,27.74,650.3,0.5,28.35,10.77,4.0,93.5,96.14,26.26
2010,51,5103379,Cotriguaçu,0.601,0.423,0.623,0.825,3.91,2.23,9.28,87.85,51.49,15.07,6.12,46.32,387.24,0.57,52.37,35.44,21.39,72.14,69.56,29.67
2010,51,5103403,Cuiabá,0.785,0.726,0.8,0.834,1.54,1.07,4.24,95.8,79.24,24.03,9.91,13.45,1161.49,0.59,17.21,5.31,1.33,97.04,99.92,27.25
2010,51,5103437,Curvelândia,0.69,0.615,0.658,0.811,2.61,1.09,15.12,99.69,65.92,14.04,9.35,33.23,480.92,0.47,40.5,14.43,2.92,98.35,100.0,19.12
2010,51,5103452,Denise,0.683,0.59,0.672,0.802,1.97,1.21,14.21,97.58,78.31,10.38,8.21,29.65,524.91,0.42,27.39,7.34,1.85,99.03,99.58,24.52
2010,51,5103502,Diamantino,0.718,0.625,0.714,0.831,1.14,1.75,6.98,98.16,81.99,29.73,8.76,25.17,681.66,0.47,23.28,9.18,2.98,95.28,99.18,29.35
2010,51,5103601,Dom Aquino,0.69,0.593,0.687,0.806,0.88,0.92,14.01,99.16,62.6,24.47,10.03,34.5,575.47,0.51,35.79,13.08,7.43,92.72,99.68,19.32
2010,51,5103700,Feliz Natal,0.692,0.548,0.737,0.819,1.62,2.53,8.78,96.6,73.85,16.53,8.95,33.34,786.26,0.46,18.26,11.93,5.96,96.19,99.37,36.25
2010,51,5103809,Figueirópolis D'Oeste,0.679,0.599,0.665,0.786,2.83,2.75,12.92,98.28,64.95,0.0,8.2,30.17,502.34,0.42,32.9,9.17,2.27,95.27,99.32,11.32
2010,51,5103858,Gaúcha Do Norte,0.615,0.418,0.658,0.847,30.99,25.48,23.46,81.5,49.04,20.53,5.71,50.51,481.01,0.67,50.51,38.53,34.95,93.61,71.52,43.39
2010,51,5103908,General Carneiro,0.67,0.569,0.645,0.82,4.47,0.62,12.06,97.24,66.04,14.06,10.0,26.39,441.94,0.59,54.26,31.58,15.13,88.05,93.13,38.71
2010,51,5103957,Glória D'Oeste,0.71,0.636,0.684,0.823,0.87,2.38,13.16,97.88,87.13,30.0,10.63,31.06,564.35,0.48,32.46,10.66,2.51,95.73,99.87,15.83
2010,51,5104104,Guarantã Do Norte,0.703,0.609,0.692,0.826,0.95,0.83,7.51,97.76,79.31,10.74,8.83,28.55,594.14,0.48,30.4,10.6,3.46,96.41,98.8,19.08
2010,51,5104203,Guiratinga,0.705,0.637,0.677,0.813,0.42,0.4,12.66,99.21,77.41,11.65,10.44,31.48,542.02,0.48,33.1,12.53,6.27,88.37,97.54,18.4
2010,51,5104500,Indiavaí,0.661,0.533,0.645,0.841,4.49,3.97,14.4,95.35,61.63,9.15,8.11,42.95,443.9,0.46,45.96,14.09,3.24,99.07,100.0,21.45
2010,51,5104526,Ipiranga Do Norte,0.727,0.642,0.742,0.807,2.36,0.33,5.18,99.25,56.7,1.46,9.93,25.2,812.25,0.48,15.99,5.92,2.0,97.82,100.0,22.88
2010,51,5104542,Itanhangá,0.71,0.597,0.699,0.856,1.22,0.94,7.94,97.1,77.4,8.4,8.76,31.01,620.06,0.51,29.39,12.9,5.38,95.03,99.26,24.97
2010,51,5104559,Itaúba,0.69,0.569,0.714,0.809,1.52,1.86,12.94,98.33,73.21,26.51,10.79,39.98,680.94,0.58,32.93,13.14,3.53,97.05,99.32,24.22
2010,51,5104609,Itiquira,0.693,0.591,0.694,0.812,2.11,1.17,7.25,96.57,69.0,20.08,9.49,32.23,602.03,0.47,28.41,8.66,2.99,92.79,98.79,19.72
2010,51,5104807,Jaciara,0.735,0.655,0.728,0.833,1.77,1.51,10.03,98.18,73.29,22.16,8.8,25.68,742.81,0.51,23.71,8.84,3.2,96.81,99.39,24.25
2010,51,5104906,Jangada,0.63,0.549,0.567,0.805,1.74,1.06,20.35,96.14,70.62,13.27,9.11,33.18,271.99,0.56,63.34,40.41,25.4,59.35,98.45,43.41
2010,51,5105002,Jauru,0.673,0.563,0.668,0.812,2.28,1.69,17.19,97.66,59.43,9.66,8.63,34.71,511.39,0.52,42.08,21.23,9.92,91.6,99.02,19.83
2010,51,5105101,Juara,0.682,0.543,0.699,0.836,1.31,1.69,9.9,95.98,63.47,12.45,7.78,37.41,619.81,0.49,28.13,10.64,3.01,96.6,97.99,25.78
2010,51,5105150,Juína,0.716,0.593,0.733,0.845,3.54,2.65,9.86,96.37,77.16,25.01,7.61,32.07,763.35,0.58,29.94,10.48,4.3,97.03,98.14,20.7
2010,51,5105176,Juruena,0.662,0.563,0.647,0.797,1.6,2.41,9.98,96.57,86.8,21.4,8.41,33.27,448.89,0.44,36.48,16.58,5.57,94.6,98.23,25.65
2010,51,5105200,Juscimeira,0.714,0.637,0.678,0.842,1.73,1.23,14.81,99.29,82.75,23.43,10.81,28.53,542.77,0.43,28.28,9.91,3.33,91.36,99.28,19.63
2010,51,5105234,Lambari D'Oeste,0.627,0.467,0.67,0.787,2.13,1.91,15.47,95.37,65.78,8.4,7.69,46.29,516.75,0.48,35.53,10.0,3.44,94.91,99.75,28.85
2010,51,5105259,Lucas Do Rio Verde,0.768,0.71,0.766,0.833,1.1,0.82,3.26,97.5,92.09,28.95,10.21,17.37,938.65,0.46,11.36,2.64,1.45,99.55,100.0,23.93
2010,51,5105309,Luciara,0.676,0.634,0.617,0.788,3.21,0.0,13.48,97.98,95.52,54.05,9.41,24.6,371.24,0.43,46.17,16.54,6.9,98.32,97.64,27.02
2010,51,5105507,Vila Bela Da Santíssima Trindade,0.645,0.495,0.644,0.843,1.3,1.33,10.61,93.91,44.04,12.01,7.24,34.5,439.15,0.59,50.57,29.73,15.1,83.67,97.04,38.24
2010,51,5105580,Marcelândia,0.701,0.604,0.7,0.813,0.75,0.64,11.76,98.28,73.31,27.81,9.74,30.86,621.76,0.55,33.87,12.32,5.62,98.31,97.04,23.2
2010,51,5105606,Matupá,0.716,0.631,0.706,0.824,2.0,0.88,9.02,98.58,81.23,17.29,9.64,29.08,649.23,0.55,35.62,16.03,7.25,97.09,98.64,24.68
2010,51,5105622,Mirassol D'Oeste,0.704,0.592,0.723,0.816,1.38,1.11,11.53,96.57,73.21,11.23,8.6,29.52,718.18,0.55,29.33,9.14,2.79,97.11,99.68,22.04
2010,51,5105903,Nobres,0.699,0.611,0.675,0.827,1.87,1.76,11.98,97.79,91.59,20.32,9.86,28.34,533.53,0.46,33.42,11.98,3.82,87.27,99.13,30.03
2010,51,5106000,Nortelândia,0.702,0.668,0.653,0.793,1.17,1.9,12.58,96.81,83.75,20.86,9.44,22.99,466.17,0.43,36.78,15.73,7.6,90.72,99.82,23.31
2010,51,5106109,Nossa Senhora Do Livramento,0.638,0.529,0.6,0.82,3.89,2.03,22.85,95.52,72.89,22.91,8.25,40.12,335.56,0.47,53.55,27.02,13.7,69.51,97.59,40.42
2010,51,5106158,Nova Bandeirantes,0.65,0.469,0.696,0.842,1.62,1.46,7.86,93.83,59.51,9.89,8.23,45.82,608.32,0.62,42.82,24.46,15.75,97.13,84.23,28.18
2010,51,5106174,Nova Nazaré,0.595,0.427,0.621,0.793,31.58,19.53,23.47,66.29,57.21,10.04,5.81,42.93,381.54,0.55,53.9,39.06,16.24,95.0,62.93,47.81
2010,51,5106182,Nova Lacerda,0.636,0.485,0.643,0.825,3.05,1.57,11.5,92.95,41.09,12.84,8.13,40.12,437.33,0.51,42.79,23.66,12.9,88.65,93.89,31.33
2010,51,5106190,Nova Santa Helena,0.714,0.603,0.745,0.809,2.26,0.0,11.9,97.95,73.39,22.56,10.46,38.4,824.04,0.64,33.94,10.98,2.89,96.76,98.15,15.89
2010,51,5106208,Nova Brasilândia,0.651,0.485,0.673,0.845,1.73,0.84,20.15,95.42,81.84,27.33,8.66,39.72,526.35,0.64,46.24,25.34,18.13,83.03,99.6,26.81
2010,51,5106216,Nova Canaã Do Norte,0.686,0.572,0.692,0.815,1.23,1.04,12.48,97.96,48.33,8.19,8.69,37.17,591.9,0.55,36.85,16.15,6.22,96.07,97.54,13.16
2010,51,5106224,Nova Mutum,0.758,0.673,0.773,0.837,1.41,0.97,3.86,97.24,82.7,14.82,9.11,18.8,982.9,0.51,14.31,2.85,0.62,98.03,99.72,28.93
2010,51,5106232,Nova Olímpia,0.682,0.561,0.704,0.804,2.07,1.75,12.89,95.67,73.68,16.05,7.15,34.58,639.03,0.56,35.67,9.91,3.78,95.55,99.69,30.8
2010,51,5106240,Nova Ubiratã,0.669,0.529,0.694,0.816,2.36,1.27,8.46,96.55,80.74,13.51,8.49,35.33,599.32,0.5,32.51,12.27,6.26,93.34,99.23,25.8
2010,51,5106257,Nova Xavantina,0.704,0.613,0.713,0.8,0.96,1.24,10.75,97.58,63.02,7.11,9.78,30.6,674.44,0.53,28.16,11.07,2.64,91.46,98.86,18.5
2010,51,5106265,Novo Mundo,0.674,0.577,0.652,0.815,1.9,0.84,11.21,99.2,71.97,1.64,9.85,34.37,461.47,0.52,44.64,20.83,7.22,95.58,96.97,24.91
2010,51,5106273,Novo Horizonte Do Norte,0.664,0.548,0.652,0.82,0.36,0.44,14.82,98.31,84.28,21.91,9.08,37.64,463.77,0.49,37.42,21.74,14.74,91.95,99.03,13.91
2010,51,5106281,Novo São Joaquim,0.649,0.507,0.658,0.819,0.66,1.45,15.38,93.83,72.8,16.87,8.46,42.98,480.73,0.48,39.29,13.64,5.2,90.6,97.85,18.92
2010,51,5106299,Paranaíta,0.672,0.555,0.677,0.809,0.83,1.57,11.3,97.38,50.77,12.96,9.56,37.89,540.22,0.53,39.64,15.98,6.63,96.89,98.63,23.63
2010,51,5106307,Paranatinga,0.667,0.532,0.679,0.82,2.5,2.21,11.43,94.85,58.88,17.68,7.91,35.6,547.43,0.5,34.87,14.68,8.27,94.55,94.87,28.68
2010,51,5106315,Novo Santo Antônio,0.653,0.526,0.64,0.829,3.16,1.65,12.54,96.81,74.69,7.65,10.26,37.37,428.26,0.51,48.87,22.4,5.75,85.12,91.39,37.12
2010,51,5106372,Pedra Preta,0.679,0.573,0.672,0.812,1.34,1.32,13.13,98.16,78.72,8.37,8.96,35.32,523.92,0.43,30.58,10.15,3.99,93.83,98.76,22.1
2010,51,5106422,Peixoto De Azevedo,0.649,0.521,0.691,0.761,4.32,3.41,14.82,90.6,59.11,8.14,8.68,37.09,589.21,0.67,47.44,27.37,14.18,93.32,94.95,33.82
2010,51,5106455,Planalto Da Serra,0.656,0.565,0.615,0.813,1.5,1.86,13.98,98.46,71.96,8.3,10.03,42.09,366.39,0.44,49.1,21.44,6.3,93.63,97.77,23.61
2010,51,5106505,Poconé,0.652,0.534,0.643,0.806,3.22,2.36,17.86,94.29,50.44,10.74,8.51,33.45,436.83,0.52,48.84,21.09,9.42,91.96,98.03,40.44
2010,51,5106653,Pontal Do Araguaia,0.734,0.702,0.691,0.816,2.67,0.35,8.87,97.64,83.08,22.68,10.25,23.43,589.32,0.48,29.75,7.36,3.38,96.16,98.02,18.34
2010,51,5106703,Ponte Branca,0.686,0.585,0.684,0.806,0.0,0.86,13.13,97.9,92.14,1.24,11.36,33.27,565.09,0.49,33.45,7.57,1.35,95.22,99.62,13.1
2010,51,5106752,Pontes E Lacerda,0.703,0.605,0.711,0.807,1.32,1.13,9.95,96.84,52.06,8.93,9.23,28.74,665.92,0.49,26.47,9.04,2.46,96.67,99.36,22.73
2010,51,5106778,Porto Alegre Do Norte,0.673,0.587,0.647,0.803,1.74,0.81,10.56,97.35,71.29,10.11,8.47,32.28,449.5,0.52,44.93,22.61,10.75,93.12,96.49,32.11
2010,51,5106802,Porto Dos Gaúchos,0.685,0.561,0.703,0.815,1.62,0.31,11.65,97.15,74.01,27.98,8.04,38.14,635.97,0.5,25.24,8.41,3.79,96.99,97.55,16.13
2010,51,5106828,Porto Esperidião,0.652,0.523,0.666,0.795,0.56,1.4,14.31,98.5,47.27,10.01,9.06,37.43,504.99,0.59,49.22,23.19,7.78,89.79,96.3,29.68
2010,51,5106851,Porto Estrela,0.599,0.467,0.571,0.804,1.52,1.98,25.43,93.04,57.63,3.11,8.19,48.77,280.21,0.51,61.92,38.53,20.61,90.35,94.61,33.91
2010,51,5107008,Poxoréo,0.678,0.573,0.653,0.832,2.2,0.8,16.69,94.34,69.68,9.62,10.11,35.23,463.98,0.49,43.15,19.17,8.2,93.67,95.44,25.1
2010,51,5107040,Primavera Do Leste,0.752,0.653,0.774,0.843,1.0,0.9,4.72,94.74,77.84,23.73,9.35,22.76,990.05,0.51,10.91,2.57,1.11,98.72,99.89,24.38
2010,51,5107065,Querência,0.692,0.565,0.701,0.837,6.83,3.92,8.18,91.14,75.62,25.04,7.96,33.47,628.89,0.5,28.83,13.19,9.22,94.12,95.38,32.28
2010,51,5107107,São José Dos Quatro Marcos,0.719,0.643,0.707,0.816,0.31,0.68,12.07,98.54,73.15,16.59,9.47,27.92,653.02,0.54,29.21,10.26,2.53,98.08,99.6,14.95
2010,51,5107156,Reserva Do Cabaçal,0.676,0.603,0.642,0.799,0.5,0.65,17.89,99.13,69.47,18.57,8.47,25.65,434.88,0.4,34.9,16.24,5.86,88.75,96.59,17.12
2010,51,5107180,Ribeirão Cascalheira,0.67,0.542,0.668,0.831,3.23,1.91,11.82,94.32,61.25,17.0,7.9,39.06,512.31,0.54,40.26,24.05,14.18,89.56,95.71,25.53
2010,51,5107198,Ribeirãozinho,0.692,0.595,0.694,0.802,3.24,0.77,11.55,95.86,79.27,11.48,9.72,24.75,599.35,0.47,28.72,5.03,1.95,94.21,99.52,14.8
2010,51,5107206,Rio Branco,0.707,0.617,0.701,0.817,0.95,1.87,14.2,97.74,83.33,17.67,9.59,34.03,626.09,0.5,27.68,8.57,3.21,93.12,99.88,17.78
2010,51,5107248,Santa Carmem,0.715,0.628,0.703,0.827,1.05,0.44,8.05,98.73,79.07,36.72,10.34,25.3,635.43,0.48,24.46,8.3,0.69,95.73,99.83,23.71
2010,51,5107263,Santo Afonso,0.689,0.599,0.655,0.834,0.95,2.6,17.16,94.28,81.71,24.3,7.56,27.74,472.29,0.43,30.31,11.74,4.98,81.68,99.51,16.02
2010,51,5107297,São José Do Povo,0.661,0.577,0.63,0.793,1.67,2.45,14.97,96.54,58.65,11.32,9.03,32.06,402.85,0.43,40.61,17.89,9.03,88.91,99.33,15.64
2010,51,5107305,São José Do Rio Claro,0.682,0.548,0.689,0.841,1.44,1.33,11.91,95.95,62.59,12.07,8.55,35.95,580.99,0.48,28.4,10.61,3.85,92.47,98.34,28.67
2010,51,5107354,São José Do Xingu,0.657,0.487,0.703,0.828,4.84,5.44,14.76,93.62,84.46,10.13,7.3,44.01,635.63,0.62,41.18,20.22,6.66,97.16,96.02,32.02
2010,51,5107404,São Pedro Da Cipa,0.66,0.556,0.654,0.79,1.27,2.25,16.43,97.46,75.77,25.55,9.97,34.35,469.27,0.38,27.37,8.82,4.14,95.75,99.01,22.96
2010,51,5107578,Rondolândia,0.64,0.53,0.619,0.8,5.0,0.88,15.4,96.74,58.73,7.54,8.51,29.47,375.85,0.52,56.03,27.89,13.96,68.97,93.99,32.7
2010,51,5107602,Rondonópolis,0.755,0.698,0.749,0.823,1.19,1.02,7.2,98.44,73.52,20.23,10.19,18.14,843.62,0.52,18.98,5.44,1.35,96.98,99.78,22.78
2010,51,5107701,Rosário Oeste,0.65,0.52,0.653,0.807,1.57,2.19,16.93,96.52,46.84,6.6,9.09,39.39,465.66,0.49,42.09,19.26,7.75,79.02,97.04,33.06
2010,51,5107743,Santa Cruz Do Xingu,0.684,0.55,0.704,0.828,1.34,0.87,8.93,98.74,82.94,35.11,9.41,38.84,639.44,0.55,34.18,15.94,7.89,96.53,96.93,21.81
2010,51,5107750,Salto Do Céu,0.666,0.56,0.661,0.797,1.25,0.75,15.24,99.24,40.01,4.5,10.16,33.28,488.7,0.48,39.96,14.91,3.79,81.83,99.37,19.33
2010,51,5107768,Santa Rita Do Trivelato,0.735,0.632,0.738,0.852,2.25,0.66,5.18,97.23,76.14,20.13,7.26,26.27,790.41,0.5,20.1,5.79,2.41,94.84,97.12,21.85
2010,51,5107776,Santa Terezinha,0.609,0.498,0.596,0.761,4.01,1.0,15.28,95.36,34.41,10.81,7.97,33.72,326.47,0.57,65.64,35.5,18.24,92.59,97.94,39.22
2010,51,5107792,Santo Antônio Do Leste,0.655,0.501,0.658,0.853,11.69,12.11,10.53,85.35,85.53,15.92,8.09,44.03,481.45,0.47,34.41,18.88,14.53,89.43,84.98,32.8
2010,51,5107800,Santo Antônio Do Leverger,0.656,0.539,0.651,0.806,2.92,2.57,16.54,96.42,69.92,22.21,8.39,33.51,460.13,0.49,42.34,16.76,8.16,81.75,98.74,35.35
2010,51,5107859,São Félix Do Araguaia,0.668,0.538,0.652,0.848,4.51,3.13,12.48,95.64,69.78,22.84,9.09,33.79,461.47,0.61,49.97,30.01,21.51,91.38,96.79,26.43
2010,51,5107875,Sapezal,0.732,0.62,0.758,0.836,1.6,1.09,5.66,98.07,79.81,19.04,9.2,26.42,892.71,0.47,13.47,4.64,2.35,98.92,99.87,35.04
2010,51,5107883,Serra Nova Dourada,0.664,0.56,0.638,0.819,2.68,1.37,12.25,97.46,51.62,38.21,9.12,33.65,422.66,0.44,40.65,16.82,6.24,94.31,93.94,23.19
2010,51,5107909,Sinop,0.754,0.682,0.755,0.832,1.24,0.7,5.07,97.96,67.95,16.88,10.52,20.39,877.68,0.49,15.19,3.28,0.82,98.05,99.96,22.44
2010,51,5107925,Sorriso,0.744,0.635,0.774,0.839,1.24,0.71,4.95,96.49,83.92,22.35,9.5,27.32,988.74,0.54,18.27,5.88,1.77,99.1,99.37,26.63
2010,51,5107941,Tabaporã,0.695,0.598,0.679,0.826,0.78,0.47,8.09,98.72,83.96,13.89,9.63,32.76,546.51,0.44,28.05,10.98,5.54,95.1,98.39,20.23
2010,51,5107958,Tangará Da Serra,0.729,0.626,0.749,0.825,1.99,1.14,8.12,93.34,71.29,14.84,9.25,24.65,846.59,0.55,21.97,6.52,2.25,95.89,98.66,22.85
2010,51,5108006,Tapurah,0.714,0.594,0.738,0.831,0.67,1.2,5.19,96.63,85.22,24.49,9.35,27.7,789.61,0.49,18.65,4.25,2.91,98.66,99.63,30.04
2010,51,5108055,Terra Nova Do Norte,0.698,0.602,0.692,0.815,1.31,1.04,11.0,98.79,74.94,8.71,10.64,35.7,594.53,0.51,32.75,13.67,5.95,96.67,99.0,16.1
2010,51,5108105,Tesouro,0.655,0.56,0.635,0.791,0.44,0.59,11.71,96.62,45.77,1.61,8.43,39.69,415.93,0.5,46.66,21.21,10.62,91.1,91.13,28.36
2010,51,5108204,Torixoréu,0.716,0.666,0.684,0.806,0.77,2.89,12.72,98.37,82.08,23.25,10.95,27.95,564.83,0.53,36.79,14.57,5.84,96.41,97.39,10.43
2010,51,5108303,União Do Sul,0.665,0.556,0.665,0.797,1.75,0.82,11.76,95.5,88.41,19.31,7.86,40.77,501.56,0.45,37.84,11.28,5.15,95.18,93.3,24.41
2010,51,5108352,Vale De São Domingos,0.656,0.56,0.658,0.765,0.42,0.0,13.86,99.47,44.44,14.42,7.15,31.99,479.66,0.43,37.56,13.58,4.75,94.17,99.24,19.06
2010,51,5108402,Várzea Grande,0.734,0.661,0.711,0.842,1.85,1.21,5.87,95.92,68.96,13.86,9.62,18.5,668.86,0.46,23.21,7.03,2.01,97.23,99.92,31.6
2010,51,5108501,Vera,0.68,0.568,0.663,0.834,0.95,0.5,8.75,97.24,76.84,19.57,9.01,32.36,494.23,0.42,31.09,8.96,3.95,94.54,98.98,24.79
2010,51,5108600,Vila Rica,0.688,0.553,0.709,0.829,1.11,0.66,9.11,94.31,53.32,11.3,8.92,33.85,658.27,0.56,33.88,13.61,3.06,96.03,97.53,32.18
2010,51,5108808,Nova Guarita,0.688,0.597,0.671,0.812,0.91,1.23,11.24,99.04,85.69,15.05,9.4,38.12,520.94,0.51,38.97,18.76,5.42,99.07,97.81,16.06
2010,51,5108857,Nova Marilândia,0.704,0.623,0.68,0.823,1.25,0.54,11.35,98.96,82.9,17.79,8.15,22.75,550.29,0.43,29.22,7.56,4.08,92.41,99.46,25.97
2010,51,5108907,Nova Maringá,0.663,0.509,0.702,0.815,1.37,0.82,9.8,95.86,79.16,21.23,8.94,40.14,629.46,0.49,26.93,8.53,2.39,89.1,96.72,37.03
2010,51,5108956,Nova Monte Verde,0.691,0.582,0.69,0.823,1.58,1.25,8.6,99.06,87.74,38.62,9.33,32.99,586.65,0.51,33.41,13.1,4.9,93.27,98.45,19.02
2010,52,5200050,Abadia De Goiás,0.708,0.622,0.687,0.83,0.97,1.26,7.81,97.16,83.29,11.5,7.94,29.83,574.96,0.42,23.27,6.18,1.97,93.06,99.33,19.52
2010,52,5200100,Abadiânia,0.689,0.579,0.671,0.841,1.04,0.96,10.84,94.35,53.97,9.07,9.31,34.83,519.87,0.43,31.19,8.45,2.0,94.5,99.68,14.99
2010,52,5200134,Acreúna,0.686,0.553,0.71,0.822,2.67,1.57,14.57,97.12,85.98,21.1,9.78,37.74,664.09,0.53,28.21,8.08,3.51,97.25,99.8,20.48
2010,52,5200159,Adelândia,0.702,0.622,0.664,0.836,1.31,4.69,14.65,100.0,83.39,39.66,10.84,36.3,497.31,0.43,34.05,10.89,0.73,99.41,100.0,10.69
2010,52,5200175,Água Fria De Goiás,0.671,0.55,0.672,0.817,2.92,1.7,14.86,97.43,38.85,1.01,10.36,37.67,525.2,0.6,46.74,23.68,9.8,79.92,98.0,24.29
2010,52,5200209,Água Limpa,0.722,0.663,0.691,0.821,1.48,0.0,10.13,97.44,84.42,2.89,10.6,29.85,591.23,0.46,29.37,6.71,2.35,97.55,99.53,9.97
2010,52,5200258,Águas Lindas De Goiás,0.686,0.588,0.647,0.848,2.18,1.36,7.01,96.62,71.81,12.74,9.3,26.51,449.38,0.43,36.45,11.6,3.17,96.79,99.73,38.5
2010,52,5200308,Alexânia,0.682,0.568,0.664,0.841,1.99,1.72,11.73,97.03,52.24,10.92,8.84,34.04,498.09,0.46,35.35,13.88,5.14,97.64,99.63,22.45
2010,52,5200506,Aloândia,0.697,0.585,0.694,0.834,1.44,3.13,14.93,98.02,79.16,0.0,9.53,38.34,599.9,0.44,24.44,7.45,1.78,97.88,100.0,10.09
2010,52,5200555,Alto Horizonte,0.719,0.624,0.709,0.841,2.68,1.87,12.39,97.07,90.36,47.43,10.42,32.02,661.19,0.49,28.05,6.1,1.38,99.31,99.78,16.86
2010,52,5200605,Alto Paraíso De Goiás,0.713,0.611,0.723,0.819,1.57,0.75,11.16,97.96,83.16,15.75,9.56,32.36,719.11,0.65,42.77,17.22,5.27,87.01,93.22,31.23
2010,52,5200803,Alvorada Do Norte,0.66,0.548,0.64,0.819,3.78,0.89,17.42,97.94,71.16,15.76,9.25,33.66,429.63,0.48,48.27,16.41,5.13,89.71,96.07,23.13
2010,52,5200829,Amaralina,0.609,0.489,0.569,0.813,1.52,2.29,15.87,92.22,36.29,11.12,8.54,47.04,276.05,0.53,58.71,38.74,26.47,82.13,96.97,16.61
2010,52,5200852,Americano Do Brasil,0.7,0.631,0.669,0.813,0.52,1.56,15.72,97.37,75.31,1.29,9.79,31.18,512.95,0.4,28.25,9.2,1.66,91.62,99.67,15.26
2010,52,5200902,Amorinópolis,0.681,0.579,0.672,0.813,1.15,0.53,18.12,98.5,86.94,6.3,9.4,38.33,523.25,0.41,28.89,9.54,2.67,95.88,99.15,7.08
2010,52,5201108,Anápolis,0.737,0.66,0.737,0.822,1.02,0.72,5.77,96.31,47.13,11.19,9.82,18.37,785.17,0.5,21.26,5.74,1.0,98.99,99.98,15.87
2010,52,5201207,Anhanguera,0.725,0.657,0.724,0.802,0.0,0.0,3.73,100.0,91.69,38.39,7.22,21.55,721.84,0.39,13.84,1.85,0.4,99.43,100.0,12.41
2010,52,5201306,Anicuns,0.714,0.627,0.695,0.834,1.29,0.68,10.35,98.4,82.01,12.36,10.47,29.89,604.97,0.46,25.97,8.31,2.15,97.47,99.87,13.17
2010,52,5201405,Aparecida De Goiânia,0.718,0.62,0.716,0.834,1.88,1.03,5.3,95.31,50.69,11.48,9.31,21.34,689.3,0.47,21.21,5.22,0.99,98.43,99.94,24.23
2010,52,5201454,Aparecida Do Rio Doce,0.693,0.583,0.7,0.814,0.0,2.67,12.9,93.28,58.33,4.41,7.57,35.04,623.58,0.49,26.97,12.41,7.26,95.48,99.68,15.26
2010,52,5201504,Aporé,0.693,0.584,0.692,0.823,1.65,1.05,12.8,99.12,79.79,21.25,9.06,38.69,595.05,0.45,27.79,5.72,1.8,93.82,97.9,20.18
2010,52,5201603,Araçu,0.693,0.578,0.686,0.838,0.0,0.0,16.23,98.96,62.55,2.3,9.34,38.61,571.55,0.53,37.77,11.42,5.44,99.92,99.63,11.05
2010,52,5201702,Aragarças,0.732,0.68,0.694,0.83,1.51,0.95,9.07,98.3,85.19,12.52,10.56,19.99,600.03,0.45,25.83,7.5,1.19,99.04,99.37,19.25
2010,52,5201801,Aragoiânia,0.684,0.56,0.683,0.837,3.15,1.69,10.11,98.02,68.3,4.15,9.11,35.38,560.22,0.45,27.44,9.96,3.76,98.33,99.86,19.37
2010,52,5202155,Araguapaz,0.674,0.54,0.696,0.814,1.57,0.58,17.94,97.82,55.72,8.92,10.64,36.15,608.17,0.53,33.86,9.57,2.72,94.78,97.65,17.05
2010,52,5202353,Arenópolis,0.687,0.582,0.674,0.826,0.0,0.64,15.6,100.0,96.01,12.74,11.15,41.1,531.91,0.5,34.98,12.91,2.5,90.83,98.71,9.33
2010,52,5202502,Aruanã,0.675,0.526,0.708,0.826,0.82,0.73,12.69,97.48,62.0,14.0,8.39,40.79,654.67,0.51,27.76,9.01,2.46,98.42,99.67,22.99
2010,52,5202601,Aurilândia,0.7,0.62,0.661,0.836,1.48,0.96,15.3,97.46,89.79,4.88,10.19,36.68,489.23,0.43,35.98,10.67,2.66,99.05,99.66,6.96
2010,52,5202809,Avelinópolis,0.66,0.508,0.682,0.828,1.31,0.81,13.52,97.95,90.86,15.48,7.92,49.11,556.03,0.55,37.67,15.93,7.55,98.12,99.64,11.46
2010,52,5203104,Baliza,0.655,0.558,0.614,0.819,2.72,1.41,17.42,98.63,56.67,11.09,9.64,42.26,365.35,0.58,54.46,34.01,24.35,57.05,91.49,19.59
2010,52,5203203,Barro Alto,0.742,0.682,0.701,0.854,0.77,1.43,12.68,99.04,85.37,20.76,10.91,23.39,628.55,0.44,22.64,6.44,0.78,92.04,99.41,19.68
2010,52,5203302,Bela Vista De Goiás,0.716,0.607,0.721,0.837,1.43,1.73,9.37,98.29,78.02,8.67,9.26,29.42,708.62,0.51,23.63,6.61,1.78,94.83,99.83,15.05
2010,52,5203401,Bom Jardim De Goiás,0.67,0.545,0.68,0.811,0.87,1.57,16.42,98.12,67.21,3.38,10.02,40.49,551.54,0.49,35.68,10.2,3.71,90.31,95.77,15.54
2010,52,5203500,Bom Jesus De Goiás,0.701,0.573,0.699,0.86,2.23,0.94,11.04,98.41,75.29,17.02,8.73,35.39,618.62,0.47,27.06,9.24,2.76,96.53,100.0,20.92
2010,52,5203559,Bonfinópolis,0.683,0.58,0.671,0.817,1.19,1.0,10.71,98.73,82.98,2.97,10.68,33.04,520.02,0.44,31.46,10.03,2.0,98.52,99.84,20.05
2010,52,5203575,Bonópolis,0.63,0.488,0.63,0.813,3.34,0.88,18.81,98.15,54.93,0.0,8.54,45.21,403.94,0.41,45.19,14.81,5.08,96.77,93.85,17.51
2010,52,5203609,Brazabrantes,0.701,0.615,0.677,0.826,1.17,0.63,11.06,99.17,87.88,1.49,10.12,33.91,541.9,0.4,25.93,5.67,1.12,99.63,100.0,18.63
2010,52,5203807,Britânia,0.672,0.546,0.692,0.802,1.89,1.32,15.49,97.62,70.37,16.82,8.98,40.65,594.38,0.55,35.94,13.65,4.83,95.51,100.0,19.17
2010,52,5203906,Buriti Alegre,0.71,0.614,0.7,0.831,2.55,1.65,9.97,96.88,77.89,25.56,9.01,32.36,625.26,0.43,22.61,6.92,2.49,98.57,99.89,10.96
2010,52,5203939,Buriti De Goiás,0.687,0.57,0.707,0.806,0.62,1.5,13.8,99.48,83.62,9.43,9.96,39.19,650.67,0.49,22.83,6.39,1.13,95.63,99.67,8.05
2010,52,5203962,Buritinópolis,0.704,0.591,0.727,0.813,2.33,1.83,18.69,98.77,84.52,22.43,10.94,29.58,735.72,0.77,57.65,28.47,18.72,71.93,98.99,18.1
2010,52,5204003,Cabeceiras,0.668,0.571,0.637,0.819,2.28,0.93,13.02,96.47,63.43,9.07,8.65,37.62,420.47,0.48,49.08,20.1,5.79,93.63,98.59,21.66
2010,52,5204102,Cachoeira Alta,0.71,0.569,0.75,0.84,0.63,1.23,11.04,97.98,68.31,28.16,8.96,30.16,853.32,0.51,14.82,2.26,0.69,95.74,99.68,18.52
2010,52,5204201,Cachoeira De Goiás,0.727,0.674,0.68,0.838,0.93,0.0,14.25,100.0,81.83,22.7,11.5,27.48,549.16,0.47,37.48,9.82,3.18,95.14,99.35,11.37
2010,52,5204250,Cachoeira Dourada,0.698,0.602,0.703,0.804,2.47,0.7,14.93,98.73,90.57,32.52,10.05,30.07,636.17,0.47,25.7,10.45,3.3,95.59,99.26,12.78
2010,52,5204300,Caçu,0.73,0.599,0.774,0.84,1.04,0.76,8.93,98.76,68.1,12.3,9.54,34.98,987.3,0.53,14.91,3.18,0.21,97.4,99.58,13.58
2010,52,5204409,Caiapônia,0.693,0.588,0.701,0.808,1.9,1.38,14.8,97.15,80.88,2.19,9.75,33.69,628.14,0.52,29.9,11.52,4.46,92.35,95.8,13.62
2010,52,5204508,Caldas Novas,0.733,0.64,0.739,0.832,1.11,0.91,5.57,97.28,64.85,25.17,10.48,23.4,794.78,0.49,17.43,4.62,1.03,97.16,99.92,19.49
2010,52,5204557,Caldazinha,0.685,0.591,0.669,0.814,1.72,1.73,10.49,93.24,77.73,19.81,8.19,29.85,515.56,0.44,33.52,11.47,4.71,91.19,99.87,16.63
2010,52,5204607,Campestre De Goiás,0.653,0.556,0.628,0.799,1.68,0.98,12.75,97.66,60.48,4.85,9.51,37.78,398.5,0.42,41.31,16.83,8.0,97.1,99.4,18.71
2010,52,5204656,Campinaçu,0.631,0.476,0.644,0.819,1.72,0.5,13.3,93.49,52.4,12.59,8.68,44.86,438.93,0.49,45.88,17.07,7.26,79.8,95.12,14.66
2010,52,5204706,Campinorte,0.688,0.565,0.685,0.841,0.88,0.89,11.7,99.04,50.78,3.6,11.24,36.6,567.41,0.49,34.71,9.19,1.86,96.49,99.32,18.1
2010,52,5204805,Campo Alegre De Goiás,0.694,0.586,0.702,0.811,1.43,1.01,10.72,98.66,74.38,20.07,9.41,34.8,632.7,0.46,25.29,5.66,1.03,93.35,99.95,16.57
2010,52,5204854,Campo Limpo De Goiás,0.661,0.533,0.654,0.829,1.81,0.82,13.68,97.13,66.27,11.23,9.49,38.62,467.42,0.42,34.73,11.19,3.45,97.23,99.68,19.61
2010,52,5204904,Campos Belos,0.692,0.616,0.661,0.815,1.8,1.83,15.2,99.35,79.45,16.36,9.79,27.78,487.96,0.55,46.62,22.46,8.95,88.31,97.19,20.81
2010,52,5204953,Campos Verdes,0.654,0.577,0.608,0.796,1.58,1.22,19.33,97.01,77.61,9.63,10.9,37.03,351.52,0.45,48.65,20.95,10.62,95.68,99.34,19.28
2010,52,5205000,Carmo Do Rio Verde,0.713,0.649,0.677,0.824,1.51,1.13,10.9,99.42,83.99,8.88,9.73,30.88,541.99,0.44,28.68,7.81,2.24,94.25,100.0,8.01
2010,52,5205059,Castelândia,0.701,0.578,0.724,0.823,2.18,2.7,25.25,92.81,55.21,15.43,8.19,31.16,724.42,0.58,32.22,9.73,3.04,99.67,99.78,18.9
2010,52,5205109,Catalão,0.766,0.715,0.769,0.819,1.24,0.99,5.53,97.09,81.95,27.74,10.01,19.71,959.4,0.51,13.63,4.02,1.04,99.07,99.91,13.3
2010,52,5205208,Caturaí,0.664,0.54,0.665,0.815,0.97,0.0,12.6,98.03,71.12,0.0,9.5,38.16,500.32,0.44,35.55,10.12,1.34,97.62,99.92,15.97
2010,52,5205307,Cavalcante,0.584,0.415,0.595,0.808,4.9,4.31,26.82,92.92,52.38,4.34,8.14,50.74,324.92,0.62,66.59,42.96,28.11,63.8,57.57,31.94
2010,52,5205406,Ceres,0.775,0.733,0.753,0.842,0.51,0.89,7.59,99.33,88.93,21.41,10.77,19.15,865.23,0.53,18.01,4.43,0.71,98.6,99.76,9.38
2010,52,5205455,Cezarina,0.711,0.652,0.684,0.807,1.01,0.46,11.03,97.84,86.22,7.08,9.14,25.28,564.44,0.47,32.32,9.93,2.46,99.33,99.44,14.63
2010,52,5205471,Chapadão Do Céu,0.742,0.652,0.748,0.837,1.2,1.52,4.51,93.31,81.35,30.72,9.45,19.34,841.5,0.41,7.84,0.78,0.36,98.9,99.9,25.29
2010,52,5205497,Cidade Ocidental,0.717,0.641,0.706,0.814,1.81,1.07,5.44,97.24,70.57,13.29,9.79,21.54,647.64,0.5,28.12,9.34,2.54,97.76,99.96,29.74
2010,52,5205513,Cocalzinho De Goiás,0.657,0.531,0.648,0.826,1.99,1.36,12.55,95.16,61.62,10.19,8.82,35.68,450.47,0.47,42.62,16.83,5.91,94.39,99.31,25.25
2010,52,5205521,Colinas Do Sul,0.658,0.549,0.633,0.82,2.63,1.77,15.93,95.16,68.66,3.24,9.36,31.55,410.83,0.5,49.76,23.57,8.59,80.76,93.57,24.93
2010,52,5205703,Córrego Do Ouro,0.686,0.578,0.696,0.803,0.64,0.0,11.2,97.25,95.22,8.86,8.95,35.39,608.31,0.48,26.52,9.59,5.6,86.24,99.6,4.63
2010,52,5205802,Corumbá De Goiás,0.68,0.571,0.665,0.829,0.38,0.97,15.47,96.59,48.54,6.33,9.33,35.27,503.01,0.51,41.98,16.94,4.04,89.81,98.64,17.35
2010,52,5205901,Corumbaíba,0.698,0.582,0.703,0.831,2.1,2.27,10.08,95.48,85.42,35.28,7.01,29.81,635.98,0.43,20.19,5.85,0.94,96.53,99.73,14.79
2010,52,5206206,Cristalina,0.699,0.587,0.716,0.814,2.03,1.22,9.11,95.63,59.02,20.84,9.46,29.87,686.9,0.57,32.92,12.85,4.08,96.06,99.05,22.78
2010,52,5206305,Cristianópolis,0.688,0.554,0.703,0.838,0.0,1.16,7.32,98.59,77.25,8.12,8.42,39.92,635.46,0.52,31.12,8.14,1.58,96.45,100.0,14.65
2010,52,5206404,Crixás,0.708,0.625,0.706,0.805,1.24,0.82,11.96,96.74,90.65,16.07,9.74,30.29,645.4,0.55,33.01,13.81,8.18,90.11,94.49,12.76
2010,52,5206503,Cromínia,0.706,0.634,0.692,0.803,0.49,0.53,11.04,95.73,74.67,12.0,9.51,31.03,592.36,0.43,24.93,6.01,1.76,96.82,99.43,9.39
2010,52,5206602,Cumari,0.737,0.657,0.744,0.819,0.52,0.65,8.83,99.73,91.95,15.06,9.33,23.03,819.81,0.58,28.82,8.04,1.83,96.81,100.0,11.48
2010,52,5206701,Damianópolis,0.654,0.558,0.614,0.815,2.14,1.66,19.52,100.0,51.57,1.69,9.97,36.83,364.51,0.55,55.6,32.41,14.2,79.89,97.47,14.04
2010,52,5206800,Damolândia,0.697,0.6,0.688,0.819,0.59,0.0,12.95,98.76,74.4,6.1,10.28,37.9,578.93,0.47,30.06,8.51,1.91,99.37,100.0,9.42
2010,52,5206909,Davinópolis,0.716,0.606,0.702,0.862,0.85,0.0,14.79,98.4,82.4,29.77,10.91,35.22,632.22,0.4,18.81,5.74,1.64,92.29,99.88,10.59
2010,52,5207105,Diorama,0.729,0.696,0.663,0.841,0.0,0.76,12.83,100.0,91.81,8.8,11.64,29.69,494.6,0.4,29.1,9.99,3.69,92.87,98.48,9.19
2010,52,5207253,Doverlândia,0.668,0.518,0.684,0.84,0.65,0.22,15.02,96.39,49.26,7.74,9.75,40.94,563.89,0.45,30.66,8.41,2.2,91.07,99.3,10.64
2010,52,5207352,Edealina,0.702,0.594,0.722,0.808,2.11,1.19,12.32,98.64,73.71,16.15,10.04,38.48,715.8,0.5,24.0,6.81,1.49,89.94,99.93,9.38
2010,52,5207402,Edéia,0.739,0.648,0.755,0.826,1.45,1.6,12.46,98.26,72.15,9.21,10.29,27.14,876.15,0.53,17.41,2.8,0.29,99.21,99.65,13.87
2010,52,5207501,Estrela Do Norte,0.707,0.593,0.703,0.848,1.66,2.73,15.6,97.84,74.64,13.83,11.11,34.06,636.54,0.48,25.84,7.41,2.61,99.72,99.9,15.62
2010,52,5207535,Faina,0.65,0.534,0.644,0.799,0.95,0.58,18.38,97.92,63.96,7.27,10.92,42.97,441.39,0.44,39.27,14.35,6.51,81.8,94.97,15.49
2010,52,5207600,Fazenda Nova,0.685,0.576,0.671,0.831,0.74,0.56,15.01,88.5,65.75,2.92,8.95,37.21,519.87,0.45,33.38,11.14,3.03,97.1,98.28,9.08
2010,52,5207808,Firminópolis,0.732,0.688,0.681,0.838,0.71,0.51,10.81,98.07,83.01,16.51,10.52,27.04,552.43,0.42,24.96,5.32,1.8,98.34,99.65,9.81
2010,52,5207907,Flores De Goiás,0.597,0.457,0.583,0.799,5.56,2.87,17.34,96.65,60.24,10.49,8.48,47.9,301.92,0.63,67.38,45.17,29.23,56.79,92.84,30.89
2010,52,5208004,Formosa,0.744,0.666,0.726,0.852,1.51,1.3,8.61,96.6,59.8,9.65,10.25,22.74,732.24,0.56,31.85,12.16,4.1,95.15,98.51,21.48
2010,52,5208103,Formoso,0.715,0.639,0.686,0.834,0.3,0.71,13.13,96.83,67.25,6.57,10.09,28.01,569.96,0.55,41.6,17.98,5.59,96.27,97.57,13.41
2010,52,5208152,Gameleira De Goiás,0.659,0.499,0.692,0.828,0.41,1.95,12.4,99.52,63.69,9.01,9.68,48.49,594.56,0.54,34.8,13.54,3.6,94.71,99.91,18.36
2010,52,5208301,Divinópolis De Goiás,0.653,0.55,0.624,0.813,3.22,1.03,21.14,97.17,68.63,23.91,10.72,38.61,388.34,0.57,56.66,30.81,16.03,72.91,93.5,18.01
2010,52,5208400,Goianápolis,0.703,0.62,0.678,0.825,1.89,1.25,16.41,96.45,60.09,6.04,9.24,34.89,543.48,0.52,39.04,17.18,6.87,95.7,99.69,20.35
2010,52,5208509,Goiandira,0.76,0.727,0.711,0.849,0.9,0.4,8.33,98.58,84.56,18.52,10.43,22.02,667.11,0.43,21.37,4.63,0.82,94.33,99.0,11.69
2010,52,5208608,Goianésia,0.727,0.636,0.719,0.84,1.0,0.92,10.0,98.02,74.41,15.72,10.21,28.02,701.38,0.47,20.05,4.61,1.09,98.28,99.11,17.48
2010,52,5208707,Goiânia,0.799,0.739,0.824,0.838,1.42,0.79,3.29,96.35,67.24,18.73,10.08,12.68,1348.55,0.58,12.7,3.09,0.54,99.49,99.96,15.71
2010,52,5208806,Goianira,0.694,0.596,0.674,0.831,2.4,1.71,8.29,97.56,76.7,7.57,9.38,28.29,529.59,0.39,27.04,6.83,1.03,99.24,99.93,25.58
2010,52,5208905,Goiás,0.709,0.621,0.713,0.805,1.26,1.33,13.16,98.21,89.78,11.87,10.28,33.89,674.54,0.52,32.04,10.28,4.22,89.75,99.66,12.18
2010,52,5209101,Goiatuba,0.725,0.627,0.737,0.825,0.96,1.15,9.42,96.93,81.86,11.88,9.82,27.74,785.84,0.5,19.32,3.98,1.18,97.62,99.48,12.9
2010,52,5209150,Gouvelândia,0.674,0.559,0.68,0.806,1.26,0.79,17.99,98.77,87.69,22.74,10.19,38.32,549.9,0.44,30.09,8.54,2.89,96.79,99.76,14.55
2010,52,5209200,Guapó,0.697,0.58,0.708,0.826,2.48,3.44,10.87,96.77,72.33,7.96,9.44,37.46,657.02,0.54,31.46,8.31,3.13,93.87,98.52,18.21
2010,52,5209291,Guaraíta,0.687,0.625,0.637,0.816,0.73,0.81,10.72,98.44,96.4,0.0,11.0,35.12,421.71,0.41,38.02,14.98,6.99,88.03,99.68,8.29
2010,52,5209408,Guarani De Goiás,0.637,0.557,0.569,0.814,3.79,3.59,22.8,97.16,60.5,18.6,10.54,30.22,276.13,0.48,60.74,36.52,21.0,66.8,91.74,18.06
2010,52,5209457,Guarinos,0.652,0.563,0.604,0.815,1.37,1.61,14.0,98.28,72.66,7.08,10.21,45.14,343.74,0.43,50.51,22.0,12.31,93.2,98.65,13.74
2010,52,5209606,Heitoraí,0.694,0.62,0.661,0.814,1.54,0.5,13.01,96.94,57.21,7.62,11.71,30.18,487.99,0.5,42.31,11.96,3.0,95.67,98.21,11.15
2010,52,5209705,Hidrolândia,0.706,0.603,0.707,0.827,1.43,0.9,7.09,97.08,64.96,20.02,9.41,29.71,651.41,0.47,25.75,5.31,0.84,97.81,99.35,20.58
2010,52,5209804,Hidrolina,0.677,0.577,0.652,0.824,1.42,0.83,11.15,98.13,55.27,4.27,10.54,38.4,461.13,0.42,37.32,11.56,3.41,87.26,99.04,11.41
2010,52,5209903,Iaciara,0.644,0.527,0.615,0.826,3.4,2.42,19.49,97.24,63.71,8.21,9.7,36.96,368.39,0.53,56.11,30.49,11.81,84.27,96.34,32.07
2010,52,5209937,Inaciolândia,0.692,0.591,0.683,0.822,1.57,1.08,19.5,98.43,76.96,25.47,9.47,34.38,560.52,0.45,28.76,7.57,2.44,98.55,99.85,18.62
2010,52,5209952,Indiara,0.701,0.593,0.694,0.837,1.91,1.39,12.28,96.76,77.59,20.65,9.86,33.57,598.96,0.45,25.54,7.55,1.8,99.35,100.0,16.78
2010,52,5210000,Inhumas,0.72,0.618,0.718,0.842,1.41,1.03,9.91,98.36,80.56,14.26,9.67,30.85,697.81,0.45,19.71,3.75,0.66,98.68,100.0,13.18
2010,52,5210109,Ipameri,0.701,0.588,0.711,0.823,1.51,1.29,9.79,97.46,76.16,36.43,9.76,33.72,666.96,0.49,27.81,6.61,2.29,94.97,99.48,13.89
2010,52,5210158,Ipiranga De Goiás,0.696,0.642,0.643,0.816,0.48,1.55,12.72,98.18,100.0,11.98,10.33,31.98,436.1,0.42,39.82,14.96,4.35,91.24,99.57,6.82
2010,52,5210208,Iporá,0.743,0.667,0.731,0.84,1.18,0.96,11.88,98.44,88.96,24.23,10.66,28.18,757.39,0.51,21.5,6.36,2.04,97.06,99.75,5.68
2010,52,5210307,Israelândia,0.711,0.652,0.664,0.831,2.09,2.68,13.07,99.42,83.05,13.03,11.5,31.85,498.82,0.43,34.9,7.55,3.04,93.69,99.85,5.94
2010,52,5210406,Itaberaí,0.719,0.61,0.735,0.828,0.92,1.09,10.37,97.5,72.19,13.39,10.02,29.85,773.67,0.55,24.64,7.63,2.15,94.03,99.74,16.48
2010,52,5210562,Itaguari,0.693,0.596,0.683,0.817,1.66,2.07,15.02,98.39,81.15,11.88,8.7,32.5,560.17,0.39,20.65,4.81,1.12,98.35,99.78,9.18
2010,52,5210604,Itaguaru,0.718,0.648,0.689,0.828,1.21,0.4,14.16,99.02,76.22,4.51,11.23,31.19,580.67,0.46,27.73,7.59,2.05,96.79,100.0,9.39
2010,52,5210802,Itajá,0.691,0.57,0.692,0.835,2.57,1.38,10.85,98.06,78.24,20.95,9.68,36.41,592.1,0.44,24.3,6.97,2.88,95.23,99.24,12.03
2010,52,5210901,Itapaci,0.725,0.626,0.72,0.844,1.24,0.98,12.93,97.45,76.08,4.75,10.64,28.22,705.2,0.56,28.9,8.42,2.36,93.38,99.78,15.1
2010,52,5211008,Itapirapuã,0.677,0.568,0.67,0.816,1.18,2.67,16.62,98.09,71.18,3.23,10.38,43.49,518.21,0.46,33.22,9.1,3.33,98.16,97.9,12.57
2010,52,5211206,Itapuranga,0.726,0.653,0.7,0.837,0.54,0.62,14.27,99.25,74.71,6.76,10.54,33.51,621.79,0.48,26.61,8.79,3.06,92.1,99.74,10.07
2010,52,5211305,Itarumã,0.693,0.503,0.769,0.861,0.44,0.94,12.4,95.25,44.92,8.41,8.82,43.6,960.55,0.6,20.79,5.24,2.48,92.03,97.64,18.16
2010,52,5211404,Itauçu,0.718,0.638,0.697,0.833,0.58,0.85,12.1,95.67,90.11,12.85,9.87,31.19,611.99,0.46,25.59,7.89,2.43,98.0,99.93,10.95
2010,52,5211503,Itumbiara,0.752,0.682,0.744,0.838,1.25,0.8,7.85,97.86,86.95,20.28,10.11,21.67,821.43,0.49,16.37,3.73,0.81,97.87,99.92,12.9
2010,52,5211602,Ivolândia,0.704,0.622,0.68,0.825,0.0,0.71,13.99,97.05,65.96,10.39,9.38,39.08,551.05,0.45,29.32,6.87,3.54,89.44,99.91,8.01
2010,52,5211701,Jandaia,0.707,0.625,0.69,0.821,0.78,0.96,13.27,99.59,77.43,11.7,10.86,34.26,586.84,0.44,25.62,6.54,3.42,87.7,99.74,11.81
2010,52,5211800,Jaraguá,0.699,0.588,0.692,0.841,1.46,1.25,9.67,96.39,63.96,9.01,9.3,35.59,595.02,0.45,26.47,7.26,2.84,96.04,99.87,17.63
2010,52,5211909,Jataí,0.757,0.656,0.774,0.856,1.05,0.81,7.14,97.48,76.25,20.31,9.65,24.42,987.04,0.55,16.54,3.82,0.91,98.92,99.5,17.39
2010,52,5212006,Jaupaci,0.689,0.602,0.658,0.824,0.0,1.22,16.38,100.0,73.54,7.74,9.63,36.85,479.14,0.41,30.92,11.44,3.98,97.71,92.99,9.97
2010,52,5212055,Jesúpolis,0.649,0.522,0.642,0.814,0.56,3.31,15.67,92.61,54.47,5.26,11.02,41.62,433.41,0.45,44.81,14.29,4.0,99.06,99.95,24.32
2010,52,5212105,Joviânia,0.706,0.595,0.714,0.827,0.66,0.55,11.32,96.8,85.15,11.43,9.85,33.63,679.21,0.48,25.16,6.37,1.96,98.05,99.92,14.39
2010,52,5212204,Jussara,0.743,0.635,0.768,0.842,1.66,0.8,12.54,97.64,69.39,18.21,10.25,27.4,951.07,0.66,26.72,7.46,3.0,95.21,99.38,11.06
2010,52,5212253,Lagoa Santa,0.74,0.638,0.733,0.868,2.2,1.64,6.69,98.52,97.09,20.86,9.45,33.39,765.86,0.52,26.3,3.81,0.27,97.22,97.53,20.46
2010,52,5212303,Leopoldo De Bulhões,0.659,0.529,0.665,0.812,1.78,1.25,13.6,97.33,72.93,12.78,8.84,42.6,502.85,0.44,31.55,11.22,2.7,94.61,99.87,18.82
2010,52,5212501,Luziânia,0.701,0.602,0.689,0.831,1.53,0.99,7.95,97.02,59.3,11.27,9.02,25.98,580.88,0.5,33.91,11.85,3.05,96.77,99.56,29.99
2010,52,5212600,Mairipotaba,0.745,0.648,0.748,0.854,0.0,0.93,11.54,99.34,88.24,5.52,10.82,28.3,842.23,0.66,36.52,12.39,9.08,86.2,98.66,16.28
2010,52,5212709,Mambaí,0.626,0.494,0.61,0.816,3.04,1.46,20.22,96.43,74.8,1.49,9.28,43.5,357.12,0.53,59.03,27.71,11.23,79.02,99.57,26.22
2010,52,5212808,Mara Rosa,0.691,0.579,0.68,0.838,1.17,0.84,15.71,98.28,69.98,7.07,11.57,38.72,548.96,0.48,32.12,12.82,3.51,98.19,99.38,14.16
2010,52,5212907,Marzagão,0.699,0.601,0.692,0.822,0.62,1.79,10.7,98.69,87.57,21.57,10.91,33.79,594.43,0.46,28.35,5.17,1.07,99.72,100.0,14.69
2010,52,5212956,Matrinchã,0.679,0.572,0.651,0.84,0.91,1.29,17.54,97.86,75.03,5.33,10.21,37.22,458.45,0.41,31.74,9.1,3.14,94.36,99.04,14.28
2010,52,5213004,Maurilândia,0.677,0.554,0.682,0.823,1.76,0.98,14.92,97.49,81.44,14.57,8.62,35.82,557.51,0.42,24.18,5.55,0.99,98.14,99.62,26.95
2010,52,5213053,Mimoso De Goiás,0.665,0.543,0.656,0.825,2.31,1.4,18.81,99.61,68.08,9.49,8.63,37.98,474.44,0.58,50.85,23.16,14.03,69.32,99.58,13.23
2010,52,5213087,Minaçu,0.707,0.637,0.691,0.803,1.4,1.14,13.53,98.61,75.19,12.83,9.83,25.99,590.7,0.52,35.76,13.2,6.88,95.76,97.47,12.05
2010,52,5213103,Mineiros,0.718,0.584,0.753,0.84,1.49,0.92,7.55,97.26,63.04,20.31,8.66,30.57,869.04,0.55,20.22,6.03,2.38,98.38,98.97,23.05
2010,52,5213400,Moiporá,0.696,0.632,0.652,0.818,2.33,0.0,15.59,99.6,51.84,0.0,11.51,35.06,461.94,0.43,39.69,16.87,2.45,93.4,99.4,6.32
2010,52,5213509,Monte Alegre De Goiás,0.615,0.481,0.592,0.816,5.2,5.29,25.0,95.7,57.84,8.88,8.04,42.75,317.66,0.61,65.05,39.81,24.06,78.03,81.52,30.45
2010,52,5213707,Montes Claros De Goiás,0.707,0.622,0.704,0.806,1.09,0.66,11.74,99.57,44.63,16.68,11.2,33.14,637.58,0.49,27.7,9.53,2.04,89.71,99.2,9.86
2010,52,5213756,Montividiu,0.733,0.644,0.738,0.827,1.3,1.29,9.45,98.44,82.71,20.95,9.44,25.46,791.6,0.49,16.18,4.24,1.34,96.59,99.38,15.18
2010,52,5213772,Montividiu Do Norte,0.613,0.488,0.578,0.816,2.71,2.17,17.11,96.77,50.3,13.82,9.13,43.85,291.78,0.55,59.19,40.12,23.81,91.68,85.88,15.22
2010,52,5213806,Morrinhos,0.734,0.621,0.739,0.862,1.37,1.01,8.05,97.9,69.73,18.66,9.99,29.64,792.66,0.49,17.44,2.73,0.47,98.52,99.76,12.92
2010,52,5213855,Morro Agudo De Goiás,0.695,0.63,0.644,0.826,0.63,0.0,13.46,99.59,51.86,0.0,11.61,31.22,441.44,0.42,39.18,11.09,1.83,94.07,99.65,6.5
2010,52,5213905,Mossâmedes,0.706,0.623,0.696,0.811,0.63,1.0,14.67,99.23,78.31,15.97,10.99,33.67,607.34,0.51,30.19,9.19,4.0,97.21,99.1,14.1
2010,52,5214002,Mozarlândia,0.683,0.565,0.684,0.825,0.63,1.98,13.2,97.45,66.87,15.2,8.95,31.5,562.97,0.42,23.92,7.21,2.42,98.63,99.8,15.63
2010,52,5214051,Mundo Novo,0.634,0.488,0.642,0.812,1.55,2.48,21.04,97.7,59.31,9.26,9.67,44.21,434.73,0.47,43.77,17.2,8.86,95.75,99.04,16.2
2010,52,5214101,Mutunópolis,0.68,0.584,0.668,0.806,0.67,0.0,17.82,98.8,61.85,7.19,9.7,37.21,512.49,0.54,42.29,15.74,4.81,91.08,96.03,12.1
2010,52,5214408,Nazário,0.71,0.631,0.702,0.808,2.25,0.99,12.72,98.82,88.05,18.77,10.63,34.67,631.12,0.49,26.54,8.37,2.13,99.15,100.0,12.63
2010,52,5214507,Nerópolis,0.721,0.671,0.681,0.82,1.84,1.33,8.49,97.81,76.08,11.84,9.31,21.31,555.47,0.42,25.98,7.7,0.55,98.9,100.0,21.19
2010,52,5214606,Niquelândia,0.715,0.64,0.709,0.806,1.45,0.89,12.4,97.77,61.06,4.68,10.73,25.57,659.49,0.53,30.84,11.25,4.77,90.16,96.82,19.35
2010,52,5214705,Nova América,0.678,0.604,0.647,0.796,1.32,0.0,16.19,99.36,92.94,30.1,10.94,35.69,447.78,0.37,31.02,10.91,1.37,92.39,99.59,9.29
2010,52,5214804,Nova Aurora,0.747,0.697,0.703,0.849,0.0,0.0,10.16,100.0,100.0,51.02,10.38,26.13,635.99,0.43,20.55,6.24,2.86,99.18,99.88,7.3
2010,52,5214838,Nova Crixás,0.643,0.485,0.674,0.813,3.11,1.87,19.09,96.76,66.41,4.0,9.07,47.01,531.22,0.48,33.7,10.42,4.97,97.86,97.44,15.65
2010,52,5214861,Nova Glória,0.681,0.589,0.657,0.816,2.25,1.06,15.17,99.21,76.28,8.46,9.91,35.81,476.52,0.47,42.13,14.49,3.87,96.63,99.93,9.93
2010,52,5214879,Nova Iguaçu De Goiás,0.655,0.54,0.642,0.812,0.47,0.65,10.55,96.38,79.18,15.87,9.85,35.69,435.91,0.39,37.57,9.47,1.42,91.62,97.87,12.26
2010,52,5214903,Nova Roma,0.634,0.529,0.594,0.812,1.11,1.56,20.08,97.9,70.83,17.58,8.5,39.59,323.19,0.44,51.79,22.5,14.05,88.9,97.91,19.29
2010,52,5215009,Nova Veneza,0.718,0.66,0.671,0.837,2.57,1.08,8.62,98.01,82.77,6.29,9.86,25.85,521.4,0.43,29.48,7.62,1.41,97.13,100.0,17.73
2010,52,5215207,Novo Brasil,0.699,0.598,0.691,0.828,2.83,1.03,13.1,98.63,50.55,7.36,10.98,38.66,588.85,0.43,22.97,5.31,1.88,97.07,99.22,5.81
2010,52,5215231,Novo Gama,0.684,0.567,0.664,0.851,2.34,1.59,6.8,95.67,58.92,12.68,9.05,28.31,498.44,0.46,37.24,13.41,3.99,95.64,99.81,33.88
2010,52,5215256,Novo Planalto,0.658,0.55,0.623,0.831,2.61,3.23,18.62,91.49,54.03,1.09,9.12,39.21,387.14,0.49,45.63,22.2,14.87,89.7,88.95,17.72
2010,52,5215306,Orizona,0.715,0.612,0.722,0.827,0.51,1.36,8.16,99.21,71.72,9.67,9.58,33.64,714.39,0.51,28.07,7.54,2.11,89.09,99.92,9.83
2010,52,5215405,Ouro Verde De Goiás,0.719,0.674,0.672,0.821,1.81,1.23,11.79,98.82,78.16,10.23,10.11,26.3,525.12,0.49,35.31,13.5,4.27,95.58,99.84,13.82
2010,52,5215504,Ouvidor,0.747,0.697,0.721,0.83,0.9,1.47,6.82,98.75,82.05,11.0,10.49,22.36,710.38,0.44,17.18,5.35,1.52,94.84,99.88,11.65
2010,52,5215603,Padre Bernardo,0.651,0.515,0.67,0.801,2.47,1.8,14.2,96.1,62.29,12.73,8.61,39.57,518.12,0.56,44.41,18.43,7.54,78.33,98.55,28.15
2010,52,5215652,Palestina De Goiás,0.713,0.66,0.656,0.837,1.52,0.54,9.23,98.59,77.8,8.21,11.01,31.33,473.62,0.38,27.24,5.45,1.35,92.91,97.08,8.58
2010,52,5215702,Palmeiras De Goiás,0.698,0.598,0.698,0.815,0.89,0.66,9.73,96.75,80.56,10.75,9.22,29.7,616.59,0.44,22.18,5.61,1.75,96.57,99.89,14.21
2010,52,5215801,Palmelo,0.73,0.659,0.734,0.804,0.0,0.93,10.88,97.93,89.12,23.94,9.82,26.65,769.47,0.56,23.29,8.9,1.16,99.74,100.0,12.71
2010,52,5215900,Palminópolis,0.722,0.63,0.718,0.833,0.47,1.1,13.01,99.54,90.58,20.65,11.35,36.38,695.63,0.52,25.63,6.79,1.3,98.98,100.0,8.75
2010,52,5216007,Panamá,0.686,0.574,0.688,0.818,0.63,2.86,15.62,98.75,73.93,17.36,9.9,38.26,579.89,0.42,24.18,4.95,1.71,97.24,99.58,14.11
2010,52,5216304,Paranaiguara,0.711,0.613,0.702,0.836,0.88,1.35,13.81,98.96,67.48,14.72,10.66,32.37,631.89,0.43,20.83,6.41,0.77,98.56,99.28,13.57
2010,52,5216403,Paraúna,0.672,0.547,0.687,0.807,1.6,1.21,11.73,98.8,78.45,9.31,8.56,39.77,575.52,0.46,30.22,7.18,3.12,97.47,99.81,15.39
2010,52,5216452,Perolândia,0.676,0.538,0.691,0.832,1.54,2.73,13.43,99.28,71.31,4.64,8.22,31.78,588.01,0.49,34.55,13.33,3.11,94.08,96.48,16.7
2010,52,5216809,Petrolina De Goiás,0.712,0.643,0.674,0.834,1.61,1.19,9.95,98.28,69.38,6.6,10.0,29.86,530.37,0.41,29.18,7.88,1.33,96.59,100.0,14.22
2010,52,5216908,Pilar De Goiás,0.684,0.6,0.654,0.816,1.8,0.69,12.2,98.17,61.63,0.0,11.0,34.99,467.97,0.54,47.15,19.75,12.44,88.57,96.04,13.68
2010,52,5217104,Piracanjuba,0.721,0.599,0.72,0.87,0.85,1.45,10.07,97.78,81.07,10.84,9.98,35.05,707.83,0.47,21.92,7.19,1.63,93.58,99.46,11.61
2010,52,5217203,Piranhas,0.721,0.631,0.699,0.848,0.79,1.03,14.58,98.03,61.18,17.53,10.47,30.86,621.14,0.49,28.27,7.23,2.12,96.66,98.28,8.32
2010,52,5217302,Pirenópolis,0.693,0.604,0.678,0.813,1.73,1.21,10.88,97.76,62.73,9.23,9.51,32.19,544.78,0.49,34.44,13.35,1.88,91.12,99.85,16.9
2010,52,5217401,Pires Do Rio,0.744,0.65,0.719,0.88,1.01,0.69,7.64,97.72,77.88,18.26,9.48,24.28,702.46,0.45,18.23,4.38,1.29,95.22,99.72,11.28
2010,52,5217609,Planaltina,0.669,0.566,0.653,0.81,2.44,1.41,10.08,96.43,60.76,12.36,9.25,28.42,466.69,0.43,36.45,12.31,3.99,94.77,99.14,31.51
2010,52,5217708,Pontalina,0.687,0.547,0.71,0.835,2.75,2.26,14.08,92.36,72.9,9.36,9.09,41.31,663.44,0.54,27.86,13.1,8.23,97.15,99.16,11.43
2010,52,5218003,Porangatu,0.727,0.642,0.709,0.845,0.96,1.07,10.58,98.02,52.25,13.12,9.66,27.54,658.39,0.56,33.55,11.45,5.2,97.84,96.34,17.89
2010,52,5218052,Porteirão,0.684,0.541,0.716,0.827,1.26,0.53,12.77,94.09,82.21,18.33,9.55,37.12,688.68,0.39,13.46,2.21,0.41,97.19,99.94,21.47
2010,52,5218102,Portelândia,0.654,0.513,0.68,0.803,0.73,0.0,13.78,97.68,58.81,0.47,8.79,41.15,550.39,0.39,25.35,5.12,0.47,96.6,99.14,15.34
2010,52,5218300,Posse,0.659,0.53,0.659,0.819,2.26,1.51,15.24,95.65,54.06,10.47,9.05,35.85,481.68,0.54,47.18,20.53,8.68,81.79,97.81,21.13
2010,52,5218391,Professor Jamil,0.684,0.579,0.673,0.821,0.82,3.43,15.46,98.61,78.39,23.27,10.47,27.45,526.65,0.43,28.63,5.69,2.65,97.17,99.92,17.54
2010,52,5218508,Quirinópolis,0.74,0.642,0.732,0.863,1.14,0.85,9.91,97.19,61.04,12.17,9.78,27.67,761.68,0.46,16.9,3.45,1.03,96.69,99.92,13.56
2010,52,5218607,Rialma,0.727,0.667,0.698,0.827,0.56,0.67,8.25,99.72,83.69,14.94,10.65,23.98,616.74,0.44,25.63,5.45,0.44,97.74,99.89,10.56
2010,52,5218706,Rianápolis,0.693,0.587,0.674,0.84,0.81,1.26,15.55,98.6,79.77,14.93,10.17,35.76,529.17,0.41,29.08,8.09,1.23,98.83,99.94,15.22
2010,52,5218789,Rio Quente,0.731,0.629,0.707,0.878,0.92,0.0,4.85,99.0,78.01,33.89,8.57,22.3,649.71,0.44,22.46,6.64,0.67,99.26,99.73,20.21
2010,52,5218805,Rio Verde,0.754,0.656,0.765,0.853,1.11,0.85,6.45,96.97,72.02,16.68,9.62,23.64,936.75,0.54,18.06,4.43,1.15,99.29,99.84,20.25
2010,52,5218904,Rubiataba,0.719,0.666,0.686,0.814,0.83,0.28,9.99,98.89,87.25,15.66,11.19,28.36,573.0,0.43,25.76,7.47,1.86,96.52,99.71,9.51
2010,52,5219001,Sanclerlândia,0.736,0.662,0.725,0.832,0.82,0.24,12.68,99.41,81.63,13.58,10.76,30.12,727.33,0.53,23.39,6.76,1.63,96.85,99.71,7.41
2010,52,5219100,Santa Bárbara De Goiás,0.706,0.635,0.667,0.832,1.01,1.27,12.8,99.42,82.63,3.2,10.26,34.59,508.41,0.39,23.96,6.89,1.71,98.01,100.0,17.42
2010,52,5219209,Santa Cruz De Goiás,0.688,0.563,0.7,0.827,0.47,0.76,14.42,99.19,79.06,9.08,10.46,43.84,624.37,0.49,29.02,7.2,1.96,95.94,99.69,12.69
2010,52,5219258,Santa Fé De Goiás,0.713,0.608,0.703,0.847,2.56,1.29,12.86,98.62,71.09,0.76,11.07,31.54,635.23,0.48,21.13,3.21,0.95,98.98,99.42,8.87
2010,52,5219308,Santa Helena De Goiás,0.724,0.627,0.734,0.823,1.7,1.41,12.4,97.35,79.32,11.92,9.51,28.37,769.09,0.53,23.12,5.17,1.6,98.6,99.93,16.94
2010,52,5219357,Santa Isabel,0.683,0.593,0.658,0.818,1.69,0.99,14.03,97.09,60.49,1.42,10.37,35.66,480.67,0.4,33.16,8.58,2.57,98.29,99.74,8.64
2010,52,5219407,Santa Rita Do Araguaia,0.714,0.616,0.703,0.842,0.98,1.66,10.04,94.36,65.51,3.03,9.45,30.56,634.76,0.48,28.47,8.6,2.63,95.71,98.1,20.64
2010,52,5219456,Santa Rita Do Novo Destino,0.634,0.487,0.639,0.82,2.87,3.19,23.15,95.45,63.11,1.79,10.61,43.37,425.3,0.44,41.35,16.14,6.7,94.72,99.26,18.43
2010,52,5219506,Santa Rosa De Goiás,0.701,0.635,0.643,0.844,2.16,0.72,15.08,98.27,65.07,6.14,10.49,35.31,438.54,0.43,43.3,12.24,4.42,90.86,100.0,10.78
2010,52,5219605,Santa Tereza De Goiás,0.665,0.561,0.635,0.825,0.7,1.02,14.19,95.12,52.82,10.3,10.03,36.4,416.11,0.46,48.07,20.31,8.69,95.14,100.0,17.56
2010,52,5219704,Santa Terezinha De Goiás,0.701,0.644,0.647,0.826,1.13,0.67,14.4,95.8,79.26,4.9,10.45,32.89,447.39,0.5,43.93,21.4,8.87,89.31,98.59,12.41
2010,52,5219712,Santo Antônio Da Barra,0.691,0.593,0.665,0.835,1.52,1.67,18.6,96.03,84.14,10.3,9.69,36.57,502.83,0.42,30.02,10.73,4.63,98.12,99.18,21.07
2010,52,5219738,Santo Antônio De Goiás,0.723,0.662,0.687,0.832,1.71,1.09,8.66,97.18,85.25,7.75,10.53,24.96,574.63,0.43,28.28,7.53,2.25,97.09,99.73,18.0
2010,52,5219753,Santo Antônio Do Descoberto,0.665,0.556,0.647,0.818,2.13,1.21,9.05,96.86,69.91,12.51,8.83,30.13,449.39,0.45,39.29,14.8,5.19,86.41,99.69,33.81
2010,52,5219803,São Domingos,0.597,0.445,0.576,0.83,3.43,1.44,23.37,96.69,57.85,13.25,8.87,46.3,288.36,0.6,65.51,42.84,31.02,68.95,81.41,26.71
2010,52,5219902,São Francisco De Goiás,0.651,0.509,0.658,0.825,3.74,2.73,14.85,96.45,48.58,6.81,8.68,41.03,479.13,0.47,38.05,15.44,4.26,98.66,99.72,16.26
2010,52,5220009,São João D'Aliança,0.685,0.609,0.65,0.812,1.8,0.54,14.26,96.04,47.96,6.53,9.23,25.0,457.89,0.53,46.09,19.77,9.35,83.77,98.34,34.34
2010,52,5220058,São João Da Paraúna,0.724,0.664,0.699,0.818,0.77,4.49,12.2,98.38,94.16,14.7,11.24,30.87,619.67,0.49,30.39,12.78,2.95,95.41,100.0,6.68
2010,52,5220108,São Luís De Montes Belos,0.731,0.67,0.721,0.809,0.96,1.09,9.71,99.26,62.99,21.07,10.04,27.94,712.23,0.48,21.91,4.81,0.71,95.37,99.72,9.39
2010,52,5220157,São Luíz Do Norte,0.669,0.581,0.643,0.801,0.59,1.74,16.42,98.66,76.99,0.0,9.4,34.9,435.99,0.39,35.57,11.15,2.33,94.4,99.5,13.8
2010,52,5220207,São Miguel Do Araguaia,0.664,0.536,0.667,0.818,1.01,1.58,12.34,96.63,62.81,6.62,8.36,36.87,507.02,0.45,35.38,12.49,4.67,97.96,98.59,17.64
2010,52,5220264,São Miguel Do Passa Quatro,0.697,0.619,0.681,0.802,2.76,1.04,12.37,98.07,80.12,4.55,9.48,31.18,553.79,0.44,26.87,8.9,1.72,91.28,99.4,11.01
2010,52,5220280,São Patrício,0.693,0.597,0.668,0.833,0.84,0.0,11.91,98.48,62.76,0.0,10.33,34.8,509.66,0.45,37.17,9.57,2.73,91.44,99.77,9.75
2010,52,5220405,São Simão,0.72,0.599,0.756,0.825,1.18,1.09,11.67,97.27,75.28,15.84,9.74,31.57,883.78,0.55,18.89,4.2,1.03,98.99,99.9,15.59
2010,52,5220454,Senador Canedo,0.701,0.617,0.676,0.827,1.96,1.39,6.54,96.83,66.6,14.11,9.51,24.16,537.58,0.43,27.88,7.63,1.59,99.11,99.97,29.94
2010,52,5220504,Serranópolis,0.681,0.551,0.713,0.804,2.45,1.67,12.6,97.09,60.71,5.76,9.08,38.16,677.06,0.48,25.2,6.37,1.57,97.69,98.95,19.55
2010,52,5220603,Silvânia,0.709,0.606,0.721,0.814,0.83,0.51,8.51,97.35,56.77,13.58,10.12,32.0,708.82,0.51,24.61,7.75,1.22,89.61,99.58,11.45
2010,52,5220686,Simolândia,0.645,0.546,0.595,0.826,1.95,2.26,17.79,97.46,66.22,3.65,10.09,33.21,324.26,0.47,58.96,26.02,11.11,86.68,96.7,25.37
2010,52,5220702,Sítio D'Abadia,0.617,0.497,0.59,0.802,4.51,1.05,23.75,97.55,81.85,16.11,9.75,40.19,314.05,0.56,66.43,36.43,19.1,78.73,95.02,20.82
2010,52,5221007,Taquaral De Goiás,0.716,0.619,0.7,0.846,0.93,0.99,11.4,98.33,79.69,8.09,8.2,30.65,622.79,0.43,20.15,3.96,0.69,98.2,98.84,9.64
2010,52,5221080,Teresina De Goiás,0.661,0.564,0.626,0.817,2.86,4.07,16.16,97.22,86.01,3.57,9.78,32.07,394.33,0.52,51.29,29.11,9.59,80.42,94.76,36.69
2010,52,5221197,Terezópolis De Goiás,0.685,0.615,0.655,0.799,2.43,2.37,12.64,98.45,77.89,6.72,8.82,30.19,472.43,0.43,35.38,12.2,2.25,94.83,100.0,26.22
2010,52,5221304,Três Ranchos,0.745,0.672,0.724,0.849,0.53,1.32,6.44,100.0,96.95,16.13,10.68,20.6,723.26,0.47,21.22,5.88,0.81,96.61,100.0,8.89
2010,52,5221403,Trindade,0.699,0.608,0.682,0.822,2.03,1.41,7.88,96.36,68.54,9.08,9.44,25.49,558.61,0.42,25.75,7.02,1.56,99.08,99.92,22.12
2010,52,5221452,Trombas,0.653,0.547,0.628,0.812,1.47,0.49,17.83,97.05,49.89,1.12,8.6,34.24,398.01,0.52,50.06,25.49,14.58,88.53,96.26,16.07
2010,52,5221502,Turvânia,0.697,0.609,0.679,0.82,0.97,2.0,12.33,97.65,88.34,29.75,10.56,33.15,545.83,0.47,32.09,10.72,2.87,99.01,99.78,10.01
2010,52,5221551,Turvelândia,0.691,0.605,0.671,0.813,1.27,3.28,17.27,98.14,87.65,18.4,10.25,36.1,519.75,0.45,32.38,9.11,4.3,97.39,97.12,25.64
2010,52,5221577,Uirapuru,0.67,0.579,0.632,0.822,2.11,1.2,17.97,97.65,58.5,3.27,9.73,38.03,409.38,0.44,43.61,16.44,6.91,97.59,94.85,13.86
2010,52,5221601,Uruaçu,0.737,0.628,0.74,0.86,1.45,1.15,11.06,95.57,68.78,15.62,10.3,26.39,797.52,0.57,25.03,6.78,0.89,97.05,99.76,15.39
2010,52,5221700,Uruana,0.703,0.634,0.665,0.824,0.95,0.72,12.8,94.9,85.4,5.49,9.99,32.25,500.27,0.46,35.88,13.89,3.15,95.87,99.59,14.23
2010,52,5221809,Urutaí,0.732,0.666,0.7,0.841,1.03,0.0,8.55,97.34,85.35,14.08,11.38,27.8,624.55,0.49,28.28,9.3,2.89,91.85,100.0,13.06
2010,52,5221858,Valparaíso De Goiás,0.746,0.695,0.733,0.815,1.58,0.96,3.62,96.77,80.84,25.38,9.96,16.96,764.73,0.5,24.31,7.75,1.54,98.18,99.95,28.09
2010,52,5221908,Varjão,0.687,0.572,0.698,0.813,2.35,1.1,15.4,97.95,75.78,3.1,9.79,37.61,614.8,0.46,25.26,5.43,1.38,91.15,98.77,9.6
2010,52,5222005,Vianópolis,0.712,0.622,0.71,0.818,0.66,0.74,7.97,98.55,80.27,14.65,10.11,31.2,664.33,0.46,23.73,5.85,0.7,86.89,99.83,12.55
2010,52,5222054,Vicentinópolis,0.684,0.562,0.707,0.804,1.22,1.32,12.68,99.1,78.79,10.42,10.07,41.2,651.07,0.46,23.14,6.62,2.62,98.6,99.7,16.12
2010,52,5222203,Vila Boa,0.647,0.534,0.619,0.818,3.6,1.56,15.88,95.96,30.42,2.46,10.49,35.78,376.72,0.48,52.51,23.61,9.16,85.25,99.78,34.54
2010,52,5222302,Vila Propício,0.634,0.505,0.629,0.802,4.15,1.99,19.25,96.89,41.62,4.36,9.46,38.84,401.84,0.47,45.09,19.77,9.72,77.94,97.59,29.16
2010,53,5300108,Brasília,0.824,0.742,0.863,0.873,1.1,0.8,3.47,97.54,80.67,23.19,9.87,12.35,1715.11,0.63,16.0,4.93,1.19,98.13,99.91,23.48
