id_aluno,ano_referencia,regiao,uf,zona,porte_municipio,populacao_municipio,sexo,idade_meses,renda_per_capita,idh_municipio,taxa_pobreza,beneficiario_bolsa_familia,inse_escola,infraestrutura_escola,professores_formacao_adequada_pct,razao_aluno_professor,taxa_frequencia_creche_pre,meta_estadual_alfabetizacao,municipio_atingiu_meta_anterior,frequencia_escolar_pct,alfabetizado
1,2023,Sudeste,MG,Rural,Médio,56264,M,86,694.46,0.712,17.97,0,4.28,7.68,85.27,21.66,84.79,73.84,0,81.53,0
2,2023,Sudeste,ES,Urbana,Pequeno,10960,M,87,1127.71,0.832,17.25,0,4.32,7.28,90.53,20.94,49.38,67.38,1,93.55,0
3,2024,Nordeste,AL,Urbana,Médio,160465,M,97,415.71,0.637,25.74,0,,7.88,53.41,26.47,25.21,66.83,1,92.49,1
4,2023,Nordeste,AL,Urbana,Pequeno,18517,M,99,673.19,0.666,34.5,0,5.25,4.65,60.95,21.07,33.97,70.93,0,90.65,0
5,2022,Centro-Oeste,DF,Urbana,Grande,10921252,F,101,693.63,0.661,34.64,1,5.94,4.66,67.52,18.1,54.65,74.45,0,90.1,0
6,2024,Sudeste,MG,Urbana,Pequeno,15634,F,84,1359.8,0.754,23.35,0,3.87,5.4,59.7,19.84,39.72,74.68,0,81.08,0
7,2023,Sudeste,MG,Urbana,Pequeno,10522,F,91,866.98,0.696,29.03,1,,4.81,48.48,19.45,63.53,80.34,1,85.21,0
8,2024,Nordeste,AL,Rural,Pequeno,13193,F,90,616.3,0.683,25.86,0,3.17,5.9,90.09,23.24,53.36,69.93,0,83.51,0
9,2022,Nordeste,BA,Rural,Pequeno,4209,F,107,1145.36,0.59,22.34,1,4.23,5.63,63.95,23.95,80.83,68.95,1,86.41,0
10,2024,Nordeste,PB,Urbana,Grande,11682822,F,91,1030.69,0.688,40.2,0,3.86,5.3,70.04,23.31,35.98,68.95,0,100.0,1
11,2023,Nordeste,CE,Urbana,Pequeno,16929,F,105,514.4,0.624,22.49,0,2.59,3.44,98.34,17.45,35.76,77.68,0,83.85,0
12,2022,Nordeste,PE,Urbana,Pequeno,11725,M,85,838.04,0.623,33.27,1,4.89,6.17,67.2,22.6,42.51,70.08,0,100.0,0
13,2023,Norte,RO,Urbana,Médio,164125,M,100,482.39,0.624,32.36,1,4.3,5.42,62.02,23.31,81.24,55.42,0,88.97,1
14,2022,Nordeste,MA,Urbana,Médio,73437,F,106,925.66,0.76,38.92,1,6.79,6.3,78.82,21.41,56.7,65.01,1,93.06,0
15,2024,Norte,AC,Urbana,Grande,9650433,M,100,1137.81,0.69,24.66,1,4.69,3.76,55.73,23.95,75.55,71.29,1,87.18,1
16,2024,Norte,AM,Urbana,Pequeno,18589,F,100,1027.12,0.666,32.13,0,3.61,5.36,63.51,24.23,72.75,62.96,0,80.65,0
17,2023,Sudeste,ES,Urbana,Grande,7717471,M,101,519.12,0.8,16.84,0,6.87,3.96,54.83,14.99,50.21,73.7,1,77.9,1
18,2022,Sudeste,ES,Urbana,Pequeno,14253,M,84,843.83,0.693,22.07,0,4.83,7.14,69.61,20.93,79.43,61.53,1,70.53,0
19,2023,Sudeste,RJ,Urbana,Pequeno,2722,M,85,1358.4,0.71,13.8,0,3.52,5.03,68.23,24.61,95.47,64.59,0,93.0,1
20,2022,Sudeste,ES,Urbana,Médio,123034,M,87,1350.17,0.683,8.69,0,4.9,8.03,79.35,20.88,70.78,81.26,0,90.48,1
21,2024,Centro-Oeste,DF,Urbana,Pequeno,5917,F,88,846.7,0.8,33.1,1,5.47,5.45,66.33,22.64,71.9,68.55,1,88.25,0
22,2024,Sudeste,MG,Urbana,Pequeno,11347,M,95,1173.12,0.744,29.18,0,4.96,7.04,68.97,25.14,31.53,69.82,1,100.0,0
23,2023,Sul,SC,Urbana,Médio,45930,M,103,925.67,0.706,20.56,0,5.66,7.3,62.67,25.09,93.07,66.4,1,87.47,1
24,2022,Nordeste,PI,Urbana,Grande,7658683,M,89,939.37,0.624,38.68,0,3.76,3.11,54.01,23.59,52.27,67.23,1,78.73,0
25,2024,Sudeste,RJ,Rural,Médio,41629,F,94,,0.651,19.93,1,5.36,5.21,87.1,24.36,61.63,68.24,0,77.61,0
26,2024,Sudeste,MG,Urbana,Grande,3559824,M,107,946.56,0.64,26.22,1,3.89,5.1,77.13,27.84,42.5,72.75,1,85.81,0
27,2023,Sudeste,RJ,Urbana,Médio,136970,M,84,863.1,0.666,24.83,1,5.84,3.83,81.67,17.26,68.73,64.38,1,78.94,0
28,2022,Sudeste,SP,Urbana,Pequeno,15673,M,105,1360.66,0.642,1.2,0,8.36,5.75,44.55,20.16,59.35,70.55,0,93.4,1
29,2023,Nordeste,PE,Rural,Médio,152245,F,94,821.1,0.633,44.28,0,6.7,3.98,75.21,23.88,39.86,69.39,0,73.26,1
30,2024,Sul,PR,Urbana,Médio,126334,M,99,821.53,0.621,27.94,0,8.11,6.93,78.82,20.83,78.45,74.38,1,85.52,0
31,2022,Sudeste,ES,Urbana,Grande,1415431,F,94,824.4,0.565,12.79,0,5.06,8.03,69.92,17.28,63.47,76.75,1,,0
32,2024,Sudeste,SP,Urbana,Pequeno,9382,M,102,,0.698,29.52,0,3.5,4.98,95.52,22.53,78.31,65.8,1,89.67,1
33,2022,Norte,PA,Urbana,Pequeno,3991,M,107,504.84,0.54,31.04,1,6.81,6.35,60.22,19.13,54.96,66.75,1,100.0,0
34,2022,Centro-Oeste,GO,Urbana,Pequeno,17513,F,92,940.91,0.651,14.01,0,,8.1,74.43,27.3,60.97,71.26,1,,1
35,2024,Nordeste,RN,Rural,Pequeno,18151,M,98,742.24,0.611,19.5,0,5.17,2.96,64.56,26.58,74.57,73.63,0,78.13,0
36,2024,Centro-Oeste,DF,Urbana,Pequeno,2633,M,96,794.01,0.646,26.74,0,5.34,6.47,53.51,19.98,86.63,64.44,1,88.43,0
37,2023,Sudeste,RJ,Rural,Grande,9617549,M,97,938.43,0.79,35.2,0,7.59,6.41,99.91,21.03,66.86,73.33,1,83.54,1
38,2023,Nordeste,MA,Urbana,Médio,81105,F,106,534.5,0.569,29.03,1,3.87,6.89,46.27,20.97,44.97,68.27,0,92.59,0
39,2022,Sudeste,RJ,Rural,Grande,11791926,F,94,727.01,0.638,22.81,0,4.78,2.61,48.04,18.07,54.46,69.46,0,97.59,0
40,2022,Sudeste,ES,Urbana,Grande,2948326,M,105,700.75,0.708,11.89,0,5.78,7.19,64.27,25.35,85.34,78.68,1,74.15,0
41,2022,Sudeste,RJ,Urbana,Pequeno,11535,F,84,1021.5,0.731,29.82,1,5.67,7.24,56.34,21.05,81.43,75.83,1,93.13,0
42,2024,Sudeste,ES,Urbana,Pequeno,16917,M,92,841.97,0.786,16.63,0,5.3,6.97,97.85,21.92,46.46,70.95,0,87.15,0
43,2024,Centro-Oeste,GO,Urbana,Médio,149521,M,101,816.92,0.599,27.8,1,3.21,6.4,81.63,23.4,72.13,63.23,1,93.03,1
44,2022,Centro-Oeste,MS,Urbana,Médio,111608,M,105,1125.94,0.68,18.42,0,5.81,6.06,75.7,24.58,54.0,74.03,0,99.74,1
45,2022,Nordeste,PB,Urbana,Médio,184590,F,97,882.46,0.693,12.64,1,2.08,5.69,66.33,26.78,76.88,69.51,1,82.58,0
46,2022,Sudeste,RJ,Urbana,Médio,80140,M,89,885.58,0.737,12.85,1,3.81,6.05,75.24,31.18,39.71,78.86,1,90.15,0
47,2024,Nordeste,MA,Urbana,Médio,44174,F,99,760.66,0.644,20.58,0,2.79,4.27,69.8,27.88,100.0,65.57,1,85.59,1
48,2023,Nordeste,AL,Urbana,Médio,110137,M,100,825.09,0.617,39.31,0,5.29,7.1,85.03,27.12,66.55,71.49,1,92.41,0
49,2023,Sudeste,SP,Rural,Pequeno,10842,F,92,1303.42,0.682,23.32,0,5.84,6.36,62.35,20.46,61.18,70.15,1,87.25,1
50,2024,Sudeste,RJ,Urbana,Médio,110752,M,102,1449.7,0.565,4.49,0,5.32,7.4,80.7,19.86,82.84,76.65,0,91.38,0
51,2023,Sul,SC,Urbana,Médio,190384,M,90,623.17,0.641,14.36,1,7.41,5.68,67.55,16.9,29.4,70.67,0,76.2,1
52,2022,Sudeste,MG,Urbana,Pequeno,2169,F,105,1111.34,0.741,19.37,0,6.51,5.98,84.85,29.14,99.79,65.36,1,80.73,0
53,2022,Nordeste,MA,Urbana,Pequeno,8493,M,86,1001.69,0.627,28.01,1,1.52,3.57,39.24,13.6,33.98,75.12,1,90.09,0
54,2023,Sudeste,MG,Urbana,Grande,6463927,M,95,448.79,0.709,23.12,0,5.33,7.22,82.87,27.61,87.49,66.49,0,97.56,1
55,2022,Sudeste,ES,Urbana,Médio,83076,M,96,862.88,0.75,20.19,0,4.72,7.86,75.06,24.58,56.45,71.25,0,94.5,1
56,2022,Sudeste,ES,Urbana,Pequeno,18842,F,97,965.49,0.776,3.14,0,6.26,6.45,77.36,16.09,64.08,81.52,1,85.69,0
57,2023,Sudeste,ES,Urbana,Grande,4618674,M,89,383.46,0.741,26.53,0,2.32,4.87,92.09,10.29,58.24,65.6,1,,0
58,2022,Nordeste,PB,Urbana,Pequeno,16229,F,84,1021.87,0.674,16.79,0,5.59,2.82,50.28,26.11,60.36,70.56,1,92.06,1
59,2022,Sudeste,RJ,Rural,Pequeno,19883,F,100,1248.98,0.697,18.48,1,3.75,6.89,100.0,23.26,57.73,68.96,1,86.18,1
60,2023,Nordeste,SE,Rural,Médio,169403,M,107,881.21,0.56,29.31,1,5.37,5.91,70.77,28.49,77.57,54.16,1,72.78,0
61,2023,Sul,RS,Urbana,Pequeno,13019,M,92,1465.58,0.736,19.79,1,3.56,8.07,68.14,20.68,54.9,68.35,1,94.21,0
62,2024,Nordeste,SE,Urbana,Pequeno,9328,M,106,787.01,0.643,27.82,0,6.38,5.91,52.73,25.9,72.08,71.77,0,79.37,0
63,2024,Sul,PR,Urbana,Pequeno,10753,M,101,652.33,0.786,20.1,0,8.04,8.57,68.4,19.13,57.89,73.8,1,100.0,1
64,2024,Sul,RS,Urbana,Pequeno,13323,F,96,678.4,0.618,9.83,0,5.38,7.99,72.8,12.46,60.32,70.44,0,85.87,0
65,2024,Sudeste,ES,Urbana,Pequeno,5153,M,94,1064.69,0.667,20.32,0,4.01,5.83,57.04,22.69,43.8,75.06,0,84.2,1
66,2024,Nordeste,PB,Urbana,Pequeno,2259,M,91,280.63,0.555,31.18,1,,5.17,37.38,17.53,6.01,67.33,1,95.43,0
67,2022,Sudeste,ES,Rural,Pequeno,11938,M,107,1207.31,0.603,13.06,1,4.99,7.62,77.15,20.98,89.05,70.32,0,93.61,0
68,2024,Sudeste,ES,Urbana,Pequeno,6061,M,90,921.99,0.712,13.97,1,4.17,5.41,56.15,22.05,77.63,63.56,0,91.93,0
69,2024,Sul,RS,Urbana,Pequeno,2695,M,87,824.23,0.693,8.28,0,6.38,4.82,66.17,15.95,38.37,70.38,1,92.62,0
70,2023,Sudeste,SP,Urbana,Pequeno,9263,M,90,1068.82,0.691,17.43,0,5.0,6.3,74.78,18.69,74.08,86.07,1,83.12,0
71,2024,Sudeste,SP,Urbana,Pequeno,17270,M,85,715.03,0.654,21.67,0,5.64,7.99,47.12,25.3,64.65,70.48,1,69.89,0
72,2022,Sudeste,RJ,Rural,Pequeno,15937,F,100,960.89,0.61,23.61,1,6.2,6.55,100.0,17.0,62.65,80.49,1,90.99,0
73,2024,Sul,RS,Urbana,Pequeno,7423,F,104,1091.13,0.656,19.01,0,4.02,5.49,91.43,18.94,75.27,68.56,0,95.98,0
74,2024,Nordeste,AL,Urbana,Médio,64225,M,89,830.91,0.588,25.55,0,1.91,6.0,94.94,20.79,60.18,73.62,1,68.59,0
75,2023,Nordeste,AL,Urbana,Pequeno,5044,M,106,614.32,0.771,38.52,0,3.57,4.85,67.5,22.75,53.86,68.35,1,82.67,0
76,2023,Nordeste,PE,Rural,Pequeno,19152,F,104,635.75,0.675,25.57,0,3.77,4.71,56.55,20.34,75.29,71.64,1,78.55,1
77,2023,Sudeste,SP,Urbana,Pequeno,9362,F,86,1722.39,0.677,21.08,0,7.35,8.04,78.05,16.01,68.29,65.89,1,89.96,0
78,2024,Nordeste,PI,Urbana,Pequeno,12567,F,94,704.81,0.545,26.89,0,4.52,4.79,59.75,22.44,63.46,66.98,0,71.43,0
79,2022,Nordeste,PB,Urbana,Pequeno,7164,M,89,946.09,0.712,33.37,1,2.17,6.79,84.73,25.18,39.67,71.87,0,79.79,0
80,2023,Sudeste,MG,Urbana,Pequeno,14214,F,92,873.17,0.705,27.53,1,3.73,3.3,74.09,16.93,57.58,74.81,0,86.81,0
81,2022,Nordeste,PI,Urbana,Pequeno,12918,M,107,1036.02,0.673,30.76,0,5.51,5.08,69.93,26.09,45.39,65.42,1,72.17,1
82,2022,Sudeste,RJ,Urbana,Pequeno,11786,F,98,1069.91,0.61,24.84,0,4.36,4.65,41.26,20.33,54.03,63.74,0,80.59,0
83,2022,Sul,SC,Urbana,Grande,10889646,M,100,804.89,0.731,25.66,1,6.68,1.73,63.76,25.6,58.04,63.92,0,73.63,0
84,2022,Nordeste,MA,Urbana,Pequeno,12676,F,101,442.48,0.752,29.23,1,3.89,4.44,47.28,22.98,33.4,57.6,0,80.78,0
85,2022,Nordeste,BA,Urbana,Médio,26350,F,89,479.33,0.639,24.81,1,3.93,5.23,62.86,19.66,64.23,69.69,0,93.17,1
86,2022,Nordeste,RN,Urbana,Pequeno,8044,F,93,639.89,0.658,27.48,0,4.35,5.94,54.89,19.37,31.02,70.45,1,94.52,0
87,2024,Sul,RS,Urbana,Pequeno,2762,F,107,648.8,0.767,20.5,0,6.68,7.24,54.03,28.61,75.61,71.2,1,88.78,0
88,2022,Sudeste,RJ,Rural,Pequeno,4320,F,104,1071.35,0.675,30.97,0,6.09,5.76,75.31,24.35,56.17,76.48,1,96.58,0
89,2022,Sudeste,RJ,Rural,Pequeno,5848,F,95,713.82,0.774,43.36,1,5.36,7.23,66.21,14.16,53.65,66.04,1,91.38,1
90,2024,Nordeste,SE,Urbana,Pequeno,15670,F,90,794.12,0.579,29.22,0,2.11,4.27,72.51,24.15,34.73,69.29,1,86.04,0
91,2024,Sul,PR,Urbana,Médio,157581,F,92,798.87,0.592,33.6,1,3.19,5.23,84.58,20.38,54.53,78.25,1,90.69,0
92,2024,Sul,SC,Urbana,Grande,9132277,F,91,1011.05,0.651,21.79,0,5.48,9.61,65.14,23.19,82.98,71.74,1,91.59,0
93,2024,Sudeste,RJ,Rural,Pequeno,6742,F,90,840.13,0.662,12.96,1,4.86,6.55,72.65,24.33,49.26,66.12,1,91.86,1
94,2022,Sudeste,ES,Rural,Pequeno,15875,M,86,1723.16,0.601,14.59,0,4.28,4.74,69.11,16.53,70.53,71.76,1,94.02,0
95,2024,Sudeste,RJ,Urbana,Pequeno,17772,M,100,1157.25,0.748,13.05,0,5.34,6.62,45.76,20.68,64.75,70.42,0,87.79,0
96,2024,Norte,AP,Urbana,Médio,197608,M,95,1204.58,0.6,30.36,1,4.53,4.61,43.52,23.07,40.92,68.68,1,88.47,0
97,2024,Nordeste,SE,Urbana,Pequeno,8102,F,98,770.23,0.651,22.28,0,6.18,4.43,45.49,26.37,64.36,65.4,1,86.36,0
98,2022,Nordeste,MA,Urbana,Pequeno,7270,M,105,185.68,0.609,30.61,0,5.27,6.82,75.53,21.74,22.27,66.22,0,91.85,0
99,2023,Sudeste,RJ,Urbana,Pequeno,10963,M,84,1089.24,0.732,23.4,1,8.03,7.82,49.89,23.19,85.05,77.51,0,96.62,1
100,2023,Nordeste,AL,Urbana,Pequeno,7130,F,95,783.34,0.733,31.59,1,5.04,7.69,67.24,24.58,62.09,67.06,0,84.64,0
101,2023,Nordeste,AL,Urbana,Pequeno,17697,M,92,,0.563,31.59,0,4.11,5.77,100.0,25.94,74.39,72.72,1,70.36,1
102,2022,Sudeste,SP,Urbana,Médio,155553,F,105,723.7,0.573,21.7,0,6.75,8.72,97.15,17.41,58.16,73.9,1,98.16,1
103,2024,Sudeste,ES,Rural,Médio,39086,F,93,845.24,0.707,19.81,1,6.25,4.06,65.84,24.14,53.45,63.46,1,88.84,0
104,2022,Norte,RR,Urbana,Médio,125334,F,99,1005.05,0.669,24.67,0,5.34,4.28,41.09,23.86,48.37,56.39,1,99.21,0
105,2022,Nordeste,PB,Rural,Médio,86592,F,104,1167.47,0.63,30.31,0,7.23,4.77,66.15,29.89,28.1,73.64,1,84.86,0
106,2023,Sul,PR,Rural,Pequeno,19846,M,89,1204.84,0.856,18.24,0,6.17,7.53,64.97,19.89,73.49,67.11,1,96.97,0
107,2024,Nordeste,BA,Urbana,Pequeno,6080,M,96,1110.63,0.696,29.63,1,4.18,6.13,75.16,18.97,56.16,58.34,1,84.56,1
108,2022,Sudeste,MG,Urbana,Pequeno,16946,M,96,1019.44,0.753,14.89,0,,8.0,100.0,20.91,25.03,68.76,1,91.19,0
109,2024,Sudeste,MG,Urbana,Pequeno,12871,M,87,1074.05,0.752,21.49,0,5.31,8.51,81.93,14.55,60.63,80.41,0,87.49,1
110,2022,Nordeste,MA,Urbana,Pequeno,17384,F,105,736.26,0.719,22.58,0,5.44,6.59,73.6,24.23,49.73,72.44,1,84.3,0
111,2024,Sudeste,MG,Urbana,Pequeno,10871,F,92,1229.89,0.79,32.42,1,5.36,8.35,98.84,25.93,47.55,72.51,1,92.95,0
112,2023,Centro-Oeste,MS,Urbana,Pequeno,6489,F,88,1162.0,0.679,26.97,1,6.24,6.18,91.75,23.14,71.99,66.08,1,93.9,0
113,2023,Nordeste,PB,Rural,Pequeno,6063,M,91,1074.74,0.602,21.56,1,5.69,3.64,41.38,25.89,44.65,66.54,1,86.74,0
114,2024,Nordeste,AL,Urbana,Pequeno,16105,M,89,575.8,0.653,30.22,1,4.63,5.65,83.5,27.43,49.57,67.43,1,91.51,0
115,2024,Nordeste,MA,Urbana,Grande,3117627,F,94,305.55,0.733,22.89,0,4.0,6.04,52.14,21.88,63.6,63.46,0,75.37,1
116,2023,Sudeste,RJ,Urbana,Pequeno,12681,M,88,1111.37,0.798,24.57,0,5.84,8.21,70.28,25.38,52.08,64.07,0,87.28,0
117,2022,Sudeste,ES,Urbana,Médio,122075,M,91,,0.652,27.36,0,6.3,8.14,76.76,20.7,71.71,57.19,0,88.79,0
118,2023,Nordeste,CE,Urbana,Pequeno,3665,F,92,346.35,0.667,24.82,0,3.61,5.39,94.02,17.54,34.45,61.99,1,86.59,1
119,2022,Norte,AC,Urbana,Pequeno,12725,M,86,1050.02,0.715,26.49,0,5.55,6.17,59.9,16.22,56.8,73.65,0,89.25,0
120,2022,Nordeste,PI,Urbana,Médio,59951,M,94,972.47,0.714,34.11,1,4.5,5.0,100.0,24.82,47.15,70.83,0,81.51,0
121,2023,Centro-Oeste,MT,Urbana,Pequeno,9763,F,104,723.55,0.653,33.05,1,,6.9,66.74,24.19,49.17,68.95,0,80.34,1
122,2022,Nordeste,CE,Urbana,Pequeno,4594,F,96,781.8,0.624,17.8,0,5.6,6.9,43.29,23.8,67.67,63.34,0,100.0,0
123,2024,Nordeste,AL,Urbana,Pequeno,13215,M,87,837.67,0.728,30.1,1,6.02,6.51,77.38,19.94,36.69,65.66,1,94.61,0
124,2022,Norte,TO,Urbana,Médio,30798,M,98,,0.605,54.73,1,3.14,6.35,88.74,22.96,65.05,59.03,0,71.44,0
125,2024,Nordeste,PB,Urbana,Médio,23784,F,105,779.52,0.674,33.59,0,4.22,5.14,54.14,24.29,53.81,65.18,1,94.63,0
126,2022,Sudeste,SP,Urbana,Pequeno,6702,F,96,720.22,0.737,16.62,0,5.3,3.01,78.96,29.18,92.87,80.65,0,83.42,0
127,2024,Sudeste,ES,Urbana,Médio,43900,M,102,1237.42,0.775,28.95,0,2.01,3.71,94.92,19.79,50.99,79.71,0,86.85,0
128,2022,Nordeste,SE,Urbana,Pequeno,9172,F,101,247.96,0.595,33.75,0,4.92,8.57,47.36,22.49,60.98,64.82,0,,0
129,2022,Centro-Oeste,GO,Urbana,Pequeno,18637,M,95,583.86,0.637,23.25,1,7.81,5.93,93.78,21.12,65.42,63.64,1,89.88,1
130,2022,Centro-Oeste,DF,Urbana,Pequeno,13722,F,101,1124.86,0.664,34.24,1,7.41,3.74,66.62,20.05,25.22,75.55,0,100.0,1
131,2024,Sudeste,MG,Rural,Grande,11009488,M,90,508.82,0.63,32.51,0,4.39,6.1,73.8,24.34,40.05,67.3,1,93.77,1
132,2024,Sudeste,RJ,Urbana,Pequeno,10554,M,87,896.94,0.716,17.51,0,5.93,7.69,94.95,25.38,47.68,66.98,0,80.09,0
133,2024,Sudeste,MG,Urbana,Médio,26948,M,87,1084.12,0.73,37.11,0,6.33,6.67,50.03,24.48,87.32,67.21,0,79.13,1
134,2022,Nordeste,SE,Rural,Grande,845912,F,101,1089.54,0.616,37.0,0,,3.94,86.33,19.97,91.74,71.46,1,93.05,1
135,2024,Sudeste,ES,Urbana,Pequeno,5127,F,97,1214.88,0.721,26.49,0,5.12,5.12,54.87,22.73,67.84,74.94,0,93.65,0
136,2024,Norte,RO,Urbana,Pequeno,19658,F,92,1026.42,0.684,46.03,0,8.29,5.24,69.63,21.11,61.45,72.43,1,88.51,0
137,2024,Centro-Oeste,GO,Urbana,Pequeno,4018,F,91,907.11,0.717,28.69,0,4.28,6.57,57.46,19.42,44.23,64.31,1,96.01,1
138,2024,Norte,AC,Urbana,Pequeno,16577,M,97,932.52,0.57,22.4,0,4.22,3.54,44.47,19.41,56.3,62.35,0,76.19,0
139,2022,Sudeste,SP,Urbana,Médio,105412,F,97,1100.11,0.765,16.11,0,5.23,7.42,58.22,25.47,72.89,64.92,1,97.21,1
140,2022,Nordeste,SE,Urbana,Grande,4160082,M,85,416.81,0.629,41.58,0,,4.91,74.59,26.99,68.84,73.05,1,79.98,0
141,2022,Sudeste,SP,Urbana,Médio,179730,F,88,668.71,0.762,17.54,0,4.52,8.83,60.45,20.05,66.43,66.04,1,85.28,0
142,2022,Sudeste,MG,Urbana,Pequeno,11457,F,84,1260.27,0.577,14.37,0,7.39,7.51,65.24,26.62,51.17,76.55,1,85.95,0
143,2022,Norte,TO,Urbana,Pequeno,17392,M,106,797.89,0.685,46.74,1,5.82,10.0,73.54,24.64,67.42,63.21,1,91.78,1
144,2022,Sul,RS,Urbana,Pequeno,3377,M,99,1194.71,0.755,23.52,1,5.33,5.29,69.08,21.58,63.13,61.82,1,86.75,0
145,2024,Norte,AM,Rural,Pequeno,17305,F,101,824.16,0.663,34.56,0,4.73,6.21,78.19,19.48,48.54,54.73,0,,0
146,2022,Norte,PA,Urbana,Grande,444112,F,100,791.17,0.637,17.96,0,3.95,5.57,56.68,25.2,49.72,63.42,1,,0
147,2024,Sudeste,SP,Urbana,Pequeno,13154,M,92,821.08,0.641,25.17,0,4.22,5.97,45.73,19.42,71.68,75.62,0,77.07,0
148,2023,Sudeste,SP,Urbana,Pequeno,19223,F,98,1052.35,0.683,11.65,0,5.44,7.78,75.65,26.31,64.64,70.92,1,100.0,1
149,2022,Sul,PR,Rural,Médio,184953,M,93,,0.661,22.05,0,,9.27,73.7,21.76,57.03,76.78,0,96.83,0
150,2023,Nordeste,AL,Urbana,Pequeno,6155,F,105,973.05,0.662,18.2,0,3.04,6.38,97.36,28.05,21.37,75.61,1,84.37,0
151,2023,Sudeste,MG,Urbana,Grande,2376462,F,98,1263.69,0.783,27.49,0,6.18,6.76,74.94,20.45,42.68,66.72,0,100.0,0
152,2022,Sudeste,RJ,Rural,Médio,90280,F,95,974.69,0.731,24.87,0,5.91,4.27,64.22,25.7,70.92,69.98,0,,1
153,2024,Nordeste,CE,Urbana,Pequeno,6064,M,93,751.96,0.75,28.01,0,5.12,6.35,46.36,26.35,49.47,72.82,1,89.62,1
154,2022,Sudeste,ES,Urbana,Médio,31126,F,103,593.98,0.76,18.48,0,5.79,7.23,61.2,24.27,66.54,65.22,0,100.0,1
155,2022,Norte,AC,Urbana,Grande,876030,M,104,285.52,0.672,31.74,1,3.04,6.55,96.62,23.01,53.64,69.8,0,88.23,0
156,2023,Norte,PA,Urbana,Pequeno,19831,M,95,,0.71,49.59,1,,5.69,77.89,16.11,81.18,72.18,1,80.48,1
157,2024,Sudeste,ES,Urbana,Pequeno,14317,M,103,1102.07,0.666,13.43,1,5.22,9.39,74.29,17.7,86.58,74.65,1,83.98,0
158,2024,Sul,RS,Urbana,Médio,156245,F,106,931.5,0.611,32.63,0,6.89,6.38,94.44,22.53,79.11,74.85,0,87.14,1
159,2023,Nordeste,AL,Urbana,Pequeno,3527,M,94,504.86,0.552,30.59,0,5.33,6.49,37.41,17.16,91.02,63.26,0,87.44,0
160,2024,Sudeste,MG,Urbana,Pequeno,10994,M,85,998.6,0.588,9.92,1,,5.31,71.12,17.15,42.42,71.25,0,82.95,0
161,2024,Sudeste,RJ,Urbana,Pequeno,16010,M,105,824.55,0.652,26.65,0,5.85,6.78,74.29,24.19,81.33,76.06,0,91.03,0
162,2024,Sudeste,ES,Urbana,Pequeno,12034,M,101,851.76,0.676,7.8,1,3.25,7.31,100.0,19.93,34.5,76.0,0,86.94,0
163,2022,Sudeste,SP,Urbana,Médio,134764,F,94,,0.677,26.58,0,6.01,6.26,91.15,25.1,72.53,76.14,1,78.45,0
164,2023,Nordeste,RN,Urbana,Pequeno,4520,M,88,1117.92,0.765,19.77,0,4.75,8.31,59.01,20.69,83.38,66.63,1,85.43,1
165,2022,Sudeste,RJ,Urbana,Grande,7516954,M,96,812.06,0.714,19.71,0,5.62,5.9,65.7,20.42,85.18,67.84,1,100.0,1
166,2023,Sudeste,RJ,Urbana,Médio,97490,F,89,778.13,0.833,19.08,0,7.02,6.78,82.27,20.85,58.76,70.65,1,91.57,1
167,2022,Nordeste,MA,Urbana,Pequeno,3314,M,85,692.91,0.661,14.52,0,4.71,5.03,72.32,17.74,68.35,62.58,0,78.06,1
168,2023,Nordeste,PB,Urbana,Pequeno,9619,M,87,499.21,0.675,19.09,0,4.11,7.75,71.26,27.54,41.9,68.78,1,84.7,1
169,2022,Nordeste,PE,Rural,Grande,11759535,M,106,860.26,0.695,34.8,0,4.42,3.21,100.0,16.22,36.64,63.3,0,100.0,1
170,2023,Nordeste,RN,Urbana,Grande,5214504,F,97,946.46,0.657,36.61,0,2.99,3.49,55.07,18.37,69.09,70.26,1,88.47,0
171,2022,Sudeste,ES,Urbana,Pequeno,4232,M,94,1007.35,0.782,4.74,0,5.25,5.27,100.0,21.14,57.16,71.63,1,97.07,1
172,2022,Centro-Oeste,DF,Urbana,Grande,9084447,F,87,661.32,0.59,26.01,0,7.09,5.06,75.04,23.15,56.18,73.97,0,86.15,0
173,2022,Nordeste,CE,Urbana,Pequeno,15126,M,87,703.77,0.615,34.32,0,5.91,5.27,56.66,17.59,60.06,72.98,1,98.24,0
174,2024,Nordeste,SE,Urbana,Médio,184758,M,96,1157.18,0.714,26.93,0,4.93,6.18,46.05,16.43,39.53,63.68,1,85.45,0
175,2023,Sudeste,MG,Urbana,Médio,29011,F,96,,0.71,19.29,0,3.57,4.92,71.36,20.74,54.31,70.61,0,88.41,1
176,2023,Centro-Oeste,MS,Urbana,Médio,21138,F,105,1185.88,0.645,19.22,0,5.55,4.82,69.48,21.52,20.87,69.15,0,99.53,0
177,2024,Sudeste,RJ,Rural,Médio,142294,M,93,1276.55,0.703,13.95,0,4.77,7.49,100.0,21.65,50.72,65.58,0,93.6,0
178,2022,Nordeste,PE,Urbana,Médio,39046,F,98,1147.19,0.658,33.97,0,3.93,6.46,54.27,20.16,75.78,73.37,1,81.64,1
179,2023,Nordeste,PI,Urbana,Grande,7317814,M,95,588.37,0.677,28.93,1,3.97,7.71,69.42,18.56,61.0,67.77,1,89.08,0
180,2022,Sudeste,RJ,Urbana,Pequeno,12851,F,92,848.69,0.67,23.39,1,6.56,7.04,53.63,16.09,74.1,64.77,1,80.1,0
181,2022,Sudeste,MG,Urbana,Médio,146274,F,106,892.28,0.729,23.19,1,4.36,8.17,74.79,15.73,100.0,71.36,1,86.26,1
182,2023,Sudeste,SP,Urbana,Pequeno,5724,F,98,1099.57,0.655,4.59,0,7.84,8.44,69.74,21.44,80.48,77.11,1,91.6,1
183,2023,Sul,RS,Rural,Pequeno,16181,F,91,1135.63,0.896,11.71,0,5.75,6.9,100.0,18.83,80.04,77.06,1,,1
184,2024,Nordeste,AL,Urbana,Médio,62173,M,101,591.99,0.669,29.28,0,5.3,4.7,88.38,21.53,47.7,70.91,1,94.65,0
185,2023,Sul,RS,Urbana,Pequeno,15404,F,89,880.6,0.652,23.99,0,5.03,4.39,56.76,23.08,96.94,73.22,1,87.08,0
186,2022,Nordeste,CE,Urbana,Médio,56182,M,102,883.46,0.629,16.91,0,6.24,5.75,73.17,21.55,43.63,76.89,0,95.57,1
187,2024,Centro-Oeste,MS,Urbana,Pequeno,2941,F,97,,0.699,24.02,0,5.79,5.25,56.38,34.0,47.86,70.75,0,80.73,0
188,2024,Sudeste,MG,Rural,Pequeno,7571,M,91,1057.9,0.676,20.73,1,2.85,8.04,72.38,19.46,54.41,73.29,1,92.46,0
189,2024,Norte,RR,Urbana,Pequeno,16841,F,106,1248.67,0.673,32.96,0,3.93,2.3,80.33,24.49,51.53,67.56,0,81.88,0
190,2024,Sudeste,MG,Urbana,Grande,4062761,F,102,,0.747,17.46,0,6.03,3.92,97.56,22.13,87.56,66.12,1,91.2,1
191,2024,Centro-Oeste,DF,Urbana,Médio,42337,F,97,786.69,0.699,23.81,0,6.76,5.86,81.8,18.89,57.78,65.92,0,91.14,0
192,2022,Sudeste,SP,Urbana,Pequeno,13005,M,95,1006.71,0.605,24.73,1,5.52,9.22,86.32,19.71,79.23,64.51,0,71.93,0
193,2024,Norte,AC,Urbana,Médio,175081,M,99,423.94,0.676,34.97,1,3.9,5.18,57.16,23.55,61.62,67.98,0,94.49,0
194,2024,Sudeste,SP,Urbana,Pequeno,12625,M,100,1084.42,0.673,26.57,1,5.56,6.3,80.07,22.32,65.56,68.29,1,92.62,0
195,2024,Centro-Oeste,MT,Rural,Grande,7890045,F,97,794.95,0.595,32.93,0,6.01,5.01,94.62,24.9,42.61,65.66,0,86.85,0
196,2022,Sul,SC,Urbana,Médio,172903,M,91,,0.692,21.85,0,3.83,5.95,75.83,18.68,89.52,75.79,0,77.01,0
197,2024,Sul,PR,Urbana,Pequeno,5871,F,87,1141.18,0.701,1.0,0,5.41,5.07,87.92,18.79,51.36,73.04,1,91.88,1
198,2024,Nordeste,BA,Urbana,Pequeno,2689,M,87,940.54,0.683,28.68,1,5.07,6.3,82.07,24.05,39.34,56.31,1,83.98,0
199,2024,Sul,RS,Urbana,Pequeno,9998,M,85,1212.13,0.793,23.17,0,6.16,7.6,67.61,22.82,85.0,80.7,1,88.57,1
200,2024,Sudeste,RJ,Urbana,Médio,93805,F,91,882.3,0.804,1.0,1,,7.25,57.01,21.23,65.71,75.73,0,84.88,0
201,2023,Nordeste,SE,Urbana,Pequeno,5540,F,100,519.02,0.628,24.66,1,3.96,6.96,66.12,22.43,40.46,68.21,0,84.91,0
202,2023,Sudeste,SP,Urbana,Pequeno,10800,F,85,930.35,0.738,14.94,1,6.36,8.32,85.53,28.81,50.33,58.7,1,90.41,1
203,2023,Sudeste,MG,Urbana,Pequeno,17167,M,93,,0.661,10.23,0,5.07,5.47,90.21,22.57,69.28,67.78,1,94.93,1
204,2022,Nordeste,PB,Urbana,Médio,94030,F,93,578.31,0.689,32.91,1,6.03,4.32,57.65,29.15,71.13,66.71,0,64.84,0
205,2023,Centro-Oeste,GO,Urbana,Médio,97081,M,103,847.06,0.819,6.32,0,5.05,4.89,84.1,25.15,59.89,68.9,0,87.57,0
206,2024,Sudeste,SP,Urbana,Pequeno,11537,M,100,867.79,0.714,27.34,0,4.64,6.63,100.0,22.6,93.41,77.53,0,97.68,0
207,2022,Sudeste,MG,Urbana,Pequeno,6836,M,89,1002.14,0.706,17.71,0,4.28,6.83,74.62,15.17,40.76,71.56,0,75.39,1
208,2024,Sudeste,ES,Urbana,Grande,11881313,M,93,1122.17,0.737,20.39,0,4.75,4.37,100.0,18.98,54.27,71.17,1,89.06,1
209,2022,Nordeste,MA,Urbana,Médio,133239,F,106,633.55,0.701,24.3,1,4.41,7.57,38.05,17.34,20.45,63.06,0,80.93,1
210,2024,Nordeste,PI,Urbana,Pequeno,2211,F,91,937.65,0.612,29.7,0,4.46,8.7,39.97,21.66,77.31,61.17,1,85.01,1
211,2024,Sudeste,MG,Rural,Pequeno,5413,M,90,,0.715,9.69,0,4.05,5.69,87.65,23.71,73.91,66.01,1,84.17,0
212,2023,Nordeste,MA,Urbana,Pequeno,19415,M,88,566.29,0.651,34.42,1,,4.97,35.17,22.88,55.96,69.41,1,,1
213,2022,Sudeste,RJ,Urbana,Grande,2443130,M,99,1007.16,0.721,28.28,0,6.29,6.64,53.87,15.74,84.71,77.48,0,97.65,1
214,2023,Sudeste,MG,Urbana,Pequeno,12054,M,87,889.59,0.688,14.44,0,7.57,8.44,78.92,21.3,79.7,77.15,1,74.62,0
215,2024,Nordeste,MA,Urbana,Pequeno,12464,M,84,617.6,0.664,26.22,1,4.3,6.15,63.73,16.95,73.3,54.81,1,87.99,1
216,2023,Sudeste,MG,Urbana,Pequeno,16804,M,96,896.36,0.754,8.02,0,4.62,5.34,80.03,25.71,58.32,75.4,1,87.14,1
217,2022,Nordeste,AL,Rural,Pequeno,18500,F,90,462.26,0.571,42.9,0,4.2,4.24,58.74,17.84,71.4,64.62,1,78.45,0
218,2022,Sudeste,SP,Urbana,Pequeno,8378,F,91,652.19,0.747,14.33,1,3.95,6.37,61.24,22.9,31.95,60.86,1,81.13,1
219,2024,Norte,PA,Urbana,Pequeno,5458,M,88,662.55,0.656,30.53,1,5.61,4.12,62.53,21.52,61.2,57.65,1,96.36,0
220,2023,Sudeste,ES,Urbana,Pequeno,17013,M,95,,0.71,18.73,1,6.87,4.9,62.59,15.66,100.0,73.02,0,89.19,1
221,2024,Nordeste,MA,Urbana,Pequeno,3852,F,100,789.14,0.607,36.62,1,4.39,6.55,63.58,21.66,55.69,72.48,0,93.23,0
222,2022,Sudeste,MG,Urbana,Pequeno,14569,F,95,1085.86,0.709,13.01,0,5.32,4.31,65.51,20.11,71.94,73.81,1,87.74,0
223,2023,Sudeste,RJ,Rural,Médio,173381,F,102,999.17,0.707,31.33,1,4.25,5.39,81.02,18.9,26.39,71.23,0,90.61,0
224,2023,Sudeste,ES,Urbana,Médio,198451,F,89,972.81,0.831,31.65,1,4.5,5.36,72.4,21.16,100.0,66.11,0,89.19,0
225,2024,Centro-Oeste,DF,Urbana,Médio,173297,F,93,770.0,0.671,26.27,0,3.93,4.28,45.83,20.96,34.3,65.25,0,91.24,0
226,2023,Sul,PR,Urbana,Pequeno,8782,M,101,1338.46,0.724,29.34,1,5.31,5.89,78.51,20.25,79.37,63.32,0,83.99,0
227,2022,Sul,PR,Urbana,Médio,24217,M,105,1035.14,0.894,29.69,1,4.2,6.15,94.39,28.34,90.36,75.18,1,79.07,1
228,2023,Sudeste,ES,Urbana,Grande,1606039,M,94,831.72,0.756,29.37,1,6.01,5.37,45.91,21.89,56.02,69.3,1,92.26,1
229,2023,Nordeste,PB,Urbana,Pequeno,15091,M,87,864.73,0.802,30.32,0,3.81,5.58,75.69,24.19,41.71,64.45,1,98.9,1
230,2022,Nordeste,AL,Rural,Pequeno,3330,M,103,969.76,0.736,14.05,0,5.53,3.35,56.58,19.24,55.89,76.64,1,91.01,1
231,2024,Sudeste,MG,Urbana,Médio,73069,F,106,1302.86,0.715,22.1,0,2.88,6.24,63.58,16.65,90.31,74.02,0,,0
232,2022,Sul,SC,Rural,Grande,7588931,M,93,1480.91,0.681,23.58,0,4.59,9.02,73.08,28.63,77.25,72.79,0,89.61,1
233,2023,Centro-Oeste,DF,Urbana,Pequeno,16147,F,85,1014.84,0.776,33.42,1,4.73,4.66,66.59,28.32,35.14,62.16,1,93.17,1
234,2024,Sudeste,ES,Urbana,Médio,155389,M,91,1308.94,0.609,20.75,1,5.91,7.53,92.91,19.26,81.19,78.3,1,96.87,0
235,2022,Sul,RS,Urbana,Médio,72762,F,103,1251.6,0.837,9.19,0,3.95,7.83,58.92,18.8,53.14,70.87,0,88.95,0
236,2023,Sudeste,ES,Urbana,Pequeno,12700,F,101,1459.44,0.642,14.7,0,3.07,8.27,82.96,25.0,74.55,70.69,1,81.4,1
237,2024,Sul,SC,Urbana,Médio,32003,M,107,734.7,0.647,26.33,0,4.07,7.31,65.01,21.57,89.25,75.29,1,83.37,1
238,2024,Sudeste,MG,Urbana,Pequeno,13556,M,94,827.86,0.674,2.7,0,4.41,6.47,59.42,19.35,42.44,72.36,1,89.3,0
239,2024,Nordeste,SE,Urbana,Médio,54026,M,107,949.6,0.694,23.05,1,4.51,3.53,73.23,23.47,51.4,68.31,0,86.45,0
240,2024,Sudeste,RJ,Urbana,Grande,11854212,F,97,1003.71,0.804,34.21,0,5.7,4.85,84.38,20.77,74.59,68.34,1,91.17,1
241,2024,Sul,RS,Urbana,Médio,27957,M,107,696.78,0.693,22.82,0,4.84,3.95,82.32,26.0,62.26,73.28,1,97.21,1
242,2024,Norte,AP,Urbana,Grande,9340677,M,105,802.58,0.708,33.4,0,5.03,5.3,55.06,23.86,48.75,76.7,1,89.63,0
243,2024,Sudeste,MG,Urbana,Grande,11630075,F,100,1212.75,0.681,19.64,1,5.34,7.07,100.0,22.16,76.43,63.07,0,92.42,1
244,2022,Nordeste,RN,Urbana,Médio,177652,M,89,891.53,0.725,32.41,1,4.21,2.85,76.78,29.6,75.83,58.56,1,74.06,0
245,2023,Sudeste,RJ,Urbana,Médio,38386,M,102,1062.19,0.727,22.45,0,5.64,7.86,72.17,22.67,61.15,68.27,1,92.29,0
246,2022,Sudeste,MG,Urbana,Pequeno,8016,M,93,801.22,0.644,6.63,0,6.95,7.26,60.16,28.65,58.17,70.15,1,100.0,0
247,2023,Sudeste,SP,Urbana,Pequeno,5571,F,94,1273.2,0.73,21.83,1,6.34,1.66,79.34,31.68,37.35,70.29,0,97.49,0
248,2024,Sudeste,SP,Urbana,Médio,79781,F,103,480.61,0.706,31.47,1,4.9,3.57,80.38,24.05,32.43,77.17,0,93.87,0
249,2023,Norte,RO,Urbana,Médio,192946,F,96,1047.12,0.6,32.16,1,4.42,6.06,20.0,32.34,64.95,65.27,1,87.66,0
250,2022,Nordeste,CE,Rural,Pequeno,11959,F,90,822.66,0.735,24.71,1,2.86,3.86,58.63,22.38,87.34,71.18,1,97.8,1
251,2022,Nordeste,RN,Urbana,Médio,23724,F,96,882.59,0.628,18.35,0,6.04,5.17,60.74,18.75,52.8,65.69,1,90.53,0
252,2023,Sudeste,MG,Urbana,Médio,75595,M,84,968.93,0.591,24.56,1,8.33,5.77,65.52,16.96,68.26,72.51,0,73.37,1
253,2023,Sudeste,ES,Urbana,Médio,130179,F,86,1260.54,0.791,25.06,0,6.51,7.97,83.33,15.58,49.35,70.13,1,98.29,1
254,2024,Nordeste,RN,Urbana,Pequeno,13105,M,104,895.19,0.777,30.92,1,4.91,5.67,47.21,27.04,46.46,65.26,1,95.86,0
255,2024,Nordeste,PB,Rural,Pequeno,4102,M,103,1206.49,0.776,39.0,1,4.44,6.5,91.51,24.34,63.68,68.76,1,82.37,0
256,2022,Sudeste,RJ,Rural,Pequeno,6738,M,84,981.61,0.736,23.01,1,5.47,7.04,69.19,20.43,95.23,85.05,1,81.54,1
257,2022,Sudeste,SP,Urbana,Pequeno,11422,F,100,739.61,0.75,22.46,0,3.09,4.13,83.55,10.29,86.54,62.38,1,97.59,0
258,2024,Nordeste,RN,Urbana,Pequeno,11852,F,104,677.69,0.572,42.26,0,6.99,7.47,54.43,22.26,57.68,76.13,0,,0
259,2024,Sudeste,SP,Urbana,Pequeno,8150,F,104,1001.07,0.746,1.0,0,5.11,5.64,76.31,19.42,26.27,76.11,0,81.47,0
260,2023,Sudeste,MG,Urbana,Grande,9244901,M,103,769.13,0.619,18.99,0,3.33,7.42,85.05,21.59,48.88,66.6,1,97.72,0
261,2023,Sul,SC,Urbana,Pequeno,9645,M,84,449.44,0.721,34.21,0,5.72,5.85,63.46,20.29,73.54,67.21,1,88.5,1
262,2023,Norte,AC,Urbana,Médio,46768,F,95,1257.34,0.646,35.41,0,3.39,5.23,82.32,20.62,39.08,69.03,1,90.59,1
263,2023,Centro-Oeste,MT,Urbana,Médio,28406,F,86,939.87,0.528,40.69,0,7.51,3.89,58.41,13.09,67.27,64.74,0,94.42,1
264,2022,Sudeste,SP,Urbana,Pequeno,6602,M,107,1269.62,0.701,17.9,0,4.63,8.97,78.21,22.1,59.78,83.73,1,87.01,0
265,2023,Norte,PA,Urbana,Pequeno,16419,F,95,1010.43,0.709,28.14,0,2.91,6.75,73.17,27.84,50.96,67.54,0,74.84,0
266,2024,Sul,RS,Rural,Grande,1537103,F,103,887.19,0.669,15.83,1,6.79,5.34,60.98,16.78,60.07,80.07,0,86.16,0
267,2024,Sudeste,RJ,Urbana,Médio,197286,M,104,1003.3,0.829,31.11,1,4.92,4.56,99.27,22.38,50.68,71.67,1,89.49,0
268,2023,Sul,RS,Urbana,Pequeno,17790,M,106,668.41,0.687,17.6,1,6.27,7.13,61.77,22.05,90.58,67.09,1,88.5,1
269,2024,Sudeste,RJ,Urbana,Grande,8505049,M,88,1072.17,0.75,18.19,1,4.51,7.72,63.2,27.34,58.81,71.6,0,86.82,0
270,2022,Nordeste,CE,Urbana,Médio,162775,F,87,450.84,0.594,25.25,0,4.66,4.91,84.8,28.8,78.1,64.23,1,88.73,1
271,2024,Nordeste,PI,Rural,Médio,81422,M,96,899.28,0.637,24.31,0,3.32,6.28,83.37,22.28,51.85,70.37,0,100.0,0
272,2024,Sudeste,MG,Rural,Médio,173424,F,101,1090.46,0.627,30.36,1,5.39,5.07,65.4,27.34,66.36,68.7,1,79.19,0
273,2023,Sudeste,RJ,Rural,Pequeno,17483,F,106,579.55,0.683,30.62,1,5.98,8.19,74.77,23.6,96.2,81.24,1,81.84,0
274,2022,Norte,PA,Urbana,Médio,79778,M,106,819.9,0.738,31.57,0,2.51,3.15,38.26,24.22,30.23,74.53,1,79.85,0
275,2022,Nordeste,PE,Urbana,Pequeno,2242,F,101,635.1,0.749,27.99,1,5.58,7.36,53.79,26.9,88.74,67.21,1,84.03,1
276,2023,Nordeste,SE,Urbana,Médio,69130,M,86,336.48,0.697,32.09,0,4.23,4.3,77.32,17.92,64.71,78.87,0,82.51,0
277,2023,Sudeste,SP,Urbana,Pequeno,11521,F,94,1290.93,0.647,20.69,0,5.08,7.62,67.08,20.4,44.16,68.26,1,89.78,0
278,2023,Nordeste,MA,Urbana,Pequeno,10622,F,104,150.0,0.668,29.11,1,5.86,3.94,85.03,21.55,39.22,69.49,0,89.52,1
279,2024,Norte,AM,Urbana,Pequeno,9638,F,86,1165.48,0.652,26.62,1,5.61,6.05,60.97,24.03,54.36,64.93,0,83.6,1
280,2024,Sul,SC,Urbana,Pequeno,12429,M,106,1364.32,0.743,23.24,0,4.05,3.69,59.91,21.31,25.85,68.53,0,83.71,0
281,2023,Sudeste,RJ,Rural,Médio,96360,M,91,1009.21,0.711,4.72,0,6.34,7.04,100.0,26.4,90.58,85.5,0,96.99,1
282,2023,Sudeste,MG,Rural,Médio,27075,F,84,733.18,0.651,23.82,1,6.58,7.49,89.68,23.83,68.27,77.0,1,99.37,1
283,2023,Nordeste,SE,Urbana,Pequeno,9868,F,96,390.4,0.695,34.94,1,4.18,5.58,65.94,29.35,5.0,63.72,1,84.73,0
284,2022,Norte,PA,Urbana,Médio,139760,F,91,647.25,0.728,34.98,0,3.44,5.02,47.16,19.88,77.29,75.69,0,85.99,0
285,2024,Norte,RR,Urbana,Médio,183795,F,94,831.3,0.613,30.55,0,6.71,6.76,84.02,20.26,45.31,67.07,1,96.73,0
286,2024,Sul,PR,Urbana,Pequeno,11295,M,89,375.02,0.635,20.76,0,7.27,7.17,74.22,21.37,83.63,68.3,1,100.0,0
287,2023,Sudeste,SP,Urbana,Pequeno,7724,M,95,1039.41,0.693,17.93,0,6.2,7.41,81.89,20.44,54.29,66.28,0,82.91,0
288,2022,Sul,PR,Urbana,Médio,86861,M,89,946.11,0.764,6.77,0,8.18,2.24,71.54,18.62,58.98,69.16,0,81.71,0
289,2024,Norte,RR,Urbana,Pequeno,12462,M,106,904.98,0.561,19.18,0,4.33,3.0,78.09,18.35,81.63,77.35,0,76.74,1
290,2023,Sudeste,MG,Urbana,Médio,77503,M,101,1423.86,0.643,20.49,0,4.89,7.56,96.1,26.16,57.21,72.42,1,80.03,0
291,2024,Norte,RO,Urbana,Pequeno,3843,M,106,706.6,0.762,16.43,0,4.53,5.08,45.25,25.08,66.92,77.18,1,78.57,0
292,2023,Sul,RS,Urbana,Pequeno,8287,M,93,996.13,0.678,26.82,0,4.29,7.2,72.04,23.46,55.58,65.2,0,96.07,0
293,2023,Nordeste,BA,Urbana,Pequeno,11135,F,98,787.44,0.64,20.16,1,3.78,5.5,47.88,28.83,76.29,68.34,1,83.87,0
294,2024,Sudeste,RJ,Urbana,Médio,60978,M,102,894.65,0.819,17.71,1,3.42,8.64,66.44,25.6,62.28,74.56,0,97.94,1
295,2023,Sudeste,MG,Urbana,Pequeno,12266,M,87,1053.5,0.667,19.47,1,8.11,7.95,77.7,26.09,28.87,58.71,1,87.31,1
296,2022,Sudeste,MG,Rural,Pequeno,3325,M,89,822.4,0.749,20.02,0,6.06,5.91,33.67,10.0,87.4,77.65,0,100.0,1
297,2024,Nordeste,PE,Urbana,Médio,38484,M,101,799.08,0.639,33.35,0,4.88,3.48,82.71,22.18,76.36,67.49,0,92.88,0
298,2024,Nordeste,SE,Urbana,Pequeno,12512,M,93,748.51,0.594,29.21,1,3.44,5.08,45.68,26.37,53.84,64.25,0,77.17,0
299,2023,Sudeste,ES,Urbana,Pequeno,18892,F,102,,0.742,15.76,0,7.87,3.92,60.96,20.45,56.99,69.84,1,77.82,1
300,2024,Nordeste,MA,Urbana,Médio,48473,F,102,808.89,0.667,41.03,1,3.83,4.82,63.51,22.24,40.55,58.38,1,87.89,1
301,2024,Sudeste,RJ,Urbana,Pequeno,9770,M,87,935.54,0.741,14.74,0,2.47,8.94,70.29,23.22,90.74,73.0,0,100.0,0
302,2024,Sudeste,SP,Urbana,Médio,45699,F,99,,0.801,16.02,0,3.83,4.73,79.65,16.95,77.83,68.19,1,91.89,0
303,2022,Norte,RO,Urbana,Grande,7123227,F,91,708.04,0.606,35.91,0,2.75,5.08,63.17,16.88,43.83,66.24,1,81.31,0
304,2023,Sudeste,ES,Urbana,Pequeno,14465,M,97,1392.89,0.781,22.08,0,5.91,6.09,98.8,21.71,57.2,69.2,1,82.64,1
305,2023,Sudeste,SP,Urbana,Médio,38914,M,84,1269.35,0.735,34.59,0,7.66,7.71,46.51,31.84,54.16,78.98,1,83.69,0
306,2023,Sul,PR,Urbana,Médio,195095,M,95,,0.703,30.7,1,5.96,5.8,59.32,22.85,85.84,76.45,1,95.94,0
307,2024,Nordeste,SE,Rural,Grande,10809582,F,89,452.77,0.653,28.13,1,6.19,3.65,74.95,26.73,52.15,67.81,1,91.46,1
308,2023,Sudeste,ES,Urbana,Grande,8307244,F,102,667.66,0.74,21.83,0,5.72,6.28,81.35,19.83,50.07,67.65,1,90.38,1
309,2023,Sul,PR,Rural,Pequeno,14011,F,85,1227.27,0.687,17.73,1,5.93,7.76,79.52,19.72,74.75,77.3,1,95.8,1
310,2024,Sul,PR,Urbana,Grande,842397,F,105,1165.78,0.71,10.31,0,5.08,6.18,67.86,19.55,91.54,78.18,1,93.95,0
311,2023,Sudeste,ES,Urbana,Pequeno,19200,F,102,887.77,0.64,28.63,1,4.46,8.24,65.04,20.65,46.28,75.66,0,93.5,0
312,2022,Sudeste,ES,Urbana,Pequeno,4313,M,89,916.13,0.647,8.67,1,4.85,6.23,60.47,24.0,63.32,74.38,1,90.11,0
313,2023,Nordeste,PB,Urbana,Médio,170402,F,88,790.34,0.766,27.18,0,3.57,6.27,31.27,18.11,63.9,61.94,0,82.79,1
314,2023,Centro-Oeste,DF,Urbana,Pequeno,3611,M,86,938.19,0.755,33.3,0,5.72,6.69,62.5,24.36,94.27,72.61,0,76.51,1
315,2022,Sudeste,RJ,Urbana,Grande,4360388,F,84,629.6,0.737,17.33,0,4.57,7.94,100.0,18.0,61.02,73.44,1,87.4,0
316,2022,Nordeste,BA,Urbana,Pequeno,16227,F,97,860.98,0.547,23.66,1,3.67,8.08,66.68,23.31,46.8,68.42,1,79.3,0
317,2024,Sudeste,MG,Urbana,Pequeno,14078,M,101,1036.14,0.854,17.58,0,5.11,8.36,99.05,17.31,55.77,66.34,0,87.63,1
318,2022,Norte,PA,Rural,Pequeno,8005,F,100,774.28,0.664,21.98,0,4.22,3.57,75.87,20.45,47.44,65.94,0,87.23,0
319,2023,Nordeste,CE,Rural,Grande,1067723,F,91,311.96,0.575,27.45,1,3.75,5.76,59.89,26.96,52.59,71.98,0,,0
320,2023,Nordeste,PB,Urbana,Médio,93776,F,99,784.44,0.667,41.88,1,3.61,9.85,62.3,15.04,45.01,54.66,1,79.51,0
321,2022,Sul,SC,Rural,Médio,31733,M,91,1050.1,0.712,9.68,0,4.85,6.05,88.72,18.62,88.07,78.47,1,71.51,0
322,2024,Sul,RS,Rural,Pequeno,2880,M,98,1052.78,0.775,30.32,0,2.45,4.64,84.45,15.3,57.87,72.94,0,83.85,0
323,2023,Nordeste,AL,Urbana,Pequeno,10582,F,102,977.21,0.668,32.51,0,3.94,7.48,75.93,18.51,58.76,56.63,1,85.8,0
324,2024,Sudeste,SP,Urbana,Grande,10955549,F,85,704.61,0.593,11.82,0,4.98,6.69,65.9,14.24,81.35,60.64,0,84.32,0
325,2022,Nordeste,AL,Urbana,Pequeno,2769,F,97,746.72,0.703,28.12,0,2.9,1.68,72.06,24.32,64.06,65.88,0,90.17,0
326,2022,Sul,PR,Urbana,Grande,4839484,F,84,674.42,0.688,13.45,0,4.77,5.42,52.1,27.87,69.13,70.12,1,91.21,0
327,2024,Sudeste,ES,Urbana,Médio,71809,M,103,818.04,0.683,16.56,1,4.52,6.76,92.59,23.62,17.71,74.71,0,,1
328,2022,Sul,RS,Urbana,Pequeno,14445,F,90,885.52,0.743,13.47,0,7.62,4.86,90.19,21.97,56.19,71.03,0,80.34,0
329,2024,Nordeste,PI,Urbana,Médio,152359,F,89,775.68,0.651,26.26,0,4.07,3.32,56.22,27.91,70.48,67.22,0,84.67,0
330,2023,Nordeste,BA,Urbana,Grande,5577222,M,94,684.62,0.627,37.18,0,6.86,6.63,60.25,23.56,49.13,72.8,1,90.45,0
331,2024,Nordeste,PB,Rural,Pequeno,14881,M,98,502.99,0.631,29.77,0,3.75,6.99,57.08,19.12,45.74,73.87,0,94.21,1
332,2023,Nordeste,SE,Urbana,Pequeno,10999,M,84,623.45,0.632,23.5,0,,5.46,38.43,19.62,28.15,69.72,1,80.5,1
333,2024,Nordeste,MA,Urbana,Médio,138637,M,96,724.0,0.511,27.08,0,4.21,8.27,48.96,20.35,39.21,65.68,1,81.19,0
334,2024,Centro-Oeste,DF,Urbana,Pequeno,19725,F,85,839.67,0.781,22.51,0,,4.43,66.21,21.39,43.6,65.4,1,96.83,0
335,2024,Nordeste,BA,Urbana,Pequeno,4499,F,89,455.4,0.586,23.99,0,6.26,5.92,35.92,22.55,61.11,67.08,0,82.47,0
336,2023,Nordeste,MA,Urbana,Grande,1874562,M,95,765.02,0.73,25.18,0,5.97,5.5,49.77,32.81,36.09,68.18,0,85.28,0
337,2022,Centro-Oeste,MT,Rural,Grande,7314264,F,102,818.25,0.754,14.68,0,3.97,8.22,57.56,24.15,78.21,69.52,1,95.08,0
338,2022,Sudeste,RJ,Urbana,Médio,46688,F,97,1182.19,0.642,24.24,0,5.32,7.85,75.91,27.75,45.38,71.46,0,98.42,0
339,2022,Sudeste,ES,Urbana,Pequeno,4590,M,91,1022.78,0.561,18.98,0,6.4,7.85,82.25,22.98,37.55,74.45,1,100.0,0
340,2022,Sul,RS,Rural,Médio,26126,F,104,909.92,0.626,20.86,0,4.31,7.61,72.11,25.75,60.24,71.13,0,94.7,0
341,2022,Norte,AC,Urbana,Grande,7320922,F,89,,0.569,35.22,0,4.07,5.0,56.84,29.3,41.51,61.64,0,100.0,0
342,2024,Sul,RS,Urbana,Médio,26546,M,101,1148.85,0.684,19.95,1,3.93,5.58,62.92,21.97,74.25,82.6,0,82.36,0
343,2022,Nordeste,PB,Rural,Pequeno,9439,F,100,1052.54,0.612,25.17,1,5.41,6.79,65.05,24.71,68.92,69.5,1,91.59,0
344,2022,Nordeste,SE,Rural,Pequeno,5715,F,88,863.69,0.697,27.92,1,2.85,8.72,50.01,28.31,38.69,67.59,1,99.54,1
345,2023,Sul,SC,Urbana,Médio,117136,M,85,1053.45,0.7,14.42,0,5.43,6.19,71.97,21.14,57.13,71.95,1,91.53,1
346,2024,Sul,RS,Urbana,Médio,159864,M,90,1303.96,0.673,22.8,1,5.37,5.11,70.2,14.76,71.04,62.77,1,82.2,1
347,2023,Sudeste,ES,Urbana,Médio,75904,F,102,1256.24,0.759,22.22,0,5.93,6.82,81.72,22.22,79.67,63.36,1,91.41,1
348,2023,Norte,AM,Rural,Pequeno,19243,M,96,1010.75,0.674,37.31,0,5.32,5.11,67.54,20.17,77.49,75.86,0,78.97,0
349,2023,Sul,RS,Urbana,Médio,82874,F,95,1049.33,0.828,14.3,0,6.95,7.23,100.0,18.57,45.93,77.37,1,88.47,1
350,2022,Nordeste,SE,Rural,Pequeno,15371,F,103,455.53,0.618,27.79,0,4.68,8.31,85.11,21.96,33.75,75.19,1,92.5,1
351,2023,Nordeste,BA,Urbana,Pequeno,8476,M,104,441.92,0.701,31.52,0,4.06,4.45,86.81,16.51,78.03,75.1,1,80.27,0
352,2022,Sudeste,RJ,Urbana,Médio,106143,M,101,1284.65,0.733,28.34,1,5.15,6.3,69.94,23.18,75.92,73.46,1,97.98,0
353,2024,Nordeste,PE,Rural,Pequeno,9717,F,97,1326.68,0.721,29.25,0,3.07,5.02,56.09,19.72,49.63,67.99,1,81.34,1
354,2022,Nordeste,RN,Urbana,Grande,7076225,M,105,512.53,0.696,31.1,0,6.75,6.48,58.02,27.02,44.14,69.32,1,87.21,0
355,2024,Sudeste,SP,Rural,Médio,143435,M,96,982.08,0.74,12.46,1,5.79,4.71,57.1,24.75,73.95,65.23,1,100.0,0
356,2022,Norte,PA,Rural,Médio,174012,F,87,719.11,0.634,26.84,1,5.14,5.88,48.12,18.7,61.93,75.61,0,88.39,1
357,2023,Nordeste,SE,Urbana,Grande,6606666,F,99,923.43,0.612,31.05,1,,6.02,65.71,23.12,56.14,69.8,0,84.06,0
358,2024,Sudeste,SP,Urbana,Pequeno,7045,M,84,1121.71,0.728,18.79,1,5.08,7.45,86.21,17.38,78.22,68.25,0,100.0,1
359,2022,Sudeste,SP,Urbana,Médio,142594,F,90,1098.65,0.62,24.65,1,6.05,5.6,73.73,16.22,66.7,76.13,1,92.84,1
360,2024,Nordeste,BA,Rural,Médio,191286,F,85,720.93,0.643,31.4,0,5.74,3.86,100.0,31.55,84.89,74.88,0,86.03,0
361,2023,Sudeste,MG,Urbana,Médio,136936,F,103,663.32,0.718,17.83,0,3.78,5.22,37.79,12.66,96.87,81.92,0,86.81,0
362,2022,Sudeste,MG,Rural,Pequeno,9203,F,98,1051.84,0.787,19.15,0,3.15,5.65,74.02,29.09,29.22,71.02,0,87.5,1
363,2022,Sudeste,ES,Urbana,Pequeno,3101,M,96,852.05,0.734,11.35,0,4.73,8.1,67.71,23.93,67.73,75.22,1,97.27,0
364,2022,Sul,PR,Urbana,Médio,143654,F,99,1105.83,0.717,18.26,0,,6.22,80.97,21.69,65.99,79.87,1,90.72,1
365,2022,Nordeste,CE,Urbana,Médio,64593,F,95,845.94,0.699,35.64,1,5.57,3.65,96.55,26.86,46.33,63.35,0,89.44,0
366,2024,Sudeste,RJ,Rural,Pequeno,12745,M,91,822.91,0.634,20.63,1,5.79,5.59,78.07,27.41,68.19,63.33,1,78.9,0
367,2022,Nordeste,PI,Urbana,Pequeno,3890,M,95,848.95,0.779,33.17,0,4.2,5.27,81.17,30.63,82.28,72.53,0,80.77,0
368,2024,Norte,RR,Urbana,Pequeno,2481,F,86,605.84,0.708,15.03,0,4.65,5.72,71.86,20.54,38.23,68.21,0,84.01,0
369,2022,Sudeste,RJ,Urbana,Pequeno,15101,F,88,1527.16,0.777,22.93,1,4.26,5.97,87.82,27.35,50.62,69.08,1,100.0,0
370,2023,Nordeste,AL,Urbana,Pequeno,6858,M,87,1032.39,0.722,25.9,0,3.25,4.3,68.26,22.73,38.1,64.92,0,71.06,0
371,2022,Nordeste,PB,Urbana,Médio,79117,M,103,751.63,0.73,34.3,1,5.55,2.27,55.11,19.3,56.91,67.49,0,86.98,0
372,2023,Sul,RS,Rural,Grande,7119543,M,107,665.21,0.679,13.65,1,4.65,5.55,67.44,21.88,57.84,70.59,1,89.14,1
373,2024,Nordeste,RN,Urbana,Pequeno,8262,M,99,1154.12,0.611,37.88,0,4.97,5.97,76.32,23.6,42.19,72.9,1,72.12,0
374,2023,Nordeste,CE,Rural,Pequeno,17877,M,87,481.03,0.664,20.46,0,,6.67,60.88,23.77,58.89,71.51,1,86.04,0
375,2022,Sudeste,SP,Urbana,Grande,1613256,M,84,307.42,0.684,9.67,0,5.48,7.4,94.55,21.29,100.0,72.66,0,86.22,0
376,2022,Nordeste,MA,Urbana,Pequeno,19057,M,105,439.0,0.573,19.79,0,,4.74,59.25,21.74,65.81,66.11,1,82.23,0
377,2024,Sul,RS,Urbana,Pequeno,17710,M,90,919.03,0.757,26.87,1,4.46,6.78,55.21,24.17,63.34,72.66,1,82.05,1
378,2022,Sudeste,RJ,Rural,Pequeno,7933,F,94,1372.01,0.726,20.26,0,3.11,6.36,100.0,18.61,80.05,69.1,1,86.43,1
379,2022,Norte,RO,Urbana,Grande,3651892,M,99,649.35,0.71,28.63,1,2.63,2.99,75.07,18.09,60.15,68.93,1,87.87,0
380,2022,Sul,RS,Rural,Pequeno,13561,M,89,1087.65,0.71,32.3,0,6.64,6.99,67.76,24.57,78.44,70.3,0,100.0,1
381,2023,Sul,RS,Urbana,Médio,114321,M,102,686.67,0.69,9.34,0,5.75,5.88,71.49,24.55,43.31,72.27,1,94.48,1
382,2024,Norte,AC,Urbana,Grande,4837245,M,97,262.13,0.59,25.65,1,6.2,7.23,63.5,12.99,61.79,75.6,1,77.08,0
383,2022,Nordeste,PB,Urbana,Pequeno,14216,F,100,1291.85,0.655,40.68,1,4.07,4.87,88.09,28.45,21.72,71.25,0,88.89,0
384,2023,Nordeste,SE,Urbana,Médio,167594,M,91,739.98,0.623,43.57,0,4.49,6.72,47.83,25.45,66.0,74.85,0,85.92,0
385,2023,Nordeste,AL,Urbana,Médio,173219,F,98,,0.563,19.28,1,5.97,5.4,74.95,24.75,51.62,63.03,1,93.95,1
386,2022,Nordeste,RN,Rural,Pequeno,9837,M,85,697.81,0.753,37.93,0,6.32,7.66,48.79,12.51,54.2,74.11,1,100.0,0
387,2022,Sudeste,MG,Urbana,Pequeno,18864,F,86,868.63,0.766,19.06,0,5.05,6.91,72.36,15.19,98.44,76.52,1,92.08,0
388,2022,Sudeste,ES,Urbana,Médio,130385,F,101,,0.732,22.05,0,5.55,6.91,92.86,18.78,24.14,66.52,1,67.47,1
389,2024,Sul,RS,Urbana,Pequeno,9765,M,105,713.52,0.771,43.07,1,4.49,2.5,47.73,27.72,45.22,69.4,1,87.4,0
390,2022,Nordeste,SE,Urbana,Pequeno,5957,F,102,599.25,0.68,35.01,0,4.74,9.25,87.82,27.31,69.26,77.32,1,78.87,0
391,2023,Sul,PR,Urbana,Grande,1534021,M,86,,0.622,18.65,1,5.81,6.98,66.05,29.44,50.51,70.65,1,99.22,0
392,2024,Sul,RS,Urbana,Pequeno,5499,M,86,1264.95,0.665,17.81,0,4.62,5.56,62.76,18.55,58.87,69.83,0,91.75,0
393,2024,Norte,AP,Rural,Grande,4242145,M,87,693.93,0.717,26.67,0,6.4,6.27,54.4,23.34,39.85,70.35,0,88.0,0
394,2023,Norte,AM,Urbana,Médio,28491,M,93,554.61,0.676,14.48,0,5.21,4.04,71.94,20.47,54.16,71.23,0,80.09,0
395,2023,Sudeste,MG,Urbana,Médio,50492,M,93,571.96,0.726,29.17,0,4.8,4.94,74.81,22.39,66.22,70.6,1,92.97,0
396,2024,Nordeste,RN,Rural,Pequeno,4629,F,88,560.68,0.634,38.56,1,3.43,5.43,69.45,20.57,97.94,69.67,1,83.88,0
397,2023,Sudeste,ES,Urbana,Médio,97188,M,95,1239.1,0.671,4.78,0,5.31,3.56,69.14,15.83,94.02,82.33,1,80.73,1
398,2023,Sudeste,SP,Urbana,Médio,160656,F,87,854.73,0.756,30.12,0,7.81,4.23,92.93,22.0,55.43,69.45,1,81.84,0
399,2024,Nordeste,PE,Urbana,Pequeno,11768,F,92,897.34,0.656,36.03,1,4.5,5.9,55.24,25.05,21.68,72.38,1,84.94,0
400,2022,Nordeste,RN,Urbana,Pequeno,4821,M,85,377.05,0.613,34.08,1,6.4,3.52,100.0,16.45,18.98,68.21,1,86.21,0
401,2023,Sul,SC,Urbana,Pequeno,12626,M,95,662.51,0.732,7.03,0,5.44,6.23,57.48,24.56,63.7,67.82,0,75.92,1
402,2024,Sul,RS,Urbana,Pequeno,18554,F,105,1010.5,0.692,20.02,0,3.68,6.41,60.96,17.42,59.42,74.92,1,84.43,0
403,2023,Norte,PA,Rural,Pequeno,19748,F,85,294.43,0.661,25.86,1,4.84,4.87,78.84,14.96,56.1,63.85,0,77.66,1
404,2022,Sudeste,SP,Urbana,Médio,64237,M,103,924.32,0.713,12.29,0,4.92,4.49,79.41,19.38,58.1,68.66,0,72.65,0
405,2023,Nordeste,PE,Urbana,Pequeno,11504,F,107,879.32,0.615,28.11,0,5.0,6.94,74.5,23.69,57.46,72.99,1,81.25,1
406,2024,Sudeste,ES,Urbana,Pequeno,7184,F,94,1015.62,0.653,27.57,0,6.08,4.37,46.5,20.48,36.27,79.09,0,92.51,0
407,2024,Norte,TO,Urbana,Médio,162531,M,105,553.3,0.632,28.43,0,3.25,8.61,54.41,22.67,33.87,61.76,1,83.29,1
408,2022,Centro-Oeste,DF,Urbana,Médio,67514,M,104,634.32,0.607,34.7,1,5.34,4.77,62.13,18.6,44.8,72.55,0,98.2,1
409,2022,Sul,RS,Urbana,Pequeno,7218,F,85,641.56,0.81,19.76,0,4.35,3.82,82.8,17.35,66.79,76.92,0,78.57,1
410,2023,Sudeste,SP,Rural,Médio,130270,F,103,1112.55,0.634,26.33,0,3.11,6.52,48.32,24.17,60.02,80.76,1,73.03,0
411,2023,Sul,RS,Urbana,Grande,2279421,M,84,735.67,0.797,18.91,0,1.85,7.25,74.52,21.9,56.5,68.37,1,94.11,0
412,2022,Norte,RO,Urbana,Pequeno,19627,F,96,716.22,0.749,29.31,0,7.47,6.19,54.32,20.19,54.76,65.09,1,94.81,1
413,2022,Nordeste,CE,Urbana,Médio,93095,F,90,744.76,0.631,8.53,0,4.48,7.55,66.48,17.58,50.85,58.04,0,,1
414,2022,Norte,RO,Urbana,Médio,151640,F,89,489.78,0.697,18.21,0,4.77,7.19,64.91,22.92,63.92,64.94,0,86.37,0
415,2024,Sudeste,SP,Urbana,Grande,6054877,M,96,1406.09,0.71,28.15,0,6.64,7.84,97.15,20.72,40.61,74.82,1,99.45,0
416,2024,Centro-Oeste,DF,Urbana,Pequeno,15525,F,100,239.21,0.695,33.87,0,,8.59,73.13,21.91,70.28,70.23,0,79.3,0
417,2024,Sudeste,RJ,Urbana,Pequeno,6495,M,87,,0.737,33.44,0,6.19,7.42,100.0,12.06,56.14,75.74,1,88.89,0
418,2022,Sudeste,ES,Rural,Pequeno,8228,M,101,1018.95,0.878,30.63,0,5.81,7.45,53.07,26.88,61.49,71.05,0,83.16,1
419,2023,Sudeste,MG,Urbana,Pequeno,12706,F,84,1119.53,0.678,28.15,0,7.36,5.56,94.71,23.77,63.92,74.21,0,87.55,1
420,2023,Norte,RO,Urbana,Pequeno,2338,M,97,773.0,0.733,23.68,0,,4.77,39.42,22.07,76.9,61.93,1,,0
421,2023,Nordeste,PE,Urbana,Pequeno,11597,M,107,479.7,0.669,14.45,0,2.74,4.44,66.35,24.38,50.8,76.1,1,76.96,1
422,2022,Centro-Oeste,MT,Urbana,Pequeno,19299,F,91,846.57,0.532,27.55,1,6.41,7.83,63.48,23.99,56.84,71.46,1,75.07,0
423,2024,Nordeste,SE,Urbana,Pequeno,13431,M,91,924.0,0.683,35.39,1,2.56,5.53,63.43,24.92,55.86,71.41,1,76.07,0
424,2022,Sudeste,MG,Urbana,Pequeno,8109,F,99,644.66,0.602,21.44,0,5.83,7.26,73.42,20.31,45.18,69.3,1,89.91,0
425,2023,Sudeste,RJ,Urbana,Grande,4877344,M,84,912.42,0.62,15.28,0,5.39,7.2,70.08,20.39,33.53,74.2,0,99.73,0
426,2024,Sudeste,ES,Rural,Pequeno,5049,F,100,828.17,0.717,21.71,1,5.4,7.13,83.16,21.87,28.91,77.89,1,82.9,0
427,2023,Nordeste,MA,Urbana,Pequeno,8718,F,89,838.65,0.618,27.73,0,2.82,4.78,87.92,18.42,42.02,68.57,0,87.42,1
428,2024,Sudeste,RJ,Urbana,Pequeno,7639,M,100,1711.86,0.617,20.03,1,3.82,5.99,67.79,18.61,68.96,73.72,0,76.03,1
429,2023,Sudeste,SP,Urbana,Médio,44631,M,103,1339.79,0.704,21.52,0,6.07,5.97,80.57,22.34,67.76,71.27,0,77.56,1
430,2022,Sul,SC,Urbana,Pequeno,7068,F,85,1260.75,0.748,29.42,0,7.33,7.25,100.0,18.37,32.01,71.29,1,97.6,1
431,2024,Sudeste,MG,Urbana,Pequeno,14629,M,85,982.95,0.659,19.46,0,5.28,4.8,54.39,26.29,47.05,71.5,0,95.56,0
432,2023,Norte,AP,Urbana,Pequeno,10354,M,102,1041.19,0.641,31.66,0,3.43,6.93,43.72,21.56,69.67,68.58,0,73.08,0
433,2022,Sudeste,SP,Rural,Pequeno,19678,F,86,970.51,0.689,23.84,0,4.64,8.23,65.51,20.23,35.85,67.93,0,94.0,0
434,2022,Nordeste,MA,Urbana,Médio,104443,F,85,1315.32,0.635,16.44,0,2.49,4.51,74.2,22.19,52.06,62.6,0,86.96,0
435,2024,Centro-Oeste,MT,Rural,Pequeno,12495,M,96,695.57,0.725,18.2,0,5.23,9.6,81.84,22.44,67.21,61.49,1,100.0,0
436,2024,Sudeste,ES,Urbana,Médio,59251,M,84,580.82,0.649,10.28,1,5.55,5.61,85.26,21.72,83.62,69.71,1,81.97,0
437,2023,Centro-Oeste,DF,Urbana,Médio,139942,M,94,650.5,0.675,18.46,0,4.19,7.3,63.28,30.9,68.24,65.2,1,85.27,0
438,2024,Sudeste,RJ,Rural,Pequeno,16466,F,86,733.87,0.593,23.99,0,5.22,6.54,77.32,25.15,79.48,72.48,1,84.43,0
439,2024,Sul,SC,Urbana,Médio,126620,F,95,,0.717,20.33,1,4.17,5.22,72.2,14.53,78.65,66.44,1,89.31,0
440,2023,Norte,AC,Urbana,Médio,50871,F,88,635.05,0.646,38.81,0,3.23,4.85,79.09,17.9,53.33,68.2,0,83.3,0
441,2023,Nordeste,PI,Rural,Médio,190414,M,104,641.5,0.511,43.62,0,4.4,8.1,64.27,21.95,33.39,60.33,1,89.24,1
442,2024,Nordeste,PB,Rural,Pequeno,19001,F,95,786.72,0.58,16.41,1,6.36,5.76,78.6,26.65,60.3,64.43,1,91.04,1
443,2022,Norte,PA,Urbana,Pequeno,19882,M,102,927.94,0.609,27.39,1,5.86,6.44,71.51,22.04,90.74,72.26,0,91.13,0
444,2022,Sudeste,MG,Urbana,Pequeno,10775,F,88,1302.74,0.687,31.48,1,4.41,1.98,89.27,20.03,48.91,68.56,1,90.48,1
445,2024,Nordeste,PE,Urbana,Pequeno,14418,F,88,,0.588,23.05,1,5.49,7.53,46.06,20.21,49.06,72.47,1,75.5,1
446,2024,Sudeste,ES,Urbana,Pequeno,6089,M,88,1011.17,0.683,27.15,1,6.6,4.58,93.17,19.97,50.91,70.65,1,87.16,0
447,2024,Sudeste,ES,Urbana,Médio,45686,F,85,669.25,0.693,14.9,0,4.72,9.02,75.75,18.23,31.58,62.89,1,87.41,0
448,2024,Centro-Oeste,GO,Rural,Grande,7207086,M,88,1340.57,0.687,23.26,0,5.03,6.66,59.34,16.42,49.76,81.18,0,80.39,0
449,2022,Sudeste,MG,Urbana,Grande,7686198,F,88,1060.5,0.751,27.79,1,5.97,5.31,81.66,19.37,72.77,73.39,1,76.64,0
450,2022,Nordeste,AL,Urbana,Pequeno,17565,M,102,962.36,0.728,28.44,1,2.64,5.15,31.33,29.78,66.24,65.32,0,77.89,0
451,2024,Sudeste,SP,Urbana,Pequeno,15502,M,85,852.22,0.656,15.44,0,4.75,7.29,99.33,14.5,41.32,67.54,0,83.41,0
452,2022,Nordeste,MA,Urbana,Pequeno,2200,F,107,1114.08,0.684,25.45,1,5.26,9.55,71.05,25.39,60.73,68.0,1,90.97,0
453,2024,Sul,PR,Urbana,Médio,42383,M,106,970.64,0.653,13.5,1,5.39,7.99,93.77,19.86,71.37,71.48,1,93.7,0
454,2022,Nordeste,MA,Urbana,Pequeno,19972,F,88,826.5,0.722,39.65,0,4.04,6.38,73.89,19.34,27.25,58.39,1,77.35,0
455,2022,Centro-Oeste,DF,Urbana,Pequeno,12540,M,84,669.79,0.751,20.99,0,2.5,6.26,92.04,18.34,57.88,68.23,0,77.84,1
456,2022,Sul,PR,Rural,Pequeno,16465,M,98,1136.32,0.717,27.57,0,4.14,7.68,64.7,22.25,35.85,68.4,1,95.52,0
457,2022,Nordeste,PE,Urbana,Pequeno,5296,M,86,409.63,0.629,39.71,0,4.51,5.81,75.11,25.69,45.48,76.17,0,80.06,0
458,2024,Sul,PR,Urbana,Pequeno,15786,F,96,1110.76,0.736,29.99,1,5.52,5.75,71.52,24.96,81.27,78.24,0,86.98,1
459,2022,Sudeste,ES,Urbana,Pequeno,19516,M,85,988.41,0.769,27.97,0,7.26,7.81,71.31,16.63,83.47,73.88,0,100.0,0
460,2024,Sudeste,RJ,Rural,Pequeno,7577,F,84,1365.61,0.723,15.5,0,3.29,2.88,86.07,19.9,59.79,75.65,1,100.0,0
461,2022,Sudeste,ES,Urbana,Pequeno,16450,M,86,1479.84,0.77,15.01,0,3.77,7.42,69.85,13.53,66.31,73.69,1,86.22,0
462,2023,Sul,SC,Urbana,Pequeno,9653,M,107,1312.62,0.663,27.0,0,5.22,7.79,80.97,21.97,77.26,80.45,1,80.86,0
463,2023,Sudeste,MG,Urbana,Grande,7314117,F,85,1105.8,0.739,21.77,1,5.85,4.97,79.2,24.57,85.29,73.58,1,85.72,1
464,2024,Nordeste,SE,Rural,Médio,148712,M,97,817.48,0.568,19.0,0,4.43,5.37,70.19,25.25,49.44,68.68,1,74.81,0
465,2022,Sudeste,ES,Urbana,Grande,6937865,M,107,1039.01,0.737,21.42,1,3.7,7.19,66.31,22.8,81.06,74.84,0,94.71,0
466,2023,Sul,RS,Urbana,Pequeno,4969,F,104,592.56,0.761,1.0,0,7.46,5.81,74.35,24.55,32.85,71.61,0,79.11,1
467,2024,Sul,SC,Urbana,Médio,41291,M,98,935.32,0.678,15.19,1,5.54,5.47,70.84,30.13,100.0,65.98,0,97.46,0
468,2023,Nordeste,PB,Urbana,Pequeno,17886,M,101,660.51,0.591,22.11,0,1.78,5.29,58.78,25.76,63.11,64.96,0,98.69,0
469,2024,Sudeste,SP,Urbana,Pequeno,10102,F,104,954.87,0.626,26.07,1,6.08,4.65,78.87,22.22,67.0,68.08,1,80.32,0
470,2022,Nordeste,CE,Urbana,Grande,2901678,M,106,1175.26,0.682,20.08,0,6.57,6.71,52.63,21.53,51.27,65.81,0,97.91,0
471,2024,Nordeste,BA,Rural,Grande,2380864,F,99,729.07,0.709,23.1,0,5.55,4.4,82.83,22.89,52.53,58.46,1,100.0,0
472,2023,Sul,RS,Urbana,Pequeno,17109,F,98,1443.84,0.738,23.97,1,5.3,6.55,79.0,24.44,49.67,63.92,1,86.41,1
473,2023,Sudeste,ES,Urbana,Pequeno,5211,M,95,1004.63,0.588,21.09,0,5.02,8.12,90.59,18.84,93.21,71.73,0,89.75,1
474,2023,Nordeste,CE,Urbana,Médio,154474,M,85,191.1,0.718,41.5,1,5.95,7.44,67.19,14.29,56.0,71.61,0,85.35,1
475,2022,Sudeste,MG,Urbana,Pequeno,10325,F,92,1135.97,0.736,24.72,0,7.74,6.01,83.7,21.74,53.12,72.85,0,82.15,1
476,2022,Nordeste,SE,Urbana,Pequeno,16080,F,87,736.22,0.724,38.87,1,4.73,4.33,95.28,26.03,47.28,75.62,0,98.63,0
477,2024,Sudeste,MG,Urbana,Médio,62512,M,106,755.28,0.723,28.16,1,4.65,6.14,73.53,22.27,84.48,72.86,1,90.53,0
478,2022,Nordeste,CE,Urbana,Pequeno,11112,F,87,564.05,0.68,25.36,1,7.22,7.24,71.58,21.03,49.91,76.21,0,100.0,1
479,2023,Nordeste,CE,Urbana,Médio,47359,F,102,597.99,0.729,25.84,0,4.25,5.54,42.8,20.44,59.65,69.62,0,98.9,0
480,2023,Sudeste,SP,Urbana,Médio,50724,F,94,1012.0,0.654,13.64,0,5.61,7.14,52.38,19.38,68.88,67.0,1,83.41,1
481,2022,Nordeste,MA,Urbana,Pequeno,10178,M,93,693.07,0.756,18.47,0,7.26,6.25,60.88,21.97,63.23,76.98,0,75.77,0
482,2022,Sul,SC,Urbana,Médio,111630,M,103,893.59,0.833,28.71,1,9.0,4.93,90.48,15.37,59.36,64.51,1,86.54,1
483,2024,Nordeste,CE,Rural,Pequeno,15594,F,91,700.88,0.604,32.14,0,4.37,5.5,74.67,20.35,41.6,70.66,0,77.59,0
484,2024,Sudeste,RJ,Urbana,Grande,10580845,M,94,767.46,0.635,20.99,0,3.59,7.5,85.06,25.3,69.9,74.69,1,80.83,0
485,2024,Sudeste,SP,Rural,Pequeno,19185,M,101,1098.09,0.731,18.86,0,3.48,5.1,75.18,12.32,59.05,69.68,1,81.23,1
486,2024,Nordeste,AL,Urbana,Grande,2196931,F,86,795.82,0.608,26.39,0,5.34,7.34,71.36,24.18,23.44,66.91,1,82.75,1
487,2024,Sudeste,SP,Urbana,Pequeno,3900,M,90,1188.42,0.758,15.08,0,5.15,8.53,99.01,24.58,70.46,78.18,0,88.17,1
488,2024,Sul,PR,Urbana,Médio,172796,F,97,1326.93,0.714,19.3,0,3.6,8.0,84.98,26.91,70.89,58.04,0,86.04,0
489,2024,Sudeste,ES,Urbana,Pequeno,15744,F,106,627.97,0.685,39.5,0,3.81,6.69,100.0,22.21,77.14,69.81,0,83.93,1
490,2024,Nordeste,SE,Urbana,Médio,90763,M,86,772.74,0.574,30.3,0,5.08,4.28,61.27,24.75,51.69,67.06,0,95.44,0
491,2023,Sul,PR,Urbana,Médio,25587,M,88,630.89,0.686,12.07,0,4.65,4.51,63.12,17.76,40.1,76.66,0,84.01,0
492,2024,Sudeste,RJ,Urbana,Médio,58361,M,98,1263.92,0.678,21.63,1,4.57,5.05,76.98,21.77,72.83,69.05,1,80.96,0
493,2024,Norte,AC,Urbana,Grande,6183145,F,100,339.61,0.673,25.78,1,3.28,7.08,36.32,19.35,56.91,76.14,1,98.83,0
494,2024,Sudeste,MG,Urbana,Pequeno,13401,M,88,1009.0,0.779,24.56,0,6.25,7.55,80.68,12.23,46.81,78.42,0,94.85,1
495,2024,Sudeste,MG,Urbana,Pequeno,12665,M,88,1373.37,0.739,13.15,0,6.69,6.39,50.36,14.27,44.41,65.3,0,81.85,0
496,2022,Nordeste,CE,Urbana,Médio,174773,M,86,509.57,0.678,23.17,1,3.05,3.98,71.56,26.59,64.55,72.77,0,82.77,1
497,2024,Centro-Oeste,GO,Urbana,Médio,107733,M,84,1014.49,0.682,38.99,0,4.34,7.15,75.22,27.14,51.31,71.19,0,81.12,0
498,2024,Sudeste,SP,Urbana,Pequeno,4019,M,87,898.38,0.711,23.54,1,6.9,7.23,60.22,28.93,66.25,66.03,1,100.0,0
499,2022,Nordeste,SE,Urbana,Médio,28683,F,95,728.41,0.637,33.31,0,3.12,7.36,59.64,22.67,44.52,74.88,0,77.36,0
500,2023,Sudeste,ES,Urbana,Pequeno,11402,F,102,1070.9,0.738,17.21,0,5.29,4.99,80.18,14.8,96.05,75.46,1,82.86,1
501,2022,Sudeste,ES,Urbana,Pequeno,8326,M,103,717.35,0.628,28.31,0,5.42,6.34,56.71,18.72,53.33,64.47,1,93.82,1
502,2023,Norte,AP,Urbana,Pequeno,8099,F,103,652.18,0.656,30.9,0,3.07,7.44,81.8,18.52,49.34,67.12,1,81.24,0
503,2022,Nordeste,MA,Urbana,Médio,132837,M,85,1264.03,0.607,6.5,0,5.28,5.68,48.17,16.92,49.12,62.27,1,81.78,0
504,2024,Sul,RS,Urbana,Médio,117192,F,94,1516.3,0.619,17.9,0,4.89,7.91,68.37,20.56,78.41,80.3,0,86.96,1
505,2022,Sudeste,RJ,Urbana,Pequeno,5203,F,88,546.7,0.669,16.0,0,7.56,7.22,95.33,23.98,84.75,80.79,0,94.55,1
506,2023,Nordeste,PE,Urbana,Pequeno,11058,M,106,921.15,0.634,28.82,1,7.49,5.75,73.89,20.44,43.75,78.06,1,77.11,1
507,2023,Sul,PR,Urbana,Grande,822843,F,103,940.63,0.664,20.6,0,8.22,7.42,89.32,28.37,68.23,79.1,0,91.8,0
508,2023,Sudeste,SP,Urbana,Pequeno,8101,M,104,997.69,0.73,10.93,0,6.62,7.82,61.64,19.22,46.7,68.22,1,94.27,1
509,2022,Sul,RS,Urbana,Grande,4785859,M,106,1013.7,0.776,31.91,1,6.03,6.64,66.08,22.81,32.68,78.56,1,84.32,0
510,2023,Nordeste,SE,Urbana,Grande,2698779,F,91,616.83,0.638,31.49,1,4.95,3.35,76.38,22.61,100.0,66.56,0,88.35,1
511,2023,Centro-Oeste,DF,Urbana,Médio,196996,M,91,616.23,0.759,20.22,0,6.06,6.77,37.65,24.68,58.94,68.6,0,89.74,0
512,2023,Sudeste,ES,Urbana,Médio,34966,M,104,1087.94,0.66,30.09,1,4.22,6.71,63.31,21.43,82.25,72.09,0,75.66,0
513,2024,Nordeste,PE,Urbana,Grande,9876055,F,89,685.88,0.755,45.64,1,6.55,3.33,45.08,21.31,56.24,67.51,1,100.0,0
514,2022,Nordeste,AL,Urbana,Grande,5003738,F,94,714.63,0.626,30.06,0,3.74,7.27,67.92,31.9,61.24,68.02,0,72.44,1
515,2024,Nordeste,RN,Urbana,Pequeno,4630,M,85,583.98,0.657,29.96,1,5.02,6.03,63.91,32.28,52.97,67.1,0,92.29,0
516,2024,Sudeste,MG,Urbana,Médio,150062,F,85,1490.66,0.698,21.0,1,7.15,6.36,63.88,23.75,49.81,74.17,1,93.73,1
517,2022,Sudeste,RJ,Urbana,Pequeno,17484,M,100,1104.07,0.743,25.57,0,5.49,6.71,78.65,23.1,84.2,71.78,0,95.23,1
518,2022,Nordeste,PI,Urbana,Pequeno,15125,M,88,704.69,0.647,20.49,0,4.2,5.01,70.64,22.08,70.57,63.83,1,87.28,0
519,2023,Sudeste,SP,Urbana,Médio,49458,M,84,967.13,0.545,11.41,0,5.74,3.68,72.8,16.91,68.72,71.4,0,92.87,0
520,2023,Centro-Oeste,MS,Rural,Pequeno,2705,F,104,1317.32,0.672,34.22,0,5.36,5.21,79.18,23.17,67.34,64.96,0,92.16,0
521,2022,Sudeste,SP,Urbana,Grande,1400617,F,93,1035.84,0.76,19.04,0,4.98,7.19,56.37,26.15,63.49,66.82,1,84.76,1
522,2024,Nordeste,PI,Urbana,Grande,4391359,F,106,1186.01,0.634,24.23,1,3.2,4.94,62.9,25.52,48.51,62.16,1,87.38,0
523,2023,Centro-Oeste,MT,Urbana,Médio,112964,M,91,592.18,0.694,24.5,0,3.63,6.07,91.33,30.21,83.79,64.36,1,90.47,0
524,2023,Sudeste,MG,Urbana,Grande,704740,M,99,1455.81,0.713,20.84,0,5.04,5.71,76.73,19.38,61.88,67.55,0,87.5,1
525,2022,Sul,RS,Urbana,Pequeno,14867,F,105,898.45,0.667,15.35,0,4.67,3.51,92.08,20.52,50.58,65.61,1,90.07,0
526,2022,Centro-Oeste,GO,Urbana,Pequeno,3652,M,92,918.43,0.627,15.83,1,4.4,4.23,90.46,25.58,25.97,62.88,0,100.0,0
527,2023,Sul,RS,Urbana,Médio,148682,F,85,945.6,0.733,17.8,1,3.44,6.3,73.65,28.7,31.44,69.85,1,87.63,0
528,2023,Sudeste,ES,Urbana,Médio,111202,M,104,754.55,0.709,29.04,0,4.57,6.18,42.84,20.84,57.29,66.83,0,97.14,0
529,2023,Norte,AP,Urbana,Pequeno,13806,M,96,759.56,0.601,28.41,1,4.14,7.0,56.42,19.64,66.62,63.88,0,79.61,1
530,2023,Centro-Oeste,MS,Urbana,Pequeno,10437,M,93,847.81,0.63,32.36,0,4.78,8.07,43.06,26.99,44.91,71.31,0,98.71,1
531,2024,Sudeste,RJ,Urbana,Grande,3487373,M,84,1482.01,0.665,26.83,0,5.28,6.54,47.86,18.54,80.83,71.8,1,100.0,0
532,2022,Sudeste,RJ,Urbana,Médio,184158,M,106,852.44,0.655,20.63,0,5.08,4.92,91.58,19.95,90.17,71.56,1,82.61,0
533,2023,Sudeste,RJ,Urbana,Grande,7089093,M,100,1081.83,0.693,17.37,1,4.42,4.27,85.54,15.72,29.8,76.04,0,85.66,0
534,2022,Sul,SC,Urbana,Pequeno,2890,M,94,1045.99,0.714,1.82,0,5.43,7.15,53.7,20.24,44.1,74.97,1,93.27,0
535,2024,Centro-Oeste,MT,Urbana,Grande,1864270,F,86,788.03,0.658,29.05,0,5.53,8.75,60.02,14.55,73.61,66.39,0,81.01,1
536,2023,Sul,SC,Urbana,Pequeno,3246,M,100,994.33,0.712,15.71,0,6.67,5.24,57.55,21.25,43.4,62.64,0,88.69,1
537,2024,Nordeste,BA,Urbana,Pequeno,11391,M,99,723.01,0.604,28.08,1,3.23,6.51,56.23,23.57,45.34,65.66,0,90.68,0
538,2022,Nordeste,AL,Urbana,Médio,171888,M,85,1276.17,0.6,21.68,0,5.46,5.58,52.96,21.15,41.25,69.98,0,86.06,0
539,2024,Sudeste,MG,Urbana,Pequeno,4308,F,96,980.67,0.647,19.34,0,4.69,7.02,57.36,24.52,70.13,65.49,1,79.13,0
540,2023,Sudeste,ES,Urbana,Médio,46657,M,95,1013.89,0.758,20.96,1,6.39,7.23,72.71,18.89,55.75,64.15,0,100.0,0
541,2023,Sudeste,RJ,Urbana,Pequeno,2640,M,92,1421.05,0.637,26.85,0,5.16,6.0,77.43,23.23,83.55,78.54,0,89.94,1
542,2022,Sul,PR,Urbana,Pequeno,6231,M,97,,0.651,12.26,0,4.57,5.19,62.77,23.62,100.0,75.35,1,89.84,0
543,2023,Sul,RS,Urbana,Médio,138519,F,88,1063.85,0.684,23.18,0,5.56,4.5,69.2,23.14,92.17,69.89,1,87.43,0
544,2024,Sudeste,ES,Urbana,Pequeno,19807,M,94,1376.74,0.639,19.19,0,5.09,5.14,70.33,33.09,95.42,64.3,1,86.5,1
545,2024,Sudeste,SP,Urbana,Grande,2005032,M,105,1241.54,0.699,33.48,0,5.53,5.83,82.42,18.27,99.19,63.05,0,93.62,1
546,2023,Sul,RS,Urbana,Pequeno,8333,M,102,511.18,0.675,19.15,0,6.15,5.97,63.46,20.2,70.14,71.62,1,88.59,1
547,2023,Centro-Oeste,DF,Rural,Pequeno,19419,M,98,960.81,0.667,36.6,1,6.67,9.41,62.93,17.85,57.76,69.0,1,90.75,0
548,2023,Norte,PA,Urbana,Médio,90999,F,100,666.37,0.677,30.47,0,2.75,6.68,62.82,26.4,40.0,68.37,1,76.36,0
549,2022,Centro-Oeste,DF,Urbana,Pequeno,12393,M,87,980.91,0.634,37.25,1,5.25,9.95,60.4,16.9,47.98,69.15,0,81.32,0
550,2024,Nordeste,PI,Urbana,Pequeno,7409,F,86,771.02,0.655,24.84,1,2.92,3.4,40.56,26.94,27.39,78.25,1,83.88,0
551,2022,Sudeste,SP,Urbana,Pequeno,4612,M,101,874.78,0.746,18.83,0,4.18,5.44,94.73,16.84,77.47,71.74,1,86.39,1
552,2024,Sul,PR,Urbana,Médio,150120,F,107,873.68,0.743,16.5,0,6.06,7.97,86.43,21.8,100.0,69.42,0,100.0,1
553,2023,Sudeste,SP,Urbana,Pequeno,8868,F,96,655.32,0.611,44.71,1,6.91,5.35,73.74,18.14,40.88,68.56,0,81.44,1
554,2022,Centro-Oeste,MS,Rural,Grande,10294990,F,98,891.31,0.733,13.21,0,,3.3,66.54,28.48,70.68,60.9,0,93.73,0
555,2022,Norte,AC,Urbana,Pequeno,19350,F,100,1008.23,0.641,31.54,1,5.04,7.33,61.4,26.84,56.96,70.79,0,92.37,0
556,2022,Nordeste,PI,Rural,Pequeno,7209,F,95,767.56,0.566,29.54,0,6.57,6.05,49.17,18.77,40.15,74.89,1,84.38,0
557,2022,Nordeste,BA,Urbana,Pequeno,8380,M,84,1258.59,0.663,27.35,1,4.7,4.81,64.94,24.25,48.2,67.55,1,83.27,0
558,2024,Sul,PR,Urbana,Médio,113024,M,97,854.06,0.736,2.31,0,6.65,6.04,60.56,18.87,9.25,66.19,1,85.28,1
559,2024,Nordeste,RN,Urbana,Grande,2055671,F,85,923.15,0.692,36.5,0,4.77,5.24,65.09,21.75,43.61,53.41,1,74.93,1
560,2023,Nordeste,CE,Urbana,Pequeno,17574,F,94,,0.628,31.95,1,4.97,4.51,79.23,24.79,62.96,60.47,0,77.38,0
561,2023,Sul,PR,Urbana,Grande,9254492,M,105,1050.04,0.679,33.62,0,5.32,4.22,67.59,22.21,57.04,68.82,1,90.16,1
562,2024,Sudeste,RJ,Urbana,Pequeno,12727,F,88,1241.34,0.765,25.92,1,6.16,5.02,76.58,22.6,40.57,73.87,1,89.52,0
563,2023,Nordeste,PE,Urbana,Pequeno,10753,M,106,487.18,0.597,38.68,0,3.06,6.92,60.17,25.21,72.34,69.87,1,80.26,0
564,2024,Norte,PA,Urbana,Pequeno,12922,M,84,953.6,0.552,30.67,0,4.3,4.7,56.23,23.6,58.73,67.15,0,92.05,0
565,2022,Nordeste,MA,Urbana,Pequeno,10115,M,86,628.58,0.733,24.77,0,3.44,5.2,87.4,23.27,96.39,67.15,0,74.69,1
566,2024,Nordeste,PI,Urbana,Pequeno,9042,F,103,1119.78,0.688,25.82,0,4.02,5.58,69.03,14.06,51.55,68.64,1,88.29,1
567,2022,Sul,SC,Urbana,Pequeno,19295,M,85,475.91,0.649,11.01,0,5.75,2.25,68.49,24.7,66.41,71.98,0,88.86,0
568,2022,Nordeste,PI,Urbana,Pequeno,3274,M,98,1227.7,0.699,27.2,1,5.99,3.99,100.0,20.15,86.47,67.58,1,86.95,0
569,2023,Sul,SC,Urbana,Pequeno,8297,F,99,1021.14,0.653,19.16,0,5.13,8.66,88.15,22.66,50.01,67.13,1,89.91,1
570,2023,Nordeste,RN,Urbana,Médio,44139,M,102,693.85,0.71,19.33,0,4.69,5.57,56.0,17.69,25.5,64.69,0,74.41,1
571,2022,Sudeste,MG,Urbana,Médio,38150,F,95,906.49,0.756,22.16,0,6.55,7.95,67.42,21.01,59.01,63.97,1,86.44,1
572,2023,Nordeste,CE,Urbana,Pequeno,7433,F,106,582.31,0.674,17.46,1,3.02,5.12,46.62,19.68,55.74,65.86,1,83.1,0
573,2024,Sudeste,RJ,Rural,Pequeno,11735,M,88,1345.96,0.736,11.44,0,4.64,6.6,70.54,16.82,39.4,74.25,1,91.37,0
574,2024,Sudeste,RJ,Urbana,Médio,131224,F,85,884.04,0.618,11.26,0,5.19,7.4,74.9,25.27,71.15,75.64,1,,0
575,2022,Sudeste,ES,Rural,Pequeno,16144,F,88,1207.09,0.642,22.36,0,5.03,7.62,85.84,23.79,64.2,65.63,0,74.19,1
576,2023,Sudeste,SP,Urbana,Médio,37599,F,94,855.45,0.684,12.08,0,6.58,7.76,97.39,28.31,27.67,65.53,1,83.66,0
577,2023,Sudeste,SP,Rural,Grande,2657643,F,87,1258.17,0.66,11.32,0,3.57,4.92,70.02,16.57,67.84,70.27,1,90.49,1
578,2024,Nordeste,PB,Urbana,Pequeno,4356,M,87,1088.3,0.541,35.86,1,3.91,9.58,69.35,13.83,62.36,64.9,1,82.02,0
579,2023,Nordeste,PE,Urbana,Médio,45731,F,91,839.78,0.537,21.56,1,2.76,2.98,41.67,24.31,51.5,67.21,1,89.81,0
580,2024,Sudeste,ES,Urbana,Médio,133375,F,101,897.95,0.704,10.0,0,6.35,7.57,94.0,19.69,59.06,80.05,0,92.84,0
581,2023,Nordeste,MA,Urbana,Médio,23547,F,91,785.72,0.725,47.44,1,4.95,6.29,70.24,22.67,94.47,64.75,1,74.96,0
582,2022,Sudeste,MG,Urbana,Pequeno,7356,F,94,875.63,0.712,19.09,0,,5.7,69.96,22.86,87.41,67.26,1,82.56,0
583,2024,Sul,SC,Urbana,Médio,85119,M,102,960.89,0.721,21.04,1,5.47,5.79,42.61,23.61,57.02,75.14,0,,1
584,2022,Sudeste,RJ,Urbana,Médio,165295,F,92,1030.75,0.708,10.49,0,5.85,3.19,86.41,27.63,61.54,78.0,1,85.55,0
585,2024,Sul,RS,Urbana,Grande,5539488,M,92,1250.63,0.746,15.65,0,6.47,6.52,78.07,14.96,75.56,72.69,1,85.73,1
586,2023,Sudeste,SP,Urbana,Pequeno,2204,M,107,960.74,0.67,22.14,1,5.21,6.17,89.58,22.61,65.25,72.24,0,85.08,1
587,2023,Sul,RS,Urbana,Pequeno,9410,M,100,723.21,0.715,6.01,0,4.54,8.0,61.32,18.24,64.4,71.44,0,86.88,1
588,2022,Sudeste,ES,Urbana,Pequeno,12164,M,93,1253.93,0.761,33.03,1,5.17,2.67,49.43,19.82,44.68,75.57,1,85.5,0
589,2023,Sul,SC,Urbana,Pequeno,13323,M,103,,0.656,30.38,1,4.15,5.61,100.0,24.16,82.62,66.04,1,90.48,1
590,2022,Sul,RS,Rural,Médio,68137,M,103,1231.06,0.641,21.07,0,3.01,6.07,54.05,21.45,83.82,80.52,0,92.19,0
591,2024,Sudeste,ES,Urbana,Médio,94468,F,95,891.82,0.661,21.3,1,6.74,7.47,48.22,23.23,61.28,71.69,0,97.02,0
592,2024,Sudeste,RJ,Urbana,Médio,155572,M,93,1091.93,0.646,9.1,0,6.9,4.89,66.11,29.82,51.28,73.21,1,78.55,0
593,2024,Norte,AP,Rural,Grande,10013729,M,90,813.88,0.728,28.34,0,3.42,8.37,68.11,27.01,55.29,68.68,0,96.62,0
594,2023,Sudeste,RJ,Urbana,Pequeno,19893,F,92,906.7,0.778,23.55,0,,6.8,72.15,26.92,86.99,77.51,1,85.63,1
595,2022,Sul,SC,Urbana,Pequeno,11522,F,86,1123.43,0.769,29.42,1,,6.56,100.0,25.89,52.49,82.9,0,83.43,0
596,2022,Centro-Oeste,MT,Urbana,Médio,189251,F,91,505.43,0.703,28.51,1,5.71,8.42,85.56,32.62,100.0,61.46,1,92.23,0
597,2022,Sudeste,SP,Rural,Médio,30530,M,96,970.3,0.771,13.14,0,5.67,6.97,60.63,26.77,99.15,68.36,1,100.0,0
598,2022,Sudeste,MG,Rural,Pequeno,17419,M,97,1392.94,0.606,18.21,1,7.15,6.64,42.28,16.16,46.27,76.17,1,84.81,0
599,2022,Sudeste,RJ,Rural,Médio,114310,M,89,686.47,0.741,28.71,0,6.02,6.2,86.97,21.66,43.84,75.6,0,86.13,0
600,2022,Sudeste,MG,Urbana,Pequeno,11641,F,104,1164.95,0.686,9.06,0,6.61,6.89,21.93,24.88,81.27,69.99,0,83.72,1
601,2024,Norte,RR,Urbana,Pequeno,16753,M,101,426.01,0.662,29.98,0,6.94,5.74,73.94,26.65,55.74,81.21,0,79.06,0
602,2024,Sudeste,ES,Urbana,Pequeno,14230,F,103,983.96,0.633,24.45,1,6.49,7.36,71.68,27.61,80.56,78.44,1,92.03,0
603,2022,Sul,SC,Urbana,Grande,5223961,F,103,1037.34,0.694,30.71,0,5.8,5.26,82.7,21.54,59.43,66.94,1,95.43,0
604,2022,Sul,SC,Urbana,Médio,149597,F,98,1092.15,0.677,24.44,1,,8.22,71.18,14.41,56.3,77.65,0,100.0,0
605,2023,Sudeste,ES,Urbana,Médio,150096,F,105,1146.99,0.718,22.71,0,5.42,6.09,89.65,30.31,67.73,71.47,1,95.32,0
606,2023,Nordeste,PE,Rural,Médio,66651,F,102,780.44,0.678,33.37,1,4.59,7.14,56.29,32.52,69.24,62.86,0,84.01,1
607,2024,Norte,RO,Urbana,Pequeno,13544,F,90,881.11,0.604,25.96,0,4.34,4.52,35.96,24.17,56.17,65.66,1,90.44,0
608,2022,Centro-Oeste,MS,Urbana,Pequeno,4547,M,86,997.25,0.662,10.6,1,7.54,6.52,61.84,23.3,43.69,68.59,1,71.36,1
609,2023,Sudeste,RJ,Rural,Pequeno,16493,M,98,915.84,0.776,35.51,1,2.72,5.7,73.66,23.25,33.41,62.78,1,77.3,0
610,2022,Nordeste,PB,Urbana,Pequeno,18300,M,92,,0.725,24.83,0,5.18,4.81,64.97,20.27,62.68,61.89,0,85.17,0
611,2023,Norte,RR,Urbana,Médio,58149,F,104,839.12,0.653,22.79,0,3.92,4.6,77.39,24.25,9.69,67.46,1,87.88,1
612,2023,Sudeste,ES,Rural,Médio,140858,F,102,1229.81,0.705,18.78,1,5.87,6.79,71.52,20.02,81.01,69.82,0,100.0,0
613,2023,Sul,SC,Urbana,Pequeno,17909,M,106,732.98,0.716,24.0,1,7.16,7.52,63.62,18.61,59.65,69.59,1,89.28,1
614,2023,Nordeste,BA,Urbana,Pequeno,16184,F,98,948.99,0.677,18.79,0,4.48,5.91,50.17,17.18,64.86,60.83,1,85.81,1
615,2023,Nordeste,PE,Urbana,Médio,174447,F,87,1051.04,0.63,26.62,0,5.64,5.0,54.12,24.75,39.35,66.86,1,82.87,0
616,2022,Nordeste,PE,Urbana,Médio,149868,M,104,,0.589,31.32,1,6.34,4.94,90.73,19.3,53.48,74.84,0,95.54,1
617,2023,Sudeste,ES,Rural,Médio,181587,M,106,1151.73,0.712,22.73,1,4.35,8.97,83.48,18.35,42.42,68.92,1,87.69,0
618,2023,Nordeste,PB,Rural,Pequeno,8164,M,105,857.69,0.602,45.02,0,2.55,2.98,51.64,28.89,71.54,76.62,0,,1
619,2024,Sudeste,ES,Urbana,Pequeno,4045,M,93,1236.57,0.674,27.05,0,4.44,5.31,74.28,20.94,89.58,75.01,0,72.83,1
620,2024,Nordeste,PB,Urbana,Médio,52643,M,103,502.82,0.675,35.38,1,4.05,5.53,78.58,20.6,36.26,74.25,1,92.87,1
621,2023,Sudeste,ES,Urbana,Pequeno,15347,F,106,745.16,0.613,37.39,0,4.31,7.05,100.0,23.88,14.33,84.76,0,80.13,0
622,2022,Sudeste,ES,Urbana,Médio,118069,F,106,,0.74,11.97,1,5.46,4.91,76.28,27.27,63.42,65.43,1,88.0,1
623,2023,Nordeste,SE,Urbana,Pequeno,16464,M,100,1061.85,0.665,24.88,0,3.54,7.23,76.65,23.33,54.73,65.1,1,80.86,0
624,2023,Sudeste,MG,Urbana,Grande,5535022,M,93,1053.39,0.605,13.3,1,,8.37,81.09,18.41,49.52,80.98,1,90.28,0
625,2022,Norte,PA,Urbana,Médio,40228,M,85,821.65,0.555,35.77,1,4.71,5.07,91.58,23.39,89.77,71.05,0,89.36,0
626,2022,Nordeste,RN,Urbana,Pequeno,8988,M,93,547.63,0.705,33.87,0,6.58,3.45,91.29,23.88,18.18,76.46,1,79.08,0
627,2022,Nordeste,CE,Urbana,Pequeno,14385,M,90,784.58,0.629,29.0,0,4.0,4.72,55.51,26.78,69.36,63.84,1,,1
628,2023,Sudeste,SP,Urbana,Médio,167705,M,104,1352.76,0.843,30.24,0,6.32,7.43,100.0,17.53,74.54,68.09,1,93.04,1
629,2022,Centro-Oeste,DF,Urbana,Pequeno,13565,F,84,935.95,0.65,39.22,1,3.12,4.95,51.9,14.7,54.22,69.9,0,92.87,0
630,2024,Sudeste,SP,Urbana,Grande,1167177,F,96,914.89,0.682,25.68,0,6.5,6.92,60.64,19.4,54.37,70.57,1,95.89,0
631,2022,Centro-Oeste,DF,Urbana,Grande,3543991,M,95,1175.49,0.68,30.34,1,5.34,7.56,75.58,19.78,55.73,75.33,1,93.01,0
632,2024,Sudeste,ES,Urbana,Médio,187224,F,99,1265.91,0.667,37.56,0,3.4,8.99,80.71,22.77,72.26,74.36,1,94.01,1
633,2023,Nordeste,RN,Urbana,Pequeno,16520,F,94,715.82,0.63,35.61,0,5.32,4.42,63.79,19.52,51.92,67.91,1,69.8,0
634,2022,Nordeste,PB,Urbana,Médio,125804,F,105,554.6,0.597,22.16,1,4.61,3.12,72.16,23.16,47.42,63.4,1,88.78,0
635,2024,Sul,SC,Rural,Pequeno,17268,M,88,1470.52,0.807,14.88,1,5.32,7.87,84.82,16.44,73.65,76.28,1,76.43,0
636,2023,Sudeste,SP,Urbana,Médio,121414,F,101,1023.98,0.638,1.0,0,5.97,6.68,86.55,24.84,68.0,70.23,0,100.0,0
637,2022,Sudeste,ES,Rural,Pequeno,12933,M,105,,0.574,23.11,0,5.79,4.62,100.0,23.61,100.0,66.38,0,90.86,0
638,2022,Nordeste,MA,Urbana,Pequeno,6965,M,95,671.76,0.699,32.25,0,5.82,4.84,54.74,24.55,55.61,65.89,1,83.63,0
639,2023,Nordeste,PE,Rural,Pequeno,19114,F,105,1022.65,0.789,23.39,0,6.61,5.29,73.5,27.56,54.44,67.82,0,81.78,0
640,2023,Sudeste,SP,Urbana,Médio,88711,M,104,1207.58,0.715,22.59,0,4.53,4.08,87.96,24.15,54.86,73.55,1,84.68,1
641,2022,Nordeste,SE,Urbana,Médio,176159,M,92,1051.09,0.647,49.33,0,6.61,7.73,60.22,21.02,38.92,63.95,1,73.98,0
642,2024,Norte,AP,Urbana,Pequeno,10610,F,100,757.55,0.666,28.32,0,5.04,5.34,62.98,22.26,55.3,67.97,0,93.22,0
643,2023,Nordeste,MA,Rural,Grande,9738512,F,90,658.8,0.7,22.04,1,4.25,6.87,79.12,15.26,74.31,65.45,0,89.77,1
644,2022,Norte,AM,Urbana,Pequeno,9757,F,85,472.25,0.719,29.52,0,4.09,8.2,44.98,19.77,71.9,69.33,1,94.7,0
645,2024,Nordeste,PI,Urbana,Grande,2423101,M,99,1268.89,0.749,15.62,1,5.3,4.9,93.14,29.12,40.81,67.69,1,85.0,0
646,2022,Sudeste,MG,Urbana,Pequeno,7858,F,101,741.09,0.671,15.72,1,,5.82,65.42,24.64,61.72,76.75,1,84.59,0
647,2024,Sudeste,SP,Rural,Pequeno,5765,F,103,963.49,0.605,15.49,0,3.67,5.83,77.99,18.27,70.65,63.89,0,89.65,1
648,2024,Sul,RS,Urbana,Grande,8457947,M,97,859.42,0.725,21.2,0,4.06,5.32,86.93,25.35,77.25,73.45,0,92.3,0
649,2022,Nordeste,MA,Urbana,Pequeno,5872,F,85,801.68,0.717,33.55,0,4.95,3.59,64.81,24.66,51.61,71.79,0,78.11,0
650,2024,Sul,PR,Urbana,Médio,154647,F,89,,0.752,10.29,0,5.28,6.9,89.42,19.22,67.23,72.05,0,82.16,0
651,2024,Sudeste,MG,Urbana,Pequeno,5940,F,92,793.12,0.781,26.77,1,6.56,5.95,67.22,28.37,61.53,64.73,1,100.0,0
652,2024,Nordeste,PB,Urbana,Pequeno,10981,M,97,877.27,0.692,25.86,0,4.81,7.02,65.64,19.79,33.92,69.52,1,84.89,1
653,2022,Nordeste,CE,Urbana,Pequeno,5855,M,85,955.29,0.729,9.21,0,5.1,3.32,77.25,23.28,62.36,73.5,1,85.66,0
654,2023,Nordeste,SE,Urbana,Grande,2361795,M,86,1055.44,0.589,40.59,1,6.56,5.4,55.12,18.66,35.67,68.56,0,82.92,0
655,2024,Sudeste,RJ,Rural,Grande,1328332,M,104,1244.08,0.719,17.02,0,5.71,7.98,57.91,26.7,64.92,68.97,1,75.27,0
656,2023,Sudeste,RJ,Urbana,Médio,123546,M,104,734.13,0.761,30.04,0,5.83,2.98,64.07,26.7,93.71,78.31,1,88.87,0
657,2022,Nordeste,RN,Urbana,Médio,68595,F,99,369.74,0.754,14.21,0,5.87,5.64,46.65,24.31,56.71,67.42,1,82.14,0
658,2024,Sudeste,MG,Urbana,Pequeno,16618,F,84,803.9,0.72,34.33,0,3.56,5.09,69.32,19.99,67.24,73.06,1,79.98,0
659,2022,Nordeste,RN,Urbana,Pequeno,15341,F,87,597.31,0.67,31.48,0,,5.7,69.58,25.56,77.47,64.72,0,82.27,0
660,2022,Sudeste,ES,Urbana,Médio,156367,F,104,729.77,0.743,29.76,0,5.79,7.27,69.59,18.81,53.87,69.86,1,86.44,0
661,2024,Norte,AP,Urbana,Pequeno,13397,F,103,519.43,0.634,12.53,0,4.44,6.59,72.95,24.9,54.61,70.19,1,85.79,0
662,2023,Sudeste,ES,Rural,Pequeno,8225,F,86,926.6,0.738,17.6,1,5.24,8.4,90.88,25.61,42.84,71.59,1,93.63,0
663,2024,Sudeste,MG,Rural,Pequeno,14104,M,107,1026.32,0.65,27.42,0,5.62,4.64,100.0,23.41,61.88,70.04,1,82.89,0
664,2024,Sudeste,MG,Urbana,Pequeno,13562,F,96,1163.97,0.681,18.57,1,6.2,6.11,66.53,27.8,75.11,69.54,0,90.12,0
665,2023,Sudeste,SP,Rural,Pequeno,14958,F,87,1271.11,0.765,27.83,0,7.65,5.55,71.27,20.54,57.87,61.56,0,90.56,0
666,2022,Sul,RS,Urbana,Pequeno,16680,F,85,752.2,0.701,25.56,1,3.96,5.82,90.64,29.39,45.87,67.56,0,82.93,1
667,2024,Sudeste,RJ,Urbana,Pequeno,10655,F,85,976.71,0.735,18.86,0,,4.84,52.47,21.17,36.97,68.04,1,81.27,0
668,2024,Sudeste,ES,Urbana,Médio,97193,F,86,864.08,0.79,30.92,0,2.98,4.55,63.41,20.71,41.99,70.27,1,90.95,0
669,2022,Centro-Oeste,DF,Urbana,Pequeno,19483,M,106,,0.674,30.15,0,2.64,8.28,62.43,19.76,54.36,71.85,1,92.4,0
670,2024,Sul,SC,Urbana,Grande,11983002,M,92,977.81,0.645,19.16,1,,5.25,90.88,15.94,34.36,70.57,0,83.9,0
671,2023,Centro-Oeste,DF,Urbana,Pequeno,18972,M,92,1040.31,0.707,34.86,0,4.77,6.57,70.21,18.14,37.36,74.28,1,95.05,0
672,2024,Sul,PR,Urbana,Pequeno,3838,F,97,1272.21,0.717,25.73,1,5.26,4.36,57.58,16.1,61.08,72.41,0,82.0,0
673,2024,Sudeste,SP,Urbana,Pequeno,13719,M,86,1488.35,0.607,30.78,0,6.22,5.86,95.0,20.11,51.8,69.56,1,98.08,1
674,2024,Norte,TO,Urbana,Médio,35292,M,90,676.09,0.699,25.74,0,6.13,4.32,55.38,20.52,28.34,65.9,1,97.2,1
675,2022,Norte,AP,Rural,Médio,106069,M,92,878.63,0.714,19.73,0,3.48,3.57,69.38,23.61,55.71,71.84,1,77.08,0
676,2022,Sul,RS,Urbana,Pequeno,4592,F,103,669.32,0.752,20.51,1,6.0,7.54,69.37,17.14,48.03,64.4,0,96.62,0
677,2022,Sudeste,RJ,Rural,Médio,127044,F,94,1216.32,0.738,35.68,1,,6.31,61.98,16.57,87.3,66.46,1,96.54,0
678,2022,Sudeste,RJ,Urbana,Pequeno,16978,M,86,1312.47,0.649,22.62,1,,6.55,62.98,20.2,66.11,72.39,0,78.18,1
679,2023,Norte,AC,Rural,Médio,126356,M,93,1068.11,0.762,48.54,0,5.2,6.81,84.93,23.95,71.42,70.55,1,83.97,0
680,2022,Sul,PR,Urbana,Pequeno,5286,M,103,974.54,0.674,19.76,0,4.61,5.46,68.69,24.12,71.08,78.98,1,93.47,0
681,2024,Sudeste,ES,Urbana,Pequeno,5921,F,99,1335.74,0.736,30.47,0,7.98,7.48,60.09,21.68,61.75,70.25,1,78.11,0
682,2022,Nordeste,AL,Rural,Médio,33942,M,93,1036.6,0.723,21.35,1,5.89,4.99,54.54,24.72,28.83,63.06,0,88.55,1
683,2023,Norte,TO,Urbana,Pequeno,19802,F,93,,0.648,16.13,0,3.5,5.11,72.09,30.1,28.99,65.83,1,87.36,1
684,2024,Sudeste,MG,Urbana,Pequeno,12839,M,97,1136.04,0.698,22.24,1,4.42,7.42,86.23,21.77,91.12,74.04,0,100.0,0
685,2023,Nordeste,SE,Urbana,Grande,10455461,F,84,757.74,0.667,35.76,0,5.5,5.45,84.12,25.13,34.14,75.45,0,89.05,1
686,2024,Sul,RS,Urbana,Grande,4627258,M,99,842.96,0.739,35.26,1,8.61,6.61,81.7,19.75,63.69,72.21,1,98.48,0
687,2022,Sudeste,ES,Urbana,Pequeno,10335,F,105,1058.85,0.718,19.51,0,6.07,6.19,66.17,27.32,62.32,76.96,1,94.73,0
688,2023,Sudeste,ES,Urbana,Grande,5146917,F,85,400.95,0.696,14.32,0,5.7,5.72,52.1,31.58,63.83,66.08,1,87.8,0
689,2022,Sudeste,ES,Urbana,Grande,6110071,F,86,400.14,0.692,29.23,0,5.2,8.91,67.84,18.54,56.07,65.89,0,94.08,0
690,2023,Sudeste,RJ,Rural,Pequeno,18927,F,105,747.31,0.671,22.71,0,5.29,6.86,66.19,24.94,59.0,71.01,1,94.35,0
691,2022,Nordeste,SE,Urbana,Pequeno,17475,M,91,1076.61,0.524,27.62,0,5.56,5.13,37.26,17.31,80.5,66.76,0,89.07,0
692,2024,Nordeste,PI,Urbana,Pequeno,11741,M,95,729.1,0.659,25.66,1,5.05,4.8,44.06,27.02,42.11,68.86,1,99.69,1
693,2023,Nordeste,BA,Urbana,Pequeno,2384,F,99,639.84,0.717,16.3,0,3.93,6.74,66.2,20.46,48.54,64.25,1,84.66,0
694,2023,Nordeste,PB,Urbana,Pequeno,17291,M,103,844.94,0.664,23.95,0,5.32,5.24,73.07,19.42,57.25,74.21,1,89.08,0
695,2022,Sudeste,RJ,Urbana,Médio,81134,F,102,900.73,0.745,26.95,0,4.71,7.88,45.51,26.58,64.05,71.48,1,100.0,0
696,2023,Nordeste,SE,Rural,Pequeno,19822,F,101,1069.8,0.705,32.04,0,5.62,2.37,72.32,21.96,46.5,67.52,0,96.77,1
697,2022,Sudeste,ES,Urbana,Pequeno,3106,F,102,672.69,0.617,14.05,0,5.64,7.93,81.3,24.4,59.7,74.52,1,100.0,0
698,2024,Nordeste,PI,Urbana,Pequeno,8281,F,89,382.75,0.574,18.01,0,5.2,5.76,69.84,22.37,35.32,71.07,1,91.39,0
699,2023,Sudeste,MG,Urbana,Grande,4002801,M,85,866.0,0.744,6.7,0,4.97,8.53,71.25,23.83,32.79,69.74,1,83.87,1
700,2023,Centro-Oeste,MS,Urbana,Pequeno,9001,F,100,673.59,0.761,23.89,0,5.05,2.99,83.34,20.13,53.98,62.98,0,100.0,0
701,2024,Sudeste,SP,Urbana,Pequeno,16027,M,103,914.89,0.708,32.34,0,4.47,10.0,67.1,20.64,58.06,70.12,0,92.43,1
702,2023,Sudeste,RJ,Urbana,Médio,84277,M,100,1263.51,0.84,15.96,0,5.56,7.86,100.0,27.48,60.2,74.14,0,80.43,0
703,2023,Nordeste,PI,Urbana,Pequeno,15309,M,87,497.7,0.663,37.67,0,4.91,5.08,41.77,22.93,53.04,68.38,0,75.16,1
704,2023,Sudeste,MG,Urbana,Médio,124934,M,87,367.15,0.664,16.64,0,4.8,7.58,73.04,25.36,37.35,69.97,0,80.83,0
705,2023,Sudeste,MG,Urbana,Pequeno,11823,M,95,972.81,0.702,36.71,0,5.61,6.52,78.09,23.38,57.06,67.28,0,96.79,1
706,2023,Sudeste,ES,Rural,Médio,167083,F,101,952.09,0.697,29.09,0,3.54,4.28,82.33,22.44,52.03,65.71,1,82.51,0
707,2023,Sudeste,MG,Urbana,Pequeno,18098,M,85,875.58,0.842,20.3,0,5.96,6.88,96.48,19.04,78.6,72.32,1,86.4,0
708,2023,Nordeste,BA,Urbana,Médio,81803,F,84,943.14,0.515,31.07,0,5.4,6.84,61.49,18.44,23.1,73.96,0,81.0,0
709,2024,Sudeste,MG,Urbana,Pequeno,2880,M,106,,0.837,26.55,1,5.01,6.36,84.09,19.38,59.26,68.13,1,85.62,0
710,2022,Nordeste,RN,Urbana,Pequeno,9190,M,104,1323.37,0.652,32.79,0,6.07,5.45,60.49,20.3,50.67,70.59,0,81.11,1
711,2024,Sudeste,MG,Urbana,Pequeno,16315,M,98,926.17,0.642,15.96,1,3.94,5.29,96.82,14.99,61.2,65.67,0,81.3,1
712,2022,Norte,RR,Urbana,Médio,58810,M,84,1418.4,0.658,27.94,0,3.55,5.68,39.9,20.58,52.67,73.0,0,100.0,0
713,2023,Nordeste,PI,Urbana,Grande,3361264,F,85,,0.721,28.5,0,3.19,4.18,94.35,24.91,50.3,68.22,0,88.38,0
714,2024,Sudeste,MG,Rural,Grande,11236291,F,87,1121.4,0.679,31.05,0,4.95,7.56,60.92,20.44,75.19,79.09,0,81.63,0
715,2024,Centro-Oeste,GO,Urbana,Grande,9954249,M,94,1351.19,0.706,24.38,0,5.52,8.85,78.4,24.06,53.16,74.45,0,100.0,0
716,2024,Sul,RS,Rural,Pequeno,2044,F,87,1142.4,0.66,28.72,0,5.75,4.76,61.71,28.24,50.01,74.45,1,83.51,1
717,2023,Sul,RS,Urbana,Médio,36141,M,103,994.01,0.716,35.27,0,,7.17,56.01,20.66,52.97,67.74,0,97.85,0
718,2022,Sudeste,RJ,Urbana,Pequeno,9139,F,86,986.71,0.732,18.5,0,7.18,7.13,61.97,19.2,38.46,71.29,1,91.28,1
719,2022,Sudeste,RJ,Urbana,Grande,4746418,M,102,942.4,0.711,23.85,1,4.54,4.0,92.67,22.94,47.32,72.89,0,91.2,0
720,2024,Norte,RO,Urbana,Grande,6255523,F,84,872.02,0.631,32.39,0,5.11,3.82,60.41,20.13,5.0,66.52,1,86.61,1
721,2024,Sul,PR,Urbana,Grande,8975457,F,97,1397.43,0.713,9.95,1,4.42,7.1,53.76,30.41,37.79,71.59,1,85.6,0
722,2022,Sudeste,RJ,Urbana,Pequeno,14421,F,102,795.53,0.727,33.37,1,5.89,7.38,95.52,24.3,66.31,73.65,1,78.51,1
723,2022,Sudeste,ES,Rural,Pequeno,5247,M,95,798.28,0.741,28.1,1,7.39,8.21,99.84,26.92,90.89,71.3,0,89.7,0
724,2024,Centro-Oeste,MS,Urbana,Médio,146047,M,86,1506.48,0.726,20.57,0,7.25,7.17,70.27,15.42,43.99,73.41,1,91.03,1
725,2022,Sudeste,ES,Rural,Pequeno,7877,F,90,1054.7,0.687,22.6,0,4.7,7.33,60.39,13.13,68.23,73.35,1,91.63,1
726,2022,Sudeste,ES,Urbana,Médio,111301,M,106,726.83,0.708,31.22,1,6.69,8.79,70.27,20.03,83.1,70.57,1,92.96,0
727,2024,Sudeste,MG,Urbana,Pequeno,15414,F,88,989.75,0.735,19.8,0,2.44,8.64,77.32,26.07,81.22,74.48,0,100.0,0
728,2023,Sudeste,RJ,Urbana,Pequeno,6384,M,98,605.16,0.794,8.5,0,6.1,6.25,80.23,23.26,60.86,78.63,0,,0
729,2024,Sul,RS,Rural,Pequeno,2101,F,102,1217.3,0.581,23.54,0,4.6,6.88,71.81,25.72,73.83,73.51,0,86.59,0
730,2022,Sul,PR,Rural,Grande,9649875,M,88,1244.27,0.727,20.5,1,6.18,8.0,71.98,29.79,60.2,64.28,1,85.69,1
731,2022,Centro-Oeste,MT,Urbana,Médio,121202,M,86,874.59,0.731,24.08,0,,8.15,70.64,29.78,65.65,70.36,0,83.49,0
732,2023,Sudeste,SP,Rural,Médio,114974,F,98,1032.46,0.762,14.69,0,4.45,7.04,69.63,23.21,60.27,67.55,0,92.94,0
733,2022,Sudeste,MG,Urbana,Grande,5938498,F,103,859.16,0.659,18.2,0,,7.19,52.47,26.57,73.75,81.07,1,82.81,1
734,2024,Sudeste,ES,Urbana,Pequeno,2549,F,98,1481.64,0.605,8.98,0,6.89,7.79,75.43,25.48,62.42,73.61,0,83.07,1
735,2023,Sul,PR,Urbana,Pequeno,18725,F,107,1092.39,0.682,25.47,0,6.18,7.38,50.53,11.53,86.7,73.44,1,100.0,0
736,2023,Sudeste,RJ,Urbana,Pequeno,3918,M,106,813.66,0.694,12.68,0,3.74,6.06,44.56,22.59,64.46,69.72,0,84.84,0
737,2023,Nordeste,PE,Urbana,Pequeno,13280,F,92,572.9,0.491,23.18,0,5.41,8.1,61.18,13.17,35.54,70.49,1,82.56,1
738,2022,Nordeste,PI,Rural,Médio,39358,F,89,1035.1,0.609,18.0,0,5.79,5.85,60.84,16.74,71.11,74.43,1,96.73,1
739,2022,Centro-Oeste,DF,Urbana,Pequeno,16875,F,107,1141.45,0.749,25.73,1,5.04,5.42,92.6,25.91,59.1,65.62,0,87.16,0
740,2022,Nordeste,PE,Urbana,Médio,44555,M,88,633.23,0.606,31.48,0,4.76,9.17,64.07,25.02,68.44,68.19,1,88.42,0
741,2023,Centro-Oeste,DF,Urbana,Pequeno,6490,M,84,1190.26,0.605,31.68,1,7.8,5.78,84.22,21.19,100.0,67.69,0,91.43,1
742,2023,Nordeste,RN,Urbana,Pequeno,3353,M,97,694.08,0.726,34.23,1,4.37,4.27,59.91,15.4,44.87,61.18,0,91.07,0
743,2022,Nordeste,MA,Urbana,Médio,29861,M,85,1001.81,0.676,35.89,0,4.11,7.29,74.04,29.99,86.18,70.0,1,82.99,0
744,2022,Nordeste,RN,Urbana,Grande,8194649,M,101,866.66,0.654,28.68,0,5.48,5.85,55.47,19.49,61.01,70.64,1,96.81,1
745,2024,Norte,AP,Urbana,Pequeno,8360,F,96,253.44,0.705,40.99,0,4.33,4.74,57.04,27.0,58.68,67.1,1,90.98,0
746,2024,Sul,SC,Urbana,Pequeno,10267,M,89,,0.726,20.69,0,6.66,7.83,94.22,22.99,88.1,69.17,1,95.75,1
747,2023,Sudeste,RJ,Rural,Pequeno,14981,F,86,978.32,0.771,12.77,0,4.17,4.25,98.92,26.69,61.22,73.41,0,78.83,1
748,2023,Sudeste,SP,Urbana,Grande,2105744,M,86,679.58,0.772,18.92,0,6.48,7.1,74.98,23.23,62.47,73.51,1,91.53,1
749,2022,Sudeste,RJ,Rural,Pequeno,8558,F,100,1034.53,0.706,24.95,0,5.13,4.57,66.98,18.91,59.37,74.96,1,86.13,1
750,2023,Nordeste,BA,Urbana,Grande,2109047,M,107,291.04,0.741,27.84,0,3.89,7.52,79.62,18.73,76.46,67.77,1,80.53,0
751,2023,Centro-Oeste,MS,Urbana,Grande,2249034,F,105,1062.34,0.608,27.23,1,5.07,8.47,82.22,14.5,76.02,79.36,0,77.28,1
752,2024,Nordeste,SE,Urbana,Pequeno,6024,M,100,655.09,0.676,28.81,1,5.58,5.13,86.79,18.64,90.2,74.07,0,88.45,1
753,2023,Sudeste,ES,Urbana,Pequeno,10474,M,107,620.19,0.717,31.6,1,3.01,3.84,75.07,16.68,66.96,72.48,1,93.92,0
754,2023,Sudeste,RJ,Urbana,Pequeno,3806,F,106,907.3,0.834,16.99,0,4.5,6.42,72.08,16.92,56.86,74.55,1,89.67,0
755,2022,Sul,PR,Urbana,Pequeno,4686,F,85,767.9,0.717,20.7,0,5.54,6.39,84.9,21.38,95.15,71.47,1,92.14,0
756,2024,Sul,RS,Urbana,Grande,2862224,M,93,1134.42,0.699,19.59,0,,8.4,96.51,17.35,43.88,69.51,0,93.0,0
757,2023,Nordeste,BA,Urbana,Grande,11589444,F,92,785.02,0.592,35.55,1,6.1,5.07,50.51,24.01,87.11,68.85,1,82.77,1
758,2022,Sudeste,SP,Urbana,Pequeno,10249,F,106,1080.25,0.758,30.0,1,6.87,4.39,56.16,20.24,65.95,70.31,0,,0
759,2023,Nordeste,SE,Urbana,Médio,171431,F,98,406.99,0.713,30.45,1,7.04,8.41,35.29,23.31,68.2,70.71,0,88.92,0
760,2024,Centro-Oeste,DF,Urbana,Pequeno,7059,M,103,,0.66,40.41,1,6.57,7.01,90.33,24.18,64.98,75.72,0,94.56,0
761,2024,Nordeste,PB,Urbana,Pequeno,18682,F,90,1006.45,0.697,32.86,1,4.32,7.16,69.45,16.02,48.69,59.48,0,94.33,0
762,2024,Sudeste,RJ,Urbana,Pequeno,18228,M,106,1066.76,0.771,23.78,0,5.43,3.49,85.66,18.63,42.48,75.59,1,100.0,1
763,2023,Sul,SC,Urbana,Médio,66261,F,91,743.95,0.687,24.74,0,3.56,5.89,65.98,22.27,65.29,69.19,0,96.7,0
764,2022,Sul,RS,Urbana,Pequeno,3828,F,85,1164.35,0.705,36.03,1,4.33,3.58,75.17,30.56,62.95,71.76,0,,0
765,2022,Sul,SC,Urbana,Grande,5877081,M,107,841.06,0.693,11.05,1,6.51,5.23,79.53,18.98,45.45,81.53,1,90.72,0
766,2023,Sul,RS,Urbana,Médio,153415,F,107,,0.665,22.1,1,3.94,5.1,63.58,19.86,63.47,76.04,1,91.22,0
767,2024,Nordeste,SE,Rural,Médio,102507,F,94,1162.19,0.698,31.92,1,3.85,8.9,50.09,23.05,50.34,66.88,0,96.31,1
768,2024,Nordeste,BA,Rural,Grande,2887699,M,84,682.12,0.645,26.9,0,4.77,6.42,67.41,29.68,37.42,65.19,0,71.59,0
769,2024,Norte,PA,Urbana,Médio,104530,M,85,220.15,0.669,28.69,0,5.07,6.9,55.77,16.13,18.54,64.92,1,81.13,0
770,2022,Sul,PR,Urbana,Pequeno,6589,F,91,1200.21,0.732,22.3,0,3.98,4.85,89.86,21.61,51.67,74.01,1,82.08,0
771,2024,Sudeste,ES,Urbana,Pequeno,5181,F,86,756.48,0.706,16.43,0,3.41,4.62,77.27,23.49,17.93,62.82,1,100.0,1
772,2024,Nordeste,PB,Urbana,Pequeno,8489,F,101,,0.634,27.27,0,4.98,6.4,94.3,17.27,68.65,73.33,0,78.28,1
773,2022,Nordeste,RN,Urbana,Médio,125015,F,85,1153.5,0.589,26.11,0,2.34,5.56,84.83,27.46,67.38,71.93,1,77.2,0
774,2022,Nordeste,PB,Urbana,Pequeno,10307,M,97,572.06,0.711,30.02,0,2.56,2.26,43.88,29.58,34.83,72.16,1,86.44,0
775,2024,Nordeste,MA,Urbana,Pequeno,19360,F,91,562.54,0.608,22.16,1,4.43,6.29,73.72,18.36,35.88,67.36,1,100.0,0
776,2024,Sudeste,RJ,Urbana,Pequeno,8676,M,94,,0.664,35.48,0,7.68,9.49,100.0,29.02,100.0,73.13,1,91.03,0
777,2024,Nordeste,PE,Urbana,Médio,85159,M,107,686.96,0.723,28.17,1,4.95,5.51,68.77,17.43,61.59,72.75,1,74.65,1
778,2023,Sudeste,SP,Rural,Pequeno,5519,M,85,1182.69,0.633,19.83,1,5.5,3.79,75.57,23.95,92.93,68.16,1,91.53,0
779,2022,Nordeste,CE,Rural,Pequeno,3573,F,96,818.27,0.719,30.86,1,6.29,6.14,78.69,25.46,5.0,68.12,0,98.6,0
780,2024,Nordeste,PE,Rural,Pequeno,3509,M,91,940.41,0.753,27.88,1,4.07,7.84,76.75,15.0,20.52,64.35,1,90.92,0
781,2022,Nordeste,RN,Urbana,Médio,25954,F,90,714.9,0.68,33.32,0,5.61,5.55,76.52,21.79,58.14,72.47,1,94.49,1
782,2024,Sudeste,RJ,Urbana,Pequeno,18590,M,100,1482.6,0.738,25.24,0,5.31,7.41,83.1,24.28,75.78,75.99,0,95.86,0
783,2024,Centro-Oeste,MS,Urbana,Pequeno,15184,M,91,1332.66,0.682,25.29,1,4.04,6.23,100.0,19.9,76.12,72.87,1,100.0,1
784,2024,Centro-Oeste,DF,Urbana,Pequeno,13048,F,86,935.93,0.645,17.23,0,2.3,4.32,82.34,23.29,41.41,72.99,0,87.27,0
785,2024,Sudeste,SP,Rural,Médio,71902,M,101,934.5,0.69,27.79,0,5.19,4.09,78.41,22.32,78.82,65.77,0,87.23,0
786,2024,Sudeste,SP,Urbana,Pequeno,4035,M,102,1076.84,0.648,27.23,1,4.84,5.6,83.94,23.58,17.31,72.77,0,88.33,0
787,2024,Sul,SC,Rural,Pequeno,12971,M,105,914.97,0.664,37.29,1,4.67,4.75,73.14,22.58,47.81,76.19,1,86.37,0
788,2023,Sudeste,SP,Urbana,Grande,11827746,M,84,1066.04,0.726,6.84,0,3.66,6.41,60.09,19.42,43.0,69.48,1,93.03,0
789,2022,Sudeste,ES,Urbana,Pequeno,19013,F,96,867.56,0.766,21.83,1,7.52,7.23,70.74,18.66,88.38,72.53,1,96.24,0
790,2022,Sudeste,SP,Urbana,Pequeno,9995,M,99,995.47,0.67,21.59,1,4.15,6.32,94.51,16.15,49.13,75.8,1,97.38,1
791,2024,Nordeste,CE,Urbana,Médio,83324,F,107,698.33,0.559,27.4,0,5.0,5.48,42.93,21.29,58.14,63.54,0,82.57,1
792,2024,Nordeste,MA,Urbana,Médio,95586,F,87,690.91,0.644,36.2,1,3.53,6.64,74.69,18.37,65.57,75.13,0,93.8,1
793,2022,Sul,RS,Urbana,Grande,4572398,M,100,1297.6,0.65,23.92,0,5.44,6.74,78.72,22.05,50.07,67.0,1,92.43,1
794,2024,Sudeste,MG,Urbana,Médio,171274,M,96,1497.29,0.747,29.19,0,4.01,5.69,73.42,18.89,46.48,73.58,0,80.22,0
795,2022,Centro-Oeste,GO,Urbana,Pequeno,4210,F,103,1008.22,0.756,38.08,0,6.83,5.67,85.9,24.73,25.16,65.42,1,95.23,0
796,2023,Nordeste,PE,Urbana,Pequeno,10623,M,93,767.2,0.56,36.68,0,5.44,6.77,49.29,20.17,93.69,68.1,1,80.62,1
797,2022,Sudeste,RJ,Urbana,Grande,5094625,F,104,1374.18,0.728,26.55,0,4.35,6.32,68.19,26.75,61.74,65.38,0,87.86,0
798,2023,Nordeste,PB,Urbana,Médio,23892,F,94,884.9,0.578,31.92,0,6.07,6.72,74.1,15.65,55.23,63.72,1,79.2,0
799,2022,Nordeste,PI,Urbana,Pequeno,19931,M,104,624.36,0.666,34.71,1,,6.05,57.32,23.17,52.99,72.4,0,81.83,1
800,2022,Sudeste,SP,Urbana,Pequeno,4003,M,102,1150.35,0.713,27.76,0,4.85,8.83,44.63,19.59,45.21,70.52,1,,0
801,2023,Sudeste,SP,Urbana,Pequeno,3283,M,98,890.15,0.732,2.33,0,4.73,6.2,95.59,16.35,69.41,75.47,0,100.0,0
802,2023,Sudeste,SP,Urbana,Médio,125736,M,99,819.19,0.616,38.05,0,,8.9,93.94,15.99,50.94,70.84,1,94.9,0
803,2022,Sudeste,RJ,Rural,Médio,131744,F,105,1301.4,0.669,16.52,0,5.82,5.72,60.67,18.33,74.17,65.99,1,,0
804,2022,Nordeste,CE,Urbana,Pequeno,2340,M,95,1070.7,0.657,35.32,1,4.88,5.93,67.87,19.45,43.15,64.99,1,86.48,0
805,2024,Nordeste,PE,Urbana,Médio,91206,F,85,280.82,0.678,33.94,0,6.42,7.0,57.59,18.48,65.11,64.54,1,91.34,0
806,2022,Nordeste,BA,Urbana,Pequeno,9837,M,88,,0.782,28.37,0,3.84,4.33,56.56,21.14,43.57,64.42,0,96.41,0
807,2022,Nordeste,RN,Urbana,Médio,171256,M,107,728.09,0.757,32.86,1,6.11,5.98,55.55,19.79,65.09,69.22,1,87.11,1
808,2024,Nordeste,AL,Urbana,Grande,9560608,F,100,684.65,0.544,19.68,0,5.54,6.25,83.59,24.17,41.55,71.47,1,90.58,0
809,2023,Nordeste,AL,Urbana,Médio,166079,M,86,967.99,0.52,29.83,1,5.52,4.96,62.92,25.08,41.58,65.63,0,93.27,0
810,2024,Sudeste,MG,Urbana,Médio,90010,M,102,1007.75,0.737,23.86,1,,4.13,98.26,16.52,54.43,72.86,1,83.23,0
811,2024,Sudeste,SP,Urbana,Médio,130622,M,99,1405.42,0.697,12.45,1,3.75,7.13,58.94,18.07,71.26,80.25,1,84.43,0
812,2024,Nordeste,PB,Urbana,Pequeno,4284,M,93,1016.88,0.658,23.86,0,5.53,7.19,64.18,18.88,61.54,70.89,0,,1
813,2024,Sudeste,ES,Urbana,Pequeno,6090,F,103,,0.755,17.72,0,7.48,6.4,63.46,15.44,98.08,68.74,1,90.34,1
814,2024,Nordeste,CE,Urbana,Pequeno,7279,F,101,875.34,0.699,25.16,1,6.3,6.91,78.88,22.72,76.04,76.35,1,86.48,0
815,2022,Nordeste,PB,Urbana,Médio,35169,F,97,1100.21,0.652,33.47,0,3.27,8.97,87.02,24.02,40.09,67.38,1,89.28,0
816,2023,Sul,SC,Urbana,Pequeno,10510,F,85,1191.26,0.759,35.68,0,6.57,7.04,44.5,20.88,48.13,72.41,1,96.85,0
817,2022,Nordeste,PI,Rural,Médio,72379,F,85,,0.649,23.77,0,7.77,5.26,70.57,23.57,66.11,66.11,1,76.5,1
818,2024,Nordeste,CE,Urbana,Pequeno,5385,M,93,533.81,0.673,34.68,1,5.31,6.12,80.6,21.37,62.92,65.39,1,93.33,1
819,2022,Sudeste,SP,Urbana,Pequeno,10572,M,86,,0.754,23.7,1,7.07,5.89,82.74,21.66,62.95,78.03,0,95.87,0
820,2024,Nordeste,PE,Urbana,Pequeno,17663,F,96,768.92,0.613,30.69,0,5.81,3.63,54.32,25.5,43.98,63.98,1,86.02,0
821,2024,Sudeste,RJ,Urbana,Grande,3067423,F,84,1429.47,0.652,33.14,0,5.68,5.28,88.62,24.74,95.54,78.7,1,100.0,0
822,2023,Sudeste,ES,Urbana,Pequeno,10104,M,94,800.3,0.725,22.9,1,7.21,5.92,58.71,24.81,65.48,73.54,0,100.0,1
823,2022,Sudeste,SP,Urbana,Pequeno,7996,M,92,687.22,0.705,21.57,0,4.77,7.74,60.67,23.91,68.35,74.5,1,83.91,0
824,2022,Sudeste,MG,Rural,Grande,1787950,F,90,863.39,0.655,17.79,0,6.72,5.26,80.51,21.37,46.35,70.01,1,100.0,1
825,2022,Norte,TO,Urbana,Pequeno,18053,M,107,624.93,0.646,18.34,0,5.75,4.47,97.82,30.59,45.63,79.95,1,65.95,1
826,2023,Nordeste,MA,Urbana,Pequeno,8198,M,87,502.02,0.711,23.63,0,7.3,5.18,59.79,24.94,23.37,74.75,0,59.78,1
827,2022,Sudeste,MG,Rural,Pequeno,19144,M,99,1146.7,0.676,31.76,0,,6.63,72.89,23.78,90.47,76.58,1,95.68,0
828,2022,Sudeste,RJ,Urbana,Grande,3113271,M,87,,0.733,31.97,1,1.98,5.08,72.55,17.34,5.0,67.87,1,81.22,0
829,2023,Sudeste,MG,Urbana,Pequeno,14159,F,89,814.08,0.74,21.26,0,5.77,5.31,84.65,24.48,57.35,65.68,0,77.07,0
830,2024,Sudeste,MG,Urbana,Pequeno,18446,F,97,793.62,0.668,31.71,0,,6.44,67.56,20.78,54.85,78.53,1,90.99,1
831,2023,Sudeste,MG,Urbana,Pequeno,13461,M,95,1223.05,0.745,9.62,1,2.66,6.15,41.14,26.73,92.49,72.2,1,100.0,0
832,2024,Sudeste,SP,Urbana,Pequeno,19682,M,101,1376.45,0.637,23.29,1,5.39,5.18,71.36,17.6,79.07,74.36,0,100.0,0
833,2023,Nordeste,AL,Urbana,Médio,23982,F,102,843.34,0.615,31.09,0,4.66,7.28,75.43,23.79,67.19,74.02,1,84.27,1
834,2024,Sudeste,SP,Urbana,Pequeno,10583,M,91,1160.64,0.661,15.01,1,4.11,7.69,75.12,14.81,89.06,73.05,1,100.0,0
835,2023,Nordeste,PE,Urbana,Médio,198219,M,100,702.63,0.53,37.64,1,6.84,7.36,62.98,24.44,99.13,73.5,0,87.74,0
836,2023,Sul,RS,Rural,Pequeno,13652,F,103,901.12,0.642,33.6,0,5.43,8.5,74.25,19.02,45.72,70.71,1,89.19,0
837,2022,Sul,RS,Rural,Médio,73939,F,91,674.43,0.692,37.25,0,8.19,7.48,92.59,26.84,63.78,68.81,0,88.47,0
838,2022,Sul,PR,Urbana,Pequeno,9245,F,102,700.6,0.616,37.24,1,5.46,6.16,69.23,18.14,58.16,72.94,1,79.25,0
839,2023,Sudeste,ES,Urbana,Médio,95012,F,107,1164.46,0.726,25.64,0,6.7,6.2,55.81,17.02,66.74,63.52,1,100.0,0
840,2023,Sudeste,SP,Urbana,Grande,11021443,F,106,635.2,0.623,32.39,1,4.99,8.92,53.12,25.12,63.27,74.53,1,95.09,1
841,2022,Nordeste,AL,Rural,Médio,196647,M,94,653.66,0.621,35.15,1,3.64,7.2,68.03,16.78,70.9,66.47,1,94.03,0
842,2024,Sul,PR,Rural,Pequeno,11206,M,100,986.03,0.726,11.19,1,3.54,6.65,74.25,18.89,78.52,66.03,0,96.43,0
843,2022,Centro-Oeste,MT,Urbana,Médio,122771,M,88,1057.77,0.725,18.49,0,3.47,5.41,66.47,16.85,55.52,71.36,1,91.89,0
844,2022,Norte,AP,Urbana,Grande,8774075,M,96,730.32,0.466,20.3,0,6.09,6.67,64.66,30.4,72.84,66.28,1,74.83,0
845,2023,Sudeste,RJ,Urbana,Pequeno,6852,F,101,809.27,0.69,31.73,1,3.71,5.17,99.26,27.53,75.23,63.69,0,89.4,0
846,2024,Sul,PR,Rural,Médio,197165,M,103,1208.69,0.702,17.77,0,6.03,5.06,79.81,24.85,26.03,66.64,0,74.87,0
847,2022,Sudeste,SP,Rural,Médio,162306,F,106,1086.15,0.737,30.71,1,6.94,5.27,72.5,19.48,78.77,66.43,0,93.96,0
848,2024,Sudeste,MG,Urbana,Médio,21893,F,105,628.42,0.63,22.34,1,5.31,10.0,59.8,23.18,87.74,76.83,1,89.64,1
849,2024,Centro-Oeste,DF,Rural,Pequeno,14285,M,92,,0.692,16.25,0,7.49,5.76,69.11,22.85,40.75,66.8,1,81.5,0
850,2024,Sudeste,ES,Rural,Pequeno,3579,M,91,1467.15,0.628,25.11,0,5.42,6.38,77.08,22.66,84.64,73.88,0,85.42,0
851,2023,Sudeste,SP,Urbana,Pequeno,7427,M,84,982.52,0.692,26.09,1,3.79,8.44,67.44,28.2,40.5,73.09,1,94.47,0
852,2024,Nordeste,CE,Rural,Grande,11512103,M,102,996.61,0.582,43.7,1,,6.95,64.12,20.68,54.73,72.06,1,98.67,0
853,2022,Sul,RS,Urbana,Médio,46337,M,103,875.14,0.8,26.94,1,6.43,3.92,93.64,26.68,100.0,76.31,1,83.99,1
854,2024,Norte,AC,Urbana,Pequeno,14036,M,91,848.32,0.647,44.13,1,5.78,8.52,78.33,18.71,32.45,66.76,1,100.0,0
855,2024,Sudeste,SP,Urbana,Médio,47355,M,102,793.71,0.675,14.55,1,4.09,5.64,60.18,23.75,68.11,77.47,1,92.8,1
856,2022,Nordeste,BA,Urbana,Grande,1250407,M,87,623.51,0.731,9.01,1,3.09,6.38,72.81,27.09,49.58,57.77,0,70.41,0
857,2024,Sudeste,SP,Urbana,Grande,9403495,F,92,1208.35,0.74,18.15,0,6.07,6.99,86.25,20.3,34.18,74.17,0,89.43,0
858,2022,Sul,RS,Urbana,Grande,9581362,F,98,,0.849,17.57,1,7.65,3.67,95.01,20.36,53.53,73.87,1,81.47,1
859,2024,Sudeste,RJ,Urbana,Grande,4976542,M,97,1153.79,0.702,14.2,0,4.46,6.99,71.92,23.65,53.6,76.76,1,90.46,1
860,2023,Sudeste,RJ,Urbana,Médio,45398,M,98,1287.71,0.735,25.1,0,5.74,9.12,59.04,20.67,30.17,74.29,1,,1
861,2024,Sul,SC,Urbana,Médio,30623,F,96,1190.38,0.667,34.75,0,4.96,8.32,63.54,22.78,50.74,83.85,1,93.16,0
862,2023,Sudeste,ES,Urbana,Pequeno,4470,M,102,1238.73,0.736,31.67,0,5.06,7.29,43.89,29.81,69.44,82.42,0,92.13,0
863,2024,Sudeste,RJ,Urbana,Pequeno,12234,M,106,1516.94,0.763,31.97,1,5.74,10.0,53.76,19.75,58.47,75.97,1,93.84,1
864,2024,Sudeste,RJ,Rural,Grande,7072053,M,97,1180.33,0.736,29.9,0,6.37,6.27,64.6,20.4,83.16,75.16,0,80.65,1
865,2022,Sudeste,RJ,Urbana,Pequeno,17133,F,105,1313.41,0.713,48.95,0,5.77,5.17,90.58,23.56,49.0,70.41,1,,0
866,2023,Nordeste,RN,Urbana,Pequeno,14989,F,94,770.21,0.73,29.08,0,5.91,8.34,67.06,21.55,80.61,75.86,1,97.35,0
867,2023,Nordeste,PI,Urbana,Médio,137927,F,89,1062.12,0.569,17.78,0,6.93,4.13,68.55,17.66,42.56,69.47,1,76.18,1
868,2023,Norte,RR,Urbana,Pequeno,14902,M,87,1164.31,0.72,28.2,0,3.33,6.68,53.34,25.46,100.0,65.4,1,80.6,0
869,2024,Sul,RS,Rural,Pequeno,2012,M,89,1161.16,0.696,17.26,1,3.5,2.75,76.37,20.95,39.4,62.7,1,89.16,0
870,2023,Norte,AC,Urbana,Grande,553687,F,106,994.04,0.628,34.4,1,4.3,4.02,54.42,21.74,45.91,64.46,1,82.6,0
871,2023,Norte,RR,Urbana,Grande,7734168,M,105,727.35,0.802,27.55,0,6.82,6.59,55.69,17.56,68.17,76.48,1,100.0,1
872,2023,Norte,TO,Urbana,Médio,184546,M,99,357.86,0.626,20.38,1,4.46,4.97,53.87,26.75,73.17,71.05,1,75.82,0
873,2022,Centro-Oeste,GO,Rural,Médio,95488,F,84,1014.75,0.666,8.18,0,3.5,6.55,47.57,19.02,52.95,76.26,0,91.11,0
874,2024,Nordeste,BA,Urbana,Pequeno,8147,F,96,933.61,0.681,18.96,1,3.21,4.49,69.84,28.87,37.43,69.24,1,96.27,1
875,2023,Nordeste,SE,Rural,Pequeno,4559,F,93,1044.43,0.649,34.28,1,4.48,8.63,81.33,25.06,62.53,66.67,0,67.21,0
876,2023,Nordeste,AL,Urbana,Médio,34051,M,90,1019.64,0.62,30.62,1,3.38,5.23,51.02,26.07,39.16,69.96,1,77.34,0
877,2024,Sudeste,SP,Rural,Médio,46244,M,105,,0.627,17.3,0,5.0,5.21,46.42,18.63,47.23,79.9,1,77.96,1
878,2023,Sudeste,RJ,Rural,Médio,186241,F,100,1011.61,0.712,2.64,0,4.48,8.05,75.91,19.15,34.3,82.37,1,100.0,0
879,2024,Sudeste,RJ,Rural,Pequeno,18080,M,97,523.11,0.677,17.74,0,,8.53,81.4,19.18,63.45,69.76,1,84.17,1
880,2024,Sudeste,RJ,Urbana,Pequeno,10947,M,90,1253.95,0.693,17.49,1,3.69,5.23,54.76,27.78,37.46,72.24,1,92.76,1
881,2023,Sudeste,RJ,Urbana,Pequeno,7818,M,86,1162.28,0.768,36.16,0,6.97,8.85,95.57,24.92,41.42,71.46,0,88.9,0
882,2023,Nordeste,AL,Urbana,Pequeno,15747,F,95,888.18,0.646,23.79,1,4.41,6.34,61.45,17.85,54.45,73.73,0,84.19,0
883,2024,Sul,SC,Rural,Pequeno,16606,M,89,881.45,0.851,29.41,0,6.89,8.16,52.29,20.61,63.46,74.31,1,85.31,1
884,2023,Sul,PR,Urbana,Pequeno,2407,F,105,1062.61,0.673,26.27,0,7.41,8.01,55.02,18.34,71.33,69.56,1,100.0,0
885,2024,Sudeste,RJ,Rural,Médio,150552,F,105,1009.56,0.787,23.67,1,6.89,6.39,91.36,27.49,63.06,70.43,1,91.44,1
886,2022,Sudeste,MG,Urbana,Médio,61692,M,90,1212.34,0.635,19.85,0,4.49,4.86,74.78,21.81,76.16,64.61,1,80.54,0
887,2024,Centro-Oeste,MS,Urbana,Médio,145622,F,98,673.71,0.657,18.26,1,5.35,7.57,48.4,21.86,73.56,65.63,1,88.29,0
888,2024,Nordeste,PE,Urbana,Pequeno,8045,M,98,588.96,0.555,45.54,0,3.67,3.95,60.58,19.82,81.39,62.26,0,85.94,1
889,2022,Sudeste,RJ,Urbana,Pequeno,16751,M,102,908.21,0.694,20.18,0,4.91,5.36,92.27,20.12,90.04,69.87,0,88.09,1
890,2023,Sul,PR,Urbana,Grande,9977962,F,86,825.6,0.784,26.74,1,4.72,5.52,87.23,20.45,52.75,66.68,0,95.62,0
891,2024,Norte,PA,Urbana,Pequeno,6839,F,100,1089.94,0.654,29.24,0,4.16,4.62,77.28,19.69,14.32,68.54,1,93.89,0
892,2022,Sudeste,RJ,Urbana,Pequeno,16012,F,98,1059.21,0.715,25.47,1,2.8,5.83,66.78,20.75,78.37,62.55,0,90.43,1
893,2023,Sudeste,ES,Urbana,Pequeno,15527,F,100,1106.77,0.701,17.18,1,5.06,4.99,69.6,24.68,46.08,72.55,1,86.85,0
894,2024,Sudeste,ES,Urbana,Pequeno,2527,M,95,1488.22,0.604,13.97,0,4.68,6.31,71.84,23.03,47.2,72.46,0,75.31,1
895,2022,Sudeste,RJ,Urbana,Médio,110529,F,93,961.28,0.652,18.58,0,6.23,7.44,65.3,21.2,69.47,73.62,0,98.55,1
896,2023,Centro-Oeste,MT,Rural,Pequeno,6929,F,88,922.33,0.719,23.24,1,6.38,5.75,74.86,26.9,58.35,64.62,0,98.51,0
897,2023,Centro-Oeste,MT,Urbana,Pequeno,3752,F,105,728.27,0.735,31.64,0,4.13,6.81,55.1,18.71,59.04,66.15,0,86.44,1
898,2023,Nordeste,AL,Urbana,Pequeno,6859,F,97,791.54,0.561,28.89,0,4.87,7.07,60.74,20.76,35.39,66.47,0,82.12,1
899,2022,Sul,SC,Rural,Grande,10395114,F,85,922.9,0.832,31.01,0,3.15,6.07,63.33,23.68,82.83,72.88,0,93.96,0
900,2023,Sul,PR,Rural,Grande,11696261,F,96,804.92,0.652,25.6,1,6.23,6.22,85.29,24.05,78.92,68.87,1,76.59,1
901,2024,Norte,RO,Urbana,Pequeno,18117,M,88,660.67,0.691,23.32,0,4.52,4.06,29.2,18.59,59.45,70.68,1,81.59,1
902,2022,Sul,SC,Urbana,Médio,66279,M,88,767.37,0.754,30.28,1,5.95,6.72,78.86,24.75,73.09,70.56,0,84.57,1
903,2024,Sudeste,ES,Urbana,Pequeno,2310,M,92,961.18,0.65,25.21,1,4.78,6.42,70.29,25.98,56.56,74.68,0,97.5,0
904,2024,Sudeste,SP,Rural,Pequeno,9264,F,104,745.65,0.6,22.68,1,3.27,6.3,73.86,13.92,51.65,71.13,0,98.63,0
905,2023,Nordeste,MA,Urbana,Pequeno,3780,M,104,1165.29,0.625,35.82,1,6.18,8.51,71.4,15.62,42.89,79.43,0,66.68,0
906,2024,Sudeste,SP,Urbana,Médio,42954,F,103,1371.14,0.739,18.89,0,5.35,5.3,74.41,24.34,83.12,75.45,1,92.92,1
907,2023,Sudeste,RJ,Urbana,Pequeno,12097,M,100,975.58,0.615,6.57,0,5.38,6.67,73.14,18.09,58.97,71.96,0,93.04,0
908,2022,Sul,RS,Rural,Médio,158013,F,88,,0.753,20.09,0,7.57,3.88,71.7,13.94,68.62,68.04,0,99.8,1
909,2022,Norte,PA,Rural,Médio,90924,M,96,250.14,0.618,33.46,0,4.0,5.52,70.87,22.66,70.25,69.84,1,93.22,0
910,2024,Sul,RS,Urbana,Médio,142517,F,93,957.12,0.722,29.88,1,5.29,5.08,96.02,17.19,95.98,77.97,0,72.1,0
911,2023,Sudeste,SP,Urbana,Pequeno,8361,M,93,1197.82,0.71,31.15,0,6.89,3.55,80.49,19.81,49.04,77.29,1,94.92,0
912,2023,Norte,RO,Urbana,Pequeno,10551,M,95,696.49,0.596,17.53,1,5.19,6.42,54.88,23.38,29.99,63.32,0,73.57,0
913,2022,Sudeste,MG,Urbana,Médio,98846,M,86,1396.19,0.755,29.3,0,4.16,5.89,100.0,20.15,77.91,73.39,0,92.6,1
914,2024,Sudeste,MG,Urbana,Médio,108121,F,91,790.25,0.652,17.95,0,2.78,6.55,87.58,24.96,77.25,76.82,0,91.84,0
915,2023,Sudeste,ES,Rural,Pequeno,13386,F,95,1196.66,0.747,5.98,0,2.32,7.91,64.09,24.22,73.68,71.31,1,94.91,0
916,2023,Sudeste,ES,Urbana,Pequeno,16668,M,90,1179.62,0.723,24.4,0,5.36,5.84,80.9,23.8,80.51,62.94,0,93.69,0
917,2024,Sul,PR,Urbana,Pequeno,13221,M,85,880.2,0.659,15.62,0,,4.18,66.27,22.35,75.34,71.12,1,81.71,0
918,2023,Sudeste,RJ,Urbana,Pequeno,10497,F,105,1021.65,0.721,25.02,0,,5.59,100.0,19.17,41.25,63.31,0,84.59,0
919,2024,Sudeste,MG,Urbana,Médio,164681,M,104,934.77,0.673,16.74,1,4.69,3.35,70.05,17.14,73.43,75.53,1,92.03,1
920,2022,Nordeste,PB,Urbana,Pequeno,15394,F,87,506.83,0.706,28.49,1,5.06,5.78,81.83,26.86,46.09,63.88,1,78.05,1
921,2024,Sudeste,SP,Urbana,Pequeno,2670,F,99,1070.71,0.637,27.66,0,6.72,8.67,100.0,28.32,70.63,70.46,1,93.35,0
922,2023,Nordeste,RN,Urbana,Médio,77844,F,102,825.94,0.669,34.69,1,6.41,2.14,72.67,24.55,51.27,57.18,1,100.0,1
923,2023,Sudeste,ES,Urbana,Médio,150330,F,101,671.2,0.826,27.96,0,3.42,6.67,56.47,20.13,63.65,71.05,1,85.37,0
924,2024,Sudeste,RJ,Urbana,Médio,26233,F,100,1172.03,0.811,17.39,0,5.06,6.81,76.63,20.77,91.28,72.18,0,75.23,1
925,2023,Sul,RS,Urbana,Pequeno,9830,M,89,967.5,0.755,22.9,0,5.62,8.35,80.36,22.54,75.24,70.46,0,76.6,0
926,2023,Sul,SC,Urbana,Médio,160793,F,98,1246.17,0.758,13.85,0,5.89,7.77,42.81,22.63,24.19,68.51,1,87.09,0
927,2022,Centro-Oeste,GO,Urbana,Pequeno,8711,M,103,670.14,0.642,29.4,0,2.95,7.6,76.85,16.37,54.17,66.29,0,87.62,0
928,2022,Norte,RR,Urbana,Pequeno,19453,M,105,728.47,0.617,22.33,0,6.15,5.05,78.93,27.01,35.29,63.6,1,81.32,0
929,2023,Nordeste,BA,Urbana,Pequeno,19095,F,85,681.75,0.71,27.51,0,7.57,7.07,73.55,19.5,58.89,63.46,1,85.36,0
930,2023,Centro-Oeste,GO,Urbana,Pequeno,7842,M,90,1064.2,0.745,24.19,1,4.75,3.97,61.46,27.71,16.93,66.17,0,81.97,0
931,2024,Sudeste,SP,Urbana,Grande,5708063,F,87,1265.27,0.719,35.9,1,6.94,4.56,61.51,18.51,88.32,66.66,1,100.0,0
932,2023,Nordeste,PB,Urbana,Médio,22029,M,87,1161.0,0.686,23.98,0,4.23,4.75,79.84,12.79,68.73,64.93,1,82.55,0
933,2022,Sudeste,RJ,Urbana,Pequeno,2623,F,89,1314.67,0.737,7.57,0,6.86,6.62,100.0,16.12,76.83,66.4,0,100.0,1
934,2024,Nordeste,RN,Rural,Pequeno,3844,M,102,584.68,0.682,41.19,1,6.32,4.56,66.95,19.54,59.81,70.15,1,92.31,1
935,2022,Nordeste,CE,Urbana,Pequeno,7946,M,87,951.72,0.686,24.06,0,3.96,8.14,79.82,20.5,34.47,69.89,0,77.72,0
936,2024,Sudeste,ES,Urbana,Grande,859344,F,91,1090.47,0.585,12.34,0,5.83,4.78,75.89,16.06,64.61,73.35,1,82.67,0
937,2023,Sudeste,SP,Urbana,Médio,25456,M,102,,0.613,23.33,1,5.15,7.14,83.51,20.76,44.29,68.31,0,84.8,0
938,2022,Norte,RO,Urbana,Pequeno,18636,M,98,517.27,0.597,27.7,1,4.84,6.01,55.53,25.47,87.32,66.48,0,87.28,0
939,2023,Sudeste,ES,Urbana,Médio,175566,M,98,1083.82,0.736,36.17,0,3.67,6.18,69.36,19.44,70.69,65.43,0,93.23,1
940,2024,Sul,RS,Rural,Pequeno,8178,F,100,947.22,0.683,19.13,0,6.55,7.69,73.17,25.87,69.9,75.55,0,90.76,1
941,2023,Norte,AP,Urbana,Pequeno,13158,M,92,973.2,0.668,33.39,1,4.54,4.05,92.88,26.41,83.78,73.42,0,76.77,0
942,2023,Sudeste,RJ,Urbana,Pequeno,10301,F,87,1066.4,0.756,17.28,0,3.77,4.18,50.51,14.79,70.56,66.61,1,71.32,1
943,2023,Nordeste,PI,Rural,Grande,8884174,M,100,1156.89,0.725,34.79,0,4.61,3.47,53.87,19.39,65.85,73.22,0,87.38,1
944,2022,Sudeste,SP,Rural,Pequeno,9384,M,102,1096.64,0.699,27.12,1,3.46,7.49,67.74,21.04,52.62,76.06,0,84.48,0
945,2024,Nordeste,RN,Urbana,Pequeno,12879,M,99,805.9,0.66,30.92,1,,3.01,75.03,18.19,76.7,56.27,0,77.2,0
946,2024,Nordeste,BA,Urbana,Grande,9070307,F,89,,0.721,19.21,0,6.14,6.08,74.64,24.41,63.74,77.61,0,91.91,0
947,2023,Nordeste,CE,Rural,Pequeno,15520,M,89,397.44,0.654,44.31,0,6.32,6.62,66.29,22.08,17.35,66.9,1,100.0,1
948,2024,Sudeste,MG,Urbana,Pequeno,3623,F,102,1176.23,0.643,21.67,0,5.03,9.12,76.06,21.17,66.6,69.94,1,100.0,1
949,2024,Sudeste,ES,Rural,Médio,97437,M,100,625.2,0.615,25.17,0,6.37,3.91,72.12,21.26,73.15,66.34,1,93.41,1
950,2023,Sudeste,RJ,Urbana,Pequeno,10443,M,90,636.83,0.685,27.44,1,4.93,9.22,57.55,26.33,82.88,70.37,1,90.66,0
951,2023,Nordeste,SE,Urbana,Médio,69157,F,91,1098.81,0.624,34.84,1,3.95,5.57,92.33,23.52,62.23,66.46,0,72.14,0
952,2023,Nordeste,RN,Urbana,Pequeno,13073,M,88,554.39,0.59,45.11,0,4.81,4.53,69.63,29.46,60.08,73.82,0,81.33,0
953,2023,Sudeste,ES,Urbana,Pequeno,6214,F,95,924.37,0.686,19.15,0,5.5,5.25,62.99,20.62,69.94,71.32,0,88.91,1
954,2024,Sudeste,SP,Urbana,Grande,9260730,F,94,1326.51,0.755,28.37,0,7.23,7.63,74.22,22.45,62.04,71.76,0,100.0,1
955,2024,Sudeste,RJ,Urbana,Pequeno,8929,M,93,756.89,0.624,18.86,0,3.9,6.31,51.37,21.9,62.21,59.1,0,80.69,1
956,2024,Nordeste,MA,Urbana,Médio,94479,M,95,510.2,0.646,33.07,1,4.06,6.28,69.79,20.51,35.62,71.64,0,89.84,0
957,2024,Centro-Oeste,MS,Urbana,Pequeno,17375,F,105,637.56,0.762,19.67,1,6.44,6.96,60.22,20.54,12.56,69.67,0,83.48,0
958,2022,Sudeste,ES,Urbana,Pequeno,6961,F,90,914.97,0.796,21.44,0,3.84,6.88,57.56,22.43,37.17,71.03,1,79.33,0
959,2023,Nordeste,PB,Rural,Pequeno,9095,F,107,480.47,0.663,29.55,0,4.24,5.1,69.02,23.81,60.05,74.53,1,94.94,0
960,2022,Sudeste,SP,Rural,Pequeno,8450,F,95,1245.71,0.673,3.63,0,6.22,5.52,91.59,18.0,76.57,80.22,0,88.35,0
961,2024,Norte,PA,Rural,Pequeno,18065,F,99,1245.45,0.655,14.87,0,4.96,5.72,90.17,26.54,71.49,67.16,1,94.35,0
962,2022,Nordeste,SE,Rural,Grande,3659407,F,88,613.22,0.664,25.27,0,5.03,4.64,64.81,20.02,33.8,72.32,1,89.45,0
963,2024,Sudeste,SP,Urbana,Médio,152215,M,85,1124.02,0.744,23.69,0,5.65,4.6,73.14,18.21,83.07,74.92,1,86.56,0
964,2023,Nordeste,PB,Urbana,Pequeno,9478,M,91,795.12,0.608,37.27,1,3.01,6.02,55.67,19.63,89.15,69.12,1,93.79,0
965,2023,Nordeste,PE,Rural,Pequeno,2724,M,106,1067.83,0.569,21.09,0,5.56,4.44,57.72,18.07,85.35,66.13,1,95.64,1
966,2023,Nordeste,PI,Urbana,Médio,38690,M,104,596.3,0.737,33.28,0,4.79,5.22,77.9,23.64,52.44,61.43,0,81.95,0
967,2022,Sudeste,MG,Urbana,Pequeno,9268,M,93,1133.68,0.778,18.01,0,5.62,5.4,92.47,24.24,56.68,77.02,0,85.77,1
968,2022,Sudeste,ES,Rural,Médio,28976,F,94,1392.95,0.71,9.08,0,3.34,6.93,53.7,23.41,59.01,69.12,0,98.37,0
969,2022,Centro-Oeste,GO,Urbana,Pequeno,6946,F,99,775.06,0.695,16.91,0,4.71,6.37,73.9,28.31,67.62,70.62,0,86.04,1
970,2024,Sudeste,SP,Urbana,Médio,114725,F,100,1528.45,0.702,25.14,0,3.23,4.78,65.74,25.37,39.58,67.22,1,92.74,1
971,2023,Sudeste,MG,Urbana,Médio,105247,F,100,1066.08,0.587,14.96,0,4.4,6.65,76.77,14.7,78.98,71.58,0,83.06,1
972,2022,Sudeste,MG,Rural,Médio,50147,F,91,1198.76,0.702,11.77,0,5.23,10.0,74.7,10.0,69.95,74.95,1,89.04,0
973,2023,Sudeste,SP,Urbana,Pequeno,8461,M,99,1178.61,0.756,24.75,0,5.92,9.71,51.25,23.35,97.48,65.63,1,77.39,0
974,2022,Sudeste,SP,Urbana,Pequeno,6217,F,91,,0.711,23.74,1,5.59,5.65,58.43,22.58,62.39,71.08,1,91.36,1
975,2022,Sudeste,RJ,Urbana,Pequeno,10678,M,105,400.47,0.727,31.11,0,2.75,9.55,53.71,17.09,78.57,73.76,0,99.85,1
976,2022,Sudeste,SP,Urbana,Pequeno,4094,F,104,1445.54,0.747,18.07,1,1.76,6.25,72.06,20.84,48.72,76.03,1,,1
977,2022,Nordeste,CE,Urbana,Pequeno,4600,F,91,724.51,0.564,28.02,0,6.87,7.66,50.89,23.41,59.45,67.35,1,100.0,1
978,2022,Sudeste,ES,Urbana,Pequeno,14568,M,101,948.19,0.816,15.14,0,6.79,7.61,57.99,25.04,75.37,60.9,1,88.13,0
979,2022,Sudeste,ES,Urbana,Médio,114795,F,91,1205.22,0.66,24.77,1,6.93,6.17,29.0,24.98,56.24,70.13,0,89.8,0
980,2024,Sul,PR,Urbana,Pequeno,9007,F,90,1073.82,0.705,23.33,1,5.54,3.59,89.34,21.98,76.08,69.22,1,,1
981,2024,Centro-Oeste,MS,Rural,Grande,4987598,M,103,834.62,0.705,31.52,0,3.73,5.63,59.02,26.86,49.65,70.73,1,89.87,0
982,2022,Nordeste,BA,Urbana,Médio,101896,M,92,728.37,0.596,33.69,0,3.13,4.09,47.01,20.5,64.23,64.94,0,84.48,0
983,2022,Nordeste,CE,Urbana,Médio,116770,F,97,603.19,0.653,34.93,1,,6.77,51.67,14.0,42.03,72.67,0,87.24,0
984,2024,Sul,PR,Urbana,Grande,1737087,M,88,,0.664,18.09,0,6.74,2.97,82.35,21.06,73.21,77.18,0,78.97,1
985,2024,Sudeste,SP,Urbana,Pequeno,4693,M,103,912.58,0.697,12.55,0,5.3,7.31,64.06,18.67,72.82,78.49,1,93.64,1
986,2023,Centro-Oeste,GO,Urbana,Grande,4281771,M,106,828.88,0.596,21.5,1,4.35,6.19,54.55,23.1,69.9,63.14,0,,0
987,2023,Sudeste,RJ,Urbana,Pequeno,13883,F,105,1092.42,0.732,31.7,0,6.91,6.14,100.0,22.85,42.38,70.51,1,88.72,0
988,2023,Nordeste,RN,Urbana,Pequeno,2152,F,90,530.31,0.687,23.26,0,5.16,4.33,75.87,21.79,51.0,68.76,0,84.72,0
989,2024,Nordeste,PE,Urbana,Pequeno,16171,M,98,370.91,0.634,27.37,1,3.58,4.84,47.73,20.19,45.33,66.93,0,90.58,0
990,2023,Sudeste,MG,Urbana,Pequeno,12548,F,102,906.56,0.698,31.46,0,6.47,6.62,56.3,18.32,65.59,65.49,0,93.56,0
991,2023,Nordeste,CE,Rural,Pequeno,5625,F,89,503.2,0.68,17.38,0,3.64,5.76,65.09,27.24,59.86,65.5,0,92.72,1
992,2023,Norte,AP,Urbana,Pequeno,8465,F,98,1200.61,0.682,40.46,1,5.52,4.94,45.47,33.07,29.43,69.74,1,,0
993,2024,Sul,RS,Urbana,Médio,164273,M,104,1215.0,0.69,26.22,0,7.11,7.65,71.78,23.37,77.09,64.57,1,83.37,1
994,2024,Nordeste,PI,Urbana,Pequeno,17659,M,86,997.27,0.712,51.26,1,4.84,4.62,59.61,14.41,69.73,62.17,0,87.82,0
995,2022,Sudeste,SP,Urbana,Pequeno,12093,M,99,1121.13,0.679,26.28,0,4.98,4.82,51.74,25.1,44.04,73.36,1,87.87,0
996,2022,Nordeste,PE,Rural,Grande,8937615,F,103,841.9,0.653,39.85,1,3.57,5.89,57.84,21.43,66.61,66.83,0,98.92,1
997,2024,Sudeste,RJ,Urbana,Médio,125028,M,104,1080.67,0.809,28.96,0,3.3,6.49,96.98,18.3,65.98,72.33,1,82.24,0
998,2023,Sudeste,MG,Urbana,Pequeno,14310,F,100,1148.03,0.671,11.95,0,6.85,4.51,55.35,23.77,57.03,73.93,1,,0
999,2022,Nordeste,RN,Rural,Pequeno,11606,M,98,907.67,0.761,20.48,0,4.48,8.13,83.21,19.09,61.66,80.01,0,90.91,1
1000,2022,Sudeste,ES,Urbana,Pequeno,14638,M,100,879.07,0.725,26.12,0,5.48,5.93,84.52,23.48,57.78,73.89,1,92.97,0
1001,2022,Sudeste,SP,Urbana,Pequeno,16887,F,106,790.79,0.671,10.14,1,7.5,3.46,77.94,22.49,68.26,68.54,0,97.47,0
1002,2023,Sul,RS,Urbana,Pequeno,12034,F,90,1099.06,0.738,27.29,0,7.78,8.38,68.32,20.95,57.76,73.07,0,,0
1003,2023,Centro-Oeste,GO,Urbana,Pequeno,8258,M,107,1085.65,0.641,21.5,1,5.43,6.33,57.7,21.53,73.64,70.32,0,97.73,1
1004,2022,Sudeste,ES,Urbana,Pequeno,11307,M,106,1032.73,0.757,8.78,0,6.16,6.8,90.03,20.77,54.65,63.3,0,95.29,0
1005,2023,Sudeste,MG,Urbana,Pequeno,18815,M,88,1135.27,0.821,25.75,0,3.39,6.94,69.58,18.68,64.1,72.04,1,87.81,0
1006,2022,Nordeste,SE,Urbana,Pequeno,2026,M,100,758.44,0.678,40.16,0,3.59,3.67,71.29,23.57,33.87,68.42,1,78.84,0
1007,2023,Nordeste,SE,Urbana,Grande,7714519,F,103,1232.24,0.675,13.69,0,4.01,7.72,80.87,16.24,79.81,73.2,0,97.94,0
1008,2024,Sul,SC,Urbana,Pequeno,7293,F,96,618.85,0.707,17.15,0,5.34,7.45,73.3,17.24,72.42,76.43,1,80.96,0
1009,2022,Sudeste,SP,Urbana,Pequeno,19101,M,97,1058.66,0.714,5.79,0,6.6,6.03,74.5,23.69,72.4,63.16,1,82.31,1
1010,2022,Sudeste,RJ,Urbana,Médio,142762,F,100,1332.76,0.673,40.39,0,6.68,5.82,81.09,23.57,47.78,66.71,0,74.55,1
1011,2024,Sudeste,MG,Urbana,Grande,5511225,M,98,1252.99,0.623,30.0,1,5.26,6.81,61.59,21.95,43.02,78.24,1,80.92,0
1012,2022,Sudeste,RJ,Urbana,Grande,1908755,M,94,1482.77,0.724,27.73,0,5.06,6.67,62.72,23.0,75.58,74.21,0,87.14,0
1013,2023,Sul,SC,Urbana,Pequeno,17862,F,90,787.52,0.817,20.05,0,8.2,6.89,84.98,28.23,74.81,76.12,1,88.73,0
1014,2022,Sudeste,ES,Urbana,Pequeno,6342,M,85,1133.27,0.789,12.9,1,,7.71,73.7,21.2,41.05,76.04,0,98.48,1
1015,2023,Nordeste,PB,Urbana,Médio,154617,M,97,917.8,0.647,44.76,1,5.23,3.46,64.73,19.27,57.11,63.82,0,88.14,0
1016,2024,Sudeste,SP,Urbana,Pequeno,7996,F,95,933.39,0.703,33.58,0,5.91,5.42,76.95,20.3,65.03,74.74,0,85.31,1
1017,2022,Norte,RR,Urbana,Pequeno,15790,F,86,931.54,0.671,41.85,1,4.59,4.12,58.4,27.52,67.03,67.32,1,94.5,1
1018,2023,Sul,SC,Rural,Pequeno,2745,F,91,865.96,0.695,21.67,1,7.34,7.29,100.0,19.74,77.86,69.33,1,82.85,1
1019,2023,Sudeste,SP,Urbana,Médio,160234,M,90,1226.34,0.725,29.99,0,4.74,6.98,89.04,24.7,70.29,72.66,0,100.0,0
1020,2024,Sudeste,ES,Urbana,Pequeno,19725,M,99,1102.9,0.57,9.22,0,,6.52,69.18,26.06,44.86,70.46,0,90.37,0
1021,2023,Norte,AC,Urbana,Grande,1384684,M,102,1296.35,0.614,20.77,1,4.2,1.88,56.01,24.07,53.71,64.37,0,92.32,0
1022,2022,Nordeste,PB,Urbana,Médio,97492,F,106,956.64,0.655,26.9,0,3.83,3.32,77.45,25.82,54.77,70.71,0,97.95,0
1023,2023,Sudeste,SP,Urbana,Pequeno,4421,F,96,1277.64,0.661,4.52,0,5.61,8.67,54.09,20.31,58.23,81.1,0,96.38,1
1024,2022,Centro-Oeste,GO,Urbana,Grande,8326309,F,91,375.58,0.754,33.87,0,5.52,7.4,83.72,20.68,77.96,68.52,1,81.32,0
1025,2023,Sudeste,MG,Urbana,Médio,140063,M,85,1455.17,0.73,14.9,0,4.19,6.75,70.21,18.09,49.39,83.67,1,84.36,1
1026,2024,Sudeste,SP,Urbana,Pequeno,14533,M,98,1089.13,0.838,31.15,0,4.62,8.87,77.01,25.35,72.74,69.78,0,75.05,0
1027,2024,Centro-Oeste,GO,Urbana,Grande,10392629,F,92,,0.699,40.66,1,6.49,6.47,65.3,17.66,65.1,56.93,1,86.46,0
1028,2023,Sul,SC,Urbana,Pequeno,13413,M,89,998.59,0.781,25.01,0,6.27,6.34,79.02,22.1,74.37,69.03,1,100.0,1
1029,2024,Norte,AM,Rural,Pequeno,7421,F,90,783.71,0.653,39.32,1,4.46,5.16,39.91,26.14,73.88,65.08,0,86.79,0
1030,2022,Sudeste,SP,Urbana,Médio,160841,F,106,1080.01,0.738,18.17,0,5.95,6.05,94.17,17.34,54.32,74.31,1,88.18,1
1031,2024,Norte,AP,Urbana,Pequeno,6816,F,96,506.08,0.764,21.92,1,5.1,5.25,74.41,16.83,50.96,71.64,1,78.43,1
1032,2022,Sudeste,ES,Urbana,Pequeno,2609,M,101,1119.92,0.736,28.23,0,6.65,8.44,77.47,22.67,54.47,66.56,1,94.69,1
1033,2024,Sudeste,RJ,Urbana,Grande,11243851,M,98,749.64,0.604,21.28,0,7.12,3.52,53.72,20.92,100.0,75.93,1,72.24,0
1034,2022,Sudeste,RJ,Urbana,Grande,9181743,F,97,1196.57,0.653,28.32,1,5.11,8.82,59.06,24.28,82.58,73.05,1,89.09,1
1035,2024,Sul,SC,Urbana,Pequeno,9888,M,95,762.91,0.668,18.53,0,6.58,3.86,89.46,23.2,60.17,72.98,1,91.39,0
1036,2022,Nordeste,RN,Rural,Pequeno,3845,M,100,532.85,0.558,13.75,0,4.19,7.09,59.91,24.02,53.24,68.72,0,76.96,0
1037,2023,Sudeste,ES,Urbana,Médio,150226,M,96,150.0,0.698,12.94,0,6.56,7.97,68.4,16.86,49.84,72.94,1,86.55,1
1038,2022,Nordeste,PI,Urbana,Pequeno,16169,F,98,729.11,0.65,32.75,0,8.07,8.16,39.72,22.03,48.19,74.9,0,68.1,0
1039,2024,Norte,RR,Urbana,Médio,114345,M,104,876.01,0.69,30.04,0,3.6,4.48,71.91,21.58,54.5,67.43,0,81.59,0
1040,2024,Nordeste,PI,Rural,Médio,55865,M,93,977.28,0.686,34.38,0,3.95,7.06,58.32,16.09,70.04,65.61,1,84.58,0
1041,2022,Norte,PA,Urbana,Pequeno,19628,M,98,639.72,0.722,38.47,0,4.49,5.87,74.38,23.1,26.55,59.16,0,88.17,1
1042,2022,Sudeste,RJ,Urbana,Pequeno,6693,M,88,1076.57,0.72,22.77,0,5.61,5.18,64.36,24.67,72.55,63.85,1,92.71,1
1043,2022,Sudeste,SP,Urbana,Pequeno,16559,M,104,818.12,0.703,24.8,1,3.77,5.06,82.77,19.93,39.35,71.15,1,93.43,0
1044,2023,Norte,RR,Urbana,Pequeno,12670,F,107,1028.32,0.588,18.88,0,2.36,5.46,76.57,23.45,46.83,69.98,1,68.69,0
1045,2023,Sul,PR,Urbana,Pequeno,17928,F,103,1063.89,0.67,16.27,0,4.95,7.18,57.36,27.33,74.28,57.56,1,92.11,0
1046,2023,Sudeste,SP,Urbana,Pequeno,19434,F,91,896.99,0.632,18.38,0,6.79,9.77,73.05,23.35,51.69,58.97,0,94.35,1
1047,2022,Centro-Oeste,MT,Urbana,Grande,6966936,F,90,931.35,0.681,19.09,0,,6.72,62.29,18.2,47.1,69.43,1,95.41,1
1048,2023,Sudeste,MG,Urbana,Médio,165442,M,87,1445.92,0.662,16.2,1,4.32,8.1,32.05,19.39,85.17,69.94,1,89.84,0
1049,2023,Centro-Oeste,MS,Urbana,Pequeno,2433,M,89,985.72,0.794,17.46,1,6.08,4.36,72.35,28.09,28.62,72.26,0,80.78,0
1050,2024,Sudeste,MG,Urbana,Pequeno,6076,M,97,873.34,0.72,17.1,0,5.73,4.78,80.86,15.18,67.58,63.65,0,85.28,1
1051,2023,Centro-Oeste,MS,Urbana,Médio,76458,F,97,888.05,0.747,14.89,0,4.98,5.41,87.07,18.69,100.0,69.37,0,89.61,0
1052,2022,Sul,SC,Urbana,Médio,25718,F,90,1360.55,0.65,23.76,0,5.31,4.64,43.92,17.49,78.62,64.02,0,80.78,1
1053,2023,Sudeste,RJ,Urbana,Pequeno,12184,M,100,975.94,0.759,26.83,0,5.78,8.01,79.38,14.73,50.24,70.44,0,82.74,1
1054,2023,Sudeste,ES,Urbana,Grande,6180155,M,89,998.52,0.753,19.13,0,3.77,4.45,75.43,20.47,49.94,72.11,0,85.05,0
1055,2023,Sudeste,MG,Urbana,Grande,5924784,M,99,1526.45,0.738,9.84,0,4.39,6.35,64.77,29.49,44.09,73.07,1,91.55,0
1056,2023,Nordeste,PE,Urbana,Pequeno,4690,F,95,1021.62,0.708,22.72,0,7.06,6.84,66.98,22.82,49.67,67.53,0,96.22,1
1057,2024,Sudeste,ES,Urbana,Pequeno,16506,M,90,1284.95,0.728,18.67,1,4.19,7.52,77.25,29.45,71.46,74.51,0,82.25,1
1058,2024,Sudeste,SP,Urbana,Grande,6213894,F,94,1261.57,0.697,28.69,1,5.79,6.76,78.67,28.14,35.26,71.16,1,86.02,1
1059,2022,Sudeste,RJ,Urbana,Pequeno,2752,M,89,1110.25,0.754,22.79,1,5.93,4.14,77.82,26.67,67.59,64.95,0,100.0,0
1060,2022,Sul,RS,Rural,Pequeno,18284,F,99,1356.39,0.75,25.76,0,6.43,9.36,71.18,21.88,44.58,67.65,1,86.27,0
1061,2023,Nordeste,SE,Urbana,Pequeno,13017,F,90,705.31,0.669,14.54,0,4.23,7.7,74.31,23.12,38.86,62.97,1,88.47,0
1062,2024,Sudeste,ES,Urbana,Médio,155304,M,100,1136.73,0.799,22.34,0,,7.26,81.36,16.1,47.14,74.52,1,91.69,0
1063,2022,Nordeste,PI,Urbana,Pequeno,14351,M,86,,0.67,42.62,0,4.8,4.75,73.79,21.82,79.07,64.18,0,100.0,1
1064,2024,Sudeste,ES,Urbana,Pequeno,9837,M,99,1307.44,0.798,34.67,1,4.94,5.04,100.0,17.54,45.99,66.47,1,77.74,1
1065,2022,Nordeste,MA,Rural,Médio,183864,F,85,910.16,0.58,32.54,1,3.07,6.03,69.27,23.38,58.15,65.24,0,78.2,0
1066,2024,Sudeste,ES,Urbana,Grande,3737711,F,97,1092.81,0.727,22.09,1,4.29,4.91,68.69,28.36,54.12,73.65,0,97.34,0
1067,2024,Sul,SC,Urbana,Médio,157978,M,96,1168.92,0.742,32.59,0,5.17,4.88,60.59,22.71,66.59,72.54,1,77.22,1
1068,2024,Sudeste,ES,Urbana,Pequeno,9763,M,94,737.3,0.676,23.34,1,6.84,9.5,80.88,19.75,63.35,70.93,1,92.64,1
1069,2023,Sul,RS,Urbana,Médio,60434,F,84,555.37,0.65,26.23,0,5.95,4.56,85.88,14.74,87.49,68.87,0,100.0,0
1070,2022,Sudeste,RJ,Urbana,Pequeno,5150,M,88,842.57,0.715,20.05,1,4.68,5.52,63.12,28.99,52.93,77.98,0,91.3,1
1071,2024,Sudeste,MG,Urbana,Médio,142649,F,104,510.01,0.657,21.21,0,4.35,7.25,69.85,31.83,67.1,73.28,0,96.8,0
1072,2022,Sudeste,RJ,Urbana,Grande,10539431,F,101,1062.18,0.62,9.71,0,5.92,7.21,68.16,24.38,90.07,71.06,0,88.19,1
1073,2022,Nordeste,CE,Urbana,Médio,192601,F,86,884.25,0.711,15.58,0,5.69,3.88,23.08,23.94,54.6,75.71,0,92.38,1
1074,2024,Sudeste,ES,Urbana,Médio,42229,F,98,973.01,0.762,24.1,1,5.29,6.82,58.69,24.52,79.73,69.72,1,90.64,1
1075,2022,Sudeste,SP,Urbana,Pequeno,2017,M,84,939.07,0.636,4.53,0,4.41,7.98,40.87,22.56,100.0,70.59,0,93.24,0
1076,2023,Centro-Oeste,MS,Urbana,Pequeno,17765,F,99,839.57,0.663,23.06,1,3.47,7.68,79.12,28.06,72.07,70.27,1,94.24,1
1077,2022,Sul,PR,Urbana,Pequeno,15931,M,89,722.31,0.666,17.41,0,5.06,6.86,79.76,24.46,29.41,65.61,1,96.82,1
1078,2022,Sudeste,RJ,Urbana,Médio,65944,M,86,1031.28,0.752,25.18,1,5.61,3.98,73.31,15.56,73.64,65.92,0,89.81,1
1079,2022,Sudeste,SP,Urbana,Pequeno,11994,F,99,1368.15,0.701,9.44,0,7.44,8.16,57.06,20.33,63.95,71.41,1,81.88,1
1080,2023,Sudeste,MG,Urbana,Médio,61785,M,85,909.02,0.693,22.17,0,5.87,5.02,63.89,26.09,25.2,73.11,1,85.62,0
1081,2023,Norte,PA,Urbana,Pequeno,8996,F,97,,0.666,24.05,0,3.28,4.94,46.83,22.1,40.34,71.7,1,100.0,0
1082,2022,Sudeste,SP,Urbana,Médio,189349,M,91,1030.81,0.715,19.52,1,4.6,6.29,58.55,22.54,65.87,65.51,0,91.45,0
1083,2023,Sudeste,MG,Rural,Pequeno,6104,M,107,747.66,0.751,21.18,0,4.9,5.69,91.76,17.92,74.64,70.96,1,100.0,0
1084,2024,Sudeste,MG,Urbana,Grande,3359506,F,90,1228.49,0.597,13.89,1,8.32,7.58,66.36,21.51,81.05,78.61,0,82.56,0
1085,2024,Nordeste,RN,Urbana,Médio,26373,F,102,887.92,0.714,26.15,1,4.23,7.26,65.38,21.44,62.54,77.66,0,100.0,0
1086,2024,Sudeste,MG,Urbana,Pequeno,2181,M,104,870.38,0.684,18.79,1,5.89,7.11,72.88,19.73,100.0,65.48,0,81.08,0
1087,2024,Centro-Oeste,GO,Urbana,Médio,60581,F,103,1117.39,0.583,21.69,1,,8.95,48.54,18.62,69.94,67.9,0,93.44,0
1088,2023,Sul,RS,Urbana,Médio,171537,M,102,1072.95,0.575,14.64,1,5.01,8.11,100.0,11.66,69.23,71.6,1,90.2,1
1089,2024,Sudeste,SP,Urbana,Pequeno,9829,F,93,1065.4,0.589,14.77,0,4.58,4.76,74.26,26.99,66.85,65.59,1,77.88,0
1090,2023,Sudeste,MG,Urbana,Pequeno,11428,F,91,1036.15,0.768,26.16,0,4.49,7.64,57.06,24.24,94.1,73.99,0,,1
1091,2022,Sudeste,RJ,Urbana,Médio,131849,F,94,674.43,0.654,17.11,1,4.5,9.65,54.68,26.24,61.57,68.21,0,82.74,0
1092,2023,Norte,TO,Urbana,Pequeno,17138,F,96,819.23,0.583,34.63,1,3.21,4.13,78.58,14.61,73.56,73.62,1,91.05,0
1093,2024,Nordeste,RN,Urbana,Pequeno,3379,M,102,,0.67,31.68,0,4.2,6.89,61.0,25.82,80.48,65.11,1,81.16,0
1094,2023,Nordeste,MA,Urbana,Pequeno,4317,F,92,901.49,0.668,22.7,1,7.02,5.68,93.56,26.07,95.44,70.86,0,83.33,0
1095,2022,Nordeste,CE,Rural,Médio,143396,F,85,895.29,0.706,35.12,1,4.52,3.88,45.53,22.93,79.95,69.0,1,87.05,0
1096,2022,Sudeste,SP,Rural,Médio,95641,M,91,,0.755,27.98,1,5.24,5.42,72.36,28.01,69.42,70.97,0,91.01,0
1097,2023,Sul,PR,Urbana,Médio,134740,F,88,1202.0,0.607,24.27,1,5.51,7.05,44.01,17.54,88.34,69.85,0,100.0,0
1098,2024,Norte,AC,Urbana,Pequeno,12123,F,102,675.67,0.728,35.81,1,4.71,8.09,70.13,20.06,70.14,72.86,1,88.85,1
1099,2023,Sudeste,ES,Urbana,Pequeno,15984,F,101,1236.61,0.699,17.69,1,6.01,5.64,43.77,16.23,40.32,72.88,0,76.12,0
1100,2023,Sudeste,MG,Urbana,Médio,72825,F,93,1174.39,0.798,17.65,0,3.52,6.73,92.04,26.52,89.31,73.58,0,80.32,1
1101,2024,Sudeste,ES,Rural,Pequeno,13189,M,85,980.62,0.848,36.04,0,5.28,6.56,79.85,26.5,97.6,71.69,1,89.03,0
1102,2022,Sudeste,MG,Urbana,Grande,5007729,F,85,1196.81,0.676,24.2,0,5.47,5.31,88.02,24.75,74.72,67.33,1,96.64,1
1103,2023,Sudeste,SP,Urbana,Pequeno,5606,M,86,799.3,0.792,11.52,0,4.92,6.24,82.9,21.83,75.57,69.49,0,78.09,0
1104,2023,Sudeste,SP,Urbana,Pequeno,17354,F,105,1258.74,0.691,27.92,0,3.65,6.56,100.0,16.45,62.43,69.26,1,90.5,0
1105,2023,Sul,SC,Urbana,Pequeno,4225,F,92,719.31,0.691,29.92,0,4.39,4.98,75.3,27.11,73.6,60.37,0,93.08,0
1106,2023,Sudeste,MG,Urbana,Médio,107432,F,107,857.81,0.66,15.04,0,4.31,7.69,83.15,26.35,83.64,74.21,1,90.12,1
1107,2024,Nordeste,RN,Urbana,Pequeno,5051,F,100,525.23,0.545,31.93,0,,7.56,67.47,28.64,54.27,73.53,1,79.34,0
1108,2024,Sudeste,RJ,Urbana,Pequeno,10553,F,101,1495.98,0.707,17.68,0,5.01,3.75,85.89,20.46,38.09,68.96,1,,0
1109,2022,Nordeste,BA,Urbana,Pequeno,4615,F,88,900.73,0.672,29.09,0,6.24,7.2,79.85,23.43,96.37,66.5,1,87.26,0
1110,2022,Centro-Oeste,GO,Urbana,Pequeno,14692,M,88,892.65,0.848,40.08,1,2.83,8.06,61.07,27.19,47.74,72.69,0,93.18,0
1111,2022,Sudeste,ES,Rural,Médio,86288,M,102,1002.5,0.73,23.42,1,4.81,5.25,75.94,21.18,69.05,67.94,0,85.68,0
1112,2023,Centro-Oeste,MS,Urbana,Médio,75965,F,91,1135.67,0.634,17.53,0,6.76,4.51,90.01,14.22,67.77,69.73,1,81.37,1
1113,2023,Sul,RS,Urbana,Pequeno,14102,F,106,1014.96,0.749,31.69,1,5.29,4.64,71.06,27.68,83.16,71.93,1,89.82,0
1114,2024,Sudeste,SP,Rural,Médio,170629,M,103,1465.82,0.653,27.7,0,5.98,6.29,88.6,20.55,52.7,72.79,0,84.39,0
1115,2023,Sudeste,MG,Urbana,Pequeno,19372,F,99,942.63,0.685,27.95,0,5.96,6.86,88.0,26.62,59.34,75.6,0,100.0,0
1116,2023,Sul,PR,Urbana,Pequeno,6298,M,93,1217.13,0.671,26.72,1,4.84,6.23,82.65,17.93,72.79,83.74,1,88.33,0
1117,2022,Sudeste,MG,Urbana,Médio,183455,M,95,899.61,0.773,16.23,0,5.12,9.98,86.33,19.06,63.59,74.9,1,92.39,0
1118,2024,Sudeste,MG,Urbana,Pequeno,16580,F,94,955.3,0.691,16.82,0,3.13,4.54,71.15,12.44,28.36,69.83,1,70.16,0
1119,2022,Sudeste,ES,Urbana,Pequeno,17537,F,100,882.84,0.735,24.39,0,2.84,5.99,51.86,21.71,59.88,68.56,1,85.57,0
1120,2022,Nordeste,RN,Urbana,Médio,186897,F,106,788.97,0.759,43.52,0,4.05,3.85,77.72,28.04,18.98,73.93,0,90.56,1
1121,2023,Nordeste,CE,Urbana,Pequeno,10537,M,92,576.59,0.687,18.57,1,4.01,6.25,91.55,30.04,49.11,70.03,1,85.44,0
1122,2024,Sudeste,ES,Urbana,Médio,79302,M,104,1112.38,0.679,15.49,0,5.96,5.99,51.55,18.44,64.82,75.2,0,90.97,0
1123,2022,Sudeste,MG,Urbana,Grande,6902740,F,103,1412.74,0.597,11.8,0,3.36,6.62,82.95,16.27,66.89,65.44,0,84.08,0
1124,2024,Nordeste,SE,Rural,Médio,51298,M,105,762.1,0.636,31.42,0,5.97,7.29,51.65,25.27,49.08,68.76,1,94.21,1
1125,2024,Norte,AC,Urbana,Pequeno,5336,F,98,691.66,0.666,36.2,1,3.17,5.5,74.34,23.64,38.83,77.02,0,81.3,0
1126,2023,Sudeste,RJ,Urbana,Médio,34634,M,98,1589.75,0.671,11.01,0,4.66,8.25,53.26,19.15,67.93,77.84,1,91.97,0
1127,2023,Sudeste,MG,Urbana,Pequeno,4938,M,84,1071.84,0.725,13.65,0,5.7,5.72,51.56,22.58,79.55,76.84,0,97.1,0
1128,2024,Sudeste,MG,Urbana,Pequeno,19908,F,91,1019.82,0.737,22.73,0,5.68,5.44,89.3,21.63,50.83,74.94,1,95.04,1
1129,2022,Sul,SC,Rural,Médio,50952,F,100,1171.43,0.802,19.23,1,5.29,7.09,74.55,19.43,47.46,79.2,1,92.19,0
1130,2023,Sudeste,MG,Urbana,Pequeno,14474,M,86,,0.53,15.09,0,5.39,5.97,49.27,25.6,73.71,71.44,1,92.67,0
1131,2023,Centro-Oeste,MT,Urbana,Médio,120653,M,84,838.99,0.697,27.28,0,8.18,4.68,100.0,16.87,67.69,64.28,1,88.46,0
1132,2023,Sudeste,RJ,Urbana,Pequeno,2561,M,87,1317.16,0.828,31.74,0,5.61,5.76,66.62,24.89,58.96,73.33,0,86.62,0
1133,2023,Nordeste,BA,Urbana,Pequeno,10376,F,101,948.25,0.735,28.95,1,5.75,8.87,49.06,19.93,46.38,72.64,1,87.77,1
1134,2023,Nordeste,MA,Urbana,Médio,166855,M,91,653.08,0.656,25.95,0,6.77,3.28,56.99,22.74,44.04,70.95,1,87.74,1
1135,2023,Norte,PA,Urbana,Médio,39560,F,106,1227.49,0.744,21.97,1,5.67,6.96,74.68,20.91,65.24,72.9,1,94.54,0
1136,2023,Norte,RO,Rural,Pequeno,18930,F,84,1099.01,0.596,37.95,1,3.87,7.16,72.75,15.91,65.27,64.41,0,86.08,0
1137,2022,Nordeste,SE,Urbana,Pequeno,15568,F,99,695.52,0.755,15.95,1,6.19,6.51,95.97,26.35,62.41,66.17,0,86.83,0
1138,2024,Nordeste,AL,Rural,Médio,56346,F,101,1116.85,0.685,28.59,0,5.37,5.43,74.62,25.09,51.37,73.98,1,78.98,0
1139,2024,Norte,AP,Rural,Pequeno,9252,F,93,842.07,0.6,35.9,0,2.25,6.82,82.79,28.62,93.82,72.12,1,79.5,0
1140,2024,Sul,PR,Rural,Grande,11016007,F,91,1425.72,0.768,18.16,0,5.66,3.79,71.83,28.04,48.99,70.91,1,82.33,1
1141,2024,Sudeste,RJ,Rural,Pequeno,3471,F,103,861.43,0.746,33.92,0,4.87,6.06,65.7,18.97,55.64,71.42,0,89.0,0
1142,2023,Sul,RS,Urbana,Grande,2592601,F,103,805.19,0.687,43.42,0,5.86,7.64,52.96,18.91,45.53,73.34,1,86.51,0
1143,2024,Sul,SC,Urbana,Médio,187911,M,92,848.65,0.704,27.39,1,5.91,4.84,54.76,21.77,75.04,70.75,1,83.2,0
1144,2024,Sudeste,ES,Urbana,Médio,177379,M,96,842.47,0.711,12.25,0,7.49,8.68,74.93,25.32,63.55,77.11,1,85.51,1
1145,2023,Centro-Oeste,DF,Rural,Pequeno,9455,M,97,1454.56,0.68,10.96,1,4.33,4.63,37.66,26.0,27.27,74.89,1,91.3,1
1146,2024,Centro-Oeste,MT,Urbana,Pequeno,17605,M,97,596.01,0.689,28.91,0,8.09,7.16,67.56,24.31,64.53,70.47,1,89.9,1
1147,2022,Nordeste,PI,Urbana,Médio,54475,M,90,645.84,0.554,35.86,1,3.36,5.68,61.39,16.53,30.65,70.18,0,87.97,0
1148,2023,Sudeste,MG,Urbana,Médio,24885,F,94,981.35,0.754,19.26,0,3.44,4.54,78.25,24.93,56.95,77.56,0,79.58,0
1149,2024,Norte,AC,Urbana,Pequeno,4731,M,88,354.25,0.697,33.48,1,6.2,6.24,85.52,18.45,61.93,63.77,1,75.19,0
1150,2024,Sudeste,ES,Urbana,Pequeno,7942,F,94,1073.08,0.624,23.01,1,6.49,7.75,70.39,14.51,72.8,63.29,0,94.28,1
1151,2023,Nordeste,PE,Urbana,Pequeno,7903,F,103,955.95,0.64,33.85,0,5.4,5.02,54.56,24.31,46.61,75.79,1,82.12,0
1152,2023,Norte,TO,Urbana,Médio,138369,M,105,602.11,0.692,42.66,0,6.55,5.82,51.25,19.18,79.58,58.94,1,100.0,0
1153,2023,Sudeste,RJ,Urbana,Grande,4677959,M,93,1132.45,0.65,19.2,0,3.6,9.26,63.49,22.2,87.52,79.42,1,82.94,0
1154,2023,Sudeste,RJ,Urbana,Médio,36406,F,91,1001.63,0.797,13.68,1,1.14,5.16,44.94,26.34,80.32,66.33,1,100.0,0
1155,2022,Sudeste,ES,Urbana,Grande,6247878,M,105,1269.98,0.7,26.85,0,3.58,5.26,69.37,22.74,75.96,83.83,0,83.51,1
1156,2024,Sudeste,RJ,Urbana,Pequeno,14790,F,86,1226.05,0.638,25.04,0,6.64,7.7,74.44,19.88,63.16,65.92,0,82.89,1
1157,2022,Nordeste,MA,Urbana,Médio,147278,F,93,1042.7,0.598,30.13,0,3.71,7.15,72.46,21.59,98.04,73.56,1,100.0,1
1158,2022,Sudeste,ES,Urbana,Pequeno,15580,M,86,899.66,0.793,17.45,1,5.61,6.12,46.34,29.88,64.39,60.15,1,81.75,1
1159,2024,Nordeste,PB,Urbana,Médio,42553,F,94,470.66,0.774,23.8,1,4.99,5.77,59.89,23.57,87.13,79.9,0,80.33,1
1160,2023,Nordeste,MA,Urbana,Pequeno,14005,M,88,894.07,0.748,33.61,1,5.0,6.99,74.3,21.3,51.8,66.54,1,90.29,0
1161,2022,Sudeste,ES,Urbana,Pequeno,19028,M,107,1583.11,0.69,32.08,0,7.34,4.63,76.24,17.03,100.0,70.25,0,89.0,0
1162,2024,Sudeste,RJ,Rural,Pequeno,3010,F,105,799.68,0.653,20.31,0,5.58,5.26,88.51,23.54,92.96,75.73,1,91.39,0
1163,2022,Norte,RR,Urbana,Pequeno,9870,F,90,1031.4,0.7,28.01,1,4.43,4.12,34.07,16.52,79.5,77.54,1,75.46,1
1164,2023,Sudeste,MG,Urbana,Grande,11394288,F,98,1070.0,0.737,19.05,0,,5.54,58.31,28.16,79.78,76.97,0,89.88,1
1165,2022,Sudeste,SP,Urbana,Médio,29711,F,84,1292.43,0.709,13.92,0,5.96,5.11,58.49,23.49,79.32,82.25,0,100.0,1
1166,2024,Nordeste,MA,Rural,Pequeno,11578,M,91,996.74,0.605,20.27,0,1.49,5.15,69.69,17.72,73.0,69.01,1,92.74,0
1167,2024,Nordeste,AL,Rural,Pequeno,17336,M,107,711.88,0.614,42.81,0,,3.59,94.35,24.48,63.07,69.03,1,92.22,0
1168,2023,Nordeste,PI,Urbana,Pequeno,15961,M,97,398.17,0.663,32.11,0,6.11,3.39,54.41,24.26,60.25,61.92,1,90.2,0
1169,2024,Nordeste,PI,Urbana,Grande,5657919,M,104,1004.76,0.651,24.22,1,1.77,5.9,60.58,21.26,74.02,67.94,0,79.03,0
1170,2023,Sudeste,SP,Urbana,Grande,9376915,M,93,1289.23,0.733,18.14,1,5.65,10.0,48.02,14.52,82.4,71.34,0,89.63,1
1171,2022,Sul,SC,Urbana,Médio,38698,F,91,1013.84,0.675,32.98,1,5.59,3.07,83.68,17.22,59.77,71.29,0,77.62,0
1172,2023,Nordeste,MA,Urbana,Médio,187352,F,100,499.58,0.691,32.72,0,3.03,7.45,70.24,27.07,17.65,68.78,1,94.35,0
1173,2024,Sudeste,MG,Urbana,Pequeno,13791,M,95,911.0,0.695,25.62,0,6.79,5.61,72.31,21.09,63.78,64.93,1,72.84,1
1174,2024,Norte,AM,Rural,Médio,66331,F,104,502.4,0.697,33.72,1,5.96,4.15,65.27,20.24,68.11,71.47,1,97.02,1
1175,2024,Sudeste,ES,Urbana,Médio,109945,F,96,,0.653,24.68,1,3.9,6.35,62.6,27.24,80.59,70.89,1,87.81,1
1176,2023,Sudeste,ES,Rural,Pequeno,7479,F,107,1153.07,0.643,17.79,0,3.66,7.35,70.17,26.6,60.1,69.47,0,89.56,1
1177,2024,Nordeste,RN,Urbana,Pequeno,12036,M,104,562.7,0.711,32.08,0,4.51,6.35,56.31,23.81,81.52,73.32,1,82.5,0
1178,2022,Sudeste,ES,Urbana,Pequeno,17908,F,93,1531.86,0.866,16.66,0,6.13,4.99,86.34,21.81,71.19,68.62,0,100.0,1
1179,2022,Sudeste,ES,Urbana,Médio,65736,M,93,886.81,0.758,37.01,0,5.09,9.06,49.87,13.08,48.54,75.56,1,83.38,0
1180,2024,Nordeste,PE,Urbana,Grande,347283,M,98,1026.27,0.689,20.77,0,4.58,4.47,76.81,26.29,46.8,66.75,1,84.86,0
1181,2022,Sul,PR,Rural,Médio,32375,M,91,1008.79,0.693,29.66,1,5.92,6.56,94.06,20.29,58.36,74.98,0,100.0,1
1182,2022,Norte,PA,Urbana,Médio,44030,M,100,714.02,0.663,18.96,0,6.17,7.0,66.15,32.95,44.36,67.82,1,100.0,0
1183,2023,Sul,PR,Urbana,Pequeno,4918,M,99,865.8,0.726,21.23,1,5.42,5.72,82.26,24.99,72.78,63.08,0,82.63,1
1184,2022,Sul,RS,Urbana,Grande,7664113,F,88,737.28,0.64,10.36,0,5.35,5.85,68.95,20.3,95.66,65.56,1,88.42,1
1185,2022,Sudeste,RJ,Urbana,Médio,131194,F,92,914.97,0.623,6.11,0,6.3,8.17,65.62,24.07,60.94,74.28,0,97.82,1
1186,2023,Centro-Oeste,GO,Urbana,Pequeno,2520,M,99,596.09,0.67,10.75,0,5.72,10.0,86.0,23.23,65.34,68.67,0,72.48,0
1187,2022,Nordeste,CE,Urbana,Médio,43517,M,91,725.88,0.7,24.1,1,5.35,5.24,100.0,23.6,33.15,64.3,1,91.1,1
1188,2023,Nordeste,PE,Rural,Grande,6846520,M,107,1297.41,0.558,38.59,0,5.07,5.72,94.22,32.48,51.77,69.29,0,90.5,1
1189,2023,Centro-Oeste,DF,Urbana,Pequeno,6717,M,103,816.43,0.72,13.38,0,,6.0,75.39,22.13,49.55,64.36,1,96.4,0
1190,2023,Sul,PR,Urbana,Pequeno,19531,F,105,917.56,0.638,23.45,0,5.57,5.12,70.64,16.94,64.08,74.67,1,91.22,0
1191,2024,Nordeste,SE,Rural,Médio,66694,F,102,341.87,0.771,35.21,0,2.4,5.37,57.58,22.36,16.55,66.14,0,84.91,0
1192,2022,Sul,SC,Urbana,Pequeno,16629,M,91,1366.42,0.648,18.47,1,5.48,7.08,88.49,25.09,71.14,78.23,1,87.59,0
1193,2024,Sul,RS,Urbana,Pequeno,7704,M,88,1165.63,0.731,25.02,0,4.76,4.64,62.54,22.79,69.83,75.2,1,85.96,1
1194,2023,Nordeste,BA,Urbana,Médio,95374,F,99,821.53,0.652,33.23,0,3.66,5.32,68.14,24.93,66.29,69.32,1,77.27,0
1195,2023,Sul,PR,Rural,Grande,4235079,F,89,1126.33,0.666,20.06,1,4.88,6.36,82.96,22.36,57.04,67.53,1,99.57,1
1196,2022,Centro-Oeste,DF,Urbana,Pequeno,10384,M,92,857.44,0.751,24.27,0,8.78,6.05,60.16,23.82,73.96,71.75,1,99.06,0
1197,2022,Sudeste,RJ,Urbana,Pequeno,13701,M,89,485.56,0.711,10.96,1,6.69,5.95,68.68,27.34,95.36,66.84,1,92.65,0
1198,2022,Nordeste,CE,Urbana,Pequeno,18644,F,103,817.74,0.674,27.05,1,4.28,5.27,72.69,14.91,60.68,64.16,1,83.93,0
1199,2024,Sul,SC,Urbana,Pequeno,7051,M,95,850.18,0.86,23.76,1,6.79,4.42,77.93,17.78,39.32,76.06,1,80.86,0
1200,2024,Sul,PR,Urbana,Pequeno,4999,F,90,1246.22,0.624,14.22,0,,4.35,71.99,20.66,35.41,68.71,1,100.0,0
1201,2022,Sudeste,RJ,Urbana,Pequeno,9781,M,97,613.08,0.708,8.33,0,4.59,10.0,85.23,26.97,75.45,72.53,1,92.96,0
1202,2024,Sudeste,RJ,Urbana,Médio,91042,M,94,818.0,0.646,19.79,0,6.85,6.53,74.65,16.74,50.66,60.4,1,78.46,1
1203,2022,Sul,SC,Urbana,Grande,2342769,M,107,817.66,0.724,13.69,0,5.49,7.64,71.07,23.69,71.01,71.3,1,81.29,1
1204,2022,Nordeste,PB,Urbana,Grande,11370592,F,84,737.47,0.735,21.49,0,5.56,3.12,52.73,22.26,54.89,61.68,0,81.5,0
1205,2023,Nordeste,RN,Urbana,Pequeno,18075,M,105,654.51,0.72,19.44,0,4.81,5.45,80.92,16.58,65.72,62.28,1,84.14,0
1206,2024,Sudeste,SP,Urbana,Grande,6445734,M,87,1047.12,0.669,40.76,0,5.25,5.46,77.08,26.93,66.57,70.4,1,88.05,0
1207,2023,Norte,AP,Urbana,Pequeno,7821,F,106,1162.64,0.618,21.99,1,5.11,4.12,71.96,20.43,40.71,65.44,0,80.71,1
1208,2023,Sudeste,RJ,Rural,Grande,3047362,F,94,1028.39,0.756,33.34,0,6.04,7.24,80.47,19.67,57.07,68.58,0,,1
1209,2024,Sudeste,ES,Rural,Médio,180981,M,101,1198.02,0.67,13.2,0,3.84,5.64,96.08,18.83,24.73,73.33,1,85.83,0
1210,2023,Sudeste,SP,Urbana,Pequeno,10893,M,100,750.04,0.705,17.89,0,6.28,5.47,52.0,16.61,23.42,70.13,0,79.09,0
1211,2022,Sudeste,SP,Urbana,Pequeno,15361,M,99,1042.17,0.693,35.79,0,5.11,7.11,100.0,22.41,24.48,73.66,0,100.0,1
1212,2024,Sudeste,ES,Urbana,Pequeno,12208,M,93,1320.95,0.698,20.21,0,5.3,8.95,53.85,24.84,62.44,65.89,0,87.54,0
1213,2023,Centro-Oeste,MS,Urbana,Médio,137197,F,104,726.57,0.612,34.59,1,3.63,2.99,57.25,20.06,78.35,69.14,0,84.66,0
1214,2022,Nordeste,MA,Urbana,Pequeno,10278,M,105,491.11,0.768,34.19,0,4.2,3.29,77.83,22.51,55.57,64.29,1,95.25,0
1215,2024,Sul,SC,Urbana,Pequeno,8359,M,105,961.55,0.681,27.56,1,4.5,6.38,53.84,23.4,51.49,68.13,0,86.19,0
1216,2022,Sul,RS,Urbana,Grande,5861865,M,107,,0.756,14.92,0,8.52,6.46,86.85,27.81,100.0,72.48,1,89.2,1
1217,2024,Sudeste,ES,Urbana,Pequeno,16069,M,84,1244.63,0.749,26.16,0,3.77,8.06,57.7,20.98,58.18,73.25,1,100.0,0
1218,2023,Centro-Oeste,MS,Urbana,Pequeno,17484,F,86,1127.27,0.609,19.33,0,2.94,3.58,58.28,17.34,54.56,72.86,0,88.02,1
1219,2022,Sudeste,MG,Urbana,Pequeno,13973,M,100,993.54,0.639,15.59,0,5.71,6.89,47.07,18.78,97.35,74.65,0,91.5,1
1220,2022,Sudeste,RJ,Urbana,Pequeno,11968,M,88,944.77,0.608,26.91,0,6.53,8.06,82.99,22.46,66.06,66.93,1,85.5,1
1221,2022,Norte,AM,Urbana,Médio,50761,M,86,762.96,0.717,34.07,1,3.8,4.45,95.79,22.97,58.35,57.69,1,82.61,0
1222,2023,Sul,SC,Urbana,Grande,3840298,M,101,743.88,0.655,22.79,0,5.33,7.38,40.41,19.16,79.81,66.93,0,88.86,1
1223,2024,Sudeste,SP,Urbana,Pequeno,4223,F,99,1300.39,0.56,10.87,1,7.1,4.51,46.32,22.07,73.24,72.24,1,86.2,0
1224,2024,Sudeste,ES,Urbana,Grande,2063979,F,87,1149.33,0.768,28.93,1,8.71,8.68,63.73,21.91,28.76,71.64,0,88.23,0
1225,2024,Nordeste,PE,Urbana,Grande,7883262,M,98,815.41,0.696,41.36,0,6.41,4.73,72.31,13.68,53.45,70.43,1,83.68,0
1226,2023,Nordeste,PE,Urbana,Pequeno,3226,M,105,588.38,0.716,21.89,0,5.53,4.12,64.44,30.07,40.84,70.51,0,72.95,0
1227,2022,Sudeste,SP,Urbana,Pequeno,3116,F,107,1081.84,0.69,23.81,0,5.16,7.74,54.54,22.45,78.9,74.61,1,79.49,0
1228,2024,Norte,PA,Rural,Pequeno,6337,F,88,830.94,0.646,28.54,1,1.33,5.58,69.2,22.08,27.19,67.5,0,84.54,0
1229,2024,Sudeste,MG,Urbana,Pequeno,5258,M,91,1257.26,0.768,12.47,0,4.79,6.31,77.45,23.25,72.41,79.27,1,76.33,1
1230,2023,Sul,RS,Rural,Pequeno,18272,F,86,577.29,0.686,31.39,0,3.6,6.73,63.23,27.69,83.09,64.9,1,79.72,0
1231,2024,Sudeste,SP,Urbana,Pequeno,4322,F,84,920.22,0.633,24.02,0,4.3,2.8,93.14,21.42,84.42,74.6,1,78.22,1
1232,2023,Sul,SC,Urbana,Médio,148772,F,96,1242.06,0.741,20.36,0,6.58,7.21,76.04,24.35,54.29,78.82,1,85.75,0
1233,2024,Sudeste,MG,Urbana,Médio,28611,F,86,813.18,0.744,18.07,0,6.63,3.82,100.0,20.82,35.58,68.04,0,72.82,1
1234,2023,Sudeste,SP,Urbana,Grande,757897,M,92,1465.76,0.685,20.0,0,7.06,5.99,54.82,31.72,39.75,71.01,1,80.72,1
1235,2022,Sudeste,RJ,Urbana,Pequeno,18688,M,100,833.46,0.754,15.59,0,,3.82,71.9,27.14,74.15,74.15,1,,1
1236,2022,Norte,PA,Urbana,Pequeno,19419,F,101,864.36,0.622,31.84,0,5.91,7.01,50.06,24.8,80.78,63.51,1,76.14,0
1237,2023,Centro-Oeste,GO,Urbana,Pequeno,5298,F,97,1111.47,0.759,14.16,0,7.96,5.61,62.15,21.82,70.29,72.82,1,85.83,0
1238,2022,Sul,RS,Urbana,Grande,6902791,F,102,1149.45,0.689,15.92,1,5.06,4.44,88.32,18.59,79.38,58.68,1,89.04,1
1239,2023,Sudeste,RJ,Rural,Pequeno,13562,M,106,636.85,0.628,13.41,1,3.83,6.3,71.29,16.86,91.96,64.88,1,88.06,1
1240,2022,Nordeste,MA,Urbana,Grande,11927429,M,84,583.08,0.704,27.69,0,4.89,5.76,75.0,20.67,54.1,70.61,1,86.93,0
1241,2022,Norte,TO,Urbana,Grande,10968197,F,90,621.76,0.6,30.1,1,3.01,5.51,40.09,21.06,59.48,60.35,0,87.65,0
1242,2024,Sudeste,RJ,Urbana,Pequeno,13570,M,87,1067.07,0.727,30.52,0,3.62,3.97,83.56,22.29,59.89,68.57,1,93.04,0
1243,2022,Sudeste,RJ,Urbana,Pequeno,11419,M,102,1349.98,0.811,18.08,1,6.83,5.07,69.93,18.9,72.8,62.01,1,93.92,1
1244,2023,Nordeste,BA,Urbana,Médio,46745,F,101,604.5,0.688,30.58,0,,5.12,66.88,21.43,68.7,65.82,1,94.16,0
1245,2022,Sul,RS,Urbana,Pequeno,3473,F,104,1160.88,0.733,29.07,1,6.2,7.55,82.15,24.56,30.59,65.75,0,82.74,0
1246,2024,Sudeste,SP,Urbana,Pequeno,13473,M,90,1303.02,0.725,20.4,0,6.41,7.02,100.0,24.71,57.35,72.95,0,99.77,0
1247,2023,Sudeste,ES,Urbana,Pequeno,17503,M,94,768.37,0.582,11.59,1,5.5,6.56,63.26,23.68,52.43,71.55,1,89.37,0
1248,2024,Sudeste,ES,Urbana,Médio,74440,M,86,647.52,0.693,30.37,0,4.87,5.78,82.15,15.25,75.77,68.39,0,94.0,0
1249,2023,Nordeste,RN,Urbana,Médio,64973,M,89,786.24,0.62,46.09,0,4.75,5.93,84.87,18.62,26.48,75.47,0,93.65,0
1250,2023,Nordeste,MA,Urbana,Pequeno,7688,M,85,766.0,0.588,39.68,1,6.48,5.25,67.95,28.84,31.17,63.25,1,100.0,0
1251,2023,Nordeste,BA,Urbana,Médio,180027,F,101,605.49,0.61,25.74,1,2.51,5.85,69.65,21.86,59.95,69.79,1,91.27,1
1252,2024,Nordeste,RN,Urbana,Médio,183710,F,103,700.83,0.666,30.05,0,4.28,2.86,78.85,23.79,13.98,72.47,1,78.6,1
1253,2022,Sudeste,ES,Rural,Médio,112327,F,99,1175.02,0.701,23.31,0,4.94,5.75,63.57,25.73,59.06,73.14,1,73.3,0
1254,2024,Sul,SC,Urbana,Grande,1935105,M,97,1040.38,0.771,18.74,0,5.21,8.24,69.47,18.83,43.99,71.08,1,82.03,0
1255,2023,Nordeste,CE,Rural,Grande,2805669,M,86,994.63,0.584,29.18,1,5.56,5.54,89.03,24.08,69.1,70.37,0,97.2,1
1256,2022,Sudeste,RJ,Rural,Pequeno,8391,M,95,1277.28,0.687,30.59,0,4.88,6.52,85.76,25.97,54.81,76.47,1,78.47,0
1257,2022,Nordeste,PB,Urbana,Pequeno,11397,F,89,820.93,0.67,33.52,1,5.0,5.35,72.12,22.56,55.5,59.67,1,84.8,0
1258,2023,Sudeste,SP,Urbana,Pequeno,14984,M,91,784.24,0.625,24.25,0,5.6,6.89,51.64,19.48,59.22,71.74,1,85.71,1
1259,2022,Nordeste,PE,Urbana,Grande,7868252,F,103,1095.17,0.61,15.63,0,4.78,3.62,20.0,18.75,47.17,62.74,0,86.9,0
1260,2024,Sul,SC,Urbana,Médio,30041,M,101,1456.66,0.737,20.61,0,5.48,3.84,97.96,20.87,23.14,63.25,1,99.79,0
1261,2023,Sudeste,ES,Urbana,Pequeno,10653,M,97,1069.25,0.732,1.0,0,4.69,7.37,59.46,31.59,59.76,66.42,0,79.73,1
1262,2022,Sul,RS,Urbana,Pequeno,16543,F,85,963.2,0.593,13.51,0,4.52,7.99,92.46,17.02,64.83,79.16,1,87.84,0
1263,2022,Norte,AP,Urbana,Grande,4172771,F,85,564.07,0.694,32.39,0,6.28,5.07,61.75,21.86,56.2,72.08,0,87.14,0
1264,2023,Sudeste,SP,Urbana,Médio,78443,M,92,678.13,0.679,19.57,0,3.27,6.86,62.71,22.29,54.54,76.68,1,100.0,0
1265,2023,Sudeste,MG,Rural,Pequeno,3600,F,94,771.44,0.664,22.9,0,4.09,5.18,89.85,28.22,87.11,63.27,0,75.63,0
1266,2024,Nordeste,PB,Rural,Pequeno,5233,F,105,1118.88,0.662,42.08,1,3.97,3.35,45.86,26.54,45.93,56.83,0,72.35,1
1267,2024,Sul,PR,Urbana,Grande,7605482,F,104,1148.54,0.728,21.88,1,6.88,6.75,64.68,22.09,100.0,74.36,1,,0
1268,2022,Nordeste,PB,Urbana,Pequeno,8361,F,85,252.44,0.473,31.31,0,2.73,4.41,80.27,24.03,69.39,70.77,1,91.49,0
1269,2024,Nordeste,PB,Urbana,Pequeno,18122,F,95,869.52,0.727,21.64,0,3.9,6.18,66.44,22.78,41.24,73.84,1,77.82,0
1270,2024,Norte,TO,Urbana,Pequeno,5472,F,87,686.19,0.641,18.26,1,5.79,6.13,67.37,27.75,31.35,71.85,1,90.96,1
1271,2023,Sudeste,RJ,Urbana,Grande,8346495,F,107,1281.96,0.718,21.93,0,5.63,5.75,50.88,25.24,71.1,85.28,0,88.43,0
1272,2023,Norte,AC,Urbana,Pequeno,10383,F,98,860.47,0.721,28.43,0,4.33,4.34,33.91,22.27,58.33,73.35,1,95.62,0
1273,2024,Norte,RO,Urbana,Médio,193351,M,101,1223.13,0.67,19.31,0,5.87,7.08,61.14,29.92,48.38,70.56,1,85.72,0
1274,2022,Sudeste,MG,Urbana,Médio,43464,M,100,1052.0,0.729,7.56,0,5.72,8.07,59.21,18.13,76.37,78.56,1,93.48,1
1275,2023,Sudeste,SP,Rural,Pequeno,14121,M,107,840.12,0.616,18.88,0,5.11,7.06,78.59,22.52,88.77,71.43,0,93.62,0
1276,2024,Sul,RS,Urbana,Médio,188218,F,88,1344.47,0.637,28.55,0,7.86,7.11,51.31,25.72,94.31,62.39,1,87.3,1
1277,2023,Sudeste,RJ,Urbana,Grande,9452953,M,84,880.69,0.548,25.84,0,5.54,5.7,72.52,24.68,53.13,75.8,0,89.41,0
1278,2024,Sudeste,ES,Urbana,Grande,9580260,M,84,1038.8,0.614,19.7,0,5.1,6.59,68.96,19.58,45.78,76.37,1,100.0,0
1279,2024,Centro-Oeste,MS,Urbana,Pequeno,4860,M,93,967.96,0.57,42.3,1,5.83,5.44,64.03,20.95,38.34,57.85,0,80.87,1
1280,2022,Sudeste,ES,Urbana,Pequeno,13772,M,89,917.28,0.686,36.69,1,6.0,6.0,89.82,25.92,64.09,69.47,1,90.0,0
1281,2023,Nordeste,PE,Urbana,Grande,1791769,F,104,1067.55,0.747,30.43,1,5.64,4.1,59.11,23.34,91.98,62.52,0,86.52,1
1282,2023,Nordeste,MA,Urbana,Médio,191537,M,105,1211.78,0.779,28.41,0,6.09,7.54,73.02,25.42,65.38,63.56,0,85.19,0
1283,2024,Sudeste,ES,Urbana,Pequeno,13541,M,104,960.21,0.742,26.65,0,6.26,6.38,94.06,24.69,81.72,66.81,0,100.0,0
1284,2024,Sul,PR,Rural,Pequeno,5629,F,94,743.44,0.62,24.04,0,5.27,4.88,75.28,15.82,62.16,75.4,0,73.19,1
1285,2024,Sul,PR,Urbana,Pequeno,9014,M,98,1155.07,0.708,18.49,1,5.09,6.09,70.35,18.22,47.14,68.62,0,96.56,0
1286,2023,Sudeste,RJ,Urbana,Médio,67260,M,97,547.63,0.723,27.26,1,5.34,7.77,56.57,28.67,50.6,68.19,1,87.66,0
1287,2024,Nordeste,PB,Urbana,Pequeno,15504,M,99,558.09,0.658,28.29,1,3.23,1.64,56.84,15.74,42.42,62.01,1,94.5,0
1288,2024,Sudeste,ES,Urbana,Pequeno,16271,F,85,969.37,0.71,26.51,0,4.88,7.38,77.32,16.89,21.88,80.0,0,95.56,0
1289,2023,Centro-Oeste,MT,Rural,Grande,1562397,M,90,992.11,0.737,17.69,1,4.77,5.71,53.24,15.87,50.41,69.68,0,74.17,0
1290,2022,Sul,PR,Urbana,Pequeno,8303,M,88,912.63,0.747,19.68,0,,8.32,78.6,18.34,56.66,76.63,1,93.3,0
1291,2024,Nordeste,MA,Urbana,Grande,3534719,M,105,982.65,0.668,44.71,1,2.62,5.87,76.3,12.3,55.44,67.6,1,72.33,0
1292,2024,Norte,RR,Rural,Grande,769809,F,94,1104.2,0.713,30.5,1,6.2,5.62,54.56,30.57,37.9,59.58,1,90.08,1
1293,2024,Nordeste,RN,Rural,Médio,92111,M,101,1025.22,0.735,22.3,0,4.9,4.52,69.73,23.36,89.13,70.41,1,86.42,0
1294,2023,Nordeste,PB,Urbana,Médio,34916,M,88,470.83,0.774,36.13,0,4.98,5.24,47.59,26.72,70.82,58.61,1,84.23,0
1295,2023,Sul,RS,Urbana,Pequeno,6617,F,100,398.22,0.588,29.76,1,5.91,5.84,93.28,24.51,84.22,61.97,1,93.22,1
1296,2024,Nordeste,BA,Urbana,Médio,146320,M,94,738.94,0.707,12.55,0,6.3,6.3,66.85,26.06,78.39,71.11,1,92.89,1
1297,2022,Nordeste,PE,Urbana,Médio,178011,F,89,821.15,0.74,31.09,1,7.01,4.76,56.58,17.58,78.31,76.02,1,86.75,0
1298,2024,Norte,RO,Urbana,Pequeno,6268,M,99,807.17,0.676,21.19,1,3.76,5.62,85.69,24.43,38.54,68.69,0,86.48,0
1299,2024,Sudeste,SP,Urbana,Médio,125499,M,103,822.7,0.686,18.14,0,5.28,10.0,47.72,25.95,64.17,69.31,1,77.67,0
1300,2022,Nordeste,RN,Urbana,Grande,5909793,M,91,787.93,0.705,37.49,1,5.23,7.25,79.19,26.17,57.54,68.03,0,95.7,0
1301,2022,Sul,SC,Urbana,Pequeno,17770,M,96,733.25,0.689,34.23,0,3.99,5.79,39.51,21.26,93.41,65.32,1,96.37,0
1302,2024,Sudeste,MG,Urbana,Pequeno,15623,F,96,,0.584,9.85,0,6.2,5.23,79.62,20.67,65.78,73.98,1,91.82,1
1303,2024,Nordeste,AL,Urbana,Médio,180608,F,102,672.69,0.655,32.07,0,4.2,8.57,63.39,20.12,70.45,72.73,1,89.57,1
1304,2024,Sul,PR,Urbana,Pequeno,13767,M,106,1154.15,0.769,38.64,0,6.13,5.61,73.93,27.79,47.67,78.49,0,82.54,0
1305,2023,Sudeste,SP,Urbana,Grande,8069295,M,102,1420.74,0.71,16.74,0,6.83,5.72,68.68,25.61,100.0,72.76,1,85.56,1
1306,2022,Sudeste,ES,Rural,Pequeno,14086,M,96,1028.39,0.792,22.95,0,4.76,6.01,89.94,22.35,80.39,76.33,0,96.86,1
1307,2024,Nordeste,MA,Urbana,Pequeno,6906,F,98,963.99,0.569,33.89,1,3.78,4.14,69.49,19.58,55.41,70.51,1,88.12,1
1308,2023,Centro-Oeste,MT,Urbana,Médio,60829,M,84,,0.66,24.25,1,4.81,10.0,63.81,27.41,70.54,70.79,1,91.6,0
1309,2022,Norte,AP,Urbana,Grande,882003,M,84,1522.73,0.713,49.81,0,4.95,3.72,60.84,20.36,100.0,64.79,1,90.87,1
1310,2023,Nordeste,CE,Rural,Pequeno,18005,M,96,1323.61,0.676,22.62,0,4.27,6.97,70.72,16.29,75.26,73.33,1,89.21,0
1311,2023,Centro-Oeste,MS,Urbana,Médio,141522,M,102,,0.715,20.43,1,3.48,6.71,37.87,24.36,57.6,72.25,1,84.72,1
1312,2024,Sul,RS,Rural,Pequeno,13947,F,84,926.8,0.759,35.07,0,6.73,6.33,76.55,26.91,15.96,75.32,1,77.85,0
1313,2022,Norte,RO,Rural,Pequeno,16187,M,84,375.04,0.687,10.4,0,5.2,4.39,47.29,21.07,66.26,69.98,0,88.7,1
1314,2024,Nordeste,CE,Urbana,Grande,735354,M,97,824.01,0.57,27.01,0,6.11,3.32,67.89,22.33,56.18,69.21,0,96.75,0
1315,2024,Sudeste,ES,Urbana,Pequeno,5596,M,98,812.0,0.789,23.74,0,3.88,5.33,79.86,17.76,92.48,70.46,1,100.0,1
1316,2023,Nordeste,MA,Urbana,Grande,7969828,F,87,414.15,0.608,19.76,1,4.63,7.45,64.91,18.59,83.57,53.78,1,,0
1317,2023,Sul,RS,Urbana,Grande,9588579,M,95,1239.35,0.704,29.37,0,7.59,4.92,83.09,16.44,75.96,62.65,1,91.02,0
1318,2023,Sudeste,SP,Urbana,Médio,189587,M,94,1124.35,0.596,30.99,0,4.05,10.0,73.32,20.56,77.96,75.58,0,93.49,0
1319,2024,Sudeste,ES,Urbana,Médio,149216,M,98,924.45,0.691,11.98,0,4.43,4.25,81.49,27.59,65.37,70.98,0,98.56,1
1320,2024,Nordeste,BA,Urbana,Grande,7806498,F,95,1003.88,0.664,39.13,1,4.8,6.98,60.42,18.21,55.57,71.45,0,86.25,0
1321,2022,Sudeste,ES,Rural,Médio,109073,F,93,778.34,0.735,16.22,0,6.44,7.36,59.1,19.22,54.06,63.28,0,86.54,0
1322,2024,Sudeste,SP,Urbana,Grande,4677128,F,97,1007.37,0.71,13.36,0,5.66,8.11,76.38,19.0,40.25,63.85,0,95.33,1
1323,2024,Sul,PR,Rural,Médio,120228,F,99,1007.94,0.67,13.75,0,4.0,8.32,73.84,30.51,70.43,74.19,1,100.0,1
1324,2023,Sudeste,SP,Rural,Pequeno,9000,M,84,1130.37,0.55,20.52,0,2.18,7.59,81.77,15.65,73.87,76.51,0,89.41,1
1325,2024,Sudeste,ES,Urbana,Médio,51556,M,106,1320.85,0.802,6.17,0,6.33,4.54,66.52,19.09,98.72,79.76,0,95.38,1
1326,2022,Centro-Oeste,MT,Urbana,Pequeno,13280,F,104,954.48,0.678,15.01,1,6.97,5.8,81.1,30.11,83.01,68.71,0,94.4,0
1327,2024,Sudeste,ES,Urbana,Grande,11387173,M,104,1114.29,0.724,27.8,1,5.17,7.14,96.27,24.08,28.46,67.92,1,100.0,0
1328,2024,Sul,RS,Urbana,Médio,124206,M,84,1109.11,0.69,36.04,0,6.39,6.06,45.37,20.42,60.94,70.53,1,94.9,1
1329,2023,Sudeste,SP,Urbana,Pequeno,14909,M,98,750.93,0.724,18.44,1,4.28,4.73,60.25,25.46,96.96,80.83,0,83.86,1
1330,2023,Nordeste,MA,Urbana,Médio,119488,M,91,980.41,0.748,47.12,0,2.42,6.36,77.53,21.66,59.37,66.08,1,97.91,0
1331,2022,Centro-Oeste,MS,Urbana,Grande,6529418,M,91,987.36,0.646,19.18,0,4.5,6.05,78.97,15.77,47.1,70.08,1,88.17,1
1332,2024,Sul,RS,Urbana,Pequeno,7989,M,103,548.06,0.698,20.63,0,7.33,7.61,48.94,27.64,90.86,72.57,0,92.75,1
1333,2024,Sudeste,RJ,Urbana,Pequeno,19152,M,90,714.56,0.747,10.48,0,4.77,6.91,59.31,19.39,71.12,75.27,1,77.19,1
1334,2024,Sudeste,SP,Urbana,Pequeno,8149,M,92,998.35,0.705,20.62,0,3.59,6.75,82.93,13.32,41.44,76.61,1,78.64,1
1335,2023,Sudeste,SP,Urbana,Pequeno,17329,F,105,915.51,0.764,11.94,0,,6.55,72.0,20.8,44.23,66.59,0,97.98,1
1336,2022,Sul,SC,Urbana,Pequeno,5880,F,96,1164.66,0.737,32.41,1,6.87,7.03,79.82,20.15,78.51,64.59,1,100.0,1
1337,2022,Centro-Oeste,GO,Urbana,Pequeno,7056,F,85,548.92,0.708,10.83,1,6.9,7.62,70.43,28.56,84.97,67.59,1,86.62,1
1338,2024,Sudeste,SP,Urbana,Médio,78065,M,94,1073.81,0.726,20.25,0,5.58,5.28,80.27,23.48,50.09,64.81,0,97.24,0
1339,2023,Nordeste,SE,Urbana,Médio,54247,M,103,973.9,0.606,24.09,1,3.58,7.3,47.55,22.61,42.03,69.28,1,,0
1340,2023,Nordeste,AL,Urbana,Médio,31131,M,86,421.06,0.561,38.06,0,7.61,3.41,73.69,18.5,42.17,65.99,0,87.07,1
1341,2024,Sudeste,SP,Urbana,Pequeno,14073,M,104,1009.68,0.641,17.3,1,4.34,6.23,37.24,14.19,78.97,72.24,1,84.09,0
1342,2024,Norte,PA,Urbana,Pequeno,10845,M,103,1311.35,0.62,37.8,1,4.82,6.07,61.45,14.81,61.04,70.39,0,94.36,0
1343,2023,Nordeste,CE,Urbana,Médio,179604,F,103,1342.77,0.606,11.21,0,4.86,5.07,81.68,26.53,49.77,60.09,0,74.28,0
1344,2023,Sudeste,MG,Urbana,Pequeno,13453,M,105,1052.22,0.735,16.4,1,4.24,6.05,92.15,19.47,40.37,69.45,0,90.02,1
1345,2022,Nordeste,PI,Urbana,Pequeno,9536,F,93,491.68,0.67,27.47,0,3.87,4.7,85.23,21.14,76.09,69.16,1,77.3,0
1346,2022,Nordeste,AL,Rural,Pequeno,7663,F,101,1340.08,0.612,16.53,0,4.87,5.71,53.86,20.66,56.46,75.12,0,84.97,0
1347,2022,Sul,RS,Urbana,Médio,33673,F,87,554.41,0.746,21.02,0,5.5,4.22,81.36,17.17,69.82,67.98,1,97.41,0
1348,2024,Centro-Oeste,GO,Rural,Pequeno,14292,F,93,653.61,0.757,28.52,1,4.23,7.2,47.14,18.89,100.0,68.59,1,80.93,1
1349,2023,Nordeste,PE,Urbana,Médio,66517,F,105,901.3,0.548,23.11,1,5.89,6.18,70.54,24.21,72.74,61.37,1,88.37,0
1350,2024,Centro-Oeste,DF,Urbana,Pequeno,5533,F,92,864.67,0.617,35.61,1,3.9,6.65,65.7,24.38,44.99,74.61,0,88.74,1
1351,2022,Nordeste,RN,Urbana,Pequeno,10614,M,104,665.5,0.764,36.24,1,,3.66,52.17,19.82,46.1,65.11,1,87.89,1
1352,2023,Sudeste,ES,Urbana,Pequeno,9568,F,85,684.53,0.774,24.44,1,,5.66,56.9,22.41,54.81,69.38,0,88.82,0
1353,2024,Nordeste,AL,Rural,Médio,90397,F,87,746.32,0.643,29.34,1,4.96,7.33,58.2,23.55,99.53,68.3,0,81.09,0
1354,2024,Nordeste,RN,Urbana,Pequeno,12318,M,103,541.74,0.583,32.07,0,4.54,5.62,55.6,24.61,56.59,66.67,0,74.51,0
1355,2024,Nordeste,PI,Urbana,Pequeno,16778,M,91,714.74,0.537,33.29,1,5.5,7.18,65.35,18.34,77.98,68.51,0,88.34,0
1356,2023,Nordeste,PE,Urbana,Pequeno,14587,F,96,450.29,0.592,26.18,0,4.35,4.11,66.48,22.22,70.64,68.72,0,,0
1357,2023,Centro-Oeste,MT,Urbana,Pequeno,18789,M,105,1028.13,0.691,31.71,0,5.39,5.54,66.72,23.26,100.0,73.96,0,69.42,1
1358,2024,Nordeste,AL,Urbana,Pequeno,5662,F,104,567.5,0.616,23.5,1,,4.87,79.52,19.73,74.46,75.34,1,75.91,1
1359,2022,Nordeste,PE,Urbana,Pequeno,2161,M,96,1141.89,0.595,36.02,0,4.08,6.03,75.04,24.24,56.98,65.11,1,87.53,1
1360,2022,Sudeste,ES,Urbana,Pequeno,15074,M,98,1209.96,0.707,21.32,1,6.73,7.33,85.36,18.68,51.29,70.93,0,82.98,1
1361,2022,Sul,RS,Rural,Pequeno,19043,M,95,961.26,0.679,28.23,0,6.19,5.04,78.87,18.42,57.91,79.43,0,93.4,1
1362,2023,Norte,AP,Urbana,Pequeno,4028,F,85,439.49,0.752,33.49,1,4.66,6.34,83.44,24.33,84.28,68.06,1,79.14,0
1363,2022,Nordeste,BA,Urbana,Pequeno,15338,M,97,941.8,0.716,32.45,1,7.38,6.6,47.69,23.44,51.53,68.53,1,80.15,0
1364,2022,Sudeste,MG,Rural,Pequeno,18362,F,84,,0.656,25.38,0,3.64,6.62,91.52,13.83,100.0,68.45,1,95.85,1
1365,2023,Norte,AM,Urbana,Pequeno,5065,F,85,658.96,0.569,40.82,0,2.95,5.84,81.21,26.39,42.26,73.16,0,79.24,1
1366,2022,Sul,RS,Urbana,Pequeno,5842,M,96,453.29,0.607,10.53,1,4.87,5.5,63.27,18.38,80.37,71.72,1,93.26,1
1367,2022,Sudeste,RJ,Urbana,Pequeno,9097,F,86,815.53,0.672,15.35,0,4.14,3.12,57.96,21.2,61.83,74.26,1,76.51,1
1368,2023,Nordeste,AL,Urbana,Médio,112641,M,106,721.47,0.585,29.14,1,4.62,5.1,91.2,26.36,53.75,68.97,1,79.08,1
1369,2024,Sudeste,SP,Urbana,Pequeno,16681,F,102,878.23,0.6,21.1,0,7.31,6.49,82.39,21.33,53.74,69.06,1,77.29,1
1370,2024,Sudeste,SP,Urbana,Médio,109407,F,97,658.95,0.631,7.34,0,7.01,7.99,71.45,15.69,45.53,66.56,1,100.0,1
1371,2022,Sul,SC,Rural,Médio,191016,M,104,794.53,0.595,22.6,0,6.0,7.58,55.45,26.62,57.39,74.29,0,70.1,0
1372,2023,Sul,PR,Urbana,Pequeno,15162,M,101,1039.54,0.728,14.69,1,5.11,5.93,69.61,18.67,69.69,66.54,0,88.73,1
1373,2023,Nordeste,AL,Rural,Pequeno,15689,F,99,674.34,0.705,31.01,0,4.75,7.84,68.91,18.48,61.55,70.95,0,78.27,1
1374,2023,Sudeste,SP,Urbana,Pequeno,7999,M,103,1044.06,0.681,21.25,1,7.21,5.17,77.46,23.44,72.39,70.01,0,100.0,0
1375,2024,Sudeste,RJ,Urbana,Pequeno,3819,F,91,673.39,0.709,31.28,1,7.02,5.47,87.36,19.69,75.21,78.05,0,100.0,0
1376,2023,Sudeste,MG,Urbana,Grande,7050327,F,86,1067.24,0.723,19.03,1,5.51,6.77,80.73,22.53,97.8,67.87,0,87.96,1
1377,2023,Sudeste,ES,Urbana,Médio,130554,M,89,1109.38,0.676,23.07,1,8.11,8.15,78.17,25.39,55.65,65.96,0,87.53,1
1378,2022,Sudeste,ES,Urbana,Médio,24433,M,106,1052.29,0.715,27.64,1,4.16,5.94,53.61,20.31,58.63,71.94,1,93.78,0
1379,2022,Sudeste,MG,Urbana,Pequeno,12046,M,105,1244.03,0.726,28.0,0,2.74,7.39,54.25,22.4,63.19,71.35,1,78.88,1
1380,2023,Nordeste,PI,Rural,Médio,25963,M,87,1048.67,0.674,19.91,0,3.96,9.12,70.26,26.82,29.97,66.87,0,86.29,0
1381,2024,Sudeste,RJ,Urbana,Pequeno,15854,F,103,1598.95,0.741,25.39,1,3.99,5.96,72.59,29.06,82.84,72.04,0,78.65,0
1382,2022,Sudeste,RJ,Urbana,Pequeno,16016,F,107,871.94,0.699,25.12,1,4.9,7.27,83.71,16.85,63.98,68.88,1,92.07,0
1383,2023,Sudeste,MG,Urbana,Médio,98672,M,92,1059.23,0.613,23.96,1,3.12,7.77,35.85,21.27,76.94,78.38,0,97.87,0
1384,2024,Nordeste,CE,Urbana,Pequeno,11607,F,99,649.79,0.568,33.01,0,2.56,6.94,57.34,20.87,37.9,74.25,0,71.49,0
1385,2023,Sul,PR,Urbana,Pequeno,16690,M,95,1238.17,0.666,5.42,0,4.63,6.63,75.58,26.41,59.48,68.92,1,87.29,1
1386,2023,Centro-Oeste,GO,Urbana,Pequeno,15049,M,101,1369.35,0.718,25.17,1,4.99,6.67,71.95,25.83,44.22,77.89,0,91.1,1
1387,2022,Norte,TO,Rural,Pequeno,7811,M,89,529.77,0.713,33.35,0,3.7,1.04,70.65,18.39,57.16,81.1,1,78.53,0
1388,2022,Sudeste,ES,Urbana,Médio,42384,M,101,1342.48,0.639,26.11,1,4.71,5.28,71.05,17.83,67.32,66.92,1,94.14,0
1389,2022,Sudeste,MG,Rural,Grande,3908679,M,94,1339.08,0.709,29.89,1,7.63,6.87,69.58,25.01,67.09,65.76,1,87.42,1
1390,2024,Centro-Oeste,MS,Urbana,Pequeno,17554,F,91,,0.69,27.81,1,4.66,5.56,67.97,18.13,29.75,70.92,0,87.7,1
1391,2024,Sul,SC,Urbana,Médio,107032,M,86,925.54,0.705,11.07,0,,8.53,79.38,13.88,100.0,73.82,0,93.28,1
1392,2022,Sudeste,ES,Urbana,Pequeno,17686,F,91,813.18,0.667,17.9,0,6.25,3.14,77.44,23.35,67.54,69.48,1,86.27,0
1393,2023,Sudeste,ES,Urbana,Médio,181721,F,89,842.81,0.697,21.74,0,4.43,6.86,55.64,18.33,60.85,73.11,0,,1
1394,2023,Sul,SC,Urbana,Grande,1766847,M,89,866.81,0.666,22.5,1,4.2,4.78,69.19,18.43,51.11,71.93,0,80.07,0
1395,2023,Sudeste,SP,Urbana,Médio,94176,F,90,1306.98,0.571,9.9,1,3.27,5.64,64.93,25.3,62.91,70.43,0,96.33,1
1396,2023,Nordeste,RN,Urbana,Pequeno,4920,M,89,624.18,0.652,43.05,1,4.15,7.18,74.32,26.18,31.69,70.11,0,93.28,0
1397,2023,Nordeste,SE,Urbana,Pequeno,14536,F,105,1027.0,0.553,28.14,0,4.36,3.48,68.83,20.9,68.95,74.64,1,93.95,0
1398,2024,Centro-Oeste,GO,Urbana,Médio,141734,F,84,989.64,0.773,20.92,0,3.03,7.51,76.76,20.27,46.48,75.88,0,83.39,1
1399,2023,Nordeste,AL,Urbana,Médio,117804,F,84,866.44,0.628,25.48,0,7.75,5.23,82.43,19.12,86.13,66.61,0,95.73,0
1400,2023,Sul,PR,Urbana,Pequeno,12699,F,84,927.24,0.698,12.36,0,7.56,7.43,57.33,28.03,70.75,75.4,1,73.02,0
1401,2023,Sul,RS,Urbana,Médio,141577,F,92,1150.07,0.621,16.74,0,6.76,5.22,100.0,22.2,71.32,64.98,0,83.03,0
1402,2023,Sudeste,ES,Urbana,Grande,1579994,F,94,1336.1,0.653,17.62,0,7.04,7.1,84.53,25.31,90.24,79.29,1,87.16,0
1403,2023,Nordeste,PB,Urbana,Pequeno,8345,M,95,650.57,0.673,31.22,0,3.18,3.86,66.5,16.3,49.48,65.26,1,78.17,0
1404,2023,Sudeste,MG,Urbana,Médio,116025,M,99,1242.0,0.741,33.31,1,6.42,5.42,100.0,16.62,30.25,80.76,0,78.36,0
1405,2022,Centro-Oeste,MS,Rural,Pequeno,19293,M,95,901.6,0.737,24.38,1,6.14,8.14,73.39,23.0,60.09,68.96,1,85.13,1
1406,2022,Norte,AC,Urbana,Pequeno,14731,M,87,809.62,0.704,37.34,0,4.02,7.13,93.33,22.95,43.46,76.66,1,83.18,0
1407,2022,Sudeste,RJ,Rural,Pequeno,9417,F,96,658.55,0.723,13.99,0,7.53,2.44,63.76,22.46,64.43,76.2,1,81.04,0
1408,2024,Sul,PR,Urbana,Pequeno,7410,M,86,,0.782,11.84,1,6.08,6.57,95.9,20.82,70.98,71.87,0,89.37,1
1409,2022,Nordeste,RN,Rural,Pequeno,16334,M,98,964.03,0.656,28.85,0,2.86,4.4,73.34,16.27,42.04,66.54,1,95.58,0
1410,2023,Sul,PR,Urbana,Grande,6584985,F,92,849.37,0.65,15.53,1,4.87,7.06,64.98,27.91,92.46,72.43,0,,1
1411,2022,Sul,RS,Urbana,Pequeno,6049,F,84,816.75,0.763,18.11,1,6.0,5.07,90.4,18.63,99.27,72.38,0,91.13,1
1412,2023,Sul,RS,Urbana,Pequeno,5483,F,88,1234.68,0.768,19.24,0,5.67,6.04,74.64,25.94,92.54,69.99,0,100.0,0
1413,2024,Sudeste,MG,Urbana,Pequeno,19784,M,94,883.25,0.661,16.65,0,5.22,6.78,96.9,32.77,76.03,74.21,1,89.7,1
1414,2024,Nordeste,CE,Urbana,Grande,591603,M,97,961.63,0.61,27.85,1,5.35,5.98,71.74,22.22,16.7,62.18,1,85.94,0
1415,2024,Sudeste,RJ,Urbana,Pequeno,16892,M,96,1348.92,0.754,22.43,0,4.66,4.17,54.17,25.38,91.75,66.09,1,81.39,1
1416,2023,Sudeste,SP,Urbana,Pequeno,4458,M,96,1098.56,0.761,9.95,0,6.31,5.53,72.37,19.52,57.16,69.04,0,97.7,0
1417,2024,Sul,SC,Urbana,Grande,9748760,M,101,,0.75,29.42,1,3.2,5.91,82.54,24.7,54.28,66.41,1,73.82,0
1418,2022,Norte,AP,Urbana,Médio,178533,M,85,621.22,0.694,30.24,0,5.38,5.08,72.37,21.46,48.73,76.06,0,78.42,0
1419,2024,Norte,AM,Urbana,Pequeno,2827,F,87,971.46,0.608,42.42,0,6.54,7.62,69.66,24.32,51.51,64.15,1,73.65,0
1420,2024,Sul,SC,Rural,Médio,108044,F,87,844.22,0.732,13.73,0,3.89,8.46,62.58,15.31,34.48,70.82,1,87.12,0
1421,2024,Centro-Oeste,DF,Rural,Médio,21520,F,93,1051.89,0.583,28.81,0,4.36,3.22,80.42,15.14,39.15,64.61,1,94.7,0
1422,2024,Nordeste,RN,Urbana,Grande,11150906,F,84,863.78,0.659,43.09,0,4.99,3.08,44.94,29.86,66.6,67.44,0,83.38,0
1423,2024,Sudeste,MG,Urbana,Pequeno,7480,F,105,1080.22,0.707,21.03,0,8.4,7.34,74.38,28.77,45.21,75.84,1,92.6,0
1424,2022,Sul,RS,Urbana,Pequeno,12321,F,91,1525.75,0.683,33.56,0,6.69,6.45,62.91,17.28,40.27,80.8,0,97.02,0
1425,2024,Sudeste,MG,Rural,Pequeno,9519,M,95,1167.84,0.701,18.0,0,7.02,7.46,63.38,15.96,30.52,77.19,1,88.24,0
1426,2024,Sudeste,MG,Rural,Grande,6459374,F,100,1217.81,0.622,11.66,0,,6.83,57.57,25.04,90.83,73.57,0,82.07,1
1427,2023,Sudeste,SP,Urbana,Pequeno,7127,F,99,1062.16,0.737,36.46,0,,7.25,52.38,12.7,46.57,76.34,0,79.47,1
1428,2024,Nordeste,PE,Urbana,Pequeno,15256,M,96,585.57,0.635,38.39,0,4.69,4.61,62.27,27.97,79.32,69.47,1,99.78,0
1429,2024,Norte,AM,Urbana,Médio,186582,F,100,565.13,0.62,22.48,0,3.47,5.86,60.19,19.88,79.43,67.6,1,89.31,0
1430,2024,Sul,SC,Urbana,Pequeno,9539,F,91,1106.11,0.724,13.22,1,7.99,8.68,75.36,20.03,23.83,68.76,0,87.02,1
1431,2024,Sudeste,MG,Urbana,Grande,7788677,M,94,1351.89,0.725,22.67,1,6.03,5.96,87.65,14.64,52.49,71.02,1,74.93,0
1432,2023,Norte,RR,Urbana,Médio,85182,M,95,1088.9,0.63,33.8,1,4.46,5.62,60.18,25.07,70.99,70.01,1,,0
1433,2023,Sudeste,ES,Urbana,Médio,61679,M,89,1123.48,0.755,8.11,0,4.36,7.35,75.75,18.4,77.81,72.12,0,83.04,1
1434,2023,Nordeste,BA,Urbana,Pequeno,7531,M,90,668.72,0.648,34.31,0,2.88,5.75,65.93,20.32,45.14,73.77,1,82.24,0
1435,2023,Norte,RO,Urbana,Pequeno,3650,M,107,,0.574,21.25,0,4.38,5.13,86.32,18.45,32.0,76.4,0,84.11,0
1436,2022,Norte,TO,Urbana,Pequeno,16453,M,86,948.36,0.68,31.27,1,2.41,4.68,58.03,23.71,64.7,68.24,1,87.62,1
1437,2023,Nordeste,MA,Urbana,Pequeno,15937,M,87,701.33,0.683,29.83,1,4.34,4.1,91.77,28.2,84.12,65.8,0,95.39,1
1438,2024,Nordeste,MA,Urbana,Pequeno,18638,F,88,768.74,0.565,17.64,0,5.24,6.69,53.02,21.55,51.2,60.69,0,85.42,1
1439,2022,Centro-Oeste,MS,Urbana,Médio,87913,F,99,910.33,0.748,41.76,1,5.61,4.86,86.08,19.83,100.0,61.9,0,79.22,0
1440,2022,Nordeste,RN,Urbana,Pequeno,14977,M,100,942.12,0.623,44.05,1,3.79,4.12,75.74,21.5,81.92,67.45,1,,0
1441,2024,Norte,AP,Urbana,Grande,6238590,M,96,1010.8,0.592,34.87,0,3.7,8.66,69.29,20.34,55.1,63.9,0,83.55,0
1442,2024,Sul,PR,Urbana,Médio,111788,F,86,916.68,0.788,16.23,1,5.7,6.52,75.14,25.56,65.66,72.82,0,92.95,1
1443,2023,Nordeste,SE,Rural,Pequeno,10226,M,91,519.98,0.69,23.75,0,5.45,8.5,47.47,21.99,53.49,68.5,0,66.64,0
1444,2022,Sudeste,SP,Urbana,Pequeno,16607,M,90,1170.6,0.629,26.51,0,5.86,9.29,75.0,12.63,65.14,73.9,0,100.0,1
1445,2022,Sudeste,MG,Urbana,Pequeno,14482,F,94,1091.95,0.658,5.28,0,4.46,5.99,63.23,23.58,70.5,74.21,0,92.54,0
1446,2024,Sul,RS,Urbana,Médio,76032,M,91,1221.05,0.644,10.16,1,4.52,6.21,61.04,12.93,17.5,71.87,1,94.0,1
1447,2024,Nordeste,RN,Urbana,Pequeno,3290,F,86,904.73,0.708,24.32,1,3.44,5.63,61.18,31.97,65.38,57.74,1,83.01,0
1448,2024,Sul,RS,Urbana,Pequeno,3756,F,91,1022.64,0.653,9.12,0,7.09,7.21,76.81,16.67,79.54,73.66,1,100.0,0
1449,2023,Sudeste,SP,Urbana,Médio,133141,F,95,1323.27,0.767,19.87,1,5.82,5.7,79.33,24.94,40.6,66.2,1,79.31,1
1450,2024,Nordeste,PB,Rural,Pequeno,11671,M,98,1076.22,0.638,35.06,0,6.2,4.14,83.86,26.18,23.2,65.92,1,92.52,0
1451,2024,Sudeste,ES,Rural,Pequeno,9802,M,98,1186.9,0.804,28.53,1,4.71,6.88,90.92,22.33,62.64,68.06,1,81.33,1
1452,2024,Sudeste,MG,Urbana,Grande,9410066,M,92,1074.1,0.636,14.56,0,5.47,6.57,58.83,23.08,83.53,66.35,1,89.15,1
1453,2023,Nordeste,CE,Urbana,Pequeno,7610,F,87,670.48,0.638,34.17,1,2.88,4.63,65.43,24.74,45.01,67.02,1,86.07,0
1454,2022,Sudeste,ES,Urbana,Pequeno,17509,F,96,1311.79,0.821,17.12,0,5.19,6.21,77.7,15.06,63.64,73.75,1,,1
1455,2023,Sul,SC,Urbana,Pequeno,17920,F,96,,0.662,34.18,0,3.25,6.65,67.22,19.42,68.66,72.53,1,89.4,0
1456,2022,Sudeste,RJ,Rural,Grande,10429028,F,100,945.47,0.731,13.39,0,5.07,9.03,84.44,24.23,81.06,68.77,0,88.84,0
1457,2024,Sudeste,ES,Urbana,Grande,546134,M,98,1059.05,0.765,22.59,1,4.97,7.32,100.0,26.07,68.94,73.92,1,95.25,1
1458,2022,Centro-Oeste,GO,Urbana,Pequeno,11967,F,86,856.55,0.776,22.66,1,4.66,5.44,57.41,22.3,51.44,76.62,0,86.76,0
1459,2022,Nordeste,PB,Urbana,Pequeno,8218,M,107,849.57,0.63,27.94,0,3.56,4.91,74.98,21.43,63.08,67.29,1,82.47,1
1460,2023,Sudeste,ES,Urbana,Pequeno,11900,F,102,1425.37,0.604,11.6,0,7.0,7.77,47.86,19.65,40.67,71.3,1,91.34,1
1461,2023,Sul,RS,Urbana,Pequeno,3760,F,105,837.81,0.727,30.26,0,2.76,6.13,74.47,21.32,54.83,77.87,1,89.86,1
1462,2023,Sudeste,ES,Urbana,Pequeno,4065,F,94,949.19,0.7,27.81,1,4.44,6.72,72.85,23.28,58.72,65.46,0,100.0,0
1463,2023,Nordeste,AL,Urbana,Pequeno,14665,M,101,765.89,0.566,32.67,1,3.08,6.26,45.64,21.42,28.79,68.78,0,86.64,1
1464,2024,Sudeste,RJ,Rural,Médio,26835,M,101,877.78,0.76,13.56,0,6.92,6.9,79.53,23.79,62.79,64.31,0,82.33,0
1465,2022,Nordeste,PI,Rural,Pequeno,2463,F,97,1218.33,0.621,16.61,0,5.21,7.44,71.04,31.96,52.1,73.73,1,92.22,0
1466,2022,Norte,AM,Urbana,Médio,161177,F,97,392.93,0.744,25.07,0,7.22,4.65,61.66,23.63,25.84,59.64,1,87.67,0
1467,2024,Sudeste,MG,Urbana,Pequeno,2612,M,91,1264.53,0.772,6.61,0,4.13,4.11,85.48,23.29,69.24,66.07,0,89.82,0
1468,2023,Norte,RO,Urbana,Pequeno,2334,M,94,860.73,0.704,33.43,1,4.86,5.03,64.02,17.95,79.59,77.93,0,98.26,1
1469,2023,Sudeste,ES,Urbana,Pequeno,12882,M,107,1341.86,0.77,17.09,0,2.69,6.25,74.09,24.37,96.82,75.06,0,99.47,1
1470,2023,Sudeste,MG,Urbana,Grande,737252,M,101,1345.16,0.676,24.24,1,5.99,6.74,64.14,21.77,54.26,69.61,0,73.84,0
1471,2023,Nordeste,RN,Urbana,Médio,36971,M,105,1073.28,0.686,20.74,0,3.73,6.4,59.66,16.95,66.02,74.82,0,74.75,0
1472,2024,Sudeste,SP,Urbana,Pequeno,16391,F,94,540.96,0.79,12.96,0,5.46,4.13,75.53,20.05,81.13,75.68,1,82.33,0
1473,2023,Centro-Oeste,MT,Urbana,Pequeno,9242,F,91,1048.04,0.654,25.74,0,4.3,8.04,61.74,29.11,45.35,68.28,1,94.75,0
1474,2024,Nordeste,RN,Urbana,Pequeno,6045,F,98,657.62,0.594,40.44,1,3.26,5.16,66.08,25.23,43.34,76.22,0,77.97,0
1475,2022,Nordeste,PI,Urbana,Médio,83193,F,103,446.85,0.775,27.47,1,6.0,5.74,74.94,13.65,49.63,73.24,0,76.27,1
1476,2023,Nordeste,CE,Urbana,Médio,179272,M,98,420.93,0.722,22.22,1,3.99,4.3,62.53,17.63,63.56,75.41,1,79.49,0
1477,2023,Nordeste,PI,Urbana,Grande,11826189,F,89,1319.96,0.681,32.4,1,4.52,6.15,76.54,29.25,46.09,69.14,1,100.0,1
1478,2024,Sudeste,RJ,Urbana,Pequeno,18726,M,86,883.29,0.544,20.38,0,5.22,5.43,60.15,21.19,50.07,75.55,0,90.61,0
1479,2024,Sul,RS,Urbana,Pequeno,2110,M,100,1472.23,0.776,20.16,0,5.52,5.24,71.27,28.69,75.38,81.55,1,92.32,0
1480,2023,Sudeste,RJ,Urbana,Médio,37946,M,90,1129.49,0.652,27.85,0,5.46,6.39,76.49,21.38,41.36,69.35,1,94.74,1
1481,2023,Sudeste,SP,Urbana,Pequeno,14481,M,102,537.88,0.703,16.08,0,7.39,5.84,68.43,31.47,51.69,64.78,1,91.47,0
1482,2022,Sudeste,RJ,Urbana,Pequeno,18239,F,96,1022.58,0.629,10.98,0,3.3,6.7,93.69,24.07,53.28,72.87,1,86.59,1
1483,2024,Sudeste,MG,Urbana,Médio,20501,M,87,1362.96,0.595,26.67,1,5.9,7.12,84.6,27.73,39.82,76.53,0,100.0,1
1484,2023,Nordeste,PI,Urbana,Pequeno,13520,F,87,807.63,0.775,29.61,1,5.87,7.93,95.98,15.55,60.27,67.94,0,82.45,0
1485,2023,Nordeste,BA,Urbana,Grande,1250078,M,86,772.4,0.727,20.07,1,,6.71,63.13,24.43,84.46,67.89,1,80.51,1
1486,2024,Sudeste,MG,Urbana,Grande,5020677,F,92,1229.69,0.727,20.36,0,4.66,7.23,44.34,12.04,76.98,68.83,1,81.1,1
1487,2022,Sul,PR,Urbana,Pequeno,19622,F,103,613.6,0.764,21.43,0,4.75,7.86,61.49,23.14,79.57,71.37,0,78.8,0
1488,2022,Sudeste,SP,Urbana,Grande,2434511,M,95,1233.19,0.746,15.58,1,5.4,3.61,81.48,25.73,57.5,64.4,1,94.87,1
1489,2022,Nordeste,CE,Urbana,Pequeno,4788,M,89,1110.1,0.646,39.86,1,5.72,8.67,54.68,23.14,37.67,67.99,1,83.74,1
1490,2023,Sul,RS,Rural,Pequeno,3336,M,87,1003.59,0.683,12.46,0,3.37,6.62,59.39,14.92,56.2,72.65,1,88.51,0
1491,2023,Nordeste,PI,Urbana,Grande,6789300,F,88,608.8,0.707,29.83,0,,7.01,57.52,17.46,58.16,58.91,0,80.08,0
1492,2024,Nordeste,MA,Urbana,Pequeno,2382,F,99,586.45,0.571,19.74,0,4.63,3.2,60.13,21.77,61.35,71.56,1,95.55,0
1493,2024,Nordeste,AL,Rural,Pequeno,12728,M,106,650.48,0.655,23.85,0,5.06,5.46,66.4,18.83,64.62,70.67,1,96.64,0
1494,2024,Sudeste,ES,Urbana,Grande,3540263,M,100,1048.56,0.742,30.05,0,,9.21,64.65,18.54,24.16,72.01,0,80.9,0
1495,2024,Sudeste,MG,Urbana,Pequeno,6524,F,91,1176.64,0.765,34.53,0,5.76,4.29,72.0,15.71,49.76,81.28,0,95.68,1
1496,2023,Sudeste,SP,Urbana,Pequeno,8472,M,101,1080.49,0.705,24.78,1,8.51,7.05,71.94,23.16,60.32,63.56,0,77.48,1
1497,2024,Sudeste,RJ,Urbana,Pequeno,7232,M,107,1207.42,0.677,29.97,0,5.37,6.09,69.85,16.52,34.37,73.35,0,82.08,1
1498,2024,Nordeste,CE,Rural,Pequeno,14310,M,85,369.27,0.678,45.03,1,5.26,3.34,66.05,22.92,68.94,69.55,0,85.23,0
1499,2023,Sudeste,MG,Urbana,Médio,165891,M,96,935.86,0.868,33.8,1,5.59,8.05,77.25,24.66,74.55,72.14,1,89.67,0
1500,2024,Sudeste,ES,Rural,Grande,8247536,F,88,,0.684,8.07,0,5.3,6.62,48.31,19.35,67.39,78.54,1,84.71,0
1501,2022,Sudeste,RJ,Urbana,Pequeno,15649,F,102,767.61,0.65,28.39,0,6.02,8.2,86.29,15.92,62.4,76.7,0,76.08,0
1502,2023,Nordeste,MA,Urbana,Pequeno,16261,M,102,924.62,0.574,17.58,1,4.85,7.13,92.35,29.74,47.54,73.17,1,71.7,0
1503,2022,Norte,AM,Rural,Grande,5006338,M,90,622.58,0.722,20.72,1,4.36,4.74,74.06,24.56,73.67,70.76,1,90.24,0
1504,2023,Sudeste,ES,Urbana,Pequeno,5348,F,92,1129.8,0.675,29.16,0,5.3,8.69,70.79,24.93,51.43,73.52,1,88.79,0
1505,2022,Sudeste,SP,Urbana,Grande,4211275,F,98,,0.695,15.19,1,3.62,7.37,63.51,18.21,47.16,73.02,0,83.11,0
1506,2024,Sul,SC,Urbana,Pequeno,2664,M,91,1284.22,0.721,15.58,0,3.09,5.75,82.93,24.03,74.84,68.67,0,71.18,0
1507,2023,Sudeste,SP,Urbana,Pequeno,12479,M,105,1326.56,0.67,21.09,0,6.0,7.23,62.09,19.73,46.45,79.9,1,93.85,0
1508,2023,Nordeste,RN,Urbana,Pequeno,11249,F,92,979.21,0.675,31.59,0,4.76,4.54,55.1,29.44,71.42,65.69,1,81.73,0
1509,2022,Sudeste,MG,Urbana,Grande,10603722,M,101,772.67,0.637,13.58,0,4.67,4.8,72.86,27.64,61.8,71.02,1,100.0,1
1510,2024,Sul,SC,Urbana,Pequeno,4859,F,92,754.6,0.791,20.8,0,5.92,5.63,61.7,18.87,51.87,65.61,1,94.35,0
1511,2022,Centro-Oeste,DF,Urbana,Médio,183764,M,92,882.45,0.54,18.48,0,6.35,5.83,71.05,19.55,88.85,77.75,0,73.74,0
1512,2022,Sudeste,SP,Urbana,Médio,24568,M,95,1111.26,0.774,29.41,0,5.08,5.51,47.08,21.32,49.18,77.59,0,85.34,1
1513,2022,Sul,SC,Urbana,Médio,55135,M,92,576.9,0.692,25.42,1,6.8,9.07,44.12,19.96,22.68,74.56,1,98.18,0
1514,2023,Nordeste,AL,Urbana,Médio,140603,F,87,479.27,0.731,20.44,0,1.53,5.19,47.23,27.64,37.93,72.4,1,90.98,1
1515,2023,Norte,RO,Urbana,Pequeno,4568,M,100,477.07,0.675,29.62,1,,4.37,63.87,16.09,64.65,68.16,1,81.97,0
1516,2024,Nordeste,MA,Rural,Médio,172174,M,102,198.07,0.633,24.04,0,6.44,7.11,38.95,23.21,40.79,70.33,0,94.5,0
1517,2022,Norte,PA,Urbana,Grande,11524168,F,89,893.99,0.599,27.79,1,7.2,6.77,55.87,19.81,67.63,75.73,0,87.3,1
1518,2023,Norte,AP,Urbana,Médio,59297,F,87,560.14,0.713,25.83,1,4.35,5.3,76.07,17.86,51.36,74.06,1,89.25,0
1519,2024,Sudeste,RJ,Urbana,Pequeno,14215,F,85,1007.03,0.677,22.01,0,5.75,6.24,89.71,24.83,81.43,72.45,0,84.94,1
1520,2024,Sudeste,MG,Urbana,Grande,1044441,M,99,851.02,0.579,45.73,1,6.42,8.8,74.99,20.86,88.9,78.25,0,79.29,1
1521,2023,Nordeste,SE,Urbana,Pequeno,13398,M,103,571.6,0.717,31.4,0,5.36,7.75,73.22,25.89,58.51,63.76,0,,0
1522,2022,Centro-Oeste,MT,Urbana,Pequeno,6937,F,87,604.7,0.695,24.68,0,6.18,6.2,65.38,21.06,65.14,68.35,1,90.21,0
1523,2023,Centro-Oeste,GO,Rural,Pequeno,3779,M,104,1226.2,0.627,24.0,0,2.75,5.13,54.34,23.24,31.38,65.35,1,100.0,0
1524,2022,Sudeste,SP,Urbana,Pequeno,11529,M,104,829.59,0.713,19.24,0,5.02,4.54,63.82,23.13,77.14,71.41,0,83.88,0
1525,2024,Nordeste,SE,Rural,Pequeno,6725,M,84,625.18,0.635,31.45,0,3.51,5.67,62.09,29.5,53.64,69.17,1,81.04,0
1526,2022,Sudeste,ES,Urbana,Médio,75192,M,96,1375.41,0.748,19.16,1,4.77,4.64,77.39,26.57,49.31,62.98,0,65.48,1
1527,2023,Nordeste,SE,Urbana,Médio,42229,M,98,704.45,0.635,31.77,0,5.38,6.46,90.6,20.64,61.57,71.53,1,70.29,0
1528,2023,Nordeste,BA,Urbana,Pequeno,8790,F,87,,0.718,39.41,1,5.33,6.82,72.94,24.89,56.38,71.59,1,86.99,0
1529,2024,Nordeste,MA,Urbana,Pequeno,3725,F,87,1062.5,0.559,33.19,0,6.34,7.51,79.03,20.22,42.0,64.79,1,98.55,0
1530,2022,Norte,AM,Urbana,Pequeno,2911,F,90,491.1,0.607,18.66,0,3.43,3.43,73.73,19.1,21.21,66.24,1,87.66,1
1531,2022,Sudeste,SP,Rural,Pequeno,6062,M,99,848.48,0.678,5.29,0,5.44,4.11,83.5,27.23,52.54,67.58,1,88.11,0
1532,2023,Nordeste,CE,Rural,Pequeno,15474,F,98,1196.03,0.638,25.86,1,2.96,8.94,65.76,29.18,49.5,68.67,1,85.98,0
1533,2023,Sudeste,MG,Urbana,Pequeno,3887,F,92,734.92,0.661,12.99,1,6.28,5.64,70.69,11.24,56.27,77.72,1,100.0,1
1534,2022,Sul,PR,Rural,Pequeno,12836,F,93,1000.44,0.689,10.92,0,4.48,4.92,57.89,22.27,50.78,71.22,1,90.93,1
1535,2023,Sudeste,RJ,Urbana,Pequeno,5513,F,84,1232.1,0.753,29.19,1,6.14,7.12,68.03,21.87,62.12,78.47,1,85.96,0
1536,2022,Nordeste,MA,Urbana,Pequeno,6784,M,86,670.5,0.66,44.83,1,4.96,4.65,66.4,17.78,48.82,68.62,0,68.21,0
1537,2023,Sudeste,ES,Urbana,Pequeno,15840,F,94,1006.39,0.705,18.53,0,5.02,8.13,50.58,18.81,83.52,75.6,0,78.65,1
1538,2024,Sul,SC,Urbana,Médio,138585,M,107,1261.95,0.637,18.03,0,3.88,6.85,68.1,16.63,95.74,69.54,1,100.0,1
1539,2022,Sul,RS,Urbana,Pequeno,12707,F,96,621.11,0.739,10.53,1,4.43,7.5,83.53,17.56,53.39,68.96,1,93.27,0
1540,2022,Sul,PR,Urbana,Pequeno,10849,M,84,1194.67,0.61,13.21,0,3.84,7.51,100.0,22.99,47.14,72.13,0,92.87,0
1541,2022,Centro-Oeste,MS,Urbana,Médio,101212,M,102,1084.65,0.691,27.08,0,5.51,4.97,100.0,12.34,71.03,71.85,1,,1
1542,2023,Sudeste,ES,Urbana,Médio,128893,F,86,866.75,0.737,35.72,0,4.06,9.18,71.71,24.06,58.48,72.21,1,98.73,1
1543,2024,Sudeste,MG,Rural,Médio,43757,F,107,1295.06,0.581,25.83,0,4.48,7.13,94.58,26.8,70.47,73.23,1,100.0,0
1544,2023,Sudeste,SP,Urbana,Grande,11857848,M,106,1333.23,0.721,7.4,0,,7.52,56.49,24.8,92.61,66.59,1,88.37,0
1545,2023,Sudeste,ES,Urbana,Pequeno,2078,M,102,789.37,0.738,19.25,1,6.77,5.72,86.35,27.17,89.37,70.56,0,,0
1546,2023,Sudeste,RJ,Urbana,Pequeno,13121,F,106,480.34,0.638,22.94,1,5.09,6.13,61.83,22.9,89.6,80.16,1,89.04,0
1547,2024,Sudeste,RJ,Rural,Pequeno,16293,M,106,698.6,0.723,19.68,0,6.21,8.3,64.72,28.15,38.73,74.45,1,89.68,0
1548,2023,Norte,RR,Urbana,Médio,116594,M,107,960.91,0.716,35.02,0,5.59,6.65,54.02,23.59,49.42,66.84,1,67.83,0
1549,2023,Sudeste,MG,Urbana,Pequeno,11701,M,107,750.49,0.71,24.56,0,,3.82,71.13,18.24,68.24,74.67,1,90.86,0
1550,2022,Centro-Oeste,GO,Urbana,Médio,110846,M,97,439.92,0.683,17.84,0,6.22,2.64,82.62,23.46,34.04,74.64,0,83.03,1
1551,2022,Sudeste,RJ,Urbana,Médio,161468,M,104,1157.46,0.718,15.5,1,7.19,7.27,87.73,25.31,56.94,74.67,1,79.43,0
1552,2022,Centro-Oeste,DF,Urbana,Pequeno,19859,F,103,870.7,0.649,19.34,1,5.15,3.54,79.88,15.57,73.23,67.87,0,87.01,0
1553,2024,Sul,PR,Urbana,Grande,6897411,M,89,789.09,0.602,24.61,0,6.07,4.84,80.97,23.82,67.56,71.4,0,80.4,1
1554,2022,Sudeste,MG,Urbana,Pequeno,14498,F,100,1539.64,0.729,26.75,0,6.51,6.05,63.94,25.02,63.47,72.73,0,88.01,1
1555,2023,Norte,RO,Urbana,Grande,2683805,F,85,714.06,0.778,27.44,0,4.79,5.18,70.52,27.62,57.4,69.17,1,87.37,1
1556,2023,Sul,RS,Urbana,Pequeno,5681,M,84,,0.68,4.73,0,3.98,6.71,62.05,25.69,56.92,67.49,1,85.69,0
1557,2022,Nordeste,PI,Urbana,Pequeno,9532,F,105,539.1,0.759,8.9,1,3.94,4.22,84.69,15.97,83.53,67.11,0,85.08,1
1558,2023,Sudeste,ES,Rural,Pequeno,5482,F,90,946.55,0.706,27.25,1,5.18,6.02,79.21,18.2,84.22,67.81,1,99.04,0
1559,2024,Sul,SC,Urbana,Pequeno,13303,F,84,568.97,0.669,39.25,1,6.43,7.07,79.76,19.41,50.99,68.5,1,90.92,1
1560,2023,Sul,RS,Urbana,Pequeno,11878,F,90,1603.72,0.682,33.88,0,8.12,6.98,81.13,25.46,39.35,65.88,0,100.0,1
1561,2022,Norte,RO,Urbana,Pequeno,18979,M,97,874.16,0.568,34.9,1,6.43,6.09,38.73,25.29,72.16,64.77,0,100.0,0
1562,2023,Centro-Oeste,MT,Urbana,Médio,64759,M,84,1127.25,0.686,22.16,0,5.9,6.14,60.59,19.83,60.53,65.59,1,80.57,0
1563,2023,Sudeste,MG,Rural,Médio,144643,M,98,1086.5,0.834,19.89,1,4.74,4.41,100.0,24.04,73.84,69.7,1,90.31,0
1564,2022,Norte,RO,Urbana,Pequeno,13964,F,105,887.32,0.693,29.07,0,3.9,5.01,66.19,29.07,71.08,64.17,0,91.98,0
1565,2024,Sudeste,SP,Urbana,Médio,127630,F,85,1182.69,0.651,32.26,0,6.7,7.27,83.08,23.77,74.61,72.92,0,87.29,0
1566,2022,Sul,RS,Urbana,Pequeno,2612,F,90,1116.08,0.59,14.09,0,8.4,6.85,62.61,22.04,47.67,77.5,1,87.77,0
1567,2023,Nordeste,PI,Urbana,Médio,28121,M,91,441.74,0.611,18.42,0,5.2,7.72,71.67,20.07,57.91,59.12,0,89.43,1
1568,2022,Nordeste,BA,Urbana,Médio,177341,F,95,1112.3,0.624,25.11,0,3.73,4.69,73.15,30.9,49.12,73.62,1,86.6,0
1569,2023,Sudeste,MG,Urbana,Grande,709394,M,100,834.6,0.679,26.52,1,5.49,5.89,76.47,20.29,59.59,81.3,0,90.42,0
1570,2024,Sul,RS,Urbana,Pequeno,7135,F,92,856.85,0.703,29.0,1,5.88,2.68,91.98,19.27,62.21,70.76,0,93.17,0
1571,2022,Sul,PR,Urbana,Pequeno,16930,M,87,1316.33,0.654,18.87,0,5.6,4.4,65.84,18.47,70.6,72.79,1,89.68,0
1572,2022,Sul,RS,Rural,Médio,98997,M,90,,0.754,37.2,1,6.27,6.9,88.95,21.94,84.92,64.79,1,88.4,1
1573,2022,Nordeste,PI,Urbana,Médio,132235,F,97,964.33,0.678,33.79,1,4.38,5.79,95.22,22.32,31.53,71.98,1,88.04,0
1574,2022,Sudeste,SP,Rural,Pequeno,6638,F,85,803.84,0.772,1.0,0,3.78,5.67,69.99,25.04,100.0,62.6,0,84.62,1
1575,2023,Sudeste,ES,Urbana,Médio,106787,F,91,1393.13,0.633,32.68,0,5.57,2.54,55.84,18.87,95.65,68.65,0,77.92,0
1576,2024,Nordeste,PE,Urbana,Médio,58814,M,92,974.42,0.661,36.39,0,4.49,4.63,63.91,21.89,51.94,68.88,0,93.45,1
1577,2023,Sudeste,SP,Urbana,Pequeno,16028,M,95,748.12,0.716,14.34,1,5.5,5.74,71.11,19.4,41.92,79.98,0,90.66,0
1578,2024,Nordeste,PB,Urbana,Grande,9522606,M,96,676.5,0.669,42.48,0,,6.96,63.9,20.65,35.4,68.93,0,84.5,0
1579,2022,Sul,SC,Urbana,Pequeno,19520,F,97,949.67,0.751,26.28,1,5.84,5.31,85.0,27.05,65.55,69.21,1,88.67,1
1580,2023,Nordeste,SE,Urbana,Pequeno,16213,M,89,504.66,0.661,26.21,1,3.45,4.19,81.14,25.94,95.0,65.94,1,83.96,0
1581,2022,Sul,PR,Urbana,Pequeno,17109,M,103,,0.599,14.37,0,3.62,8.16,80.85,17.88,37.07,67.65,1,77.75,0
1582,2023,Sudeste,SP,Urbana,Médio,154893,F,93,,0.719,8.74,0,4.34,5.13,73.83,22.36,69.54,77.81,1,90.82,1
1583,2022,Sudeste,ES,Rural,Grande,7925683,M,93,1240.78,0.598,11.85,0,7.46,9.39,62.59,23.72,70.05,70.1,0,74.67,0
1584,2022,Sul,SC,Urbana,Pequeno,4925,F,92,889.58,0.685,36.51,1,6.87,2.94,81.21,22.51,41.21,66.03,1,82.61,1
1585,2024,Nordeste,RN,Urbana,Grande,9683364,F,106,1159.88,0.605,20.56,0,,7.22,62.42,27.32,63.58,66.56,0,84.24,1
1586,2024,Sudeste,MG,Urbana,Médio,117622,M,88,1001.64,0.746,23.89,0,5.47,5.35,71.11,23.67,82.56,78.21,0,88.83,0
1587,2022,Sudeste,SP,Urbana,Grande,7989954,F,100,1370.51,0.801,32.9,1,7.31,6.5,74.77,25.52,77.16,62.16,1,78.56,1
1588,2024,Sudeste,MG,Urbana,Pequeno,8102,M,103,,0.674,35.16,1,5.1,8.8,54.55,19.58,65.26,73.56,1,92.78,0
1589,2023,Norte,AC,Urbana,Médio,42599,F,106,631.76,0.59,36.71,1,5.61,5.24,39.35,28.65,5.0,67.84,1,90.13,0
1590,2024,Sul,PR,Rural,Pequeno,17618,M,101,702.48,0.673,34.11,0,3.65,6.95,67.11,23.75,59.39,78.48,0,96.5,0
1591,2024,Sudeste,MG,Urbana,Pequeno,16256,F,107,1040.6,0.675,10.02,0,7.77,5.31,64.82,17.16,85.82,76.14,1,81.65,1
1592,2024,Sudeste,SP,Urbana,Pequeno,3997,F,100,679.36,0.713,4.57,1,6.53,7.03,77.42,28.37,71.26,61.98,1,100.0,1
1593,2024,Sudeste,ES,Urbana,Pequeno,3496,F,85,935.1,0.605,25.0,1,6.69,5.55,64.13,14.94,71.54,73.96,1,92.41,1
1594,2022,Sudeste,RJ,Urbana,Médio,95514,M,90,1146.35,0.725,22.37,0,6.88,4.59,68.1,25.24,57.78,71.9,0,90.12,0
1595,2022,Sudeste,MG,Urbana,Médio,40837,F,96,545.66,0.715,30.93,0,4.63,4.85,74.26,21.27,46.16,76.06,1,88.32,0
1596,2022,Sudeste,MG,Urbana,Médio,73116,F,88,1194.0,0.747,23.93,1,5.77,5.94,56.83,15.17,75.22,72.04,0,90.02,0
1597,2022,Sul,PR,Urbana,Pequeno,6361,F,101,798.16,0.667,23.27,0,5.85,5.56,73.61,18.13,90.2,64.68,1,100.0,0
1598,2022,Centro-Oeste,GO,Urbana,Pequeno,6226,M,98,1280.77,0.657,14.35,0,4.49,4.86,82.26,25.8,25.48,67.68,0,,1
1599,2022,Sudeste,RJ,Urbana,Pequeno,19124,F,90,800.07,0.724,15.47,1,5.8,7.4,43.01,24.23,61.3,64.31,1,94.09,1
1600,2024,Sul,PR,Urbana,Pequeno,11946,F,86,1128.58,0.777,17.53,1,2.42,8.51,85.01,11.32,70.64,61.32,0,87.91,0
1601,2023,Nordeste,BA,Urbana,Grande,2490675,F,88,514.58,0.527,41.37,1,4.41,7.98,64.27,24.66,29.93,75.49,0,78.65,0
1602,2023,Sul,RS,Urbana,Médio,86606,F,96,1161.78,0.684,37.83,0,6.87,5.4,51.58,14.83,69.22,77.06,1,92.09,0
1603,2023,Nordeste,SE,Urbana,Pequeno,11197,F,88,704.41,0.678,28.87,1,3.93,4.58,74.79,32.99,57.91,62.51,1,92.85,1
1604,2022,Sudeste,MG,Urbana,Pequeno,17809,F,94,1188.88,0.562,28.51,0,6.49,6.47,53.24,21.51,48.33,65.39,1,100.0,0
1605,2024,Centro-Oeste,GO,Urbana,Grande,4714387,F,100,1074.52,0.713,32.98,1,4.63,4.4,62.46,23.26,46.04,71.83,1,77.69,0
1606,2024,Nordeste,SE,Rural,Médio,113610,F,93,1040.82,0.641,39.64,1,4.97,5.03,76.29,22.84,55.9,67.97,0,93.71,0
1607,2024,Nordeste,CE,Urbana,Pequeno,9526,M,87,644.78,0.664,25.91,0,4.63,8.57,67.09,21.71,74.03,61.54,1,96.34,0
1608,2024,Sudeste,RJ,Urbana,Grande,11641105,M,101,1052.06,0.711,14.39,0,4.52,8.32,72.06,25.79,34.03,73.11,0,84.89,1
1609,2024,Nordeste,RN,Urbana,Pequeno,16556,F,106,671.18,0.587,14.38,0,4.84,7.55,81.34,17.98,41.14,63.81,1,93.23,1
1610,2024,Nordeste,RN,Urbana,Pequeno,18815,M,91,608.54,0.581,34.31,0,1.0,6.36,81.01,19.35,64.15,67.45,1,85.17,0
1611,2023,Nordeste,RN,Urbana,Pequeno,11928,F,103,932.67,0.632,20.82,0,4.73,5.27,84.18,26.57,56.2,68.09,1,86.35,0
1612,2023,Sudeste,MG,Urbana,Médio,102455,F,97,877.94,0.703,18.31,1,8.4,6.72,64.02,23.7,59.02,62.9,0,100.0,0
1613,2023,Sudeste,RJ,Urbana,Grande,5552165,F,86,1001.35,0.627,8.49,0,5.44,10.0,71.8,21.59,57.22,74.59,0,81.11,0
1614,2024,Sul,PR,Urbana,Médio,91981,M,96,966.57,0.696,18.07,0,5.29,5.77,69.07,21.88,62.5,71.61,1,83.26,0
1615,2023,Nordeste,AL,Urbana,Pequeno,16297,M,84,378.17,0.651,23.1,0,6.48,3.76,61.06,22.08,47.03,70.82,1,89.35,0
1616,2022,Norte,AM,Urbana,Pequeno,7708,M,99,945.15,0.669,25.56,0,5.57,5.1,97.53,28.66,56.85,67.11,1,87.6,1
1617,2022,Sudeste,MG,Urbana,Médio,20419,M,104,1096.81,0.644,27.48,0,4.51,4.7,77.18,21.16,42.1,71.06,1,93.13,1
1618,2022,Sudeste,SP,Urbana,Pequeno,13296,F,102,1090.78,0.629,36.34,0,5.65,7.85,74.37,24.68,40.97,60.13,0,84.05,1
1619,2023,Sudeste,RJ,Urbana,Médio,174470,M,90,1473.34,0.728,26.02,0,6.16,5.16,89.85,19.9,69.93,72.16,1,78.11,0
1620,2023,Sudeste,RJ,Urbana,Pequeno,3076,M,98,,0.645,22.34,1,6.17,5.11,86.2,17.45,79.61,64.07,0,93.99,1
1621,2023,Sudeste,MG,Urbana,Pequeno,16596,M,94,1600.34,0.666,21.62,0,6.55,5.99,87.18,19.81,100.0,60.54,1,88.83,1
1622,2024,Nordeste,PE,Rural,Médio,196489,M,92,1122.82,0.711,42.91,0,2.26,7.6,75.93,28.47,27.89,62.42,1,99.69,1
1623,2024,Sudeste,ES,Urbana,Médio,168264,M,97,883.7,0.686,24.71,1,4.59,4.88,73.74,17.99,35.07,76.82,0,73.78,0
1624,2022,Centro-Oeste,MS,Urbana,Médio,70059,F,99,1009.25,0.649,16.75,0,,5.38,54.13,20.12,83.0,68.78,0,100.0,0
1625,2023,Nordeste,RN,Urbana,Médio,155544,M,105,923.68,0.684,24.89,0,5.35,4.65,88.1,22.52,84.27,61.54,0,81.72,1
1626,2022,Nordeste,PE,Urbana,Pequeno,18367,M,100,829.61,0.661,37.83,0,4.82,4.59,46.17,19.25,44.34,67.32,1,83.53,1
1627,2024,Sudeste,SP,Rural,Pequeno,16276,M,104,1240.98,0.665,9.66,0,5.68,7.21,65.15,20.91,64.86,76.33,0,99.62,1
1628,2022,Sudeste,SP,Urbana,Pequeno,3155,F,102,1381.06,0.732,4.1,1,5.73,7.31,70.92,21.7,38.06,80.37,1,100.0,1
1629,2024,Norte,RR,Urbana,Pequeno,14860,M,97,946.24,0.76,22.9,1,3.47,2.56,54.02,20.42,45.55,66.75,0,89.41,1
1630,2023,Sul,RS,Urbana,Grande,1550623,M,102,792.85,0.669,29.72,0,5.46,4.1,55.55,23.09,75.09,72.52,1,90.73,0
1631,2023,Sudeste,SP,Urbana,Médio,86585,M,101,1017.92,0.59,28.06,0,7.98,4.92,80.54,18.45,61.47,72.42,0,,1
1632,2024,Sudeste,MG,Urbana,Grande,10911994,F,94,1210.09,0.656,7.92,0,6.91,6.19,85.77,14.88,53.31,71.91,0,,0
1633,2024,Nordeste,PB,Urbana,Pequeno,13697,F,93,298.42,0.584,36.95,0,4.59,8.53,75.88,14.01,81.51,69.25,0,94.11,0
1634,2024,Sul,RS,Rural,Médio,93941,F,92,830.32,0.727,21.79,0,4.35,9.77,90.74,24.41,84.03,72.75,1,79.25,0
1635,2022,Sul,PR,Rural,Grande,1499277,M,101,835.39,0.64,29.43,0,3.82,6.7,100.0,18.1,57.09,71.81,1,95.42,1
1636,2023,Sudeste,ES,Urbana,Médio,106213,M,103,1001.12,0.697,8.09,0,6.45,8.44,67.34,17.68,32.37,76.2,0,69.81,1
1637,2022,Sudeste,SP,Urbana,Grande,8243255,M,106,976.11,0.752,17.9,1,6.81,7.9,99.62,30.43,65.57,65.71,1,100.0,0
1638,2022,Sudeste,RJ,Urbana,Pequeno,13142,F,92,972.29,0.652,21.62,0,5.05,6.16,56.19,19.87,84.66,77.46,1,93.39,1
1639,2022,Norte,AP,Urbana,Grande,1043601,F,84,1258.06,0.615,37.58,0,5.33,8.01,35.73,22.44,38.66,70.48,0,82.42,0
1640,2024,Nordeste,PE,Urbana,Pequeno,9855,M,99,991.49,0.627,25.66,0,3.3,5.67,57.31,21.91,70.06,65.15,1,91.63,1
1641,2022,Sul,PR,Urbana,Grande,1372191,M,103,639.62,0.772,11.43,0,4.23,8.01,88.26,26.58,49.59,78.0,0,83.41,1
1642,2023,Sudeste,RJ,Urbana,Médio,32151,M,86,1146.15,0.694,14.78,1,7.45,6.32,49.63,18.59,74.57,69.29,0,89.93,0
1643,2023,Sudeste,RJ,Urbana,Grande,3343389,M,92,736.15,0.657,16.81,0,5.91,7.4,83.4,21.72,83.39,62.15,0,97.35,1
1644,2023,Sudeste,RJ,Urbana,Médio,38613,M,105,1252.62,0.727,35.62,1,3.45,5.25,81.9,19.69,87.38,69.53,0,98.66,1
1645,2022,Sudeste,SP,Urbana,Pequeno,10777,M,105,744.62,0.703,29.43,1,2.29,4.79,82.32,19.24,78.61,65.46,0,95.52,0
1646,2023,Sudeste,MG,Urbana,Pequeno,9988,M,107,,0.72,25.89,0,6.57,1.42,96.5,26.79,78.0,82.64,1,90.28,0
1647,2022,Norte,AC,Urbana,Pequeno,5764,F,103,1000.1,0.71,25.1,0,,3.51,45.02,16.94,22.61,63.0,0,83.1,0
1648,2022,Nordeste,PI,Urbana,Médio,32750,F,85,1168.05,0.647,28.7,0,2.69,6.15,60.92,26.71,43.86,69.38,1,84.79,0
1649,2022,Centro-Oeste,MS,Urbana,Grande,8779342,M,93,,0.721,29.11,1,5.66,8.11,48.89,20.63,67.13,70.74,0,91.45,0
1650,2022,Nordeste,MA,Rural,Médio,130042,F,85,546.11,0.647,25.66,0,6.4,4.92,20.03,27.21,56.31,68.74,1,81.76,0
1651,2022,Sudeste,MG,Urbana,Grande,3650463,F,96,777.99,0.742,18.26,0,3.29,5.71,65.07,23.07,59.68,58.26,1,80.86,0
1652,2024,Centro-Oeste,MS,Urbana,Pequeno,6800,F,84,623.43,0.707,14.8,1,3.52,5.27,67.59,17.3,66.41,72.48,1,97.61,1
1653,2023,Sudeste,SP,Urbana,Grande,8013338,F,94,1698.88,0.782,35.45,0,6.59,4.94,98.75,26.83,75.37,67.79,1,95.3,0
1654,2022,Sul,SC,Urbana,Pequeno,17929,F,91,964.47,0.679,15.43,0,6.38,6.17,53.55,23.4,89.02,71.5,1,80.82,0
1655,2023,Nordeste,AL,Urbana,Médio,199161,F,97,571.32,0.631,39.32,1,3.97,4.96,40.06,14.38,69.25,72.87,1,81.15,0
1656,2023,Sudeste,RJ,Urbana,Médio,78930,M,100,1127.98,0.684,20.54,1,3.19,3.86,75.61,18.97,54.64,74.35,1,100.0,0
1657,2022,Nordeste,CE,Urbana,Pequeno,7889,M,85,801.44,0.503,15.0,1,4.27,6.0,66.55,28.27,21.18,75.15,0,90.11,0
1658,2024,Sudeste,ES,Rural,Pequeno,9749,F,104,,0.767,21.33,0,6.75,3.78,69.4,18.95,71.23,73.08,1,89.01,0
1659,2022,Nordeste,MA,Urbana,Pequeno,18133,M,102,838.12,0.74,35.79,1,2.71,6.3,83.92,15.96,51.72,80.37,0,80.21,0
1660,2024,Norte,RR,Urbana,Grande,7517316,M,97,695.33,0.678,17.16,0,4.58,5.02,66.29,22.18,31.1,76.65,0,72.52,0
1661,2024,Sul,RS,Urbana,Grande,7889190,F,94,979.61,0.595,14.67,0,5.73,8.56,65.85,21.64,30.14,72.92,1,92.81,0
1662,2022,Nordeste,CE,Rural,Pequeno,17668,M,106,,0.743,37.32,0,5.35,4.81,66.61,22.23,19.53,64.45,0,88.08,0
1663,2024,Nordeste,CE,Urbana,Médio,129487,M,102,876.93,0.9,34.56,0,5.76,6.81,56.47,15.65,66.19,72.22,0,98.36,1
1664,2022,Centro-Oeste,MS,Rural,Pequeno,5689,F,98,915.63,0.666,13.22,0,3.43,3.14,49.98,23.83,55.94,66.4,1,69.74,0
1665,2024,Sudeste,MG,Urbana,Pequeno,17696,F,84,1412.24,0.752,19.9,0,4.42,7.79,49.7,31.01,63.93,64.61,1,85.85,1
1666,2024,Sudeste,ES,Urbana,Pequeno,8027,M,105,1344.82,0.674,23.1,0,6.68,5.26,85.43,17.97,54.24,69.71,1,81.62,0
1667,2023,Norte,AP,Rural,Grande,8306701,F,84,,0.597,42.39,1,3.88,5.85,52.21,26.57,68.53,68.9,0,74.58,0
1668,2022,Nordeste,MA,Urbana,Médio,186235,M,100,1050.75,0.658,41.63,0,4.62,4.1,85.03,24.28,76.86,61.48,1,89.69,0
1669,2024,Sudeste,MG,Urbana,Pequeno,19561,F,104,856.25,0.711,14.85,1,5.44,5.83,59.53,20.17,58.24,71.72,0,,1
1670,2023,Sudeste,SP,Urbana,Pequeno,2852,M,95,603.75,0.743,37.29,1,7.58,3.59,51.79,22.64,82.8,71.17,1,98.96,0
1671,2022,Nordeste,CE,Urbana,Pequeno,9623,F,102,975.3,0.595,34.92,0,6.02,5.67,54.53,17.31,89.5,68.15,1,95.51,1
1672,2023,Sul,SC,Urbana,Pequeno,16496,F,101,546.71,0.812,34.2,0,5.94,4.07,74.26,12.72,58.49,68.81,0,100.0,0
1673,2024,Sul,SC,Urbana,Médio,82224,F,98,1113.19,0.76,21.13,0,3.62,4.15,75.31,20.56,59.27,78.89,0,100.0,1
1674,2024,Nordeste,MA,Rural,Pequeno,8827,F,99,892.98,0.763,26.03,0,5.27,5.29,83.4,23.75,33.88,72.25,1,84.81,0
1675,2024,Sul,RS,Urbana,Pequeno,11371,M,93,983.09,0.548,30.11,0,4.96,6.83,68.12,15.08,100.0,75.0,1,98.01,0
1676,2024,Norte,TO,Urbana,Pequeno,11473,M,85,803.82,0.685,35.88,0,,5.34,33.93,25.86,37.98,71.65,0,84.37,1
1677,2024,Sudeste,MG,Urbana,Grande,9727390,F,106,1064.2,0.762,23.64,0,6.66,5.89,90.2,20.77,39.29,69.85,1,86.91,1
1678,2022,Nordeste,PB,Urbana,Pequeno,12369,M,105,731.78,0.727,44.15,1,7.25,3.19,94.13,22.47,51.31,68.46,1,81.26,0
1679,2024,Nordeste,AL,Urbana,Grande,3964063,F,92,1286.23,0.711,27.52,1,5.11,7.23,68.53,22.86,59.34,59.15,1,86.43,1
1680,2022,Nordeste,MA,Urbana,Pequeno,4660,M,101,725.6,0.602,31.37,0,2.09,5.99,58.24,20.9,53.62,66.78,1,69.5,0
1681,2022,Nordeste,CE,Urbana,Médio,78873,M,106,890.16,0.527,16.86,0,5.48,5.06,57.3,21.18,58.95,56.93,1,88.78,1
1682,2022,Sudeste,MG,Rural,Pequeno,8181,F,105,935.0,0.791,35.92,0,4.8,4.37,52.63,27.2,38.07,69.3,0,79.2,0
1683,2022,Sudeste,ES,Urbana,Médio,165682,M,101,1179.86,0.712,22.57,0,3.16,4.48,72.55,12.11,60.69,75.73,0,87.34,0
1684,2023,Nordeste,RN,Urbana,Grande,8969130,F,98,1050.37,0.562,28.91,0,2.21,2.46,53.9,17.35,36.72,61.93,1,95.71,0
1685,2022,Sudeste,ES,Urbana,Grande,5412357,F,95,1098.31,0.706,10.43,0,5.04,8.06,70.61,20.77,51.1,62.79,0,92.77,1
1686,2024,Sul,RS,Urbana,Pequeno,19267,M,85,1152.27,0.532,28.25,0,3.88,5.75,61.88,16.6,28.86,74.9,0,95.76,1
1687,2022,Nordeste,PI,Urbana,Grande,1065904,M,85,617.77,0.717,26.03,0,4.52,7.39,72.14,25.43,52.31,67.94,1,91.01,0
1688,2023,Sudeste,MG,Urbana,Pequeno,3555,M,96,1127.67,0.717,31.57,0,6.83,6.05,63.97,16.09,93.04,77.21,0,90.21,0
1689,2022,Sudeste,RJ,Urbana,Pequeno,13174,F,101,1261.1,0.735,16.62,0,5.17,5.96,72.78,28.49,76.09,70.01,1,91.28,1
1690,2024,Nordeste,CE,Urbana,Grande,1813684,M,96,775.31,0.724,32.6,0,5.02,3.5,72.26,19.1,62.6,64.82,0,77.64,0
1691,2022,Nordeste,AL,Rural,Pequeno,5040,M,96,630.29,0.634,25.79,1,2.43,7.18,95.6,20.87,76.65,67.83,0,87.49,0
1692,2024,Sudeste,RJ,Urbana,Grande,4042496,M,104,1223.16,0.666,20.35,0,5.55,9.18,70.02,26.16,40.48,65.6,0,79.86,0
1693,2022,Sul,RS,Urbana,Médio,120299,M,96,1191.18,0.723,25.83,0,4.51,5.14,79.48,27.86,46.82,66.16,1,88.66,0
1694,2022,Norte,RR,Rural,Pequeno,4449,F,101,867.68,0.616,29.0,0,5.42,5.32,64.28,12.46,39.96,69.09,1,90.44,0
1695,2022,Nordeste,MA,Urbana,Pequeno,4679,F,88,1118.25,0.595,30.61,1,4.14,5.79,77.57,18.99,95.83,73.69,1,100.0,0
1696,2022,Centro-Oeste,MS,Rural,Médio,111083,F,86,750.24,0.613,34.3,1,4.62,7.44,74.23,29.06,72.71,63.3,0,90.68,0
1697,2022,Sul,SC,Urbana,Pequeno,4688,F,91,917.58,0.678,5.51,0,2.75,6.93,73.57,20.44,63.6,67.94,1,91.62,1
1698,2022,Sudeste,RJ,Urbana,Pequeno,3259,F,99,1526.23,0.619,29.11,0,5.82,9.22,100.0,20.05,59.81,74.15,0,95.51,1
1699,2024,Nordeste,AL,Urbana,Pequeno,4347,M,102,763.92,0.739,32.55,1,4.4,6.28,46.77,23.63,41.85,75.1,0,88.9,0
1700,2024,Nordeste,RN,Urbana,Pequeno,8280,F,107,973.38,0.663,34.41,1,5.35,4.97,82.11,17.75,53.95,73.98,1,83.35,0
1701,2023,Sudeste,RJ,Urbana,Médio,67491,F,94,1060.41,0.821,26.82,0,5.25,6.98,62.75,23.62,61.02,67.39,1,84.84,0
1702,2024,Nordeste,SE,Urbana,Pequeno,15420,F,89,512.25,0.572,27.09,1,4.1,6.5,54.48,20.04,80.84,72.33,0,94.39,0
1703,2023,Sudeste,ES,Urbana,Pequeno,10858,M,96,682.4,0.741,14.58,1,4.16,6.67,49.9,15.86,74.57,71.14,0,90.82,0
1704,2022,Nordeste,PI,Urbana,Médio,58766,F,100,847.89,0.623,32.9,1,5.53,4.24,74.14,18.78,68.3,74.61,1,91.33,0
1705,2023,Sul,PR,Urbana,Pequeno,10852,M,93,1028.14,0.641,21.0,0,4.84,5.49,72.59,18.03,63.97,69.42,1,96.58,1
1706,2023,Sul,PR,Urbana,Pequeno,9225,F,87,1185.81,0.704,16.52,0,6.44,7.88,53.13,16.4,81.73,69.81,1,85.49,1
1707,2022,Sudeste,MG,Urbana,Pequeno,4446,M,97,,0.68,40.87,1,8.54,4.93,92.67,24.71,48.13,74.5,1,90.38,0
1708,2023,Sudeste,SP,Rural,Pequeno,9487,M,92,1247.42,0.745,11.79,0,7.68,4.05,64.37,15.16,81.57,71.02,1,84.74,0
1709,2022,Sudeste,RJ,Urbana,Médio,104660,M,99,937.08,0.65,36.41,1,7.54,6.54,78.76,27.36,60.17,74.21,1,,0
1710,2022,Nordeste,PB,Rural,Pequeno,16737,M,100,838.64,0.719,36.81,1,2.86,4.35,63.44,26.45,45.48,62.4,1,77.78,0
1711,2024,Sul,RS,Urbana,Médio,166096,M,88,765.29,0.76,25.8,0,3.2,5.39,69.76,20.93,84.3,81.22,1,98.72,0
1712,2024,Nordeste,PI,Urbana,Grande,336304,M,86,566.63,0.717,30.86,1,4.15,8.86,66.44,20.49,98.86,59.36,0,72.09,0
1713,2022,Nordeste,PI,Urbana,Médio,196685,F,88,,0.647,17.41,0,4.19,7.79,49.07,13.06,55.39,62.22,1,86.0,1
1714,2022,Sudeste,ES,Urbana,Pequeno,5530,F,100,1259.56,0.71,28.17,0,5.27,6.81,69.11,24.27,70.44,68.6,1,82.46,0
1715,2023,Sudeste,SP,Urbana,Pequeno,5448,M,97,675.34,0.691,8.47,0,7.39,5.65,56.76,24.82,75.16,80.87,1,98.47,1
1716,2022,Sudeste,SP,Urbana,Pequeno,17115,F,90,828.91,0.681,18.98,0,3.45,7.73,47.8,31.48,62.81,66.35,1,86.53,0
1717,2023,Nordeste,MA,Urbana,Médio,132175,F,104,466.88,0.534,34.69,1,3.96,6.65,41.74,17.23,75.61,79.91,0,82.15,0
1718,2022,Nordeste,AL,Urbana,Médio,115466,F,84,647.19,0.595,32.4,0,4.86,6.63,86.01,25.25,65.07,66.0,0,83.89,1
1719,2024,Sudeste,ES,Urbana,Médio,144954,F,85,875.81,0.671,18.17,1,7.16,7.27,88.95,19.66,73.78,63.73,1,100.0,0
1720,2024,Nordeste,PE,Urbana,Médio,47397,M,91,602.74,0.687,23.27,0,3.4,7.22,60.79,23.5,36.91,70.4,0,82.98,1
1721,2024,Sudeste,RJ,Urbana,Grande,4894804,M,102,798.24,0.709,25.86,0,3.71,5.37,70.72,12.61,74.83,70.59,1,,1
1722,2024,Nordeste,PI,Urbana,Grande,9187968,M,102,982.1,0.664,25.79,0,5.96,5.77,86.44,21.66,53.2,68.52,0,81.08,1
1723,2024,Sudeste,ES,Urbana,Pequeno,9827,M,96,1172.52,0.76,6.64,0,1.82,6.22,72.06,28.5,91.07,76.16,1,80.43,0
1724,2023,Norte,PA,Urbana,Pequeno,13795,F,88,,0.628,35.1,0,3.94,6.36,56.06,23.95,34.12,64.13,0,82.79,0
1725,2024,Centro-Oeste,GO,Urbana,Pequeno,10711,F,99,1065.12,0.669,23.84,0,4.69,7.0,59.35,19.29,32.32,73.48,1,94.78,0
1726,2022,Nordeste,AL,Urbana,Médio,98829,M,102,1204.98,0.649,31.11,0,3.0,2.31,94.89,16.13,84.01,70.86,1,100.0,0
1727,2024,Centro-Oeste,MT,Urbana,Grande,2272230,F,95,1167.44,0.622,16.36,0,4.26,4.38,34.93,27.48,75.99,69.91,1,87.28,0
1728,2022,Sudeste,RJ,Urbana,Médio,111653,F,93,1245.1,0.794,11.13,0,3.33,7.81,63.99,24.57,90.47,72.4,0,85.44,1
1729,2022,Sudeste,ES,Urbana,Pequeno,14383,F,89,823.66,0.716,5.75,0,5.39,8.29,84.12,18.51,34.06,67.39,1,93.98,0
1730,2024,Nordeste,PI,Urbana,Pequeno,17555,M,106,935.64,0.709,27.91,0,6.1,6.43,33.91,17.99,85.86,68.91,1,81.7,1
1731,2022,Sudeste,MG,Urbana,Médio,43097,M,101,1072.69,0.72,23.26,1,4.38,8.13,62.53,22.36,43.21,70.67,0,95.08,1
1732,2024,Nordeste,PE,Urbana,Pequeno,16161,M,104,914.96,0.722,31.9,1,2.56,6.48,29.59,25.04,73.23,74.18,0,88.47,1
1733,2022,Nordeste,RN,Urbana,Pequeno,13237,M,87,941.41,0.718,33.62,0,2.51,6.48,73.58,26.21,83.26,64.06,1,85.3,0
1734,2022,Sudeste,ES,Urbana,Grande,11208352,M,95,1034.97,0.762,22.71,1,6.34,5.45,76.61,17.42,78.8,69.39,0,85.35,1
1735,2023,Nordeste,PE,Urbana,Pequeno,11873,M,84,1165.62,0.716,42.22,1,6.42,7.54,76.85,25.71,44.8,77.64,1,92.21,1
1736,2024,Norte,RO,Urbana,Pequeno,3453,M,101,970.42,0.688,37.54,0,4.03,4.16,46.87,21.79,68.94,69.43,0,100.0,0
1737,2022,Nordeste,CE,Urbana,Pequeno,7235,M,104,492.01,0.653,44.64,0,5.12,6.22,100.0,20.83,83.68,66.51,0,86.12,0
1738,2024,Norte,RO,Urbana,Pequeno,18733,F,95,784.54,0.605,17.17,0,3.72,5.64,57.38,16.9,38.76,59.62,1,97.95,0
1739,2024,Sudeste,MG,Rural,Pequeno,17145,M,107,991.55,0.694,18.76,1,3.67,4.86,100.0,14.8,69.39,73.21,1,100.0,1
1740,2022,Sudeste,RJ,Urbana,Médio,42590,F,85,984.21,0.757,9.7,1,,8.37,64.29,22.1,63.1,77.38,1,99.93,1
1741,2023,Sul,RS,Urbana,Grande,4913501,F,96,623.18,0.706,33.11,0,4.31,5.7,67.99,28.87,46.98,65.59,1,95.3,1
1742,2023,Sudeste,SP,Rural,Pequeno,5400,F,92,1313.72,0.673,26.85,0,,6.7,69.95,21.29,40.64,70.73,1,84.2,0
1743,2023,Norte,AM,Urbana,Médio,21161,F,103,373.23,0.697,25.59,1,6.96,3.48,74.66,27.21,42.45,64.91,1,87.13,1
1744,2023,Sul,RS,Rural,Grande,5345029,M,102,1060.61,0.755,16.86,0,7.02,7.3,93.14,26.9,41.77,74.85,1,86.71,1
1745,2024,Sudeste,RJ,Rural,Pequeno,15699,M,88,1182.24,0.759,14.23,0,4.58,7.17,64.42,16.55,65.45,77.05,0,96.55,0
1746,2022,Centro-Oeste,MT,Urbana,Médio,196245,M,98,854.61,0.636,27.82,1,4.71,8.03,84.78,24.16,40.77,64.0,0,87.47,0
1747,2023,Sul,PR,Urbana,Médio,156002,M,101,810.64,0.792,7.21,0,4.6,7.72,73.83,26.74,57.76,70.98,1,80.04,0
1748,2023,Centro-Oeste,MT,Rural,Pequeno,17004,M,96,941.18,0.715,17.67,0,6.04,6.06,40.5,20.0,88.29,69.45,0,83.66,0
1749,2023,Norte,AP,Urbana,Pequeno,4769,M,86,992.61,0.703,49.69,0,4.93,4.8,95.95,23.4,18.22,70.42,1,80.81,0
1750,2024,Norte,TO,Urbana,Médio,73598,F,86,565.7,0.706,32.35,0,5.56,2.37,57.2,25.68,89.35,68.13,0,86.12,0
1751,2022,Sudeste,SP,Urbana,Pequeno,3471,F,96,1246.69,0.597,29.33,1,4.83,6.39,59.97,14.87,48.65,62.02,0,98.99,0
1752,2024,Sul,RS,Urbana,Médio,55648,M,107,1566.6,0.717,30.43,1,5.81,4.85,56.06,19.45,79.62,75.42,1,93.3,1
1753,2024,Sudeste,SP,Rural,Pequeno,16964,M,97,1278.23,0.698,11.38,0,,5.96,66.6,21.38,57.49,77.47,0,93.52,0
1754,2022,Centro-Oeste,DF,Urbana,Pequeno,19648,F,100,745.44,0.656,20.28,0,6.21,6.8,87.2,26.84,28.16,73.21,0,85.64,0
1755,2024,Nordeste,SE,Urbana,Pequeno,9353,M,92,588.58,0.731,32.38,0,4.78,6.46,57.71,22.09,71.64,65.0,1,79.69,0
1756,2022,Sudeste,RJ,Rural,Médio,116529,M,107,797.83,0.672,14.39,0,5.02,9.35,78.91,26.03,58.66,66.79,0,73.21,0
1757,2022,Sul,PR,Urbana,Médio,21588,M,96,1306.54,0.63,14.34,0,4.92,8.03,51.78,21.38,53.84,79.75,1,96.75,0
1758,2022,Sudeste,ES,Rural,Médio,180827,M,98,1050.76,0.698,23.33,1,5.86,6.64,63.79,22.7,33.97,67.51,0,89.03,0
1759,2024,Sul,PR,Urbana,Pequeno,7490,F,98,759.82,0.69,18.33,1,3.68,7.15,83.63,19.26,89.11,60.0,1,88.93,0
1760,2023,Centro-Oeste,MT,Urbana,Grande,5197110,M,87,797.47,0.7,28.89,1,6.09,6.46,88.07,17.99,29.4,68.29,0,83.33,0
1761,2023,Sudeste,RJ,Urbana,Pequeno,11642,M,100,1104.59,0.699,23.96,0,5.53,5.85,66.11,17.74,59.62,69.82,1,88.13,0
1762,2024,Sudeste,RJ,Urbana,Pequeno,8309,F,87,1132.56,0.658,13.66,0,3.45,4.38,85.84,23.39,87.0,73.82,0,85.82,1
1763,2022,Sudeste,SP,Rural,Pequeno,10518,F,92,1123.94,0.812,15.65,0,5.0,6.01,58.17,29.37,71.44,68.15,1,71.86,0
1764,2023,Sudeste,MG,Urbana,Pequeno,10189,M,93,1108.22,0.702,13.77,1,5.78,6.5,100.0,19.84,76.73,65.87,0,100.0,1
1765,2024,Nordeste,PE,Urbana,Pequeno,15859,F,96,649.56,0.702,25.36,1,4.45,5.23,80.32,16.79,75.19,65.39,1,84.34,0
1766,2024,Norte,RR,Urbana,Pequeno,13352,M,95,1267.2,0.69,27.88,0,,7.88,48.57,18.48,59.77,70.11,0,78.83,0
1767,2023,Sul,RS,Urbana,Pequeno,13688,F,106,1064.5,0.586,22.79,0,5.45,5.0,76.42,21.34,87.13,74.44,1,84.07,1
1768,2022,Sul,RS,Rural,Médio,139119,M,107,1158.36,0.715,21.44,0,6.33,5.65,63.39,23.14,58.35,77.65,1,79.84,0
1769,2022,Sudeste,MG,Urbana,Médio,128361,F,106,1418.15,0.73,25.91,0,3.71,4.64,60.5,22.3,42.55,72.75,1,96.28,0
1770,2024,Nordeste,MA,Urbana,Médio,156760,F,85,678.76,0.708,28.13,1,,2.65,78.76,27.96,69.71,66.38,1,77.73,1
1771,2022,Nordeste,PI,Rural,Médio,146028,M,107,670.54,0.74,10.03,0,3.73,5.45,72.6,23.91,70.69,71.55,1,85.86,0
1772,2023,Centro-Oeste,MT,Urbana,Grande,10535521,F,93,1232.94,0.756,25.65,0,3.57,6.16,76.85,17.03,72.64,61.49,1,99.18,1
1773,2022,Sudeste,ES,Urbana,Pequeno,4182,F,91,1055.56,0.701,17.01,1,3.98,5.02,48.94,15.23,20.43,67.59,1,86.7,0
1774,2022,Sudeste,RJ,Rural,Pequeno,11711,M,94,784.47,0.564,15.15,0,6.99,7.77,66.19,18.24,93.74,66.08,0,90.19,0
1775,2023,Sudeste,SP,Urbana,Grande,477231,M,103,1077.13,0.727,22.13,0,5.16,6.21,74.79,17.63,87.36,71.04,1,88.28,1
1776,2022,Sudeste,RJ,Urbana,Pequeno,7753,M,87,1130.89,0.727,31.62,0,4.85,7.55,62.89,20.45,69.05,73.16,0,80.24,1
1777,2022,Nordeste,RN,Rural,Pequeno,8913,M,103,402.09,0.724,37.02,1,2.71,4.42,67.34,17.76,36.64,73.75,0,91.02,1
1778,2024,Sul,SC,Urbana,Pequeno,8279,M,102,938.73,0.654,26.95,0,3.72,7.31,100.0,22.79,59.14,62.9,0,77.74,1
1779,2022,Sudeste,SP,Urbana,Pequeno,11100,M,103,1125.22,0.717,20.1,1,5.46,5.5,100.0,26.84,84.17,68.85,0,90.11,0
1780,2022,Sudeste,RJ,Urbana,Pequeno,4798,M,102,960.97,0.636,20.64,0,4.73,7.33,72.85,25.72,56.17,79.28,1,91.44,0
1781,2024,Nordeste,SE,Urbana,Médio,117758,M,88,412.68,0.672,40.67,0,4.73,5.63,70.21,26.59,90.05,70.99,0,85.94,0
1782,2023,Norte,PA,Urbana,Pequeno,18061,M,97,471.26,0.68,34.34,0,5.4,6.53,95.42,21.76,53.77,65.22,1,94.5,1
1783,2022,Sudeste,ES,Urbana,Médio,43636,F,105,1110.77,0.697,41.43,1,3.83,4.24,83.47,15.03,42.72,64.73,0,81.65,1
1784,2022,Norte,AP,Urbana,Grande,2187720,F,84,889.23,0.664,21.1,0,7.43,3.69,44.57,25.42,35.68,77.21,1,89.08,1
1785,2023,Centro-Oeste,DF,Urbana,Pequeno,15932,M,85,761.08,0.723,26.5,1,4.89,7.14,70.07,19.93,71.02,68.13,0,95.99,0
1786,2024,Nordeste,SE,Rural,Médio,167553,F,87,814.37,0.646,39.11,1,5.7,3.32,56.4,24.25,83.0,66.77,0,82.47,1
1787,2022,Sul,SC,Urbana,Médio,99750,M,88,1063.9,0.7,24.68,0,7.41,4.65,45.41,15.31,31.11,65.25,0,95.84,1
1788,2022,Sul,RS,Urbana,Pequeno,15647,F,96,1037.32,0.601,16.16,1,5.83,5.14,73.72,19.07,43.94,65.54,0,87.45,0
1789,2024,Sudeste,MG,Urbana,Pequeno,4093,M,104,1009.45,0.657,13.36,0,,4.98,35.8,21.33,48.22,67.96,0,82.95,0
1790,2023,Nordeste,BA,Urbana,Pequeno,12149,M,102,889.15,0.586,5.87,1,5.46,5.34,76.31,18.59,49.27,63.9,1,100.0,1
1791,2022,Sudeste,MG,Urbana,Pequeno,17467,F,87,,0.713,14.2,0,3.15,4.68,61.7,20.76,37.28,67.08,0,68.93,1
1792,2022,Centro-Oeste,MS,Urbana,Médio,36251,M,105,821.59,0.681,15.13,1,3.33,4.84,80.83,23.06,52.04,61.69,0,92.04,1
1793,2024,Sudeste,ES,Urbana,Médio,183108,M,106,864.65,0.736,17.97,1,6.47,6.98,66.14,19.72,34.91,71.24,0,100.0,0
1794,2023,Sudeste,MG,Urbana,Grande,10018092,M,104,1239.06,0.697,4.1,1,3.8,7.17,62.89,18.96,53.01,76.6,1,91.94,0
1795,2022,Sudeste,ES,Urbana,Pequeno,13280,M,93,638.26,0.599,23.22,0,6.52,4.84,81.86,19.1,53.27,66.93,0,86.68,1
1796,2023,Sul,SC,Urbana,Médio,147747,F,100,981.2,0.65,25.47,1,4.74,6.37,91.08,12.9,87.14,68.17,0,81.91,1
1797,2023,Sudeste,ES,Urbana,Pequeno,13776,F,102,851.23,0.737,13.03,0,5.01,5.44,62.76,24.9,51.48,76.8,1,84.3,0
1798,2024,Sudeste,SP,Urbana,Médio,132792,F,97,1158.45,0.668,35.57,1,7.51,8.93,61.83,25.55,72.72,69.44,1,91.32,0
1799,2022,Sul,RS,Urbana,Pequeno,13499,M,88,1442.7,0.713,18.36,0,6.25,6.01,65.45,25.31,84.8,66.45,0,79.88,1
1800,2022,Sudeste,RJ,Urbana,Pequeno,14754,M,87,879.72,0.72,28.39,0,6.32,8.27,96.01,16.71,63.62,75.05,1,88.99,1
1801,2024,Sudeste,SP,Urbana,Médio,57647,M,95,1059.24,0.767,20.12,0,3.05,7.59,76.35,22.2,49.34,70.41,0,92.07,1
1802,2023,Sudeste,MG,Urbana,Grande,11390153,M,107,1292.48,0.709,25.25,0,2.99,7.31,71.14,25.48,50.08,76.18,1,91.47,1
1803,2024,Sul,RS,Urbana,Médio,195144,F,97,1021.8,0.683,19.97,0,4.35,5.36,72.04,19.69,74.49,74.62,0,89.94,1
1804,2022,Nordeste,SE,Urbana,Pequeno,8536,F,85,782.4,0.653,34.52,1,,4.12,28.63,20.62,28.51,66.56,1,84.8,0
1805,2023,Centro-Oeste,MT,Urbana,Grande,8465285,M,99,754.09,0.581,18.83,0,5.22,0.73,60.5,25.51,55.38,72.87,1,88.48,0
1806,2023,Sudeste,ES,Urbana,Pequeno,12528,M,106,1266.88,0.764,28.26,0,4.27,4.3,52.0,27.5,46.75,65.87,0,100.0,1
1807,2023,Nordeste,BA,Urbana,Pequeno,15246,F,92,806.57,0.702,39.08,1,3.82,3.58,56.62,28.15,42.41,66.12,1,68.4,1
1808,2023,Centro-Oeste,MS,Urbana,Grande,3297633,F,85,729.54,0.733,28.38,0,5.18,6.94,65.22,28.75,60.93,69.74,1,84.2,1
1809,2024,Nordeste,RN,Urbana,Grande,4510114,M,95,584.35,0.611,28.52,1,7.57,3.31,53.66,23.51,42.42,72.68,0,84.81,1
1810,2023,Sudeste,MG,Urbana,Pequeno,7726,M,98,845.36,0.727,25.48,0,6.39,6.14,78.68,20.3,30.87,70.88,0,78.29,0
1811,2022,Nordeste,AL,Rural,Pequeno,18816,F,89,631.53,0.764,45.6,0,4.14,4.35,73.48,22.86,58.79,61.76,0,93.32,1
1812,2023,Nordeste,SE,Urbana,Médio,33489,M,91,570.26,0.705,33.17,0,4.28,6.21,74.48,23.44,57.67,65.47,1,79.11,0
1813,2024,Sul,PR,Rural,Pequeno,15960,M,86,1203.56,0.636,24.88,0,4.42,2.39,75.24,20.64,87.95,68.56,0,83.96,0
1814,2024,Norte,RO,Urbana,Médio,151400,M,105,728.82,0.653,28.54,1,3.8,4.19,47.73,23.52,56.65,73.71,0,86.79,1
1815,2022,Nordeste,PB,Urbana,Pequeno,5602,F,92,,0.669,36.58,1,4.34,7.09,58.05,22.8,48.13,66.57,0,86.4,1
1816,2022,Nordeste,MA,Rural,Pequeno,6987,M,99,834.26,0.688,41.19,0,5.35,5.12,69.28,18.31,55.26,70.09,1,74.45,1
1817,2022,Centro-Oeste,GO,Rural,Pequeno,11506,M,85,869.84,0.552,13.31,0,6.09,5.34,66.27,23.1,48.68,60.28,0,91.95,1
1818,2023,Sudeste,MG,Urbana,Pequeno,14989,M,85,1491.86,0.717,19.83,0,4.31,7.92,88.12,21.64,100.0,77.08,1,85.74,0
1819,2024,Nordeste,BA,Urbana,Pequeno,18560,F,98,564.11,0.613,17.65,0,5.43,7.63,90.14,20.9,42.7,59.52,0,70.31,1
1820,2022,Nordeste,CE,Urbana,Pequeno,8413,F,86,1021.72,0.616,29.51,0,4.07,5.68,70.95,25.76,83.99,66.32,0,76.34,0
1821,2022,Nordeste,PE,Urbana,Pequeno,3049,M,93,539.29,0.642,26.76,1,5.5,6.5,57.4,16.58,58.47,65.22,1,83.32,0
1822,2023,Sudeste,RJ,Urbana,Médio,52239,F,94,692.92,0.616,24.19,0,6.12,8.37,70.29,26.25,69.16,71.63,0,81.53,0
1823,2024,Sudeste,ES,Urbana,Médio,78303,M,92,901.19,0.7,19.42,1,5.27,6.05,36.15,22.36,28.95,74.26,1,84.12,0
1824,2022,Sudeste,MG,Urbana,Médio,170407,F,89,855.47,0.752,22.86,0,6.03,6.03,66.71,19.71,78.7,66.89,0,91.57,0
1825,2023,Sudeste,ES,Urbana,Pequeno,16629,M,86,1301.38,0.63,12.32,0,3.97,7.74,82.43,20.47,100.0,71.42,1,82.76,1
1826,2023,Nordeste,CE,Urbana,Médio,29896,F,93,914.78,0.708,24.55,0,6.14,5.1,44.82,17.34,43.32,66.27,1,84.62,0
1827,2022,Norte,TO,Urbana,Pequeno,16902,M,86,575.18,0.611,20.96,1,2.31,4.11,74.74,19.97,48.42,70.23,0,93.98,1
1828,2022,Sudeste,RJ,Urbana,Médio,53133,M,91,891.53,0.735,17.83,0,5.14,7.26,77.78,19.79,79.5,65.41,0,92.25,1
1829,2024,Nordeste,PE,Rural,Pequeno,11577,M,107,858.28,0.673,23.35,0,3.34,5.25,88.53,31.12,51.69,70.66,0,77.6,0
1830,2022,Nordeste,CE,Urbana,Médio,134508,F,89,504.18,0.692,28.3,1,5.9,3.19,61.97,20.84,45.98,62.92,1,93.4,0
1831,2023,Sudeste,ES,Urbana,Pequeno,18774,M,102,922.22,0.766,16.21,0,4.58,5.23,63.18,28.49,82.64,72.68,1,86.27,0
1832,2023,Centro-Oeste,DF,Urbana,Médio,51934,M,86,1123.29,0.642,22.5,1,4.66,6.95,61.2,24.14,60.46,75.69,0,76.44,0
1833,2023,Nordeste,RN,Urbana,Médio,46414,F,105,1073.6,0.625,33.72,0,4.37,4.66,80.43,24.58,54.38,71.56,1,89.24,1
1834,2022,Sul,RS,Urbana,Pequeno,14700,F,86,1153.2,0.69,23.1,0,,6.43,70.93,20.72,67.15,65.58,0,81.95,1
1835,2022,Sul,RS,Urbana,Médio,125248,M,107,741.36,0.746,35.97,1,4.57,6.62,72.0,19.06,87.59,81.29,1,84.27,0
1836,2023,Sudeste,RJ,Urbana,Pequeno,10314,M,105,586.38,0.813,12.2,0,4.9,5.6,62.71,23.25,73.04,74.6,1,85.85,0
1837,2023,Sudeste,RJ,Urbana,Pequeno,15239,F,89,1080.2,0.691,13.2,0,6.14,8.22,57.74,17.67,76.99,69.45,1,93.82,0
1838,2022,Sudeste,RJ,Urbana,Médio,133464,F,92,1209.08,0.656,22.43,0,5.48,4.95,100.0,23.82,88.46,70.25,1,,1
1839,2023,Sul,PR,Urbana,Médio,122476,M,107,989.65,0.623,21.02,0,6.49,7.7,81.59,21.88,77.01,65.33,0,88.62,1
1840,2024,Sudeste,SP,Urbana,Pequeno,19945,F,89,1142.19,0.767,23.09,1,4.06,6.17,69.86,20.48,59.74,62.48,0,93.38,1
1841,2024,Sudeste,ES,Urbana,Grande,7156340,M,90,884.52,0.648,25.0,0,2.97,8.17,59.5,16.13,88.96,76.8,0,81.92,1
1842,2023,Nordeste,SE,Urbana,Médio,110499,M,86,652.34,0.727,26.42,0,4.43,7.49,73.79,22.37,56.88,62.56,0,85.25,0
1843,2022,Sudeste,RJ,Urbana,Grande,11380894,F,93,1080.13,0.744,23.83,0,5.62,6.07,87.12,14.7,53.18,79.46,0,100.0,1
1844,2023,Sul,RS,Urbana,Pequeno,7831,F,99,679.66,0.671,16.33,0,4.63,8.8,77.54,14.54,65.04,71.05,1,87.52,0
1845,2023,Sul,RS,Urbana,Grande,368326,F,98,1085.48,0.636,8.68,0,5.5,6.42,100.0,17.24,18.33,62.19,1,100.0,1
1846,2024,Centro-Oeste,DF,Urbana,Pequeno,4263,M,98,878.44,0.601,37.43,0,7.56,5.41,61.74,24.26,56.08,75.12,1,99.71,0
1847,2024,Sudeste,SP,Urbana,Médio,49014,M,96,1297.87,0.711,20.45,0,4.88,4.61,85.53,17.33,65.72,69.46,1,81.15,1
1848,2024,Sul,SC,Urbana,Pequeno,11193,F,104,1230.1,0.663,31.44,1,5.56,5.11,72.38,21.0,95.65,70.73,1,89.37,0
1849,2023,Nordeste,PI,Urbana,Pequeno,14569,F,100,750.15,0.649,46.23,1,4.48,3.92,51.82,19.86,62.0,61.38,1,98.02,1
1850,2023,Nordeste,CE,Urbana,Pequeno,11812,M,91,945.97,0.714,23.96,0,4.16,1.88,59.46,20.38,59.84,72.69,0,82.6,0
1851,2022,Sudeste,MG,Urbana,Pequeno,6785,M,92,814.43,0.686,10.66,1,5.2,3.9,56.01,19.87,84.87,77.96,0,84.64,0
1852,2023,Sudeste,MG,Urbana,Pequeno,11885,M,101,1106.01,0.639,19.3,1,5.21,5.36,92.25,22.15,35.37,64.85,1,86.08,1
1853,2024,Sudeste,SP,Urbana,Pequeno,9497,M,95,1025.87,0.739,34.68,1,7.62,8.88,94.52,21.5,70.71,63.15,1,86.93,0
1854,2023,Sul,SC,Urbana,Grande,8431887,F,103,758.41,0.806,21.59,0,,7.53,66.86,26.54,51.41,77.91,0,100.0,1
1855,2024,Sudeste,ES,Urbana,Grande,9315266,F,86,1094.84,0.559,26.31,0,4.94,7.9,69.7,23.07,29.25,60.29,0,96.8,0
1856,2023,Nordeste,AL,Urbana,Médio,146274,F,97,942.7,0.594,24.84,0,3.9,4.89,27.27,25.96,53.37,63.77,1,82.68,0
1857,2024,Nordeste,CE,Urbana,Pequeno,5641,F,106,618.79,0.665,33.79,0,5.49,5.37,55.49,16.72,53.92,65.81,1,74.65,1
1858,2022,Sudeste,SP,Urbana,Pequeno,16447,F,84,,0.651,29.49,0,5.74,5.61,80.43,11.44,85.23,69.22,1,87.09,1
1859,2022,Nordeste,AL,Urbana,Pequeno,7846,M,85,1084.79,0.719,32.43,0,7.48,6.34,69.11,21.79,61.92,53.27,0,81.06,1
1860,2023,Nordeste,MA,Urbana,Grande,8933033,F,89,538.54,0.634,29.23,1,5.98,6.0,78.37,16.32,43.53,64.92,1,93.76,0
1861,2023,Norte,AM,Urbana,Pequeno,9437,M,102,316.66,0.69,28.13,0,5.8,6.99,48.58,23.87,58.41,67.91,0,94.11,1
1862,2022,Sudeste,MG,Rural,Médio,191802,M,91,1305.91,0.603,23.17,0,3.78,7.16,79.19,21.23,20.98,76.32,1,62.07,1
1863,2024,Sudeste,RJ,Urbana,Pequeno,15146,F,103,785.05,0.624,17.93,0,7.54,7.52,64.96,17.39,70.6,77.44,1,77.71,1
1864,2024,Sul,SC,Urbana,Médio,114331,M,97,1096.1,0.638,21.91,0,5.97,4.5,79.78,17.22,46.39,70.54,1,74.78,0
1865,2022,Sudeste,RJ,Rural,Médio,48171,M,84,918.64,0.746,16.3,0,6.58,7.28,70.24,15.81,60.47,68.16,1,87.29,0
1866,2022,Sul,PR,Urbana,Médio,27745,M,88,1065.51,0.734,27.95,0,4.72,8.4,63.64,20.05,63.91,75.85,1,99.61,1
1867,2023,Norte,AM,Urbana,Médio,36862,F,100,603.48,0.632,37.87,1,4.23,4.67,45.26,23.71,69.38,69.01,1,69.77,0
1868,2022,Sul,PR,Rural,Grande,3766455,M,97,1008.65,0.706,34.72,1,4.09,7.58,79.94,17.46,83.35,72.72,1,91.73,0
1869,2022,Nordeste,PE,Urbana,Médio,138907,F,84,1196.41,0.701,30.71,0,4.05,6.13,94.53,25.21,84.68,68.08,1,72.17,0
1870,2022,Sudeste,RJ,Urbana,Médio,181560,M,92,1129.22,0.696,24.8,1,6.06,5.09,80.91,23.25,59.12,74.67,0,96.83,1
1871,2023,Centro-Oeste,GO,Urbana,Pequeno,11131,M,107,862.74,0.651,33.21,1,4.65,4.57,53.71,27.0,68.29,71.12,0,85.6,0
1872,2024,Sudeste,ES,Urbana,Pequeno,4310,F,88,608.86,0.574,23.2,0,,9.46,70.37,23.2,62.33,72.71,1,82.98,0
1873,2023,Sudeste,ES,Urbana,Pequeno,3939,M,88,1066.06,0.619,25.82,0,4.59,3.62,57.56,28.44,65.94,78.8,0,100.0,1
1874,2022,Nordeste,PB,Urbana,Pequeno,15882,M,85,594.0,0.674,22.98,0,3.32,6.22,76.71,20.57,48.3,71.57,0,85.54,0
1875,2022,Centro-Oeste,MS,Rural,Pequeno,5673,M,96,819.01,0.752,15.38,0,7.32,4.77,85.0,27.41,64.53,65.84,1,90.94,1
1876,2023,Sudeste,SP,Rural,Pequeno,5578,M,96,480.45,0.71,35.02,1,5.32,5.8,82.26,22.23,77.23,66.02,1,92.17,0
1877,2023,Sudeste,ES,Urbana,Pequeno,18878,M,100,1228.31,0.77,28.62,0,4.72,7.3,72.31,22.86,62.15,69.32,0,83.41,1
1878,2022,Sudeste,ES,Urbana,Pequeno,16552,M,91,833.07,0.782,26.03,0,5.68,5.98,53.47,21.95,86.68,77.72,0,100.0,0
1879,2024,Nordeste,AL,Urbana,Médio,65469,M,94,1009.88,0.649,36.63,0,4.2,8.47,77.58,20.87,66.55,73.69,0,59.19,1
1880,2023,Norte,TO,Urbana,Médio,131374,M,90,239.59,0.657,18.51,1,4.46,9.12,57.72,26.9,72.91,67.28,1,80.65,1
1881,2023,Centro-Oeste,DF,Urbana,Pequeno,2830,M,100,798.54,0.625,20.68,1,6.42,7.1,70.55,29.5,60.12,77.32,1,90.77,1
1882,2023,Nordeste,PE,Urbana,Pequeno,15372,M,102,863.46,0.654,19.7,0,5.99,5.21,78.34,30.72,82.96,67.3,1,100.0,0
1883,2022,Sudeste,SP,Urbana,Pequeno,11265,F,106,990.03,0.684,26.86,0,3.26,5.69,59.4,16.22,85.75,75.52,1,88.38,1
1884,2024,Sudeste,SP,Urbana,Grande,8374198,F,85,725.42,0.788,27.04,0,4.28,6.76,79.23,11.92,67.14,74.57,1,90.0,0
1885,2023,Nordeste,MA,Rural,Pequeno,16375,M,92,705.44,0.661,35.27,1,4.75,6.94,67.23,15.22,56.43,68.82,1,78.98,1
1886,2023,Sul,PR,Urbana,Pequeno,12618,M,90,,0.724,12.25,0,5.78,9.41,68.58,22.82,52.86,72.43,1,100.0,0
1887,2023,Centro-Oeste,MT,Urbana,Pequeno,6012,F,87,780.45,0.757,31.62,0,4.1,4.68,71.76,23.56,62.04,71.98,1,94.66,0
1888,2022,Nordeste,PE,Urbana,Pequeno,12709,F,99,680.93,0.743,27.81,0,5.74,6.08,65.4,20.98,48.4,80.29,0,96.22,1
1889,2023,Sudeste,ES,Urbana,Pequeno,3756,M,104,821.52,0.782,18.27,1,5.29,3.73,84.8,25.7,97.66,62.0,0,84.41,0
1890,2023,Sudeste,ES,Urbana,Médio,136765,M,100,1007.18,0.718,17.48,0,4.4,5.92,87.32,27.51,88.32,63.7,0,99.61,1
1891,2023,Nordeste,CE,Urbana,Médio,179392,M,92,1157.26,0.558,32.39,1,,2.81,42.79,19.18,45.68,68.69,1,,0
1892,2024,Sudeste,SP,Urbana,Médio,26714,F,87,1019.53,0.657,12.97,0,5.42,4.69,81.35,22.77,58.57,67.01,1,91.78,0
1893,2023,Sul,SC,Rural,Pequeno,9053,F,105,726.1,0.657,39.04,1,5.68,7.49,63.3,25.8,70.52,75.02,1,88.93,0
1894,2024,Centro-Oeste,MT,Urbana,Pequeno,11013,F,92,1405.9,0.658,23.28,0,7.29,3.89,72.0,23.15,40.45,83.47,0,100.0,1
1895,2022,Nordeste,PI,Urbana,Pequeno,11022,F,93,734.17,0.604,27.54,0,4.65,6.62,50.89,21.43,37.49,74.97,0,89.53,1
1896,2022,Sudeste,RJ,Urbana,Médio,196852,M,98,543.48,0.674,15.16,0,8.16,4.89,79.7,22.28,74.58,70.43,1,94.81,0
1897,2024,Nordeste,PB,Urbana,Pequeno,4710,F,99,698.88,0.641,23.26,0,5.12,7.95,64.15,19.37,72.95,58.49,0,80.91,0
1898,2022,Nordeste,PI,Urbana,Médio,29845,M,102,799.55,0.748,30.93,0,4.9,4.13,69.09,21.03,79.3,72.49,0,91.02,0
1899,2023,Sudeste,RJ,Urbana,Médio,166517,F,92,1359.85,0.747,6.61,0,4.32,7.04,51.78,22.48,58.14,67.61,0,87.56,0
1900,2023,Norte,PA,Urbana,Pequeno,16978,F,84,1000.52,0.689,22.09,0,2.8,6.25,61.56,23.34,60.58,69.66,1,88.11,0
1901,2022,Sudeste,SP,Urbana,Pequeno,6297,M,92,1356.03,0.715,22.58,0,3.84,5.83,72.71,25.09,54.81,67.94,1,88.65,0
1902,2024,Nordeste,BA,Urbana,Pequeno,11993,M,94,1179.35,0.595,26.13,0,6.21,5.08,54.51,22.18,57.38,74.48,1,79.52,0
1903,2024,Sul,RS,Urbana,Pequeno,19195,F,97,1004.03,0.679,24.64,1,7.81,7.88,62.89,16.82,56.58,65.83,1,86.38,0
1904,2024,Sudeste,ES,Urbana,Pequeno,9537,M,96,1281.86,0.76,15.83,0,6.04,6.66,86.53,23.87,67.27,70.3,0,82.79,1
1905,2024,Norte,AM,Urbana,Pequeno,17892,M,101,1039.62,0.617,42.33,1,3.16,7.97,47.96,19.95,67.06,73.46,1,87.39,0
1906,2023,Centro-Oeste,MS,Urbana,Pequeno,15405,F,97,483.82,0.743,16.25,1,6.93,7.33,85.98,23.92,84.35,74.67,1,77.93,1
1907,2024,Nordeste,RN,Urbana,Pequeno,8870,F,103,714.16,0.664,35.11,0,6.21,4.97,73.67,21.84,68.84,78.64,0,83.34,1
1908,2022,Sul,SC,Urbana,Pequeno,17468,F,99,684.13,0.606,26.36,1,5.45,7.59,79.67,18.42,81.92,75.98,1,87.82,0
1909,2024,Sudeste,RJ,Urbana,Pequeno,17615,F,102,954.54,0.79,17.07,0,3.05,6.03,59.5,20.4,68.82,66.07,1,85.12,0
1910,2022,Nordeste,PB,Rural,Médio,104456,M,105,872.37,0.567,28.41,0,5.59,7.12,66.7,21.7,5.0,76.31,1,100.0,0
1911,2022,Nordeste,BA,Urbana,Pequeno,15583,M,102,561.36,0.638,19.2,1,6.07,6.27,71.02,16.2,61.26,68.19,0,83.53,0
1912,2022,Centro-Oeste,DF,Urbana,Médio,194261,F,107,1257.31,0.663,31.79,1,5.02,4.08,61.68,23.77,30.84,66.44,1,100.0,0
1913,2023,Nordeste,PE,Urbana,Médio,189576,M,84,150.0,0.715,36.02,0,5.8,4.0,53.77,24.8,51.73,65.37,1,97.04,0
1914,2022,Centro-Oeste,GO,Urbana,Médio,67885,F,93,851.56,0.744,34.79,1,5.12,7.38,62.85,22.77,59.79,69.72,1,88.16,0
1915,2024,Sul,PR,Rural,Médio,83700,F,85,924.93,0.683,29.84,0,5.96,4.59,77.95,25.11,89.04,63.5,0,96.37,1
1916,2023,Centro-Oeste,DF,Urbana,Pequeno,3100,F,93,856.12,0.7,25.69,0,6.66,6.07,92.55,27.66,41.68,67.8,1,94.01,0
1917,2024,Sul,SC,Urbana,Médio,114590,F,91,1370.02,0.73,22.61,1,5.64,9.99,73.03,26.1,71.71,73.44,1,92.97,1
1918,2023,Sul,PR,Urbana,Pequeno,19562,F,87,636.84,0.721,13.74,0,5.64,7.08,62.25,17.34,52.22,72.79,1,80.81,0
1919,2023,Norte,AM,Urbana,Pequeno,12612,F,105,931.74,0.708,20.29,0,7.33,8.06,64.2,25.61,48.87,70.02,0,81.87,0
1920,2023,Sudeste,RJ,Urbana,Médio,87427,F,96,828.63,0.822,20.23,0,6.35,5.1,90.61,21.26,39.59,68.85,1,82.85,1
1921,2023,Sudeste,SP,Urbana,Pequeno,5621,F,92,943.44,0.686,18.17,0,5.64,4.12,83.27,19.55,84.02,74.19,0,96.7,0
1922,2023,Norte,RO,Rural,Grande,860584,F,105,730.7,0.63,40.78,0,4.35,4.85,70.08,21.37,48.85,75.5,1,78.64,0
1923,2024,Sudeste,MG,Urbana,Médio,49078,F,87,1231.54,0.797,30.65,0,4.57,5.64,83.18,19.31,54.39,67.83,1,79.51,0
1924,2023,Nordeste,AL,Urbana,Médio,55075,F,102,250.09,0.619,34.16,0,5.93,6.2,60.34,20.5,63.37,60.85,0,88.67,0
1925,2023,Centro-Oeste,DF,Urbana,Pequeno,17147,F,95,1210.14,0.748,25.73,0,5.65,5.36,66.7,18.26,56.0,75.4,0,95.87,0
1926,2022,Sudeste,SP,Rural,Pequeno,3184,M,96,1139.84,0.83,12.68,0,4.79,5.24,60.28,21.58,82.21,72.1,1,80.89,1
1927,2024,Sudeste,ES,Rural,Médio,66723,M,87,1049.08,0.652,19.03,0,2.47,4.9,65.61,14.37,55.55,68.83,0,100.0,1
1928,2022,Nordeste,AL,Urbana,Grande,2844861,M,99,1002.92,0.679,29.87,1,5.24,7.59,66.09,23.65,48.15,69.07,0,93.79,0
1929,2022,Centro-Oeste,GO,Urbana,Pequeno,4145,F,89,919.15,0.612,33.11,0,4.15,5.26,44.45,21.03,71.9,68.08,1,95.31,0
1930,2024,Sudeste,ES,Urbana,Pequeno,6721,M,91,1036.65,0.881,7.15,1,5.99,4.22,49.46,10.0,69.77,66.15,0,89.88,0
1931,2022,Sudeste,RJ,Urbana,Médio,32845,F,93,952.61,0.793,17.43,1,6.15,4.31,76.42,18.37,42.74,65.48,1,82.76,1
1932,2024,Nordeste,AL,Urbana,Pequeno,19667,F,91,997.25,0.65,35.4,0,6.32,6.44,89.36,19.17,51.84,68.49,0,89.86,0
1933,2022,Centro-Oeste,DF,Urbana,Grande,3937451,F,102,1279.03,0.624,14.36,0,5.8,4.97,77.77,21.04,93.17,74.19,1,94.5,1
1934,2022,Sudeste,ES,Urbana,Grande,8943541,M,103,1057.96,0.653,7.82,0,5.07,7.59,100.0,24.08,70.57,77.63,1,99.86,0
1935,2024,Sul,SC,Urbana,Pequeno,3144,M,107,949.17,0.567,20.01,1,5.87,6.8,73.23,26.79,68.09,72.22,0,96.93,1
1936,2023,Sul,PR,Urbana,Médio,155497,M,94,319.05,0.643,32.56,0,4.94,6.74,77.42,19.37,73.58,78.48,1,88.16,0
1937,2022,Nordeste,PE,Urbana,Médio,187474,F,93,1365.42,0.626,40.6,0,5.66,4.37,68.46,21.04,91.76,70.55,1,83.98,0
1938,2023,Sudeste,MG,Urbana,Grande,6932394,M,85,1157.33,0.699,29.32,1,5.55,1.54,61.33,22.07,69.54,75.04,1,72.53,0
1939,2024,Norte,AM,Urbana,Médio,89037,F,100,810.42,0.729,35.66,1,3.73,4.34,66.74,25.7,64.32,64.49,0,91.99,1
1940,2024,Nordeste,AL,Rural,Médio,149365,M,93,858.76,0.629,30.53,0,4.85,7.04,64.78,15.25,69.89,70.49,1,80.14,0
1941,2024,Sudeste,SP,Urbana,Pequeno,9153,M,91,1081.92,0.693,18.35,0,,6.68,76.85,27.15,49.98,76.33,1,97.55,0
1942,2022,Norte,PA,Urbana,Grande,10410702,F,91,1033.51,0.718,16.42,0,4.55,4.59,75.19,11.31,65.9,67.37,1,84.14,0
1943,2024,Norte,TO,Rural,Pequeno,9020,M,97,494.15,0.698,32.64,0,,6.3,41.89,20.78,42.07,70.73,0,82.05,0
1944,2023,Sudeste,SP,Urbana,Médio,57532,F,105,697.4,0.752,21.99,1,4.52,7.98,55.15,17.85,58.78,63.87,1,82.45,0
1945,2022,Sudeste,ES,Rural,Médio,179454,F,92,848.0,0.676,25.49,1,7.3,6.89,73.27,23.92,64.51,64.83,1,78.21,0
1946,2023,Sudeste,MG,Urbana,Pequeno,16943,M,105,1311.57,0.73,15.53,0,5.47,6.84,57.97,15.34,36.24,81.92,1,92.88,0
1947,2023,Nordeste,CE,Urbana,Médio,165951,M,101,954.35,0.679,31.58,1,4.79,6.02,99.41,21.22,68.68,67.88,0,100.0,1
1948,2024,Nordeste,CE,Urbana,Médio,164102,M,107,891.22,0.716,33.02,0,4.86,5.47,71.52,22.92,49.84,67.59,0,95.0,0
1949,2023,Sudeste,ES,Urbana,Médio,160319,F,107,1121.07,0.762,23.65,0,7.72,4.33,100.0,25.15,100.0,66.58,1,96.27,1
1950,2022,Norte,PA,Urbana,Grande,3221005,M,97,527.84,0.65,21.56,0,5.73,4.69,51.8,25.83,71.19,70.37,1,83.95,1
1951,2024,Nordeste,SE,Urbana,Pequeno,8512,F,97,1026.85,0.655,30.64,0,4.64,4.61,65.28,21.96,47.24,72.46,0,79.43,0
1952,2022,Centro-Oeste,MT,Rural,Médio,199722,F,89,607.25,0.807,31.14,0,3.9,5.65,67.09,22.87,67.92,71.37,0,90.94,0
1953,2022,Sudeste,RJ,Urbana,Pequeno,3245,F,90,991.2,0.674,28.34,0,6.3,7.72,94.82,23.08,37.3,69.9,0,99.75,0
1954,2022,Sudeste,ES,Urbana,Grande,2653018,F,106,799.11,0.71,26.95,1,7.43,7.94,85.76,26.21,27.75,70.41,0,95.14,1
1955,2022,Sul,PR,Urbana,Pequeno,11540,M,102,1458.08,0.643,32.39,1,6.26,5.69,78.14,18.28,53.63,71.91,1,80.18,0
1956,2022,Sudeste,MG,Urbana,Pequeno,9701,M,101,1181.53,0.605,21.86,1,4.76,5.91,86.42,21.74,58.15,82.54,0,95.44,0
1957,2022,Sudeste,MG,Urbana,Pequeno,14193,M,90,1062.2,0.776,17.15,0,7.1,4.3,55.59,21.47,84.14,73.72,1,92.85,0
1958,2024,Sudeste,MG,Urbana,Pequeno,6465,M,107,1555.12,0.589,15.31,0,6.31,4.71,90.34,24.58,69.71,71.48,0,85.98,1
1959,2024,Sudeste,ES,Rural,Médio,53258,M,93,1202.53,0.706,18.46,0,3.93,3.65,70.04,20.68,50.51,72.73,1,89.88,1
1960,2024,Centro-Oeste,GO,Urbana,Pequeno,9598,M,94,414.99,0.703,16.8,0,5.21,6.13,77.4,18.63,81.79,73.95,1,85.21,1
1961,2024,Nordeste,CE,Urbana,Pequeno,11401,M,102,950.93,0.491,26.63,0,4.84,4.69,74.63,25.5,30.59,69.62,1,83.07,0
1962,2024,Centro-Oeste,MT,Urbana,Médio,162652,M,85,1090.14,0.676,26.85,0,4.59,5.07,79.78,24.6,50.76,74.02,1,77.37,0
1963,2022,Nordeste,PE,Urbana,Pequeno,19661,F,107,218.09,0.614,28.87,0,4.99,5.57,88.26,30.66,55.63,68.0,1,89.81,1
1964,2024,Sul,SC,Rural,Médio,123326,F,101,836.11,0.727,12.95,0,6.21,7.94,61.86,16.84,47.95,72.24,1,85.28,1
1965,2023,Sul,RS,Urbana,Médio,50527,M,97,1121.17,0.694,27.3,1,5.18,5.14,71.4,19.62,64.83,71.3,0,93.59,0
1966,2023,Sudeste,SP,Urbana,Pequeno,5307,F,96,,0.632,16.95,0,5.59,6.55,85.01,20.96,89.56,70.03,0,76.09,0
1967,2024,Sudeste,MG,Urbana,Grande,6399748,M,95,1116.7,0.702,30.69,0,5.05,5.25,80.03,15.71,41.08,78.03,1,100.0,0
1968,2023,Sudeste,MG,Urbana,Médio,43641,F,96,865.51,0.733,20.54,0,2.63,6.02,69.52,22.68,100.0,74.72,0,78.69,0
1969,2022,Centro-Oeste,MT,Urbana,Pequeno,5525,M,88,621.5,0.694,20.5,0,,6.23,71.89,23.44,45.61,74.75,1,78.56,0
1970,2022,Nordeste,RN,Urbana,Pequeno,7982,F,94,643.16,0.698,31.35,0,3.67,5.06,65.0,23.95,40.97,62.04,0,94.35,0
1971,2024,Sudeste,MG,Urbana,Médio,194735,F,92,1305.61,0.646,1.84,0,5.91,4.09,43.86,19.42,53.19,78.35,0,90.88,0
1972,2024,Sul,PR,Urbana,Pequeno,12957,M,107,830.57,0.755,17.84,1,7.86,7.5,89.14,19.45,43.94,76.58,1,84.86,1
1973,2022,Nordeste,MA,Urbana,Médio,56134,F,100,711.73,0.657,32.09,0,3.89,5.43,54.5,14.73,72.06,77.24,1,100.0,0
1974,2024,Norte,PA,Urbana,Médio,104366,F,88,1358.53,0.694,39.64,0,1.86,5.38,72.52,14.34,49.64,67.85,1,97.3,1
1975,2023,Sudeste,MG,Urbana,Médio,182386,M,105,822.0,0.654,11.52,1,4.1,4.5,57.49,22.22,76.55,75.26,0,88.76,0
1976,2023,Sudeste,MG,Urbana,Pequeno,3657,M,85,1181.58,0.667,16.07,1,6.1,7.34,55.57,13.97,81.97,60.3,0,81.8,0
1977,2024,Sul,RS,Urbana,Pequeno,10174,M,88,1189.65,0.72,6.1,0,5.32,4.66,69.35,23.47,48.86,72.41,0,93.92,0
1978,2024,Centro-Oeste,DF,Rural,Pequeno,3036,F,93,1032.0,0.695,36.8,0,5.17,6.74,81.29,26.11,52.94,73.51,1,92.21,1
1979,2023,Norte,RO,Urbana,Médio,173497,M,99,987.51,0.596,35.39,1,5.08,5.26,56.85,18.8,65.76,67.87,0,100.0,0
1980,2022,Norte,RO,Urbana,Pequeno,9879,M,94,1026.38,0.622,28.39,1,3.61,5.35,61.69,17.9,69.84,70.35,1,78.88,0
1981,2023,Nordeste,AL,Urbana,Médio,137512,F,98,821.52,0.658,14.31,0,5.29,7.72,41.79,26.52,21.65,75.49,1,89.64,0
1982,2024,Nordeste,PE,Urbana,Pequeno,2695,F,104,961.91,0.701,16.45,1,5.09,5.22,61.92,18.45,66.85,70.01,0,88.45,0
1983,2022,Nordeste,PI,Urbana,Médio,53873,F,88,536.91,0.579,22.19,1,4.11,4.83,57.01,23.55,62.53,59.15,1,90.31,1
1984,2024,Sudeste,ES,Urbana,Grande,2279359,M,103,1034.51,0.605,23.67,0,3.38,6.6,70.35,27.31,88.08,75.71,0,91.28,0
1985,2022,Sudeste,RJ,Urbana,Pequeno,13889,F,101,1234.14,0.725,11.39,1,5.64,4.76,62.13,20.81,85.79,72.63,0,83.87,1
1986,2024,Sudeste,MG,Urbana,Pequeno,15381,M,91,1089.49,0.672,12.72,1,5.53,7.7,77.86,23.22,58.49,75.77,0,83.98,1
1987,2024,Nordeste,PE,Urbana,Pequeno,4996,F,91,942.85,0.637,21.86,1,2.96,4.64,57.81,23.2,44.47,75.81,0,80.09,0
1988,2022,Nordeste,MA,Urbana,Médio,38276,M,107,825.5,0.597,32.92,1,3.84,5.0,74.09,26.96,52.94,73.15,1,90.14,0
1989,2024,Sudeste,SP,Urbana,Médio,86905,F,85,761.76,0.738,11.98,0,5.3,9.08,63.22,15.87,40.89,67.2,1,96.93,0
1990,2024,Sul,RS,Urbana,Pequeno,6822,F,103,545.97,0.598,7.92,0,3.4,8.16,70.01,23.96,54.89,75.37,0,93.01,0
1991,2024,Sudeste,MG,Urbana,Médio,118953,M,103,814.78,0.735,29.31,0,6.49,6.26,63.29,14.74,69.45,72.98,1,100.0,1
1992,2022,Sudeste,ES,Rural,Médio,27622,M,93,683.2,0.718,21.53,1,4.73,5.08,78.57,17.54,71.09,68.63,1,96.84,0
1993,2024,Nordeste,BA,Urbana,Grande,6396412,M,97,1078.64,0.637,28.93,1,5.58,4.55,66.18,22.2,67.72,81.88,0,80.71,1
1994,2022,Norte,RO,Urbana,Médio,87481,F,87,843.43,0.619,24.2,0,5.63,5.88,41.7,25.59,64.53,69.19,1,90.05,0
1995,2022,Nordeste,PE,Urbana,Médio,44649,F,102,1087.36,0.72,34.4,1,3.71,5.09,61.28,23.27,82.14,72.4,0,79.45,0
1996,2023,Sudeste,SP,Urbana,Pequeno,12937,M,106,1015.39,0.729,18.14,1,4.44,9.15,67.0,22.21,78.63,70.44,0,93.22,1
1997,2023,Sul,RS,Rural,Pequeno,8550,F,96,1628.26,0.726,20.0,1,6.87,5.26,60.21,18.45,90.12,71.04,0,82.35,0
1998,2023,Nordeste,BA,Urbana,Médio,101769,F,91,966.46,0.54,29.98,1,4.48,3.52,56.49,20.79,27.08,70.36,0,94.68,0
1999,2023,Nordeste,MA,Urbana,Pequeno,19567,F,93,1031.17,0.623,30.97,1,3.25,6.42,78.63,26.46,35.54,63.31,0,86.95,0
2000,2022,Norte,PA,Urbana,Pequeno,2268,F,93,,0.774,21.76,1,5.72,6.33,76.39,12.21,19.58,77.17,0,76.66,1
2001,2024,Nordeste,SE,Urbana,Pequeno,9636,F,89,1071.6,0.668,28.4,1,5.34,5.23,90.49,14.18,43.53,70.74,0,75.64,0
2002,2023,Nordeste,SE,Urbana,Grande,1741604,F,91,738.84,0.654,41.16,0,5.11,4.23,95.72,22.96,32.68,67.34,1,91.73,0
2003,2022,Nordeste,PE,Urbana,Pequeno,7133,M,102,609.07,0.639,23.29,0,6.17,2.47,63.78,18.25,71.79,75.6,1,73.88,0
2004,2023,Norte,AM,Urbana,Médio,30883,F,96,528.49,0.705,38.64,1,7.05,7.01,92.87,18.11,68.17,75.8,0,76.46,0
2005,2024,Norte,AM,Urbana,Grande,2138557,M,97,814.33,0.566,16.23,0,7.06,5.09,93.3,20.11,50.53,76.59,1,83.81,1
2006,2022,Sudeste,SP,Urbana,Médio,124745,F,100,1260.9,0.721,19.75,1,4.69,4.48,72.8,21.54,60.5,77.45,1,89.16,0
2007,2024,Norte,RO,Urbana,Pequeno,13640,F,100,1101.16,0.667,33.69,1,3.9,4.91,73.19,21.66,63.81,68.96,0,82.39,0
2008,2023,Nordeste,BA,Rural,Médio,167124,F,84,866.33,0.693,26.56,0,3.69,6.4,73.0,26.23,57.84,61.94,1,72.92,0
2009,2022,Sul,PR,Urbana,Grande,10765777,F,85,963.12,0.835,4.73,0,4.95,6.1,89.21,19.71,72.61,72.41,0,91.58,1
2010,2023,Norte,TO,Urbana,Médio,155242,F,105,690.79,0.597,29.36,1,4.59,5.37,50.49,31.67,51.13,61.38,1,100.0,0
2011,2023,Nordeste,PB,Urbana,Médio,113355,M,91,647.89,0.673,24.24,1,4.12,5.59,71.87,17.22,63.66,69.82,0,89.69,0
2012,2023,Sudeste,MG,Urbana,Pequeno,9902,F,103,1325.44,0.676,13.95,0,5.82,6.84,81.68,19.19,84.94,63.22,1,83.62,1
2013,2022,Sudeste,SP,Rural,Pequeno,18763,F,93,1015.42,0.781,22.03,0,6.63,6.06,97.6,17.7,70.25,78.33,0,82.67,1
2014,2024,Sudeste,MG,Urbana,Pequeno,12826,M,97,1160.94,0.687,23.61,0,4.79,8.61,78.89,29.19,49.52,68.29,1,96.61,0
2015,2022,Centro-Oeste,MS,Urbana,Pequeno,10343,F,93,1134.39,0.664,37.71,0,6.02,4.92,100.0,24.69,30.08,65.59,1,92.87,0
2016,2022,Nordeste,MA,Urbana,Pequeno,10958,F,84,410.97,0.682,24.43,1,4.5,4.89,84.6,21.12,68.16,72.08,1,,1
2017,2024,Nordeste,MA,Urbana,Pequeno,8544,M,97,995.48,0.63,18.01,0,3.78,3.4,77.93,25.83,55.63,67.18,1,78.91,0
2018,2023,Centro-Oeste,GO,Urbana,Pequeno,5325,F,95,868.72,0.786,17.54,0,7.5,4.42,80.51,19.06,67.98,81.92,1,80.59,0
2019,2024,Nordeste,CE,Urbana,Grande,11824347,F,103,168.17,0.79,31.08,1,5.34,9.44,59.87,18.68,91.5,62.35,1,90.27,0
2020,2023,Nordeste,PE,Urbana,Grande,8711790,M,102,584.17,0.6,36.59,0,4.48,6.28,83.5,18.91,59.47,63.95,1,68.03,1
2021,2024,Nordeste,RN,Urbana,Pequeno,13127,F,98,786.61,0.645,21.73,0,4.52,5.29,64.97,20.02,40.82,60.9,1,90.69,0
2022,2024,Nordeste,PB,Urbana,Pequeno,12870,M,94,732.13,0.644,40.93,0,4.5,2.21,49.02,25.13,49.73,67.95,1,80.57,0
2023,2024,Centro-Oeste,GO,Urbana,Pequeno,3921,M,91,604.66,0.691,31.18,1,2.41,5.88,74.71,22.73,47.77,64.23,1,82.75,1
2024,2023,Nordeste,SE,Urbana,Pequeno,2400,M,98,516.13,0.603,32.93,1,2.49,7.17,88.55,15.2,73.72,76.92,0,94.29,0
2025,2022,Sudeste,ES,Urbana,Pequeno,4337,F,93,687.15,0.703,13.0,0,2.97,5.59,89.78,13.47,74.27,68.26,0,,1
2026,2023,Sudeste,RJ,Urbana,Médio,76306,M,84,1020.66,0.717,24.88,0,4.77,5.4,78.58,22.87,53.69,81.64,1,99.95,0
2027,2023,Sul,RS,Urbana,Pequeno,16208,F,91,1410.89,0.643,29.0,0,4.71,7.11,100.0,27.21,69.85,71.56,1,74.92,0
2028,2023,Nordeste,SE,Urbana,Grande,7249401,F,90,878.93,0.673,43.12,0,3.47,4.63,77.6,19.05,49.66,59.95,1,88.14,1
2029,2022,Nordeste,MA,Urbana,Pequeno,5214,F,104,1277.98,0.702,24.22,0,4.14,4.39,61.43,20.28,42.87,74.61,1,91.49,0
2030,2024,Sudeste,RJ,Urbana,Pequeno,13602,M,92,1423.36,0.742,17.5,1,6.05,5.1,92.46,22.05,58.88,79.45,1,94.33,1
2031,2023,Nordeste,BA,Urbana,Médio,84580,M,98,,0.668,42.91,1,4.95,6.6,82.69,24.1,37.05,71.64,1,80.52,0
2032,2022,Nordeste,RN,Urbana,Médio,193098,M,85,785.37,0.714,18.19,0,3.23,6.92,64.89,18.93,51.51,65.34,1,85.61,0
2033,2023,Sudeste,SP,Urbana,Pequeno,2967,F,90,1216.28,0.756,20.6,1,7.62,7.34,61.87,24.4,54.82,67.84,1,89.57,1
2034,2022,Norte,RO,Urbana,Pequeno,2743,M,98,788.21,0.691,29.99,0,2.51,4.33,67.63,17.97,72.44,63.25,1,92.69,1
2035,2022,Nordeste,MA,Rural,Médio,64984,M,98,643.83,0.694,41.18,1,4.35,6.31,62.88,13.92,64.81,73.43,1,91.66,0
2036,2024,Sudeste,SP,Urbana,Pequeno,14696,F,102,1198.15,0.746,20.1,0,7.89,8.21,86.29,21.51,53.99,76.9,1,94.13,0
2037,2022,Sudeste,MG,Urbana,Médio,150993,M,104,803.37,0.718,23.85,0,5.68,7.21,79.89,18.52,56.28,70.23,1,98.02,0
2038,2024,Sudeste,SP,Urbana,Pequeno,16461,M,88,828.14,0.693,20.2,0,4.81,4.9,65.43,22.87,32.61,77.49,0,90.95,0
2039,2022,Sudeste,MG,Urbana,Pequeno,15365,F,106,1560.35,0.646,6.86,1,4.05,8.65,63.63,20.23,41.01,77.89,0,88.6,1
2040,2023,Sudeste,SP,Urbana,Pequeno,17330,F,96,879.29,0.606,16.53,0,4.14,6.31,37.4,19.32,57.05,73.16,0,83.89,0
2041,2024,Sudeste,SP,Rural,Pequeno,12995,F,85,826.94,0.699,27.77,0,4.52,6.13,90.29,23.45,83.1,77.36,1,83.83,1
2042,2022,Centro-Oeste,MS,Urbana,Pequeno,12544,M,100,1247.35,0.737,17.45,1,4.81,5.2,48.59,18.89,11.29,74.77,0,91.03,0
2043,2022,Sul,SC,Rural,Pequeno,10643,F,87,1659.12,0.692,27.26,0,5.95,5.61,72.86,28.25,57.05,64.71,0,89.95,1
2044,2022,Sudeste,SP,Urbana,Pequeno,14827,F,107,896.42,0.646,21.76,1,3.97,7.18,77.2,15.87,57.14,64.81,1,97.14,0
2045,2022,Sul,SC,Urbana,Médio,174547,F,89,1058.68,0.721,18.69,1,5.85,6.9,57.2,14.31,54.9,67.88,0,87.58,1
2046,2023,Sudeste,ES,Urbana,Pequeno,13127,F,101,1077.1,0.574,15.02,0,2.63,7.37,56.11,19.04,89.82,68.37,1,88.52,0
2047,2023,Sudeste,ES,Urbana,Pequeno,18993,M,103,814.53,0.671,13.42,0,5.6,8.73,67.76,22.2,77.84,76.61,1,90.37,1
2048,2023,Sudeste,RJ,Urbana,Pequeno,6497,M,107,905.96,0.764,20.47,0,3.7,9.09,72.89,27.95,53.3,75.65,1,98.17,1
2049,2023,Sudeste,MG,Urbana,Pequeno,14338,M,103,471.92,0.724,11.43,1,5.74,8.34,70.32,26.14,76.45,64.63,0,84.7,0
2050,2022,Sudeste,ES,Urbana,Pequeno,6184,F,88,658.46,0.702,23.04,1,5.18,5.43,69.9,25.3,52.11,60.7,1,80.79,0
2051,2023,Sul,PR,Urbana,Médio,195454,F,89,1153.57,0.669,19.85,0,6.28,4.45,39.68,21.05,48.36,71.58,1,100.0,0
2052,2024,Nordeste,RN,Urbana,Pequeno,6129,F,88,898.24,0.636,33.26,0,4.27,6.28,63.45,20.96,46.53,69.67,0,82.96,0
2053,2022,Sudeste,RJ,Urbana,Pequeno,17855,F,88,684.92,0.574,15.52,1,6.45,7.0,54.03,20.27,90.23,68.94,0,95.28,0
2054,2022,Nordeste,PI,Urbana,Pequeno,6626,M,100,980.33,0.65,27.19,0,4.19,5.58,63.35,32.48,40.38,72.66,0,84.33,1
2055,2023,Sudeste,RJ,Rural,Pequeno,14756,M,84,1438.85,0.682,49.49,0,5.71,7.69,47.82,26.09,40.69,75.85,0,100.0,0
2056,2024,Norte,TO,Urbana,Grande,10278594,M,101,744.15,0.67,32.17,0,5.54,6.43,66.27,21.75,57.42,65.23,1,85.8,1
2057,2024,Sudeste,MG,Urbana,Médio,161051,M,98,729.84,0.763,6.57,1,5.13,3.8,89.94,21.99,47.81,73.14,1,64.01,1
2058,2023,Sudeste,ES,Urbana,Médio,82074,M,88,745.61,0.633,18.82,1,5.64,4.0,69.82,19.47,68.13,72.75,0,81.96,1
2059,2022,Sudeste,ES,Urbana,Médio,88638,F,95,816.48,0.688,30.11,0,4.05,3.51,78.48,26.14,70.99,74.39,0,83.02,1
2060,2024,Nordeste,MA,Urbana,Médio,100038,M,95,998.27,0.719,29.21,1,3.56,5.91,75.11,26.62,18.92,72.86,1,86.76,1
2061,2024,Sul,PR,Urbana,Pequeno,6290,F,93,1117.1,0.757,24.44,1,5.75,9.07,73.99,22.51,71.01,68.11,1,84.55,0
2062,2022,Sudeste,RJ,Urbana,Pequeno,5420,M,105,1213.74,0.66,32.0,1,6.37,5.7,81.8,23.21,90.92,74.76,1,98.77,1
2063,2023,Nordeste,BA,Urbana,Pequeno,3513,M,99,652.13,0.678,22.33,1,7.65,5.34,70.94,21.95,48.13,70.9,0,75.94,0
2064,2023,Sudeste,SP,Urbana,Médio,71572,M,97,,0.722,23.34,0,3.66,9.25,74.11,23.1,49.07,78.33,1,90.88,1
2065,2024,Sudeste,ES,Urbana,Pequeno,18630,F,99,1348.1,0.789,26.11,0,5.71,5.5,85.59,26.69,83.25,74.28,1,87.92,0
2066,2022,Sudeste,RJ,Urbana,Pequeno,17756,F,90,816.65,0.826,14.58,0,5.23,5.52,88.74,26.71,61.16,71.38,1,80.44,1
2067,2024,Sul,PR,Urbana,Médio,23622,F,95,1025.82,0.585,12.9,0,5.54,5.42,61.06,19.07,61.15,71.0,0,90.9,1
2068,2023,Centro-Oeste,MT,Urbana,Pequeno,10658,M,86,997.37,0.631,24.1,0,5.79,8.22,56.95,23.68,57.0,70.78,1,81.53,0
2069,2023,Nordeste,PE,Urbana,Pequeno,4272,M,97,272.01,0.647,27.57,0,2.31,6.13,60.08,25.81,46.17,72.84,1,79.03,1
2070,2024,Sudeste,RJ,Urbana,Pequeno,4573,M,92,783.3,0.753,16.66,0,4.44,4.48,87.72,17.89,87.69,72.2,1,100.0,1
2071,2024,Sul,SC,Urbana,Médio,117057,M,94,815.36,0.715,31.25,1,4.58,7.76,74.94,22.21,78.11,70.77,1,97.9,1
2072,2023,Sudeste,ES,Urbana,Médio,42787,M,85,1097.94,0.663,32.1,1,,6.4,92.26,18.18,74.81,83.61,1,100.0,1
2073,2022,Sudeste,MG,Urbana,Pequeno,6311,F,102,826.59,0.648,13.22,0,,5.41,33.62,21.25,77.99,70.11,0,78.22,0
2074,2023,Centro-Oeste,GO,Urbana,Grande,4306023,F,99,1276.94,0.634,27.29,0,5.72,6.62,83.59,15.98,36.81,71.61,0,98.11,1
2075,2024,Sudeste,SP,Urbana,Pequeno,13836,M,101,1156.41,0.642,27.7,1,5.79,5.62,93.46,24.32,52.03,69.57,1,83.44,1
2076,2023,Sudeste,SP,Urbana,Pequeno,19457,F,99,828.75,0.622,27.54,0,5.59,4.95,69.44,18.78,63.61,75.08,1,85.1,0
2077,2022,Norte,PA,Urbana,Grande,6145032,M,88,674.74,0.567,27.49,0,6.5,7.59,66.75,24.57,43.87,55.57,1,90.11,0
2078,2023,Sudeste,RJ,Urbana,Grande,1970720,F,105,1143.47,0.691,22.8,1,3.51,5.81,77.01,23.42,63.33,68.74,0,94.34,0
2079,2022,Nordeste,RN,Urbana,Pequeno,4260,F,90,399.01,0.675,12.56,1,7.1,5.1,87.79,19.36,17.67,63.25,0,100.0,1
2080,2024,Sudeste,SP,Urbana,Médio,148147,M,103,1079.65,0.826,12.78,0,6.59,6.57,81.37,17.49,57.2,67.12,1,84.97,0
2081,2022,Sudeste,RJ,Urbana,Médio,114993,M,104,1068.38,0.711,32.39,0,5.53,6.42,65.11,16.42,76.57,77.88,1,82.1,0
2082,2022,Sudeste,MG,Urbana,Pequeno,7754,F,95,835.43,0.651,17.44,0,4.86,6.41,57.95,19.47,64.85,72.1,1,94.99,1
2083,2024,Nordeste,RN,Urbana,Pequeno,7811,F,88,857.46,0.657,30.0,0,5.72,8.78,70.79,27.73,47.64,65.09,0,84.45,0
2084,2022,Nordeste,RN,Rural,Médio,140475,F,101,1118.67,0.639,24.9,1,4.79,3.33,59.74,24.28,91.58,65.86,1,96.08,0
2085,2024,Centro-Oeste,DF,Urbana,Pequeno,11198,F,105,1160.77,0.736,15.75,0,5.52,4.13,53.44,13.19,74.5,67.62,1,85.8,0
2086,2024,Sudeste,RJ,Urbana,Pequeno,7186,M,100,1149.44,0.739,14.48,0,5.56,4.93,41.95,21.96,91.64,66.96,1,98.01,0
2087,2023,Sudeste,SP,Urbana,Grande,3262184,F,95,1365.98,0.648,23.6,0,3.1,5.56,58.06,22.55,90.38,74.19,1,86.88,0
2088,2022,Sudeste,ES,Urbana,Pequeno,6412,M,91,1170.99,0.763,16.34,0,4.22,4.44,74.66,20.53,91.33,82.14,0,78.26,1
2089,2024,Nordeste,AL,Urbana,Pequeno,4006,M,105,786.08,0.614,28.36,0,2.34,7.89,72.29,22.16,72.34,70.32,0,98.8,0
2090,2022,Nordeste,PI,Urbana,Pequeno,14360,F,100,603.64,0.666,39.18,1,4.15,7.14,61.67,10.11,81.44,70.79,1,89.22,0
2091,2022,Norte,RO,Urbana,Médio,124426,F,92,430.96,0.575,38.04,1,5.2,5.18,74.88,27.36,54.21,73.92,1,81.22,0
2092,2023,Sudeste,MG,Urbana,Pequeno,4228,M,87,815.51,0.712,22.5,1,5.38,7.78,54.58,20.88,96.66,69.74,1,100.0,0
2093,2024,Nordeste,PB,Urbana,Pequeno,3390,M,97,601.43,0.645,25.34,0,4.03,6.35,64.67,20.11,42.66,69.66,1,87.18,0
2094,2022,Sul,PR,Urbana,Médio,73722,M,89,1095.0,0.698,27.31,0,5.17,7.5,53.3,18.85,81.62,71.35,1,,1
2095,2024,Sudeste,ES,Urbana,Pequeno,16689,M,97,911.34,0.768,20.99,0,6.84,2.08,79.47,22.66,79.33,62.52,1,78.9,0
2096,2024,Sudeste,RJ,Urbana,Pequeno,5300,M,101,1102.68,0.809,27.78,0,6.46,8.39,64.25,15.08,53.58,64.63,1,84.77,0
2097,2024,Nordeste,RN,Urbana,Pequeno,15391,M,91,725.86,0.732,30.23,0,6.26,7.29,66.88,23.02,48.55,70.99,1,95.11,0
2098,2022,Nordeste,CE,Urbana,Pequeno,4203,M,106,786.41,0.648,39.12,0,,4.76,43.49,28.08,66.8,68.05,1,72.68,0
2099,2022,Nordeste,PB,Urbana,Grande,11649837,F,86,836.26,0.645,28.37,0,5.58,8.69,76.81,21.62,44.11,70.23,0,81.1,1
2100,2024,Sudeste,RJ,Urbana,Pequeno,10188,F,94,867.56,0.739,20.47,0,5.06,5.78,92.46,16.43,99.0,75.78,1,84.09,1
2101,2024,Sudeste,SP,Urbana,Pequeno,19749,M,106,1245.49,0.714,16.91,0,5.77,4.79,93.21,11.41,84.11,70.68,0,85.78,0
2102,2022,Sudeste,SP,Urbana,Pequeno,5164,M,85,1035.59,0.686,6.41,0,6.45,8.16,60.73,25.88,42.89,68.91,0,83.66,0
2103,2022,Nordeste,CE,Urbana,Grande,11441829,M,89,1075.07,0.624,28.26,1,2.49,4.77,60.02,24.31,67.29,67.89,1,99.53,0
2104,2022,Norte,AC,Urbana,Pequeno,7865,M,102,545.86,0.632,24.97,0,3.83,3.66,53.69,21.84,62.13,74.23,1,92.51,0
2105,2024,Norte,PA,Urbana,Grande,2991973,F,93,702.02,0.683,26.04,0,3.27,6.89,68.74,22.69,59.69,68.15,0,84.27,0
2106,2022,Nordeste,CE,Urbana,Grande,2488272,F,97,734.49,0.637,28.68,1,4.36,1.26,61.9,23.1,41.43,67.15,0,95.24,0
2107,2024,Sul,SC,Rural,Pequeno,2083,F,87,945.35,0.733,6.75,0,4.2,5.14,70.69,17.86,93.94,73.51,1,84.33,0
2108,2023,Sudeste,RJ,Urbana,Pequeno,5459,F,90,1197.42,0.733,30.25,1,5.02,10.0,89.5,15.59,66.09,66.26,1,96.87,0
2109,2022,Nordeste,PI,Urbana,Médio,128977,F,93,604.67,0.724,38.01,1,4.39,8.28,90.5,16.54,77.0,77.12,0,84.03,1
2110,2022,Norte,RO,Urbana,Médio,26727,F,99,572.2,0.606,27.38,0,4.5,7.03,83.33,21.66,43.98,67.61,1,79.03,1
2111,2024,Sudeste,ES,Urbana,Pequeno,5012,F,97,884.16,0.634,6.71,0,7.21,7.81,98.12,20.94,66.42,63.6,1,78.19,1
2112,2024,Nordeste,PI,Urbana,Médio,41133,M,92,762.39,0.728,37.93,1,3.63,4.81,77.85,27.81,32.57,76.14,0,100.0,0
2113,2022,Sudeste,RJ,Urbana,Grande,9765381,M,104,896.64,0.67,23.24,0,6.65,4.25,86.54,26.23,71.07,76.06,0,92.02,1
2114,2022,Norte,RR,Urbana,Pequeno,2283,F,107,872.77,0.687,31.44,0,3.91,5.45,73.03,24.81,57.34,70.01,0,91.97,0
2115,2024,Nordeste,SE,Urbana,Grande,1316113,M,86,483.54,0.635,31.85,1,3.95,4.15,55.0,18.29,53.22,65.77,1,81.65,0
2116,2024,Sudeste,MG,Urbana,Médio,79759,F,104,1028.06,0.67,22.73,1,4.39,8.92,73.1,21.85,79.7,75.89,0,85.61,0
2117,2023,Nordeste,RN,Urbana,Pequeno,19450,F,104,706.75,0.625,15.1,0,5.75,4.55,75.83,17.43,39.85,64.03,1,77.91,1
2118,2023,Sul,PR,Urbana,Pequeno,2226,F,107,1474.1,0.698,21.52,1,6.63,8.09,75.37,15.64,60.79,70.93,1,,1
2119,2023,Sudeste,SP,Urbana,Pequeno,13634,F,101,1191.84,0.651,23.95,0,5.66,9.67,70.89,14.53,49.22,68.15,0,90.29,1
2120,2024,Sudeste,SP,Rural,Pequeno,17645,F,93,1127.65,0.633,13.82,1,4.77,4.45,82.71,19.54,66.96,71.78,0,82.3,1
2121,2022,Centro-Oeste,DF,Urbana,Pequeno,19723,F,95,548.11,0.739,29.47,1,3.34,4.26,74.35,19.2,50.63,69.88,0,77.55,0
2122,2023,Sudeste,RJ,Urbana,Médio,125889,F,94,879.6,0.72,22.08,0,6.01,8.63,87.37,20.8,96.48,73.91,0,87.47,0
2123,2023,Sudeste,ES,Urbana,Pequeno,12914,F,104,886.96,0.807,35.64,0,5.95,5.64,88.28,12.75,41.54,69.33,0,99.39,0
2124,2022,Sudeste,SP,Rural,Pequeno,14328,F,98,877.61,0.694,23.9,1,4.49,6.92,53.13,25.77,57.27,74.2,0,72.17,1
2125,2022,Norte,AC,Urbana,Médio,71068,F,90,916.84,0.576,24.3,1,2.96,6.83,56.97,20.05,74.38,66.53,0,83.83,0
2126,2022,Nordeste,PB,Urbana,Pequeno,18342,F,107,944.73,0.649,16.44,1,5.19,5.37,67.68,15.05,56.69,67.96,1,77.1,0
2127,2024,Nordeste,BA,Urbana,Médio,190901,M,102,532.99,0.646,26.12,0,2.96,7.07,26.1,26.03,71.27,80.13,1,87.76,0
2128,2024,Sul,RS,Urbana,Médio,95645,F,87,971.26,0.741,12.83,0,5.54,4.76,71.43,19.85,50.0,68.56,0,100.0,0
2129,2024,Nordeste,PE,Urbana,Pequeno,16075,F,104,862.07,0.694,32.42,0,4.17,8.36,53.73,21.7,49.68,69.43,0,81.37,1
2130,2022,Sudeste,SP,Urbana,Pequeno,18660,M,96,833.19,0.703,27.16,0,5.24,5.2,88.4,21.72,64.08,65.3,0,83.07,1
2131,2022,Norte,RR,Urbana,Pequeno,15727,M,88,,0.709,36.7,0,5.12,4.98,48.93,23.7,55.99,72.87,1,88.9,1
2132,2024,Norte,TO,Urbana,Médio,37537,F,84,546.14,0.626,22.0,1,3.41,7.39,76.18,23.61,18.1,61.64,0,94.12,1
2133,2022,Nordeste,PE,Urbana,Pequeno,2027,M,106,771.9,0.627,25.08,1,4.45,7.22,73.64,20.95,50.95,74.42,1,80.35,1
2134,2024,Nordeste,MA,Rural,Grande,11924191,F,100,1099.82,0.657,36.62,1,6.63,4.21,85.21,26.77,74.17,78.83,1,91.52,0
2135,2023,Sudeste,RJ,Rural,Grande,11480526,F,88,1189.93,0.724,17.76,0,4.23,3.25,71.71,20.37,83.63,65.25,0,91.78,1
2136,2022,Centro-Oeste,GO,Rural,Grande,6501836,M,99,964.9,0.668,31.08,0,2.2,3.91,34.53,20.8,54.7,71.0,0,83.38,0
2137,2023,Sudeste,MG,Urbana,Médio,125350,M,98,1091.57,0.713,27.34,1,6.57,9.34,57.66,20.38,39.48,66.67,0,82.96,0
2138,2022,Sudeste,SP,Urbana,Grande,10362431,F,98,1199.31,0.596,1.09,0,4.12,5.51,86.75,23.9,42.41,74.1,1,89.04,1
2139,2023,Sudeste,RJ,Rural,Pequeno,5502,M,96,695.43,0.718,28.81,1,6.08,8.81,75.53,18.7,63.81,68.77,1,96.4,1
2140,2024,Sudeste,SP,Urbana,Grande,555113,F,92,804.97,0.666,25.4,0,6.51,6.59,76.29,20.23,99.55,69.38,1,87.25,0
2141,2024,Sudeste,SP,Rural,Pequeno,9853,F,89,869.5,0.74,12.18,0,5.31,6.41,61.46,23.29,68.44,61.63,1,95.65,1
2142,2024,Nordeste,CE,Urbana,Pequeno,9815,F,99,1185.49,0.654,28.72,1,5.91,6.22,64.72,24.97,56.19,63.78,1,92.73,1
2143,2024,Nordeste,BA,Urbana,Médio,180985,F,100,724.93,0.622,15.55,1,3.65,6.06,64.77,18.5,5.45,70.81,1,79.08,0
2144,2022,Nordeste,PE,Urbana,Pequeno,19230,F,85,1080.99,0.701,32.26,0,4.78,7.84,71.83,33.13,70.11,63.91,0,93.66,1
2145,2022,Sudeste,MG,Urbana,Grande,10243806,F,92,864.76,0.617,11.04,0,5.66,6.41,48.94,32.37,55.71,64.85,0,82.7,0
2146,2022,Sudeste,MG,Urbana,Pequeno,13894,F,100,816.23,0.679,14.94,0,5.99,2.92,99.46,23.96,85.1,70.65,1,100.0,0
2147,2024,Centro-Oeste,GO,Urbana,Pequeno,18943,F,95,1199.17,0.732,23.41,0,5.48,4.6,46.12,25.53,38.34,64.78,1,84.21,0
2148,2022,Norte,PA,Urbana,Médio,101304,M,90,402.9,0.726,22.94,1,3.7,5.06,54.78,18.84,72.94,63.9,1,100.0,0
2149,2022,Centro-Oeste,DF,Urbana,Pequeno,13749,M,102,1201.42,0.709,30.72,0,6.32,6.5,62.75,24.88,45.0,77.97,1,86.72,0
2150,2024,Norte,RR,Rural,Pequeno,11851,F,91,748.98,0.613,11.81,1,5.26,5.17,61.17,27.13,37.4,63.92,1,80.87,1
2151,2022,Sudeste,ES,Urbana,Pequeno,15446,M,107,917.56,0.649,24.48,1,5.46,5.93,79.47,13.1,53.43,62.37,1,68.1,0
2152,2023,Nordeste,SE,Urbana,Pequeno,19692,M,87,,0.682,33.1,1,3.71,5.22,73.41,16.36,51.38,68.32,0,96.66,0
2153,2023,Sudeste,ES,Urbana,Médio,127161,M,104,924.83,0.766,1.0,0,5.99,6.01,77.91,25.24,65.1,76.24,0,80.31,0
2154,2024,Nordeste,PI,Urbana,Pequeno,8095,M,84,851.07,0.765,32.69,1,6.37,6.79,38.74,21.64,35.87,82.82,1,64.64,0
2155,2023,Sudeste,RJ,Urbana,Grande,7874710,F,88,1126.04,0.728,18.98,1,,6.9,85.37,15.6,37.8,76.49,0,83.66,1
2156,2022,Sul,RS,Rural,Grande,4215757,M,95,1186.65,0.717,11.79,0,7.17,7.62,68.72,19.83,67.74,64.52,0,94.97,0
2157,2024,Nordeste,PB,Urbana,Médio,34569,M,85,793.8,0.518,37.14,0,5.07,5.46,100.0,30.83,47.23,61.78,1,82.48,0
2158,2023,Sudeste,ES,Urbana,Grande,8651006,F,106,1061.67,0.682,12.39,0,6.69,7.57,75.06,17.81,40.03,66.79,0,83.99,1
2159,2024,Nordeste,AL,Rural,Pequeno,2732,F,99,635.22,0.722,40.88,1,3.3,3.62,72.47,24.95,62.87,70.98,1,,1
2160,2022,Sul,SC,Rural,Pequeno,19590,F,88,1090.96,0.778,18.04,0,5.46,5.32,75.72,18.13,64.85,77.39,0,92.01,0
2161,2023,Sudeste,ES,Urbana,Médio,49646,F,101,1051.74,0.74,16.16,0,3.27,6.59,99.01,18.96,72.62,59.37,1,86.05,0
2162,2023,Sul,PR,Urbana,Pequeno,7174,M,86,917.25,0.801,9.96,0,7.47,6.04,59.59,23.06,55.31,57.67,1,91.63,0
2163,2024,Sudeste,MG,Urbana,Pequeno,3049,F,99,1053.32,0.686,6.71,0,5.08,5.83,83.31,23.64,54.42,66.72,0,84.23,0
2164,2024,Nordeste,PI,Urbana,Grande,5028719,M,104,665.72,0.732,16.11,1,4.69,4.8,61.36,21.6,57.09,66.24,0,100.0,1
2165,2024,Sudeste,SP,Urbana,Pequeno,19665,F,96,1044.81,0.707,16.12,0,6.25,8.17,100.0,23.23,66.6,76.01,0,97.51,1
2166,2023,Sul,PR,Urbana,Pequeno,6923,F,92,1251.45,0.735,16.43,0,,6.36,73.71,20.78,54.09,67.02,1,97.71,0
2167,2023,Sudeste,RJ,Urbana,Pequeno,14182,F,93,1148.72,0.686,18.71,0,5.08,6.66,44.01,21.01,32.73,69.47,1,94.82,1
2168,2023,Sul,PR,Urbana,Grande,11150404,M,103,773.76,0.708,30.81,1,6.24,9.33,86.87,26.13,65.32,69.52,1,92.39,0
2169,2022,Nordeste,RN,Urbana,Pequeno,10429,M,87,675.97,0.733,28.95,0,3.56,5.22,57.18,24.17,34.17,59.96,1,80.32,1
2170,2022,Sul,PR,Urbana,Pequeno,15557,F,97,974.85,0.722,17.26,1,6.62,6.55,78.41,25.01,76.48,76.47,0,90.91,1
2171,2024,Sudeste,RJ,Urbana,Médio,186567,M,89,967.93,0.801,16.25,0,,5.78,81.35,15.27,94.55,74.19,1,93.17,1
2172,2024,Centro-Oeste,MS,Urbana,Pequeno,18065,M,93,770.6,0.74,28.65,0,3.45,4.4,70.14,26.61,86.8,74.0,0,97.07,1
2173,2023,Norte,AP,Urbana,Pequeno,14868,M,84,527.09,0.743,39.26,0,6.75,5.01,77.71,23.82,43.27,65.21,1,93.72,1
2174,2022,Nordeste,PB,Urbana,Pequeno,8103,M,98,896.66,0.606,39.54,1,4.66,4.93,27.27,23.3,94.61,70.1,0,88.57,1
2175,2023,Centro-Oeste,GO,Urbana,Grande,891842,F,84,1199.82,0.655,29.6,0,5.06,5.72,77.68,22.62,65.34,69.35,1,93.11,1
2176,2023,Sudeste,RJ,Urbana,Pequeno,11652,F,93,1471.16,0.661,26.17,1,5.54,5.16,45.07,19.64,72.45,74.89,0,96.56,0
2177,2023,Sudeste,ES,Urbana,Grande,4682703,M,84,762.62,0.734,20.08,1,4.52,7.25,86.57,21.68,100.0,73.96,1,75.82,1
2178,2022,Sudeste,ES,Urbana,Médio,54562,F,101,513.72,0.775,20.86,0,5.3,7.78,67.65,22.58,69.43,65.7,0,91.77,1
2179,2022,Sul,PR,Urbana,Pequeno,7426,F,107,772.15,0.696,29.11,0,6.29,3.23,56.62,21.12,100.0,71.98,1,80.31,0
2180,2024,Nordeste,PI,Rural,Médio,89703,M,89,469.11,0.687,19.72,0,5.05,4.61,43.89,21.2,58.84,74.29,0,82.82,0
2181,2024,Nordeste,PB,Rural,Pequeno,6794,M,99,746.67,0.64,29.93,0,3.28,8.0,55.96,22.87,76.47,66.79,1,70.95,1
2182,2023,Nordeste,PB,Urbana,Médio,198033,F,88,632.41,0.652,30.77,1,6.98,5.28,51.44,31.42,44.51,65.27,1,81.32,0
2183,2024,Nordeste,AL,Urbana,Médio,118259,F,107,606.62,0.557,18.29,0,8.68,5.93,71.39,19.56,36.63,78.78,1,88.76,0
2184,2023,Nordeste,CE,Urbana,Pequeno,6352,M,103,1226.52,0.698,28.97,0,4.82,3.93,79.83,28.16,48.35,66.25,1,86.71,0
2185,2024,Sudeste,RJ,Rural,Pequeno,2977,M,86,1268.47,0.738,31.19,0,6.27,6.02,81.72,22.83,79.77,74.1,1,89.87,0
2186,2024,Sul,SC,Urbana,Pequeno,15424,M,91,825.99,0.634,13.87,0,4.58,3.89,65.75,21.87,57.65,66.78,1,88.68,1
2187,2024,Sudeste,RJ,Rural,Pequeno,16826,F,98,899.65,0.692,26.43,0,6.11,5.84,64.93,18.19,76.93,69.61,1,81.77,0
2188,2023,Sul,SC,Rural,Grande,10784518,F,106,938.97,0.657,28.41,0,7.04,8.14,94.38,25.37,52.84,71.51,1,88.92,1
2189,2024,Sudeste,SP,Urbana,Médio,154454,F,89,950.31,0.723,12.63,0,4.93,8.35,41.31,10.79,95.74,63.85,1,86.78,0
2190,2022,Nordeste,SE,Urbana,Pequeno,13659,F,106,688.42,0.694,20.06,0,4.38,7.59,51.23,22.32,43.02,54.8,1,78.52,0
2191,2024,Sudeste,RJ,Urbana,Médio,167766,F,103,985.42,0.708,24.74,0,3.02,5.99,98.29,23.68,65.89,75.28,0,85.75,0
2192,2024,Sudeste,SP,Urbana,Pequeno,14285,M,103,745.9,0.741,25.22,0,5.78,6.68,87.63,30.06,74.85,68.05,1,92.14,0
2193,2023,Nordeste,PE,Urbana,Grande,1311558,F,99,963.72,0.576,19.2,1,5.07,8.86,55.82,25.3,51.08,72.74,0,80.88,0
2194,2022,Centro-Oeste,DF,Rural,Pequeno,12110,M,100,825.42,0.73,16.45,0,5.36,6.75,86.76,25.46,75.21,66.96,0,92.0,0
2195,2022,Sudeste,RJ,Urbana,Pequeno,12415,F,91,543.45,0.62,14.44,0,4.83,6.97,62.62,23.22,80.2,69.49,1,79.35,0
2196,2024,Nordeste,RN,Urbana,Pequeno,11506,F,92,599.84,0.594,22.23,0,4.65,4.9,76.35,28.43,46.59,63.08,0,85.33,0
2197,2024,Nordeste,PB,Urbana,Pequeno,18790,F,88,731.0,0.704,28.73,0,3.79,4.45,38.17,24.06,43.82,79.48,1,95.95,0
2198,2023,Centro-Oeste,GO,Rural,Médio,178944,M,89,727.61,0.588,25.87,0,4.54,5.04,73.01,16.5,68.34,68.51,1,86.97,1
2199,2023,Sudeste,ES,Urbana,Pequeno,7058,F,101,603.82,0.677,12.12,0,4.93,8.07,87.63,16.27,65.16,73.62,0,79.84,0
2200,2023,Sudeste,SP,Urbana,Grande,10207520,M,105,915.34,0.651,30.86,0,4.77,5.32,56.0,28.03,36.31,65.53,1,87.8,1
2201,2022,Sul,PR,Urbana,Médio,29083,F,93,1418.42,0.723,16.93,1,5.09,7.48,64.15,21.33,52.67,69.21,1,90.68,1
2202,2022,Norte,RR,Urbana,Grande,9511436,F,100,721.75,0.635,32.53,0,5.72,6.24,38.88,20.68,20.67,73.3,0,80.55,0
2203,2022,Sudeste,SP,Urbana,Grande,4162423,F,90,853.48,0.785,32.5,0,3.82,5.56,69.54,17.76,57.79,72.31,1,88.47,1
2204,2022,Norte,AP,Urbana,Pequeno,5705,F,87,,0.723,25.77,0,5.16,7.02,80.78,26.62,49.8,76.98,0,86.54,1
2205,2024,Sudeste,MG,Urbana,Médio,159025,M,90,806.92,0.666,20.15,1,6.21,8.65,70.34,22.63,65.73,78.14,1,89.14,0
2206,2024,Sul,RS,Urbana,Médio,143754,F,103,707.97,0.679,16.8,0,3.44,5.06,73.38,22.02,83.25,76.15,1,87.31,1
2207,2022,Nordeste,RN,Urbana,Pequeno,3608,M,104,925.99,0.581,33.54,1,3.93,4.97,77.73,22.49,74.65,69.28,1,83.4,0
2208,2022,Centro-Oeste,DF,Urbana,Pequeno,18772,M,93,1208.63,0.69,23.36,1,5.63,7.62,66.23,23.54,67.91,59.26,1,98.07,1
2209,2024,Nordeste,PB,Urbana,Pequeno,18320,M,103,547.33,0.691,33.34,0,4.26,5.67,65.14,26.25,45.9,64.71,0,90.53,0
2210,2024,Nordeste,PI,Urbana,Médio,188650,F,92,1124.83,0.696,34.09,0,4.96,3.4,74.88,24.33,89.96,68.3,1,100.0,0
2211,2022,Nordeste,SE,Urbana,Médio,134032,F,104,1045.32,0.662,36.4,0,3.78,5.05,70.04,22.19,80.06,73.67,0,86.12,1
2212,2023,Nordeste,BA,Urbana,Pequeno,18809,F,87,649.97,0.584,35.59,0,4.53,7.16,92.9,16.36,84.72,68.38,1,85.86,0
2213,2024,Sudeste,ES,Urbana,Pequeno,5049,F,95,1012.35,0.682,8.0,0,5.1,5.05,43.07,14.72,96.63,71.69,0,89.28,0
2214,2022,Sudeste,ES,Urbana,Pequeno,6905,F,99,718.24,0.669,25.09,0,4.23,5.66,88.23,28.26,71.32,55.7,1,92.37,1
2215,2024,Sudeste,MG,Urbana,Médio,191303,F,105,1141.59,0.754,21.92,0,4.36,5.78,82.41,24.65,68.19,75.01,1,88.68,1
2216,2023,Sul,RS,Urbana,Pequeno,16547,M,84,652.43,0.689,17.32,0,4.53,5.81,59.34,20.51,67.62,69.51,1,97.01,1
2217,2024,Norte,AP,Urbana,Grande,6695627,M,92,796.54,0.695,31.63,1,3.4,4.72,74.4,14.25,71.05,67.68,0,100.0,0
2218,2022,Sudeste,SP,Urbana,Grande,2710359,M,96,899.44,0.697,34.67,1,5.1,7.07,100.0,15.86,44.93,68.63,0,83.08,0
2219,2022,Sudeste,MG,Rural,Pequeno,10180,M,95,1436.92,0.762,23.24,0,6.06,8.03,75.38,17.16,85.45,84.55,1,90.1,1
2220,2022,Centro-Oeste,MS,Urbana,Médio,122416,M,84,699.94,0.709,19.26,1,5.0,6.65,73.24,21.67,66.64,74.46,1,85.37,1
2221,2024,Centro-Oeste,MT,Urbana,Pequeno,4045,F,106,1684.62,0.714,31.51,0,5.83,3.62,30.03,13.44,49.51,77.08,0,92.76,0
2222,2023,Sudeste,RJ,Rural,Médio,174779,F,105,1180.66,0.721,32.42,0,4.05,5.86,100.0,21.8,79.15,66.15,1,96.61,0
2223,2023,Sudeste,ES,Urbana,Pequeno,11767,M,106,1156.34,0.658,13.33,0,5.02,6.49,67.33,22.25,45.3,79.12,0,87.57,0
2224,2022,Sudeste,SP,Urbana,Pequeno,19472,M,86,1210.84,0.715,16.72,0,,7.75,78.73,21.71,73.59,63.61,0,97.52,1
2225,2023,Sul,SC,Urbana,Grande,3268172,M,92,919.5,0.608,10.41,0,4.75,5.22,85.76,27.96,68.28,76.35,1,89.06,0
2226,2023,Sudeste,RJ,Urbana,Pequeno,17973,F,89,1356.94,0.717,19.3,0,6.19,6.68,60.64,28.45,72.82,65.74,1,99.54,0
2227,2024,Nordeste,AL,Urbana,Pequeno,15503,M,87,694.22,0.651,30.56,0,5.66,5.39,73.71,22.85,83.26,71.21,0,100.0,0
2228,2022,Sudeste,MG,Urbana,Médio,56004,F,93,1242.21,0.726,18.25,0,2.44,8.75,70.63,17.23,57.91,80.29,1,100.0,1
2229,2024,Centro-Oeste,DF,Urbana,Médio,85269,F,102,915.45,0.701,28.29,1,,4.37,46.78,22.38,70.23,68.54,1,87.51,1
2230,2023,Nordeste,PB,Urbana,Grande,1931124,M,100,1048.76,0.606,32.03,1,5.21,7.47,88.56,27.52,37.68,66.14,0,84.7,1
2231,2022,Sudeste,ES,Urbana,Pequeno,9986,M,86,,0.648,33.91,0,,5.52,66.08,14.54,58.55,71.55,0,100.0,0
2232,2023,Norte,AP,Urbana,Pequeno,6383,F,86,844.59,0.572,30.19,1,3.47,4.43,76.74,22.32,52.54,71.06,0,77.81,0
2233,2022,Sudeste,MG,Urbana,Médio,69140,F,106,993.64,0.711,31.06,0,5.72,8.75,46.43,28.24,18.44,67.37,1,87.88,0
2234,2023,Nordeste,BA,Urbana,Pequeno,4935,M,107,886.98,0.566,28.0,0,4.79,4.55,74.92,21.71,53.2,68.76,0,82.27,0
2235,2022,Centro-Oeste,GO,Rural,Médio,52767,F,85,732.95,0.653,21.58,0,5.1,4.68,62.96,20.84,87.43,69.36,0,74.73,0
2236,2023,Nordeste,CE,Urbana,Médio,163755,F,85,646.85,0.653,39.49,0,5.71,2.83,47.24,25.4,42.93,68.87,0,78.35,0
2237,2024,Centro-Oeste,DF,Urbana,Grande,1879183,F,107,986.56,0.685,23.91,0,5.48,5.49,63.36,22.56,59.35,63.12,1,87.82,0
2238,2024,Sudeste,MG,Urbana,Pequeno,10888,F,87,1308.56,0.657,28.77,1,4.3,7.06,80.15,27.56,86.05,68.05,0,91.21,0
2239,2023,Sul,PR,Urbana,Pequeno,8320,M,85,567.9,0.766,33.08,0,5.64,5.66,67.56,22.65,66.08,69.35,1,78.02,1
2240,2023,Centro-Oeste,MT,Urbana,Pequeno,15711,M,107,937.83,0.637,18.83,1,2.79,4.28,70.99,19.44,75.49,73.91,0,79.37,0
2241,2023,Norte,AC,Urbana,Médio,178392,M,97,,0.604,36.38,1,3.27,4.88,44.6,23.56,63.58,69.31,0,92.7,0
2242,2022,Sudeste,MG,Urbana,Pequeno,11361,F,96,1600.84,0.628,12.94,1,5.32,5.21,66.56,17.88,50.09,75.45,0,83.12,0
2243,2024,Sul,SC,Urbana,Grande,2717639,F,107,765.03,0.665,24.85,0,6.18,5.45,56.83,23.05,89.71,69.68,0,90.92,0
2244,2023,Sudeste,SP,Urbana,Pequeno,6692,M,104,1159.79,0.788,11.63,1,2.99,8.13,86.41,22.94,32.1,74.49,0,86.95,0
2245,2022,Nordeste,PI,Urbana,Médio,37908,F,85,859.43,0.672,33.91,0,6.33,4.96,72.84,20.21,72.54,68.0,1,94.3,1
2246,2022,Sudeste,SP,Urbana,Grande,11044500,F,106,688.16,0.734,27.24,1,5.48,5.45,68.77,22.02,64.16,67.27,1,86.98,0
2247,2024,Sudeste,SP,Urbana,Grande,11797534,F,94,1195.38,0.747,18.59,1,6.39,7.63,64.62,20.1,52.95,76.48,1,93.8,0
2248,2023,Sudeste,ES,Urbana,Pequeno,2106,M,107,1223.49,0.747,28.51,0,4.88,6.19,85.67,27.85,56.21,70.17,0,84.55,1
2249,2022,Nordeste,PB,Urbana,Pequeno,7130,F,97,548.95,0.693,31.53,1,,4.33,81.87,21.71,61.1,68.44,0,90.9,1
2250,2024,Nordeste,AL,Urbana,Pequeno,10481,F,92,550.93,0.615,18.91,1,4.48,7.02,73.51,27.59,57.52,63.94,1,,0
2251,2024,Sudeste,ES,Urbana,Pequeno,16190,M,102,1155.37,0.657,18.09,1,6.9,4.55,71.36,26.81,81.98,70.12,1,93.04,0
2252,2023,Nordeste,CE,Urbana,Pequeno,15099,M,96,383.23,0.727,24.89,0,6.39,5.64,34.97,21.24,96.65,70.64,0,93.9,1
2253,2023,Sudeste,SP,Urbana,Pequeno,11139,F,98,1117.92,0.737,8.41,0,4.64,5.41,82.3,19.6,30.39,75.71,0,87.85,0
2254,2022,Norte,AM,Urbana,Grande,10882382,F,89,504.09,0.627,29.43,1,,5.93,79.12,30.13,56.13,71.26,1,78.53,0
2255,2024,Nordeste,RN,Urbana,Pequeno,8891,F,93,861.65,0.778,37.59,1,5.67,6.67,91.29,21.81,75.23,66.73,0,75.8,1
2256,2024,Sul,PR,Urbana,Pequeno,10907,M,84,1076.05,0.749,26.81,0,4.93,7.58,63.17,19.89,36.09,79.63,0,93.3,1
2257,2023,Nordeste,RN,Urbana,Médio,39857,F,107,895.46,0.474,28.93,1,4.87,5.49,63.23,26.08,32.21,67.32,1,85.95,0
2258,2024,Sudeste,RJ,Rural,Pequeno,11925,M,106,1251.73,0.776,6.5,0,,4.71,70.46,18.58,81.12,66.91,0,79.4,1
2259,2022,Sudeste,RJ,Rural,Médio,179525,M,95,1177.55,0.681,21.74,1,7.06,5.71,60.88,27.98,64.56,68.77,0,87.06,0
2260,2023,Sudeste,SP,Urbana,Pequeno,19763,M,98,1494.72,0.656,33.03,0,4.71,6.07,68.89,27.48,67.73,74.16,0,93.5,0
2261,2022,Sudeste,RJ,Urbana,Médio,75274,F,97,639.82,0.713,14.16,0,6.96,8.97,54.36,26.38,89.68,73.12,1,85.09,1
2262,2022,Sudeste,ES,Urbana,Pequeno,15505,M,89,1263.46,0.879,23.79,0,5.52,5.94,75.39,22.07,62.27,66.09,0,95.87,1
2263,2023,Nordeste,CE,Urbana,Grande,1061462,F,101,849.2,0.651,29.24,1,4.76,5.61,56.1,11.4,75.23,68.49,0,90.32,0
2264,2022,Sudeste,SP,Urbana,Pequeno,5535,M,105,546.28,0.761,25.53,0,5.36,7.8,63.81,20.65,45.66,77.29,1,92.67,0
2265,2023,Norte,AC,Rural,Pequeno,17939,M,85,755.19,0.615,28.17,0,4.85,5.12,73.79,21.88,55.39,65.97,1,94.86,1
2266,2024,Sudeste,ES,Urbana,Pequeno,2004,M,99,1402.65,0.731,22.96,1,,7.07,81.93,25.8,95.32,65.7,0,89.21,0
2267,2024,Sudeste,SP,Urbana,Pequeno,13569,M,92,890.09,0.722,19.52,0,5.49,9.89,77.49,21.85,72.08,71.37,1,99.53,0
2268,2024,Centro-Oeste,MS,Urbana,Médio,83827,M,92,999.78,0.709,27.91,0,4.86,5.84,62.0,22.45,70.5,74.78,1,95.28,0
2269,2024,Norte,TO,Rural,Grande,10459175,M,107,,0.787,30.55,1,,7.15,67.97,19.25,49.29,69.81,0,100.0,0
2270,2023,Sul,PR,Urbana,Médio,197258,M,94,786.44,0.689,23.6,0,5.11,3.91,65.08,26.42,78.43,69.03,1,77.29,0
2271,2022,Sudeste,RJ,Rural,Médio,160181,M,107,1264.11,0.715,10.76,1,5.59,9.04,84.7,25.62,54.09,72.72,1,98.94,0
2272,2022,Sudeste,MG,Urbana,Médio,199142,M,87,436.27,0.765,19.22,0,7.31,8.39,92.35,21.77,52.41,71.83,0,82.34,1
2273,2024,Centro-Oeste,MS,Rural,Grande,5174788,M,87,797.39,0.745,27.27,0,4.2,9.21,74.34,21.55,65.23,69.59,1,76.59,0
2274,2024,Sul,RS,Urbana,Médio,81914,F,98,835.92,0.757,17.39,0,6.14,5.37,46.13,17.26,82.75,71.66,0,,1
2275,2022,Norte,TO,Urbana,Médio,155227,F,99,1075.57,0.628,40.58,1,6.84,6.26,55.67,31.42,65.59,65.21,0,97.67,1
2276,2024,Nordeste,PB,Urbana,Grande,8242705,M,93,949.97,0.677,37.21,1,4.39,5.36,71.26,23.05,79.16,69.56,0,84.89,0
2277,2023,Sudeste,RJ,Urbana,Pequeno,12559,F,93,1083.35,0.709,20.69,0,3.42,7.04,57.48,22.91,77.12,73.53,1,87.49,0
2278,2022,Sudeste,MG,Urbana,Médio,105547,F,101,1052.56,0.689,31.89,0,3.44,8.63,56.37,23.59,76.72,71.31,0,86.66,0
2279,2024,Sudeste,SP,Urbana,Médio,90783,M,87,,0.77,26.61,0,3.89,6.48,79.48,29.07,67.48,70.92,1,93.35,0
2280,2023,Nordeste,PI,Rural,Pequeno,8202,M,86,,0.761,37.67,1,4.33,6.26,64.41,19.7,59.02,64.16,1,84.09,0
2281,2022,Nordeste,BA,Urbana,Pequeno,18670,M,88,,0.774,25.23,1,4.2,5.16,67.55,21.9,38.61,68.43,0,88.6,1
2282,2024,Centro-Oeste,MT,Urbana,Médio,107796,M,105,1364.71,0.573,21.85,0,2.78,6.31,65.02,13.9,46.96,77.18,1,82.27,0
2283,2023,Sudeste,SP,Urbana,Pequeno,3930,M,90,1140.4,0.58,26.47,0,6.4,6.01,57.74,16.78,58.88,70.56,1,76.72,1
2284,2023,Centro-Oeste,DF,Urbana,Médio,132649,M,101,1322.4,0.662,23.43,0,,4.15,55.17,29.39,70.54,68.56,0,81.51,0
2285,2023,Nordeste,SE,Urbana,Pequeno,6331,F,89,453.04,0.657,23.23,0,6.03,4.69,100.0,23.7,52.33,61.83,1,,0
2286,2022,Sudeste,MG,Urbana,Pequeno,6419,F,105,1122.3,0.801,21.4,0,4.49,8.61,80.34,20.02,63.24,70.41,0,87.63,1
2287,2023,Nordeste,AL,Urbana,Pequeno,9827,M,99,771.22,0.63,26.94,0,3.6,6.64,77.0,23.46,52.08,61.09,0,88.13,0
2288,2022,Sudeste,MG,Urbana,Pequeno,6280,M,94,723.6,0.732,28.36,1,4.96,8.31,50.74,20.28,60.63,69.42,1,86.78,0
2289,2024,Centro-Oeste,GO,Urbana,Médio,177363,M,106,721.91,0.694,15.24,0,5.32,5.91,77.64,24.27,56.47,70.43,0,100.0,0
2290,2024,Sul,RS,Urbana,Pequeno,7564,F,104,,0.695,12.01,0,8.36,7.11,81.5,21.29,42.26,70.42,0,100.0,0
2291,2023,Sudeste,MG,Urbana,Grande,3648941,F,102,976.48,0.672,38.65,1,4.23,7.1,54.33,25.48,60.88,72.15,1,96.53,1
2292,2024,Sudeste,ES,Rural,Pequeno,15250,F,91,855.58,0.804,23.43,0,6.17,6.54,74.97,24.95,49.25,80.17,1,93.25,0
2293,2024,Nordeste,PE,Urbana,Pequeno,9119,M,104,605.81,0.578,20.89,0,8.33,8.64,43.3,17.09,36.33,72.37,0,88.32,1
2294,2022,Sudeste,ES,Urbana,Pequeno,18860,F,100,1006.49,0.68,21.47,0,4.36,7.69,97.22,22.08,63.67,75.29,1,90.05,0
2295,2023,Sudeste,MG,Urbana,Grande,1809682,M,96,1020.76,0.698,10.77,0,3.77,8.07,93.85,18.85,41.66,71.34,0,89.93,0
2296,2024,Norte,TO,Urbana,Pequeno,17685,M,88,636.75,0.628,24.85,1,6.85,6.12,74.74,27.03,46.63,59.23,0,100.0,0
2297,2024,Sul,RS,Urbana,Pequeno,13946,F,91,879.95,0.725,36.62,1,5.14,3.94,79.58,18.74,92.12,73.05,0,91.92,0
2298,2023,Sudeste,RJ,Rural,Médio,144548,M,95,1221.57,0.681,6.0,1,3.84,5.54,76.18,23.79,59.86,64.45,0,86.16,1
2299,2022,Sudeste,MG,Urbana,Médio,51296,F,99,980.75,0.656,28.61,1,3.43,5.26,78.13,15.94,54.69,69.79,0,87.02,1
2300,2024,Sudeste,RJ,Urbana,Médio,31394,F,89,693.03,0.691,27.64,1,4.04,7.07,64.59,24.78,73.66,69.76,1,100.0,1
2301,2024,Nordeste,MA,Rural,Pequeno,9963,F,88,617.33,0.733,36.0,1,4.12,4.5,65.46,25.12,22.19,58.58,1,88.7,0
2302,2024,Centro-Oeste,MS,Urbana,Pequeno,6019,M,86,909.46,0.703,11.27,0,6.16,5.67,83.3,21.34,64.12,72.89,0,82.76,1
2303,2022,Nordeste,MA,Rural,Grande,5764871,F,93,1084.78,0.677,26.72,0,3.26,4.78,84.7,26.93,43.98,63.01,1,70.99,0
2304,2023,Sudeste,MG,Rural,Grande,9545148,M,103,747.99,0.692,22.48,0,3.55,5.39,43.97,23.88,68.15,65.63,0,88.36,0
2305,2024,Sul,SC,Urbana,Grande,11620389,F,106,793.69,0.7,23.83,0,2.6,6.35,57.31,20.06,49.17,65.83,1,82.28,0
2306,2024,Sul,SC,Urbana,Grande,4647649,F,95,1066.92,0.735,26.58,0,5.38,4.22,68.56,16.42,78.96,78.12,0,97.75,1
2307,2022,Nordeste,CE,Urbana,Médio,151644,F,107,,0.681,21.91,0,4.58,6.69,74.54,29.44,49.91,66.7,0,98.82,1
2308,2022,Sul,RS,Rural,Grande,2307914,M,93,625.06,0.816,32.57,1,4.04,4.22,76.25,17.68,58.97,64.36,0,100.0,1
2309,2023,Nordeste,PI,Urbana,Pequeno,18611,F,100,696.84,0.631,17.73,0,4.11,3.71,57.51,23.74,67.53,67.58,1,84.51,0
2310,2022,Sudeste,SP,Urbana,Pequeno,8193,F,91,689.83,0.713,25.75,0,6.88,6.9,70.25,20.74,71.84,71.27,1,94.57,0
2311,2022,Sudeste,MG,Urbana,Pequeno,15663,M,93,1174.59,0.61,11.67,0,4.43,6.05,84.79,18.19,51.26,72.05,0,90.24,1
2312,2024,Sudeste,MG,Urbana,Pequeno,6088,M,87,1370.91,0.622,9.34,0,3.03,9.82,87.6,23.47,78.59,77.86,0,91.94,0
2313,2024,Sudeste,SP,Urbana,Grande,5585085,F,84,785.36,0.675,24.78,1,5.71,9.22,90.33,23.61,51.85,77.16,1,69.65,0
2314,2022,Sudeste,RJ,Urbana,Grande,4747446,F,85,1356.98,0.663,24.8,1,3.39,6.49,72.3,19.43,96.44,77.93,0,95.15,1
2315,2023,Sul,PR,Urbana,Médio,86584,M,96,666.29,0.681,20.33,0,4.79,4.57,83.72,28.01,100.0,72.49,0,99.89,0
2316,2024,Sudeste,MG,Urbana,Médio,125029,F,93,893.31,0.76,26.21,0,4.4,4.69,48.94,18.78,61.3,77.8,1,74.21,1
2317,2022,Sudeste,MG,Urbana,Grande,799724,M,101,770.85,0.644,14.64,0,6.48,6.69,91.01,24.61,73.48,75.47,0,85.12,1
2318,2024,Sul,PR,Rural,Pequeno,14117,M,101,833.89,0.73,18.56,0,6.33,6.27,77.97,25.87,91.57,59.82,0,100.0,0
2319,2022,Sudeste,ES,Urbana,Médio,100484,M,91,1186.42,0.729,9.92,0,5.71,4.05,60.31,21.55,50.53,72.65,1,83.08,0
2320,2024,Sudeste,RJ,Urbana,Médio,53610,F,104,1216.47,0.688,21.69,0,6.14,8.17,58.79,28.44,49.08,70.58,0,80.71,0
2321,2022,Nordeste,RN,Urbana,Grande,4434924,F,85,979.6,0.632,23.18,0,5.29,6.62,71.47,27.44,56.39,67.32,1,83.57,0
2322,2022,Sudeste,RJ,Rural,Pequeno,14313,M,104,767.24,0.606,5.8,0,5.74,5.36,65.42,18.46,67.03,68.48,1,82.22,1
2323,2023,Nordeste,BA,Urbana,Médio,51240,F,85,379.09,0.624,33.3,0,3.84,4.57,63.79,22.61,55.44,66.33,1,67.48,0
2324,2022,Sudeste,ES,Urbana,Pequeno,15812,F,98,671.31,0.76,25.37,0,,6.82,62.6,28.6,50.66,63.16,0,86.78,0
2325,2022,Sudeste,RJ,Urbana,Grande,1966351,F,84,709.28,0.792,12.71,0,4.46,3.39,54.77,20.4,74.73,74.15,0,96.8,1
2326,2022,Sudeste,SP,Urbana,Pequeno,6391,F,90,890.94,0.822,14.16,0,2.66,5.95,68.52,22.31,57.94,78.43,1,81.47,0
2327,2024,Sul,RS,Urbana,Pequeno,13638,F,87,1186.72,0.665,11.0,0,6.24,7.2,74.19,25.3,66.37,69.59,1,,1
2328,2024,Sudeste,MG,Urbana,Pequeno,7771,M,104,1331.44,0.642,5.53,0,4.27,7.09,91.01,22.77,95.74,69.48,1,84.59,0
2329,2022,Nordeste,BA,Urbana,Médio,155372,F,86,1015.72,0.586,39.34,1,5.5,5.6,37.63,19.06,58.58,59.25,1,91.13,0
2330,2024,Centro-Oeste,MT,Rural,Médio,32495,F,87,616.24,0.742,14.34,1,3.62,4.4,75.73,24.1,43.22,78.71,1,91.29,0
2331,2024,Sudeste,RJ,Urbana,Médio,110349,F,84,501.66,0.703,24.19,1,5.84,10.0,85.2,22.63,59.58,72.66,1,98.75,0
2332,2022,Sudeste,RJ,Rural,Pequeno,17950,M,105,971.65,0.624,22.26,0,4.76,7.36,76.13,22.01,48.94,76.74,1,99.59,0
2333,2024,Nordeste,AL,Urbana,Pequeno,8799,M,89,375.65,0.649,24.77,0,4.0,3.87,72.3,33.69,53.69,64.87,0,79.78,0
2334,2024,Norte,RR,Urbana,Grande,5918920,F,91,1130.88,0.68,35.71,0,5.63,3.25,59.67,21.83,46.21,66.64,0,96.15,1
2335,2023,Sudeste,ES,Urbana,Pequeno,9535,M,101,716.21,0.75,17.19,0,7.13,9.17,73.61,26.49,91.81,71.42,0,77.56,0
2336,2022,Nordeste,PE,Urbana,Grande,10469933,M,92,672.69,0.685,30.92,1,3.56,4.92,80.16,22.25,58.83,79.07,1,78.86,0
2337,2024,Sudeste,RJ,Urbana,Médio,190684,M,100,,0.739,11.89,1,4.58,5.89,81.82,17.01,91.63,66.67,1,91.59,0
2338,2024,Centro-Oeste,MT,Urbana,Grande,1213955,F,104,808.21,0.634,20.1,0,4.58,5.62,56.68,22.05,44.52,67.26,1,100.0,0
2339,2023,Sudeste,ES,Rural,Pequeno,14962,M,106,744.53,0.724,4.0,0,7.38,7.11,42.5,21.57,56.15,77.63,0,88.11,0
2340,2022,Sudeste,SP,Urbana,Médio,155957,F,97,1020.99,0.696,18.61,0,7.59,6.23,69.65,21.55,52.33,63.69,1,98.65,0
2341,2023,Sudeste,SP,Urbana,Médio,167059,F,106,1359.24,0.739,23.77,1,4.52,7.1,90.13,28.3,51.26,70.71,1,93.4,1
2342,2022,Sudeste,ES,Urbana,Pequeno,5730,F,102,1386.78,0.648,20.31,0,5.06,6.51,90.13,19.51,76.26,70.45,0,99.63,1
2343,2022,Nordeste,SE,Urbana,Médio,192902,F,89,618.96,0.657,33.52,1,4.4,5.05,79.47,27.21,68.82,67.73,1,88.53,1
2344,2022,Sudeste,SP,Urbana,Médio,198378,M,85,988.78,0.652,33.85,1,5.65,6.43,79.24,23.04,52.17,63.06,1,90.76,0
2345,2022,Sudeste,SP,Rural,Pequeno,19242,M,102,1207.2,0.684,31.92,1,4.9,7.64,56.87,24.14,69.77,74.44,0,90.21,0
2346,2022,Norte,AM,Urbana,Pequeno,19853,F,105,875.97,0.605,31.34,0,3.41,6.42,56.03,24.2,28.47,68.93,1,93.74,1
2347,2024,Sudeste,SP,Urbana,Grande,10718579,M,85,782.2,0.748,26.47,0,4.05,6.56,60.04,18.05,55.39,74.62,0,100.0,0
2348,2024,Sudeste,MG,Urbana,Médio,83588,F,91,1027.94,0.644,18.93,1,5.17,5.15,81.47,16.83,48.69,73.58,0,89.33,0
2349,2023,Nordeste,MA,Urbana,Pequeno,8265,F,96,691.28,0.598,35.34,0,3.18,6.55,63.39,19.77,46.52,64.52,1,80.21,0
2350,2023,Centro-Oeste,MS,Rural,Pequeno,8920,M,97,898.43,0.812,21.35,1,,8.94,66.63,26.84,76.0,66.45,0,79.95,0
2351,2022,Sudeste,SP,Urbana,Pequeno,9488,M,97,825.99,0.699,16.92,0,5.62,5.99,52.19,20.19,57.55,75.9,1,83.2,0
2352,2022,Sudeste,MG,Urbana,Médio,48742,M,101,1194.13,0.707,21.53,0,1.48,7.18,82.42,19.71,37.78,68.82,0,89.38,0
2353,2024,Norte,RO,Rural,Pequeno,13619,M,99,857.21,0.674,28.41,1,4.09,4.09,45.04,20.23,43.42,64.69,1,79.03,0
2354,2023,Nordeste,PE,Urbana,Médio,148551,F,105,511.99,0.69,36.35,1,6.38,6.24,65.31,15.49,24.66,76.36,1,100.0,0
2355,2024,Nordeste,SE,Urbana,Médio,181107,F,89,272.6,0.565,33.31,1,5.5,3.81,86.82,18.85,82.08,60.74,1,86.73,0
2356,2022,Nordeste,PE,Urbana,Pequeno,8471,F,93,776.68,0.608,24.87,0,5.68,4.62,41.22,21.32,47.65,60.42,0,,0
2357,2022,Nordeste,PE,Urbana,Pequeno,13592,M,98,832.89,0.623,38.01,1,2.9,5.58,76.41,16.08,28.02,73.26,1,73.67,0
2358,2022,Sudeste,ES,Rural,Grande,4317181,M,97,755.25,0.726,23.91,1,6.02,6.71,77.53,28.06,66.7,66.88,0,80.33,0
2359,2022,Nordeste,CE,Urbana,Pequeno,11335,M,94,463.18,0.597,25.67,0,2.96,4.18,78.48,21.17,51.91,66.63,0,88.82,0
2360,2022,Norte,PA,Urbana,Médio,118466,M,90,411.82,0.71,42.76,1,3.89,3.54,75.42,18.38,37.11,69.3,1,84.95,0
2361,2023,Nordeste,CE,Urbana,Médio,87127,M,101,1342.8,0.605,37.08,0,6.12,5.54,48.94,19.94,97.84,70.1,0,92.51,0
2362,2023,Nordeste,SE,Urbana,Médio,46290,M,99,511.06,0.578,18.38,1,4.6,3.69,58.31,26.68,38.47,71.95,1,100.0,1
2363,2024,Sudeste,SP,Urbana,Pequeno,2179,F,107,763.52,0.816,18.25,0,5.22,5.2,55.62,22.24,47.14,70.4,0,74.81,0
2364,2022,Sudeste,MG,Urbana,Pequeno,7162,M,95,1270.02,0.654,20.64,0,7.12,5.98,64.12,14.78,80.22,72.55,1,86.48,0
2365,2024,Sudeste,ES,Rural,Pequeno,13593,F,87,1075.29,0.554,16.05,0,,8.18,76.27,22.67,82.81,79.65,1,87.03,1
2366,2023,Sul,PR,Urbana,Médio,25631,M,96,,0.626,23.98,0,4.97,5.57,88.78,21.54,77.13,69.77,0,94.38,1
2367,2023,Norte,RR,Rural,Pequeno,5527,M,104,1032.2,0.542,33.38,0,4.06,5.22,70.8,24.65,61.54,71.87,1,83.03,0
2368,2024,Sudeste,MG,Urbana,Pequeno,9794,M,105,835.55,0.625,22.28,0,5.59,8.54,78.13,20.47,61.61,76.07,1,81.75,1
2369,2024,Sul,RS,Urbana,Grande,1784409,M,92,1115.43,0.761,20.94,1,5.39,5.09,75.14,21.51,49.06,69.23,1,82.0,0
2370,2024,Sudeste,SP,Urbana,Grande,9768867,F,107,1118.68,0.675,21.4,1,4.84,6.7,71.73,18.88,44.74,73.28,0,99.5,1
2371,2022,Sudeste,MG,Urbana,Pequeno,8202,M,85,940.73,0.743,27.71,0,1.82,6.87,63.67,16.12,57.77,86.06,0,83.11,0
2372,2024,Nordeste,PB,Urbana,Médio,183412,F,95,,0.526,30.16,1,5.65,5.38,49.03,29.13,52.6,65.13,0,85.85,0
2373,2022,Centro-Oeste,MS,Urbana,Médio,163824,F,101,837.1,0.652,31.4,0,2.82,6.18,62.5,18.25,21.93,72.05,0,97.82,0
2374,2022,Norte,PA,Urbana,Pequeno,15739,F,88,1155.08,0.676,30.24,0,5.15,6.48,83.01,19.52,54.15,60.3,1,96.73,0
2375,2023,Sudeste,MG,Urbana,Pequeno,6443,M,96,973.46,0.726,34.42,0,4.38,2.59,57.47,26.77,55.44,74.89,0,88.51,0
2376,2024,Sudeste,MG,Urbana,Pequeno,6794,M,100,,0.723,22.58,0,,3.05,50.38,25.1,28.33,71.45,0,88.07,1
2377,2023,Sudeste,RJ,Urbana,Pequeno,6478,F,89,1006.7,0.754,26.77,1,6.83,4.38,59.15,21.59,86.65,77.64,0,85.83,0
2378,2022,Norte,PA,Rural,Pequeno,15094,M,88,956.67,0.644,19.76,1,6.69,7.39,72.16,23.84,54.31,69.07,0,90.23,0
2379,2022,Sudeste,MG,Rural,Grande,9575466,F,105,1162.59,0.667,21.25,0,5.25,7.47,67.09,24.51,88.89,75.73,0,92.36,1
2380,2022,Sudeste,RJ,Rural,Pequeno,18097,M,107,1010.83,0.7,20.02,0,6.62,9.61,61.01,16.17,56.62,78.54,0,81.9,0
2381,2023,Norte,AP,Urbana,Médio,32084,M,96,588.19,0.659,21.21,0,3.88,5.38,54.18,18.65,59.88,73.81,1,96.44,0
2382,2023,Sudeste,ES,Urbana,Pequeno,8452,M,85,1095.97,0.707,9.76,0,5.32,4.58,74.33,14.48,71.0,75.81,0,83.93,1
2383,2024,Nordeste,MA,Urbana,Pequeno,5070,M,93,,0.584,20.84,0,3.85,5.79,62.74,23.37,56.76,62.22,0,81.09,0
2384,2024,Sudeste,SP,Urbana,Médio,194387,F,93,791.32,0.598,16.8,0,8.85,7.82,85.36,19.77,61.17,84.36,0,100.0,0
2385,2024,Sul,RS,Urbana,Pequeno,14551,M,96,1097.36,0.762,9.98,0,5.95,7.53,75.03,25.18,57.23,77.59,1,100.0,0
2386,2022,Sudeste,ES,Urbana,Pequeno,12877,F,85,1083.42,0.767,19.45,0,3.52,5.69,77.8,21.15,78.23,70.22,0,84.9,0
2387,2023,Sudeste,MG,Urbana,Pequeno,6381,F,87,1213.78,0.675,24.24,1,3.43,7.12,82.05,16.66,61.93,65.57,0,95.13,0
2388,2024,Nordeste,SE,Urbana,Pequeno,7074,F,102,1001.67,0.64,30.44,0,5.25,4.12,69.42,18.52,58.71,72.4,0,93.71,1
2389,2023,Sul,SC,Urbana,Grande,482830,M,84,752.66,0.674,22.26,0,4.02,8.23,92.62,29.04,33.86,67.21,1,85.4,0
2390,2024,Sudeste,ES,Urbana,Pequeno,4066,M,84,1041.19,0.798,34.73,1,6.33,6.6,85.16,22.94,77.75,75.77,0,97.54,1
2391,2022,Sudeste,SP,Urbana,Pequeno,9544,F,90,1248.16,0.698,23.57,1,5.72,4.35,54.15,19.39,74.38,71.76,1,91.75,0
2392,2022,Nordeste,SE,Urbana,Médio,140512,M,93,522.4,0.742,33.5,0,5.65,3.54,86.0,20.8,80.06,76.04,1,90.27,0
2393,2022,Sul,PR,Urbana,Grande,831257,M,90,913.63,0.651,32.69,0,7.13,4.34,69.86,21.73,90.79,75.29,0,94.71,0
2394,2023,Sul,PR,Urbana,Pequeno,5392,M,98,1061.61,0.754,16.32,1,4.44,7.6,100.0,27.54,60.74,76.22,0,93.51,1
2395,2022,Nordeste,PB,Urbana,Grande,8996908,F,106,904.92,0.726,26.46,1,4.68,6.31,80.81,24.46,71.89,71.36,1,89.85,0
2396,2024,Sudeste,ES,Urbana,Pequeno,13211,F,103,1025.34,0.64,11.18,1,,7.54,92.97,15.2,84.17,66.69,0,78.22,0
2397,2024,Sudeste,RJ,Urbana,Pequeno,4270,F,87,1010.47,0.723,20.33,1,5.1,7.62,86.76,22.83,92.98,73.79,0,83.48,0
2398,2023,Sul,PR,Rural,Pequeno,4710,F,98,1009.38,0.794,17.24,0,5.52,5.71,77.17,19.98,71.27,70.9,1,71.9,0
2399,2024,Sudeste,SP,Urbana,Pequeno,8696,F,89,681.94,0.65,21.1,0,5.64,5.26,64.78,18.57,62.85,75.07,1,78.7,0
2400,2024,Sudeste,RJ,Urbana,Médio,81547,M,105,1305.18,0.744,27.58,1,4.91,7.31,67.9,23.78,86.58,79.27,1,100.0,1
2401,2023,Sudeste,MG,Urbana,Pequeno,17512,F,94,935.83,0.602,19.08,0,5.59,8.74,63.98,24.56,52.98,71.4,1,99.97,1
2402,2022,Nordeste,CE,Urbana,Pequeno,10899,F,84,720.36,0.667,38.25,0,3.54,7.04,69.35,17.71,64.4,77.74,1,73.95,0
2403,2023,Centro-Oeste,MT,Urbana,Pequeno,19721,M,94,1042.22,0.74,28.74,0,5.68,6.81,59.5,23.06,27.7,71.53,1,93.81,0
2404,2022,Nordeste,CE,Urbana,Grande,8321725,F,102,693.58,0.565,24.12,1,5.13,7.07,56.03,25.59,56.69,71.66,0,88.82,1
2405,2024,Sudeste,SP,Urbana,Grande,8557712,M,84,1000.23,0.617,12.74,1,6.1,6.34,73.82,21.16,64.18,69.09,1,77.66,0
2406,2024,Sudeste,RJ,Rural,Médio,33330,F,106,890.58,0.727,5.85,0,4.08,5.59,94.34,25.41,77.64,74.68,0,88.37,0
2407,2023,Sudeste,SP,Rural,Grande,9622434,F,101,799.94,0.673,18.99,0,,6.21,84.22,20.86,39.36,78.19,0,90.63,0
2408,2022,Nordeste,MA,Urbana,Médio,88058,F,105,501.63,0.602,28.36,1,5.09,5.89,98.21,29.33,39.07,72.02,0,75.82,0
2409,2023,Centro-Oeste,MS,Urbana,Pequeno,8321,F,106,776.68,0.678,38.52,0,6.33,4.98,70.3,18.47,61.95,71.45,1,86.86,0
2410,2024,Sudeste,RJ,Rural,Pequeno,9357,M,91,1206.17,0.687,8.4,0,4.11,6.92,86.13,23.09,60.32,62.42,1,96.98,0
2411,2024,Nordeste,RN,Urbana,Médio,130509,M,102,599.8,0.594,20.99,0,4.27,4.21,41.33,21.52,40.72,63.45,0,77.51,0
2412,2022,Centro-Oeste,DF,Urbana,Pequeno,18668,F,91,710.13,0.796,15.93,0,,7.09,74.96,18.69,49.53,68.7,0,89.14,1
2413,2022,Sul,SC,Urbana,Pequeno,7960,M,94,824.44,0.73,11.12,0,7.06,7.54,79.25,17.21,67.72,70.88,0,77.55,1
2414,2022,Sul,PR,Urbana,Pequeno,9963,M,102,616.55,0.755,25.93,0,7.11,5.66,71.14,20.93,60.66,83.22,1,89.16,1
2415,2023,Sul,PR,Urbana,Médio,46384,M,97,919.48,0.608,35.12,1,6.1,6.76,57.06,19.82,77.08,74.63,1,93.67,0
2416,2023,Sudeste,SP,Urbana,Pequeno,13313,M,84,1235.41,0.722,33.03,1,4.84,3.48,69.15,16.65,39.54,63.72,1,93.02,1
2417,2023,Norte,PA,Urbana,Pequeno,19605,F,91,849.44,0.675,30.07,1,4.98,6.54,67.41,11.65,51.57,71.64,1,81.7,1
2418,2023,Sul,RS,Rural,Pequeno,8734,F,101,150.0,0.737,14.4,0,5.55,6.5,81.79,19.52,52.97,75.9,1,87.58,0
2419,2024,Sudeste,MG,Urbana,Pequeno,8464,F,104,981.88,0.745,25.83,0,7.59,5.27,94.08,26.97,70.57,73.79,1,85.15,0
2420,2022,Centro-Oeste,MT,Rural,Grande,8418905,M,93,1411.95,0.759,15.76,1,3.53,6.35,74.4,22.6,41.86,67.0,1,81.26,0
2421,2023,Sudeste,RJ,Urbana,Pequeno,5073,M,85,1333.8,0.716,26.94,1,5.48,5.8,84.46,22.42,92.85,66.84,1,88.16,0
2422,2023,Sul,RS,Urbana,Médio,157715,M,96,982.63,0.744,8.95,0,6.75,5.45,47.45,20.86,54.42,73.1,0,96.43,0
2423,2024,Sul,PR,Urbana,Pequeno,15302,F,101,1050.12,0.672,22.6,0,4.48,4.6,84.82,28.91,90.65,58.12,1,100.0,1
2424,2023,Nordeste,AL,Urbana,Médio,28339,F,101,,0.678,24.24,0,5.55,6.15,85.61,19.14,43.73,64.05,0,78.29,0
2425,2022,Sudeste,MG,Urbana,Médio,72531,M,100,1192.92,0.786,30.18,0,5.23,4.25,67.4,15.42,85.02,70.18,1,77.92,0
2426,2022,Nordeste,CE,Urbana,Médio,134250,M,105,755.43,0.62,18.2,1,4.73,7.61,83.0,23.52,46.7,78.82,1,76.14,0
2427,2024,Nordeste,PI,Urbana,Médio,124227,F,102,959.78,0.565,35.49,0,3.86,5.84,68.1,12.1,80.25,74.54,1,97.63,0
2428,2024,Nordeste,PE,Rural,Pequeno,19945,F,94,538.34,0.745,23.7,0,4.74,5.96,67.86,17.31,63.09,73.4,1,85.11,1
2429,2023,Centro-Oeste,DF,Rural,Pequeno,3350,M,103,969.44,0.738,19.49,0,4.91,4.41,88.17,16.23,61.23,73.25,0,73.96,0
2430,2024,Sudeste,MG,Urbana,Pequeno,10550,F,87,1000.66,0.692,25.68,0,6.08,6.95,70.63,18.17,65.21,73.74,0,100.0,0
2431,2024,Sudeste,SP,Rural,Médio,100204,M,84,1129.59,0.728,9.91,0,5.04,5.51,63.76,16.44,64.68,70.67,1,100.0,0
2432,2022,Nordeste,BA,Urbana,Pequeno,3611,F,87,,0.659,27.15,1,,8.83,45.68,27.51,36.87,68.98,0,75.3,0
2433,2022,Sul,RS,Urbana,Pequeno,19270,F,102,680.23,0.607,20.76,1,7.62,8.21,62.35,22.52,70.99,63.45,1,100.0,1
2434,2023,Sudeste,RJ,Urbana,Pequeno,17661,F,96,942.72,0.767,17.39,0,5.88,7.15,67.52,28.81,54.74,78.59,1,82.73,1
2435,2022,Centro-Oeste,DF,Urbana,Médio,46475,M,102,1028.72,0.581,31.62,0,2.91,9.67,70.65,17.43,66.4,65.71,1,86.38,0
2436,2024,Nordeste,PI,Urbana,Médio,152368,F,98,,0.576,30.25,1,3.56,7.47,57.39,20.47,42.27,69.38,0,79.42,0
2437,2022,Nordeste,AL,Urbana,Pequeno,2633,M,97,,0.559,33.03,1,4.08,10.0,44.3,22.24,52.42,68.09,0,77.81,0
2438,2024,Sudeste,RJ,Rural,Médio,98064,F,100,1572.67,0.715,43.11,1,4.7,6.72,79.08,25.14,66.86,77.53,1,87.67,1
2439,2023,Nordeste,PI,Urbana,Grande,11180405,F,100,1058.67,0.726,32.19,1,3.12,6.34,78.19,23.26,59.13,63.34,0,86.67,0
2440,2023,Sudeste,ES,Urbana,Médio,141101,M,106,700.64,0.709,2.32,0,,5.96,90.85,24.81,46.16,71.72,1,98.37,0
2441,2024,Sul,PR,Urbana,Médio,36158,M,98,1254.85,0.706,9.84,0,3.82,8.11,84.4,28.94,79.28,68.31,0,81.18,1
2442,2023,Sudeste,RJ,Urbana,Grande,1983678,F,84,1015.58,0.665,24.9,0,8.53,4.95,71.55,13.77,76.74,64.67,0,85.9,0
2443,2022,Sul,PR,Urbana,Pequeno,10445,M,102,1056.77,0.699,23.29,0,2.55,7.32,73.8,18.17,54.72,65.4,0,93.57,0
2444,2023,Nordeste,RN,Urbana,Pequeno,7838,F,107,959.8,0.643,32.32,1,5.3,4.18,30.79,28.02,55.23,71.36,0,98.96,1
2445,2022,Centro-Oeste,GO,Urbana,Pequeno,15806,M,93,1095.32,0.765,18.11,1,5.04,3.52,82.46,21.86,59.41,73.48,0,80.9,1
2446,2022,Nordeste,RN,Rural,Pequeno,16776,F,101,624.45,0.633,23.29,1,5.4,4.31,48.34,21.89,34.99,75.18,1,90.43,0
2447,2022,Nordeste,BA,Urbana,Grande,2990461,M,103,1161.39,0.704,35.95,1,6.76,4.54,42.24,25.81,45.01,62.01,0,90.43,0
2448,2023,Nordeste,PB,Urbana,Médio,169086,F,105,517.64,0.684,30.88,1,3.59,4.65,72.35,28.26,51.91,71.48,1,96.02,0
2449,2024,Nordeste,AL,Urbana,Pequeno,11076,M,103,687.09,0.61,24.86,1,6.34,5.17,55.73,22.27,57.02,71.96,1,100.0,0
2450,2024,Sudeste,ES,Urbana,Médio,43013,F,101,1224.77,0.746,14.02,0,5.75,6.37,85.04,21.9,65.3,71.65,1,82.11,0
2451,2024,Nordeste,SE,Urbana,Pequeno,2081,M,101,738.71,0.623,17.56,1,3.64,8.04,54.93,17.17,90.35,61.1,1,85.7,0
2452,2024,Sudeste,MG,Urbana,Pequeno,7049,M,103,1289.18,0.69,16.49,0,5.67,7.68,71.45,19.9,78.55,78.97,1,83.19,0
2453,2023,Sul,SC,Urbana,Médio,129732,M,85,1008.38,0.691,24.59,0,4.6,5.73,68.64,21.81,86.93,60.47,1,87.57,0
2454,2024,Sudeste,ES,Urbana,Médio,182462,M,88,1041.94,0.805,15.39,0,5.67,4.56,92.57,20.97,72.37,79.4,0,89.73,0
2455,2024,Sudeste,ES,Urbana,Grande,1730853,F,84,693.46,0.851,26.68,0,5.26,5.13,100.0,12.23,70.39,71.14,1,76.23,0
2456,2023,Sul,SC,Urbana,Pequeno,16686,F,106,2046.35,0.632,20.28,0,5.75,6.64,100.0,20.47,80.88,60.85,1,93.74,0
2457,2022,Sudeste,ES,Urbana,Médio,32656,M,100,576.23,0.76,20.57,0,5.48,4.19,90.43,19.68,49.48,82.32,0,95.7,1
2458,2024,Sudeste,MG,Urbana,Grande,9170743,M,96,,0.702,19.83,0,5.02,6.91,77.0,23.56,60.4,74.25,0,88.55,1
2459,2024,Norte,AP,Urbana,Pequeno,13462,F,90,544.02,0.651,26.29,0,6.2,6.9,60.66,23.05,54.66,66.08,1,96.06,1
2460,2024,Nordeste,RN,Urbana,Pequeno,19325,F,85,,0.577,27.4,1,,6.04,72.05,22.04,33.93,66.44,1,84.62,1
2461,2022,Sudeste,MG,Urbana,Pequeno,8525,M,106,1177.95,0.675,14.11,0,5.72,7.4,61.82,20.26,64.31,72.63,0,97.87,1
2462,2024,Sudeste,RJ,Urbana,Pequeno,15440,F,107,899.27,0.632,21.8,0,6.3,4.17,75.16,20.59,63.46,77.73,1,89.95,1
2463,2024,Sudeste,ES,Urbana,Pequeno,8007,F,92,919.9,0.755,16.38,0,4.19,4.98,82.86,23.39,97.63,71.63,1,81.42,1
2464,2024,Sudeste,ES,Urbana,Pequeno,11599,M,94,837.83,0.557,27.29,1,3.87,6.35,89.8,27.05,75.52,75.63,1,80.49,1
2465,2022,Sudeste,RJ,Urbana,Grande,4761588,M,97,677.64,0.702,23.77,0,6.47,8.9,86.08,24.96,47.3,66.58,0,84.87,0
2466,2024,Sudeste,MG,Urbana,Pequeno,17213,F,97,687.52,0.658,13.88,1,7.15,4.91,45.29,13.14,72.34,62.83,1,90.66,0
2467,2023,Sudeste,SP,Urbana,Pequeno,8128,M,87,1086.64,0.735,37.72,1,4.25,3.07,75.86,18.58,55.76,66.52,1,88.27,1
2468,2022,Sul,SC,Rural,Grande,11277800,F,105,558.95,0.66,26.91,0,4.41,4.24,67.57,18.21,20.71,77.01,1,95.94,0
2469,2023,Nordeste,RN,Urbana,Pequeno,7054,F,91,824.32,0.593,39.18,1,7.38,5.2,65.74,20.74,42.6,65.85,1,83.38,1
2470,2022,Sudeste,SP,Urbana,Pequeno,19631,F,105,736.45,0.726,24.24,1,3.81,8.42,66.28,17.37,82.94,78.18,0,92.74,0
2471,2024,Nordeste,PI,Urbana,Pequeno,5060,F,104,576.59,0.709,36.88,1,5.0,6.58,41.67,23.7,74.73,69.65,1,82.24,0
2472,2024,Sul,PR,Urbana,Pequeno,2289,M,94,1006.61,0.658,31.65,0,1.67,6.43,74.95,21.73,70.98,68.47,1,88.83,0
2473,2024,Nordeste,PI,Rural,Pequeno,13734,F,106,809.01,0.596,45.19,1,5.48,5.37,77.5,14.37,83.33,72.98,1,91.75,0
2474,2022,Nordeste,MA,Urbana,Pequeno,7087,M,93,549.88,0.697,20.59,0,6.12,5.72,51.54,26.38,61.98,68.07,1,100.0,0
2475,2022,Nordeste,PB,Urbana,Médio,130138,F,92,750.81,0.774,22.68,0,7.68,6.83,40.99,21.67,66.03,75.73,1,92.54,1
2476,2024,Nordeste,AL,Urbana,Médio,105565,M,91,993.46,0.593,37.29,0,4.21,6.67,85.69,22.21,42.01,64.98,0,91.52,0
2477,2022,Sudeste,MG,Urbana,Médio,24586,M,85,1205.86,0.677,17.24,0,5.5,4.63,63.64,23.42,58.15,62.75,0,,1
2478,2023,Sudeste,SP,Urbana,Médio,174520,F,106,1343.92,0.662,15.39,1,5.08,5.07,64.06,25.7,54.94,74.01,1,96.7,1
2479,2024,Norte,AP,Rural,Grande,272360,M,85,659.16,0.446,33.75,1,4.4,7.35,77.73,19.53,38.96,72.67,0,72.52,0
2480,2023,Nordeste,RN,Urbana,Pequeno,9327,F,101,684.47,0.69,20.28,0,5.52,5.03,92.15,23.71,34.48,60.65,0,94.13,1
2481,2024,Sudeste,MG,Urbana,Pequeno,11138,M,93,954.47,0.561,7.15,1,5.72,6.97,73.49,16.61,46.0,60.95,1,,1
2482,2024,Nordeste,CE,Urbana,Médio,178571,F,84,832.01,0.765,22.88,0,3.73,7.4,55.02,16.9,61.62,66.58,1,79.41,1
2483,2023,Nordeste,BA,Urbana,Pequeno,13166,F,105,871.29,0.753,42.05,1,4.06,4.47,76.07,26.92,56.73,68.49,1,70.38,1
2484,2023,Sudeste,RJ,Rural,Pequeno,7593,M,98,1231.8,0.622,12.2,0,4.23,5.58,70.04,17.73,57.62,76.4,1,83.82,1
2485,2023,Nordeste,BA,Rural,Pequeno,3611,F,105,862.63,0.623,21.83,0,4.57,6.9,30.69,21.91,77.27,71.38,1,78.94,1
2486,2024,Sudeste,SP,Urbana,Médio,67496,F,90,798.55,0.748,16.41,0,7.01,6.74,76.74,20.66,79.57,65.08,1,93.61,0
2487,2024,Sul,SC,Urbana,Pequeno,13769,M,96,662.51,0.778,35.65,1,4.7,2.49,46.85,24.03,86.33,67.34,0,79.96,0
2488,2022,Norte,AC,Rural,Grande,10050580,M,91,,0.627,16.46,0,5.08,4.78,69.5,21.75,55.86,68.35,1,86.46,1
2489,2023,Norte,RO,Rural,Pequeno,8669,M,101,778.82,0.637,44.63,1,,2.59,59.77,16.02,30.23,70.51,0,99.67,1
2490,2022,Sul,SC,Urbana,Pequeno,10632,M,101,1134.7,0.745,28.55,0,4.26,4.6,68.18,33.67,88.06,68.5,1,91.18,0
2491,2022,Nordeste,AL,Urbana,Médio,141264,F,92,602.75,0.678,22.77,1,7.91,5.43,100.0,19.25,47.21,66.79,1,92.91,0
2492,2023,Sul,RS,Urbana,Pequeno,9256,M,86,1111.28,0.75,16.47,0,6.28,7.92,78.55,28.34,64.6,66.33,1,81.85,1
2493,2023,Centro-Oeste,MS,Rural,Pequeno,5719,M,105,789.09,0.746,18.54,0,5.0,5.57,70.85,19.23,80.91,75.78,1,73.42,1
2494,2023,Sul,SC,Rural,Médio,182800,F,89,1263.01,0.718,17.1,1,5.78,6.02,83.45,18.19,56.9,65.65,1,83.11,0
2495,2024,Nordeste,RN,Rural,Pequeno,18237,F,98,971.9,0.6,28.12,1,,2.71,100.0,18.45,89.09,66.27,0,81.57,1
2496,2023,Sudeste,SP,Rural,Grande,7304866,F,105,1657.72,0.719,22.54,1,2.2,9.72,60.72,17.87,54.73,76.42,1,85.34,0
2497,2022,Sudeste,RJ,Urbana,Médio,69315,F,101,897.5,0.666,18.65,0,6.12,5.85,68.81,26.62,40.96,85.24,0,92.16,1
2498,2023,Nordeste,AL,Urbana,Médio,198579,F,87,772.81,0.708,19.25,0,3.38,6.73,56.38,24.68,49.05,59.98,0,95.76,1
2499,2022,Sul,RS,Urbana,Médio,28817,F,97,1010.71,0.638,24.54,0,4.97,5.0,81.61,27.73,98.34,73.23,0,99.51,0
2500,2023,Sul,PR,Urbana,Pequeno,5264,F,89,,0.724,18.21,0,6.28,7.76,100.0,24.44,61.12,58.46,0,96.16,1
2501,2022,Sudeste,ES,Urbana,Pequeno,16497,M,104,1374.29,0.673,21.78,0,3.82,5.98,68.93,22.38,100.0,61.41,1,84.26,1
2502,2022,Sudeste,RJ,Urbana,Pequeno,3925,F,88,1063.67,0.655,32.87,1,5.55,6.67,82.16,24.24,65.03,66.42,1,76.14,1
2503,2022,Nordeste,PI,Rural,Pequeno,4056,M,93,150.0,0.551,33.49,1,5.53,9.9,69.69,22.22,61.73,62.55,1,100.0,0
2504,2022,Nordeste,PI,Urbana,Grande,10350593,F,97,442.28,0.609,4.78,0,5.53,6.25,68.56,19.09,52.07,66.51,1,83.99,1
2505,2023,Nordeste,SE,Rural,Pequeno,17321,M,104,1227.06,0.617,28.34,1,2.54,5.69,61.87,26.2,51.09,70.76,1,77.83,0
2506,2023,Nordeste,CE,Urbana,Pequeno,3263,M,85,727.69,0.577,48.13,1,4.85,8.3,79.34,24.79,74.54,71.26,1,85.45,0
2507,2024,Nordeste,BA,Urbana,Pequeno,14096,M,88,238.53,0.627,26.46,1,4.88,4.49,70.56,29.93,76.57,58.95,1,99.48,0
2508,2022,Sul,SC,Urbana,Pequeno,9076,M,94,782.77,0.766,12.99,1,5.98,6.77,64.34,22.7,94.03,69.3,0,91.1,0
2509,2022,Norte,AP,Urbana,Grande,4548238,F,85,567.3,0.616,19.48,1,4.65,6.91,64.9,18.94,68.79,58.34,1,98.8,0
2510,2022,Nordeste,CE,Urbana,Pequeno,17727,F,103,634.89,0.579,38.43,0,6.7,3.09,37.75,28.84,5.0,62.42,1,88.49,1
2511,2024,Sudeste,MG,Urbana,Grande,10137967,M,103,1411.47,0.701,31.69,0,5.82,4.46,64.89,35.76,54.58,70.21,0,94.83,0
2512,2022,Sudeste,RJ,Urbana,Médio,105137,M,97,1139.19,0.675,29.17,0,6.81,4.94,53.28,13.97,100.0,76.03,0,94.28,1
2513,2024,Sul,RS,Urbana,Pequeno,17506,M,84,1114.92,0.714,38.47,0,2.18,5.99,95.29,18.25,63.83,71.65,0,81.77,1
2514,2024,Sudeste,MG,Urbana,Pequeno,15678,F,102,843.02,0.737,10.05,0,4.98,6.21,70.94,23.41,91.14,80.52,1,95.6,1
2515,2022,Sul,PR,Urbana,Pequeno,16259,M,103,1205.48,0.777,31.39,0,7.65,5.89,96.99,16.86,22.96,65.37,1,81.54,1
2516,2024,Nordeste,CE,Urbana,Médio,140011,M,96,880.04,0.705,25.45,1,4.43,4.45,56.76,12.72,26.33,72.5,0,81.08,0
2517,2022,Norte,PA,Urbana,Grande,9577665,M,94,798.49,0.599,31.46,0,6.32,5.24,100.0,28.51,57.78,69.56,1,80.18,1
2518,2022,Sudeste,MG,Rural,Pequeno,6402,M,100,1117.12,0.77,9.65,0,6.05,6.11,70.96,20.96,71.22,72.06,1,89.96,0
2519,2023,Sul,SC,Urbana,Grande,9922291,M,102,1375.79,0.742,28.25,1,5.38,7.55,72.68,26.64,44.51,76.44,0,76.43,0
2520,2024,Sudeste,RJ,Urbana,Médio,123579,F,98,1007.35,0.707,20.72,1,5.09,4.26,64.83,21.23,86.75,70.89,0,,1
2521,2024,Norte,RO,Urbana,Médio,186299,F,92,512.18,0.648,31.62,1,3.49,4.57,82.08,20.48,22.45,62.75,0,78.29,0
2522,2023,Sul,PR,Urbana,Médio,175591,M,97,1127.83,0.662,12.74,0,7.11,8.25,56.63,14.57,79.92,81.54,1,99.86,0
2523,2022,Centro-Oeste,GO,Rural,Pequeno,5306,M,100,661.03,0.725,22.35,0,5.01,3.45,88.45,22.23,82.24,75.85,0,75.79,0
2524,2023,Nordeste,SE,Urbana,Pequeno,14764,F,84,1047.48,0.662,45.06,1,8.04,5.93,30.18,22.89,48.67,69.36,1,80.15,0
2525,2022,Nordeste,CE,Urbana,Médio,194757,M,96,150.0,0.676,29.56,0,2.53,7.73,57.87,26.99,53.24,75.8,0,80.08,0
2526,2024,Centro-Oeste,GO,Urbana,Médio,114078,F,99,1031.0,0.592,25.24,0,,6.85,82.5,18.99,83.23,69.95,0,91.45,0
2527,2024,Norte,AP,Urbana,Pequeno,6561,M,88,562.46,0.706,29.69,0,3.54,6.03,58.6,29.67,61.38,63.27,1,83.9,0
2528,2023,Nordeste,RN,Urbana,Pequeno,13074,F,89,1041.93,0.648,22.9,0,6.01,6.83,51.26,32.71,35.48,73.56,1,83.2,0
2529,2022,Sudeste,SP,Urbana,Médio,138486,M,100,879.7,0.662,29.13,1,5.33,3.47,82.93,19.52,69.51,62.28,0,87.36,0
2530,2024,Norte,RO,Urbana,Médio,38299,F,92,,0.657,30.01,0,3.68,4.75,76.51,21.05,45.8,64.04,1,92.43,0
2531,2024,Sudeste,SP,Urbana,Pequeno,18254,F,105,523.08,0.714,14.36,0,4.49,6.78,95.3,24.09,40.77,71.94,0,100.0,1
2532,2023,Sudeste,SP,Rural,Pequeno,17482,F,89,1128.03,0.662,23.48,1,7.07,4.06,77.36,24.56,53.71,78.36,1,75.71,1
2533,2024,Norte,TO,Urbana,Médio,77460,F,86,1182.16,0.603,28.02,0,2.05,4.93,80.68,25.23,45.74,69.32,1,90.54,0
2534,2022,Centro-Oeste,DF,Urbana,Grande,10323634,M,90,1314.96,0.704,18.49,0,4.19,4.92,66.21,26.53,74.25,74.68,1,93.01,1
2535,2023,Sul,SC,Urbana,Pequeno,18138,F,91,1029.29,0.58,40.6,0,4.44,8.2,56.48,22.99,55.42,69.99,1,88.01,0
2536,2024,Nordeste,BA,Urbana,Grande,4041665,F,90,569.97,0.604,35.39,0,3.67,4.18,94.44,20.74,70.47,71.25,1,78.79,0
2537,2022,Centro-Oeste,MT,Urbana,Médio,142511,M,96,1134.03,0.705,31.36,0,6.49,5.61,49.2,12.08,55.2,66.32,1,100.0,0
2538,2022,Sudeste,MG,Urbana,Pequeno,4261,M,92,860.49,0.82,22.51,0,5.44,8.32,73.27,19.49,67.4,75.46,1,91.04,0
2539,2023,Sul,SC,Urbana,Pequeno,14297,F,90,657.45,0.828,28.22,0,5.27,5.65,75.34,18.43,36.34,68.39,1,97.78,1
2540,2023,Nordeste,RN,Rural,Médio,103286,M,95,489.69,0.652,19.99,0,4.2,3.85,84.78,17.38,60.1,61.06,1,81.61,1
2541,2022,Nordeste,PE,Urbana,Pequeno,16919,F,88,1023.05,0.615,34.76,0,3.52,5.03,95.92,17.94,73.35,72.7,1,76.81,0
2542,2024,Centro-Oeste,MS,Urbana,Pequeno,3315,M,92,1254.69,0.684,25.11,1,6.16,4.36,64.04,21.89,44.44,77.23,0,91.47,0
2543,2024,Sudeste,SP,Urbana,Pequeno,19848,F,88,1083.04,0.681,1.0,0,4.27,4.67,55.27,13.56,72.81,83.28,1,88.45,0
2544,2023,Sudeste,MG,Rural,Pequeno,15589,M,94,1044.38,0.682,17.68,1,5.9,8.41,78.01,21.47,75.28,60.91,0,75.55,1
2545,2023,Sudeste,MG,Urbana,Médio,87470,M,98,1056.76,0.733,22.77,0,7.18,8.23,80.03,22.0,78.01,77.8,1,97.57,1
2546,2024,Sul,SC,Urbana,Pequeno,9305,M,91,1235.75,0.665,21.46,0,5.44,3.5,100.0,18.38,54.51,71.66,1,90.35,0
2547,2023,Sul,PR,Urbana,Pequeno,10070,M,94,1116.1,0.708,10.67,0,4.99,6.48,43.45,17.86,54.82,73.75,0,98.94,1
2548,2024,Centro-Oeste,GO,Urbana,Pequeno,9503,F,85,1279.89,0.657,24.88,0,6.36,5.59,61.78,22.15,30.64,72.96,0,83.25,1
2549,2022,Norte,AM,Urbana,Pequeno,8696,M,98,434.2,0.625,21.91,0,3.0,6.59,83.55,27.29,62.68,69.21,0,85.72,0
2550,2024,Sudeste,RJ,Urbana,Médio,152785,M,96,806.78,0.63,24.91,0,3.96,4.48,73.31,21.95,81.33,74.81,0,86.4,1
2551,2022,Nordeste,PB,Urbana,Pequeno,14042,M,102,669.73,0.605,7.84,0,5.64,6.26,72.58,28.3,45.08,62.77,1,76.67,0
2552,2023,Sudeste,MG,Urbana,Médio,111593,M,100,979.47,0.673,9.21,0,6.57,8.26,89.64,23.4,93.24,66.66,1,90.88,0
2553,2024,Sul,PR,Urbana,Pequeno,3742,F,105,1117.49,0.645,19.7,1,7.21,5.18,63.11,25.81,59.31,71.82,0,72.58,1
2554,2024,Sul,RS,Urbana,Grande,1351921,F,102,918.06,0.522,34.79,1,6.33,6.32,72.54,20.68,67.33,74.45,1,79.36,0
2555,2023,Sul,PR,Urbana,Médio,112079,M,97,558.11,0.752,30.13,0,5.32,9.8,84.04,33.46,88.08,77.24,1,89.92,0
2556,2023,Sudeste,RJ,Urbana,Pequeno,15422,M,87,779.67,0.708,19.72,0,4.76,7.03,74.03,25.23,45.85,70.56,1,91.35,1
2557,2022,Centro-Oeste,MS,Urbana,Pequeno,6890,M,96,,0.761,34.06,0,4.26,8.25,76.1,27.59,80.22,71.82,1,73.96,0
2558,2023,Sudeste,MG,Urbana,Pequeno,18986,M,90,1081.79,0.748,24.33,1,5.18,7.08,64.56,20.62,70.74,79.19,1,91.48,1
2559,2024,Centro-Oeste,GO,Rural,Pequeno,14107,F,86,937.54,0.661,37.78,0,5.32,8.32,63.06,20.9,77.62,79.12,0,75.49,1
2560,2024,Sudeste,MG,Urbana,Pequeno,19187,F,96,1059.18,0.752,31.11,0,5.48,6.67,88.74,15.93,64.79,73.5,0,97.81,1
2561,2024,Sul,SC,Urbana,Pequeno,5184,F,97,1197.76,0.736,1.0,0,5.41,6.56,46.86,27.96,69.82,75.13,1,93.25,0
2562,2022,Sudeste,SP,Urbana,Médio,133253,M,87,774.59,0.769,28.8,0,5.77,3.58,78.37,24.53,44.29,71.58,0,100.0,1
2563,2022,Nordeste,BA,Urbana,Pequeno,5885,M,107,1057.69,0.645,27.33,0,6.75,6.26,64.96,24.21,81.11,66.7,0,93.32,0
2564,2022,Nordeste,AL,Urbana,Pequeno,3840,M,95,1183.93,0.611,43.27,0,4.6,5.79,84.55,19.18,64.65,68.31,0,83.91,0
2565,2023,Sul,PR,Urbana,Pequeno,2699,F,92,1069.71,0.633,25.9,1,3.32,4.52,100.0,20.17,58.2,71.08,1,80.02,0
2566,2023,Sudeste,RJ,Urbana,Pequeno,17193,M,92,1242.99,0.709,18.52,1,4.47,5.71,97.71,19.9,56.1,68.19,1,88.86,0
2567,2022,Sul,RS,Urbana,Pequeno,13755,M,97,1002.52,0.681,36.41,0,5.01,5.76,69.56,19.07,48.93,74.24,0,92.44,0
2568,2023,Centro-Oeste,MT,Urbana,Médio,157900,F,94,775.22,0.7,17.68,1,7.61,5.49,67.52,23.42,46.03,67.29,1,80.76,0
2569,2024,Sudeste,RJ,Urbana,Pequeno,15207,M,96,1010.25,0.726,16.15,0,,6.52,48.77,16.94,85.89,78.47,0,83.22,1
2570,2022,Centro-Oeste,DF,Rural,Pequeno,14342,M,96,894.82,0.764,24.82,0,2.25,6.05,53.93,18.19,48.95,74.86,1,93.48,0
2571,2023,Sudeste,RJ,Urbana,Pequeno,16149,M,101,,0.784,4.96,0,4.64,5.03,83.24,18.98,65.96,78.96,1,88.22,1
2572,2023,Sudeste,SP,Urbana,Pequeno,17851,M,104,726.66,0.628,35.61,0,6.9,6.88,84.18,20.25,38.87,64.63,0,87.86,1
2573,2023,Sul,SC,Urbana,Pequeno,17524,M,92,542.35,0.785,13.9,1,6.3,5.18,71.93,24.13,48.95,70.07,0,100.0,0
2574,2024,Sul,SC,Urbana,Médio,67995,F,88,1076.0,0.735,18.3,0,6.89,7.33,87.81,20.07,48.82,68.59,1,83.6,1
2575,2024,Nordeste,CE,Urbana,Pequeno,18754,M,103,988.69,0.595,31.62,1,5.02,5.9,76.48,28.52,60.89,71.16,0,79.34,0
2576,2024,Nordeste,PI,Urbana,Médio,75569,M,104,869.15,0.618,28.03,0,5.38,6.5,65.99,24.34,52.12,66.86,1,81.62,0
2577,2022,Nordeste,RN,Urbana,Grande,5042852,M,103,1421.15,0.669,24.18,0,3.67,4.67,67.9,20.74,79.55,72.91,1,94.11,1
2578,2022,Sudeste,SP,Rural,Médio,163259,F,105,1250.79,0.721,34.14,1,4.43,7.14,73.74,17.45,71.33,68.42,0,72.98,0
2579,2022,Nordeste,PI,Urbana,Médio,168129,F,97,574.48,0.689,27.36,0,4.12,3.97,75.68,24.57,62.91,72.73,1,97.36,0
2580,2022,Nordeste,AL,Rural,Pequeno,10915,M,100,1376.16,0.727,34.09,0,3.41,5.51,43.1,25.19,51.93,68.36,0,84.89,0
2581,2023,Sudeste,MG,Urbana,Pequeno,13395,F,95,932.92,0.678,21.7,0,4.13,5.66,37.88,17.44,58.52,85.28,0,87.62,1
2582,2022,Sudeste,ES,Urbana,Pequeno,9851,M,92,924.48,0.763,24.29,0,6.7,5.32,93.14,13.71,78.36,68.23,1,75.84,0
2583,2023,Sudeste,RJ,Rural,Médio,142682,F,105,836.81,0.68,13.25,0,5.13,5.26,64.14,22.03,45.45,71.28,1,84.96,1
2584,2024,Sul,RS,Urbana,Pequeno,19695,F,107,1195.67,0.681,33.47,1,3.23,3.41,84.92,18.72,61.22,76.72,1,100.0,0
2585,2022,Nordeste,PI,Urbana,Pequeno,13388,M,95,830.75,0.59,29.01,0,6.43,4.93,54.61,21.73,41.43,69.68,0,79.42,0
2586,2023,Centro-Oeste,MS,Urbana,Pequeno,18325,F,87,778.98,0.678,28.39,0,5.52,2.25,92.68,15.0,46.29,60.66,1,100.0,0
2587,2023,Sudeste,ES,Urbana,Pequeno,19465,M,106,1131.93,0.615,15.97,0,6.35,6.73,67.48,20.63,50.92,70.98,1,79.57,0
2588,2022,Norte,AM,Urbana,Pequeno,5626,M,85,1279.74,0.588,40.19,1,2.82,6.53,40.94,21.13,79.49,63.68,1,94.95,0
2589,2024,Sul,RS,Urbana,Pequeno,3629,F,93,825.79,0.75,16.98,0,5.39,7.76,65.08,14.81,49.18,76.94,1,89.49,1
2590,2022,Nordeste,PE,Urbana,Pequeno,4084,M,104,1003.09,0.684,12.41,0,5.48,4.28,64.18,26.24,57.94,70.49,0,86.35,1
2591,2022,Nordeste,RN,Urbana,Grande,7686050,M,84,795.08,0.701,20.09,0,5.38,5.61,73.11,23.68,8.69,63.89,1,81.99,0
2592,2024,Sudeste,SP,Urbana,Médio,46982,F,105,1488.09,0.647,23.19,1,6.41,8.04,60.58,18.62,76.5,70.13,1,97.82,0
2593,2023,Sudeste,RJ,Urbana,Pequeno,12445,F,106,1485.43,0.696,11.63,0,5.51,8.14,66.94,17.44,64.29,69.8,1,79.16,1
2594,2024,Norte,AM,Urbana,Médio,188506,M,91,965.37,0.753,22.25,0,5.3,3.71,72.29,20.43,39.58,66.13,0,86.59,1
2595,2022,Sudeste,ES,Urbana,Pequeno,15761,M,100,1119.96,0.766,13.71,0,6.55,6.61,81.91,20.34,36.19,70.24,0,84.8,1
2596,2024,Nordeste,PB,Urbana,Pequeno,18357,F,90,458.04,0.634,28.58,0,4.08,5.7,81.25,18.83,10.01,74.7,0,82.44,0
2597,2023,Sul,RS,Urbana,Grande,11661372,M,97,789.96,0.733,15.54,0,5.37,4.12,55.44,15.54,80.17,64.96,0,90.78,0
2598,2022,Nordeste,PE,Urbana,Pequeno,18807,F,106,973.97,0.648,13.27,0,5.33,4.66,68.81,22.49,38.34,68.0,1,82.08,0
2599,2022,Sudeste,MG,Urbana,Pequeno,6786,M,90,753.81,0.713,7.87,0,6.1,5.02,100.0,21.47,31.91,75.03,1,94.92,0
2600,2022,Sudeste,ES,Rural,Grande,4008931,M,92,1564.82,0.796,15.77,0,5.65,6.92,57.17,16.82,40.43,69.37,1,91.21,1
2601,2024,Nordeste,PE,Urbana,Pequeno,5174,F,102,872.39,0.617,28.66,0,3.29,4.77,57.98,21.07,23.05,64.85,0,83.6,1
2602,2024,Sudeste,SP,Urbana,Pequeno,13142,F,103,1188.65,0.758,17.62,1,5.58,6.1,55.86,14.6,55.28,73.34,0,93.94,0
2603,2022,Norte,AC,Urbana,Médio,178475,F,104,672.41,0.74,23.06,0,4.28,6.46,68.9,17.37,57.73,79.08,1,88.98,0
2604,2023,Sudeste,MG,Urbana,Pequeno,3458,F,90,1125.06,0.585,11.16,0,4.98,5.99,68.73,20.66,33.69,71.07,1,95.88,1
2605,2024,Sudeste,RJ,Urbana,Pequeno,18761,F,105,1106.21,0.74,22.23,0,5.5,5.89,93.71,28.81,63.59,65.62,1,71.52,0
2606,2022,Norte,AM,Rural,Pequeno,6978,F,96,786.17,0.67,34.16,1,4.55,6.95,63.81,26.53,69.39,75.51,0,84.17,1
2607,2024,Sudeste,SP,Urbana,Pequeno,12291,M,100,1057.7,0.663,13.6,0,3.15,5.34,81.68,20.61,64.72,69.48,1,84.65,1
2608,2024,Nordeste,AL,Urbana,Médio,82175,F,86,846.23,0.69,24.09,1,6.11,2.33,77.85,21.61,62.99,76.82,0,78.07,1
2609,2023,Norte,AC,Urbana,Pequeno,15018,F,105,725.4,0.612,39.6,0,2.92,6.27,73.51,18.1,38.71,64.69,1,68.93,0
2610,2024,Sul,RS,Urbana,Pequeno,6152,F,87,768.75,0.787,17.58,1,4.33,7.3,62.52,27.57,75.26,75.56,1,89.26,0
2611,2022,Nordeste,CE,Urbana,Pequeno,3695,M,100,1081.44,0.659,27.38,0,4.82,7.15,50.93,17.64,33.53,73.61,0,82.65,1
2612,2023,Sudeste,MG,Rural,Pequeno,18423,F,97,856.41,0.573,17.88,0,6.49,6.83,54.58,18.79,100.0,66.94,1,81.18,0
2613,2022,Sudeste,SP,Urbana,Pequeno,19602,M,96,981.51,0.71,17.54,1,4.37,4.99,73.66,22.31,88.11,73.77,0,86.49,0
2614,2022,Sudeste,ES,Urbana,Médio,98036,M,90,976.44,0.736,20.67,1,4.6,9.35,91.1,20.2,76.65,72.59,0,91.0,1
2615,2023,Sudeste,MG,Urbana,Pequeno,9693,F,101,620.38,0.689,10.69,1,5.05,6.85,48.83,20.03,76.85,78.5,0,100.0,0
2616,2024,Sudeste,MG,Rural,Grande,2334757,F,86,931.38,0.687,29.83,0,6.7,6.78,73.32,24.12,69.2,73.45,1,97.06,1
2617,2024,Centro-Oeste,GO,Urbana,Pequeno,18315,M,107,912.57,0.708,21.37,0,4.77,4.92,75.8,18.56,64.98,78.49,0,84.88,0
2618,2024,Sudeste,RJ,Urbana,Pequeno,15470,F,96,1179.44,0.66,20.53,0,3.28,5.03,80.32,23.61,78.33,74.04,0,,1
2619,2024,Nordeste,PE,Urbana,Pequeno,10296,F,94,711.53,0.688,29.45,0,5.91,5.25,59.98,23.16,79.03,67.73,1,84.15,1
2620,2023,Sudeste,SP,Rural,Grande,8785707,F,91,1027.32,0.633,20.49,0,6.24,6.92,69.1,21.98,74.85,71.81,1,85.05,0
2621,2024,Sudeste,ES,Urbana,Pequeno,6598,M,99,1384.27,0.695,13.38,0,7.03,3.28,85.19,22.92,62.4,69.95,1,80.9,1
2622,2023,Sudeste,MG,Rural,Pequeno,4205,F,95,1263.81,0.794,28.83,1,5.46,5.43,77.46,24.62,59.77,71.28,1,90.28,0
2623,2024,Centro-Oeste,GO,Urbana,Grande,254753,M,98,936.74,0.713,33.77,1,,6.53,81.29,12.89,47.75,70.4,1,83.21,1
2624,2024,Sudeste,MG,Urbana,Pequeno,3483,F,100,660.12,0.704,22.12,1,5.05,5.24,95.64,22.14,47.66,73.7,0,88.94,1
2625,2024,Sul,SC,Urbana,Pequeno,4717,M,105,,0.731,29.55,0,5.68,3.36,76.62,28.13,75.4,76.1,1,93.52,1
2626,2023,Sudeste,ES,Rural,Pequeno,11346,F,99,1296.84,0.798,33.07,0,3.88,7.69,92.72,23.07,64.09,68.37,1,91.46,1
2627,2023,Sudeste,MG,Urbana,Médio,58033,F,90,912.5,0.686,27.95,0,4.79,9.66,50.65,18.99,54.07,72.03,1,90.21,0
2628,2023,Norte,AC,Urbana,Pequeno,15692,F,85,,0.61,33.13,1,2.39,4.99,75.05,22.33,35.02,71.53,0,82.29,0
2629,2023,Sudeste,RJ,Urbana,Médio,164680,M,98,1158.22,0.699,26.22,0,7.69,7.2,59.8,26.82,44.41,71.55,1,88.22,0
2630,2023,Nordeste,PI,Urbana,Médio,69580,F,88,754.35,0.626,34.34,1,4.24,7.69,87.66,27.82,33.34,62.31,0,80.94,1
2631,2022,Norte,RO,Urbana,Grande,8819539,F,99,1014.54,0.657,17.48,0,4.87,6.39,36.79,21.5,37.1,67.44,1,98.92,0
2632,2022,Sudeste,SP,Urbana,Médio,186926,M,98,1231.4,0.711,25.57,0,5.59,6.73,70.13,10.7,67.59,72.7,1,91.16,0
2633,2024,Sudeste,MG,Urbana,Médio,33073,M,90,1217.28,0.709,4.55,0,5.51,4.71,51.91,14.65,79.73,76.72,1,99.44,1
2634,2022,Centro-Oeste,MS,Rural,Pequeno,14566,M,107,871.09,0.666,21.18,1,5.33,10.0,72.75,20.18,60.99,66.13,1,100.0,1
2635,2022,Centro-Oeste,MT,Urbana,Médio,155382,M,88,944.95,0.543,28.02,1,5.46,4.79,100.0,17.55,43.09,69.11,1,93.32,0
2636,2022,Sudeste,MG,Urbana,Pequeno,17992,F,92,738.96,0.733,11.01,0,4.16,7.67,73.46,28.11,56.78,70.45,1,76.41,0
2637,2023,Centro-Oeste,MS,Urbana,Pequeno,19685,M,86,931.51,0.724,23.48,1,3.54,4.87,87.29,19.83,47.28,67.44,0,91.48,0
2638,2022,Sudeste,MG,Urbana,Pequeno,6647,M,94,788.71,0.616,14.35,0,6.68,5.72,62.08,23.32,99.58,69.37,1,74.33,0
2639,2023,Nordeste,AL,Urbana,Médio,102801,F,97,788.84,0.693,55.15,0,4.09,5.48,76.59,32.7,53.51,71.27,0,86.69,1
2640,2024,Sudeste,MG,Rural,Médio,165309,F,92,849.15,0.739,27.02,0,5.08,8.84,76.79,17.17,66.66,70.83,1,89.14,1
2641,2024,Norte,AM,Urbana,Médio,125883,F,87,1088.19,0.581,32.48,0,3.49,5.29,52.35,23.1,52.62,75.77,0,83.61,0
2642,2022,Sudeste,MG,Urbana,Pequeno,5582,M,84,1425.44,0.732,23.43,1,5.82,6.04,60.56,27.21,46.35,65.8,0,89.55,0
2643,2023,Nordeste,PI,Urbana,Pequeno,19192,M,89,751.01,0.729,31.92,0,6.32,7.1,55.45,25.94,87.41,77.38,1,89.12,0
2644,2022,Sudeste,ES,Urbana,Pequeno,3669,F,97,1322.12,0.711,30.53,1,6.08,9.08,57.85,20.12,57.99,75.25,1,100.0,1
2645,2024,Sudeste,MG,Urbana,Médio,119467,F,88,864.32,0.699,24.22,1,4.65,7.9,88.97,20.24,43.34,72.58,0,100.0,0
2646,2022,Norte,TO,Urbana,Grande,5875650,F,89,500.7,0.694,21.21,1,3.32,4.89,74.26,23.78,40.1,69.2,1,89.47,0
2647,2023,Sul,PR,Urbana,Médio,104227,M,105,658.52,0.674,8.42,1,5.98,6.97,100.0,19.44,47.94,78.18,0,93.02,1
2648,2023,Sudeste,RJ,Rural,Pequeno,19332,M,87,1387.55,0.746,6.29,0,6.36,6.46,88.39,26.21,55.76,65.4,1,91.31,1
2649,2024,Sudeste,ES,Rural,Pequeno,3215,M,104,961.5,0.674,20.32,0,4.21,8.06,70.39,29.13,66.38,69.48,0,88.35,0
2650,2023,Sudeste,MG,Rural,Grande,2724625,M,101,1008.25,0.817,16.19,1,4.53,8.91,74.22,16.55,49.82,67.02,1,85.24,0
2651,2022,Sudeste,SP,Urbana,Médio,182739,M,106,969.15,0.692,22.86,0,7.66,4.92,95.19,16.44,59.76,73.05,1,86.95,1
2652,2022,Nordeste,PE,Urbana,Médio,158498,F,84,706.84,0.64,45.16,1,4.53,4.15,66.35,20.69,87.93,71.35,0,96.77,0
2653,2024,Sudeste,RJ,Urbana,Pequeno,19609,M,94,816.08,0.738,25.5,1,5.85,6.62,83.07,26.24,79.15,67.16,0,84.59,1
2654,2024,Sudeste,SP,Urbana,Grande,369354,M,86,891.21,0.711,27.66,0,7.97,5.48,66.81,21.48,77.82,75.68,1,91.84,1
2655,2023,Norte,AC,Urbana,Pequeno,15654,M,88,1013.11,0.574,31.24,0,7.03,4.74,65.34,19.41,38.84,67.87,1,81.97,0
2656,2022,Sul,PR,Urbana,Pequeno,7284,M,101,1086.63,0.782,15.22,1,5.96,3.67,49.42,14.96,27.7,76.54,0,94.88,0
2657,2024,Sudeste,RJ,Urbana,Pequeno,15591,F,100,1056.21,0.784,14.73,0,5.42,5.0,66.9,24.47,49.67,85.37,1,93.81,1
2658,2023,Centro-Oeste,MS,Urbana,Médio,84012,F,105,1064.63,0.707,23.59,0,5.56,7.54,66.2,19.74,54.57,71.74,0,89.6,1
2659,2023,Sudeste,ES,Urbana,Pequeno,16477,M,100,1096.34,0.817,17.13,0,3.26,7.59,65.42,22.48,51.76,70.76,0,99.09,0
2660,2023,Centro-Oeste,MT,Rural,Médio,104339,M,100,,0.616,21.31,0,6.72,3.92,76.25,24.51,60.58,77.43,1,82.93,1
2661,2022,Sul,RS,Urbana,Médio,123353,F,104,758.23,0.796,6.87,0,5.48,7.38,70.59,22.06,77.34,71.52,1,100.0,1
2662,2023,Sudeste,MG,Urbana,Pequeno,14863,M,92,800.56,0.701,14.99,0,7.39,5.61,77.01,27.98,69.75,77.4,0,89.09,0
2663,2023,Nordeste,PI,Urbana,Pequeno,8213,F,97,345.21,0.613,24.44,1,5.71,7.06,48.68,22.82,84.4,73.23,1,76.92,0
2664,2023,Norte,RR,Urbana,Médio,56630,M,91,709.86,0.623,33.16,1,8.05,5.33,72.8,26.75,78.26,71.68,0,,1
2665,2022,Sudeste,SP,Rural,Médio,54174,F,104,786.1,0.782,23.47,0,6.61,7.0,42.14,24.1,66.96,65.18,0,85.73,1
2666,2024,Centro-Oeste,MS,Urbana,Médio,129646,M,99,888.42,0.638,33.09,1,4.05,7.13,68.34,25.43,57.27,66.89,1,81.59,0
2667,2024,Sul,RS,Urbana,Médio,59970,M,101,766.34,0.666,18.43,0,4.82,5.35,98.4,21.66,75.54,62.2,0,87.07,0
2668,2022,Norte,AP,Urbana,Pequeno,7112,F,94,,0.626,37.77,0,6.51,7.87,57.2,20.41,90.81,62.92,1,74.25,1
2669,2022,Nordeste,RN,Urbana,Médio,180859,M,103,829.44,0.544,21.97,0,2.81,5.77,70.23,23.56,91.87,63.8,1,93.64,0
2670,2022,Nordeste,RN,Urbana,Pequeno,18426,M,106,957.39,0.699,32.24,0,,5.7,58.03,32.37,69.26,73.57,0,100.0,0
2671,2024,Sudeste,ES,Urbana,Pequeno,14961,F,99,944.0,0.708,26.07,0,6.53,7.22,69.58,26.46,61.29,76.66,1,82.07,1
2672,2022,Sudeste,SP,Urbana,Pequeno,5104,M,104,1038.91,0.749,14.8,1,6.1,6.74,89.05,17.85,62.84,65.06,1,86.93,1
2673,2022,Sudeste,MG,Rural,Grande,10020689,F,106,971.53,0.728,19.86,0,4.95,6.25,98.17,25.98,52.05,68.17,0,84.78,0
2674,2024,Norte,TO,Urbana,Pequeno,11641,M,94,1076.64,0.683,20.35,0,6.37,7.35,85.76,25.9,31.67,64.21,1,71.43,1
2675,2022,Sudeste,MG,Urbana,Médio,111880,M,107,923.16,0.672,25.26,0,4.38,5.48,79.68,21.36,34.69,69.81,0,87.23,0
2676,2022,Centro-Oeste,MT,Urbana,Grande,2935112,M,102,825.52,0.63,9.54,1,4.8,5.92,66.34,15.98,56.94,62.48,1,90.22,0
2677,2022,Sudeste,SP,Urbana,Pequeno,18180,M,103,1164.67,0.762,9.3,0,4.83,5.09,69.59,22.72,87.05,68.81,0,88.52,1
2678,2024,Sudeste,RJ,Urbana,Grande,9655525,F,87,1018.07,0.677,29.11,0,4.78,7.84,69.79,20.77,80.91,73.57,1,77.25,0
2679,2022,Nordeste,PB,Urbana,Pequeno,4201,F,105,432.39,0.795,33.0,0,5.45,3.38,56.17,18.14,65.42,63.49,0,,1
2680,2022,Nordeste,BA,Urbana,Pequeno,2646,M,105,673.02,0.578,27.28,0,3.7,4.9,84.37,21.6,85.28,70.36,0,94.36,1
2681,2022,Sudeste,MG,Urbana,Médio,174738,F,84,1291.02,0.65,17.36,0,4.78,7.88,69.39,18.0,45.24,73.85,1,90.58,0
2682,2023,Nordeste,RN,Urbana,Pequeno,3405,F,100,897.23,0.689,33.9,1,6.16,4.6,48.13,23.71,48.52,77.71,0,89.98,1
2683,2024,Nordeste,CE,Urbana,Médio,41937,F,102,890.18,0.667,21.1,0,3.48,6.82,37.96,25.25,41.17,68.71,1,100.0,0
2684,2023,Sudeste,MG,Urbana,Pequeno,3702,F,92,1026.33,0.701,19.72,0,6.15,5.92,100.0,19.28,52.01,72.02,1,81.29,0
2685,2023,Sudeste,ES,Urbana,Pequeno,16953,F,91,960.2,0.744,17.94,1,4.89,6.79,76.27,20.68,100.0,79.8,0,99.81,1
2686,2023,Centro-Oeste,MS,Urbana,Médio,123034,M,98,881.02,0.733,23.39,0,3.47,4.58,77.4,28.67,69.14,70.33,0,81.83,0
2687,2023,Sudeste,RJ,Urbana,Pequeno,6746,M,107,1238.48,0.788,32.12,0,8.27,5.22,62.67,21.47,79.39,74.72,0,95.34,1
2688,2023,Nordeste,PB,Urbana,Pequeno,10726,M,107,893.37,0.733,31.4,0,3.68,8.69,50.72,22.58,49.09,61.83,0,88.75,0
2689,2024,Sul,SC,Urbana,Pequeno,19278,M,99,1305.86,0.649,23.17,0,4.69,7.78,70.04,14.08,71.64,71.11,1,75.22,0
2690,2022,Norte,RR,Rural,Médio,155881,F,102,915.47,0.645,28.99,1,5.13,8.4,58.42,25.34,39.92,73.18,1,83.14,0
2691,2023,Sudeste,RJ,Urbana,Médio,102484,M,100,766.45,0.801,17.2,0,8.31,6.72,60.67,21.91,61.1,71.84,1,73.16,0
2692,2023,Sudeste,ES,Rural,Médio,146215,F,85,1116.85,0.728,25.47,0,5.32,3.45,86.56,11.9,42.29,67.98,0,100.0,0
2693,2024,Sudeste,ES,Rural,Pequeno,8500,M,100,1338.19,0.665,16.12,1,3.22,8.18,64.85,20.24,90.71,68.8,1,93.69,0
2694,2024,Sudeste,ES,Rural,Grande,4778539,F,100,1183.26,0.711,17.05,1,6.91,6.84,94.44,23.3,68.73,67.71,0,89.85,1
2695,2022,Sudeste,MG,Rural,Pequeno,17931,F,95,1283.35,0.673,25.82,0,4.93,4.44,91.5,18.3,62.93,73.26,1,90.68,0
2696,2023,Norte,PA,Urbana,Médio,36183,F,91,860.7,0.709,42.91,1,3.06,5.83,69.96,16.5,40.67,76.86,1,100.0,0
2697,2024,Sudeste,SP,Urbana,Pequeno,4066,F,89,306.29,0.799,19.01,1,5.4,8.36,76.21,21.31,47.36,67.93,1,100.0,0
2698,2023,Sudeste,ES,Rural,Grande,5175335,F,85,,0.671,33.55,1,5.74,6.3,73.65,11.55,44.75,70.66,1,79.32,1
2699,2024,Nordeste,BA,Urbana,Pequeno,8575,M,102,797.82,0.643,18.49,0,5.22,6.95,76.31,20.87,28.52,72.25,0,100.0,1
2700,2024,Sudeste,ES,Urbana,Pequeno,12883,F,99,986.41,0.742,26.93,0,5.2,6.31,68.98,26.57,73.53,77.83,1,90.16,0
2701,2023,Sul,PR,Urbana,Pequeno,7760,M,96,1046.72,0.739,25.59,0,4.76,7.36,60.52,21.61,88.98,65.15,1,74.29,0
2702,2023,Nordeste,PI,Urbana,Pequeno,8757,F,85,741.65,0.692,37.99,0,4.25,3.84,55.5,25.2,33.89,80.05,1,85.75,0
2703,2022,Sudeste,SP,Urbana,Pequeno,15694,M,94,1294.42,0.691,24.58,0,6.28,5.74,70.67,17.45,97.22,73.03,1,87.97,1
2704,2022,Nordeste,AL,Urbana,Pequeno,10497,F,107,797.56,0.759,26.84,1,,6.72,51.83,18.6,45.36,71.42,1,91.53,0
2705,2024,Sudeste,RJ,Rural,Médio,145683,F,106,1384.07,0.76,15.71,0,7.26,6.98,78.18,21.48,91.68,76.37,0,90.63,0
2706,2023,Sul,SC,Urbana,Médio,60838,F,104,663.89,0.76,25.2,1,7.2,3.46,63.81,27.31,81.91,68.56,1,,1
2707,2024,Sudeste,ES,Urbana,Pequeno,15610,M,99,1346.12,0.715,24.95,0,5.41,7.89,40.95,19.07,46.94,79.18,1,82.4,0
2708,2022,Sudeste,ES,Urbana,Pequeno,15430,M,97,,0.709,26.6,1,5.53,6.27,85.41,28.41,41.67,65.77,0,100.0,1
2709,2024,Nordeste,SE,Urbana,Médio,23341,M,101,656.4,0.563,25.44,0,4.25,6.87,75.09,19.76,77.64,70.96,1,100.0,1
2710,2024,Sudeste,ES,Urbana,Pequeno,11608,F,99,979.15,0.695,13.79,0,6.1,4.14,55.43,24.1,66.91,63.14,1,78.08,1
2711,2022,Sudeste,SP,Urbana,Pequeno,11102,F,94,1297.72,0.818,22.32,0,5.08,6.73,75.22,16.7,57.31,76.2,1,96.34,1
2712,2022,Centro-Oeste,GO,Rural,Médio,181564,F,90,772.72,0.641,44.11,1,5.18,8.89,49.62,20.44,79.68,64.95,0,100.0,1
2713,2022,Sul,PR,Urbana,Médio,169795,M,89,1043.92,0.694,27.76,1,4.88,6.6,63.27,16.37,77.25,65.24,0,100.0,1
2714,2023,Norte,TO,Urbana,Médio,141368,M,94,904.43,0.557,39.95,1,3.1,5.3,74.28,18.1,40.55,66.72,1,90.99,0
2715,2022,Sudeste,RJ,Urbana,Pequeno,15861,F,96,438.73,0.753,19.98,0,4.18,5.72,81.18,22.39,59.66,65.69,1,87.89,1
2716,2022,Nordeste,PE,Urbana,Pequeno,2632,F,106,675.06,0.567,29.83,0,3.3,6.18,74.89,22.92,50.7,66.66,1,98.68,0
2717,2022,Nordeste,MA,Urbana,Pequeno,7523,M,101,692.55,0.656,19.77,0,,4.71,83.75,21.19,53.54,69.53,0,79.83,1
2718,2022,Norte,TO,Rural,Pequeno,12194,M,93,549.76,0.645,24.23,0,4.5,5.27,81.3,20.35,61.75,65.93,0,89.95,1
2719,2022,Sudeste,ES,Urbana,Médio,169202,F,106,907.66,0.657,9.63,0,3.68,7.85,90.33,18.43,86.54,72.01,1,94.26,0
2720,2024,Sul,RS,Rural,Pequeno,18226,F,87,672.13,0.754,18.09,0,4.53,5.7,81.9,13.22,81.52,78.6,1,91.41,0
2721,2022,Sudeste,MG,Rural,Pequeno,6053,M,100,1050.7,0.792,32.29,0,6.48,5.59,80.14,20.0,68.89,67.39,1,93.86,1
2722,2022,Sul,SC,Urbana,Grande,6253475,M,98,773.05,0.669,37.95,0,6.03,7.95,66.26,21.9,68.3,74.28,1,97.83,1
2723,2024,Norte,RR,Urbana,Grande,4422480,F,93,1165.98,0.528,22.02,1,4.61,5.85,55.49,22.19,67.07,64.09,1,84.43,0
2724,2024,Nordeste,CE,Urbana,Grande,576848,F,88,938.98,0.644,32.0,1,6.97,5.94,64.65,23.58,75.88,70.45,1,96.04,1
2725,2022,Sudeste,SP,Urbana,Grande,6097182,M,98,1127.84,0.785,27.58,1,5.83,6.79,92.18,16.69,65.23,70.35,0,90.46,1
2726,2023,Nordeste,MA,Urbana,Médio,119417,F,100,923.54,0.754,31.36,0,2.94,7.87,59.81,21.64,100.0,73.11,0,74.32,0
2727,2023,Nordeste,PE,Urbana,Médio,138173,M,96,921.77,0.558,32.67,0,3.63,4.86,55.74,17.98,32.18,73.65,1,82.54,0
2728,2022,Nordeste,MA,Urbana,Pequeno,18373,M,91,1222.7,0.651,28.09,0,6.4,4.05,95.83,22.27,40.02,59.58,1,84.25,1
2729,2024,Sul,RS,Urbana,Pequeno,11954,F,97,783.46,0.651,25.08,1,5.93,3.14,95.08,22.44,73.7,73.1,1,89.61,0
2730,2023,Nordeste,CE,Urbana,Pequeno,13906,M,99,473.2,0.696,23.0,1,,4.92,62.32,25.88,75.17,68.72,0,87.74,0
2731,2023,Sul,SC,Urbana,Pequeno,17790,F,91,363.11,0.583,19.84,0,6.38,6.98,48.46,23.96,60.64,75.68,1,85.39,1
2732,2023,Nordeste,RN,Rural,Grande,3840368,M,107,692.7,0.58,38.72,0,6.37,6.88,47.0,23.34,39.36,74.82,0,70.56,0
2733,2022,Nordeste,SE,Urbana,Grande,3742090,M,99,440.19,0.558,30.31,1,5.87,5.68,87.77,20.46,70.24,66.04,1,90.26,0
2734,2024,Sudeste,SP,Urbana,Pequeno,14842,F,104,1102.53,0.759,25.06,1,6.53,6.21,50.03,21.92,87.93,73.31,1,92.29,1
2735,2023,Nordeste,PI,Rural,Pequeno,14211,F,85,913.65,0.634,28.46,0,4.38,2.63,66.83,25.06,54.29,73.11,1,78.83,0
2736,2023,Sudeste,RJ,Urbana,Pequeno,17211,M,90,,0.702,11.91,1,7.38,6.13,52.24,25.07,46.06,74.38,1,98.46,0
2737,2022,Sudeste,MG,Urbana,Grande,10220600,M,93,1325.73,0.658,13.83,0,5.71,5.48,93.3,17.77,77.68,65.44,1,91.54,0
2738,2024,Norte,RR,Urbana,Pequeno,8668,F,85,1114.02,0.711,23.69,0,3.69,5.45,70.66,31.14,59.59,60.86,1,93.71,0
2739,2023,Sudeste,RJ,Urbana,Grande,2755695,F,92,1264.68,0.772,23.63,0,5.8,4.29,67.43,20.08,64.26,68.24,0,92.66,1
2740,2024,Nordeste,PE,Rural,Médio,155159,M,95,978.17,0.549,22.89,0,5.63,5.86,40.95,24.83,88.35,57.02,1,94.35,0
2741,2023,Sudeste,MG,Urbana,Pequeno,16948,M,91,,0.9,17.01,1,4.82,6.38,62.21,27.36,60.91,66.27,1,85.67,0
2742,2022,Nordeste,AL,Urbana,Pequeno,7497,F,105,877.77,0.685,32.41,1,5.8,6.73,77.6,15.49,24.28,64.53,1,78.67,0
2743,2022,Sudeste,MG,Urbana,Pequeno,7293,F,100,970.17,0.708,21.47,0,5.98,3.44,93.7,22.15,71.04,74.13,1,83.4,0
2744,2022,Sudeste,MG,Urbana,Pequeno,8473,M,93,864.94,0.645,11.69,0,6.6,7.43,55.17,24.0,65.26,65.04,1,95.13,1
2745,2023,Sudeste,RJ,Rural,Grande,6468535,F,99,745.57,0.673,27.06,0,5.03,4.77,76.55,17.08,71.08,66.54,0,92.13,0
2746,2023,Sul,RS,Urbana,Médio,163456,F,95,940.6,0.783,23.25,0,6.47,6.56,72.57,20.67,70.06,77.19,1,85.27,1
2747,2022,Nordeste,CE,Urbana,Grande,2820792,F,105,785.92,0.613,30.27,0,7.71,7.92,100.0,18.34,80.54,76.26,0,92.7,1
2748,2022,Centro-Oeste,MT,Urbana,Pequeno,18716,M,95,892.15,0.725,25.97,1,5.8,4.18,98.2,18.06,60.46,83.01,1,90.89,0
2749,2023,Nordeste,AL,Urbana,Pequeno,10944,M,95,942.69,0.741,24.81,1,6.08,7.05,79.75,17.82,67.51,70.94,0,90.4,0
2750,2022,Sudeste,ES,Urbana,Pequeno,8437,F,102,1060.87,0.745,12.29,0,6.08,6.72,90.19,24.41,50.6,54.81,1,93.26,1
2751,2024,Centro-Oeste,DF,Urbana,Pequeno,2707,M,102,1182.43,0.742,20.17,0,3.13,8.17,69.44,16.11,36.95,71.4,1,87.56,1
2752,2023,Nordeste,AL,Urbana,Médio,74961,F,91,780.46,0.607,41.06,1,4.43,5.31,85.53,26.78,26.14,71.9,0,79.78,0
2753,2023,Sudeste,SP,Urbana,Médio,93811,F,88,1172.14,0.607,21.97,0,3.23,4.46,71.28,21.24,63.19,65.68,0,90.23,0
2754,2024,Sudeste,MG,Urbana,Médio,159994,F,85,1143.02,0.78,22.23,1,6.32,6.64,69.85,24.97,64.43,71.9,1,79.95,0
2755,2024,Centro-Oeste,MT,Urbana,Médio,99328,M,89,996.16,0.766,29.83,0,5.83,4.19,73.87,18.91,67.99,66.9,1,89.12,0
2756,2024,Nordeste,MA,Urbana,Médio,83721,F,102,274.49,0.75,25.23,0,3.9,5.52,54.68,18.86,50.22,67.81,1,89.07,1
2757,2024,Sudeste,MG,Urbana,Médio,131807,F,94,1140.66,0.728,4.19,0,5.76,5.19,59.09,21.65,67.74,65.99,0,96.06,0
2758,2024,Nordeste,RN,Rural,Pequeno,14669,F,89,693.02,0.576,40.03,1,6.09,5.18,71.74,20.48,98.29,62.76,1,78.6,0
2759,2023,Sul,RS,Urbana,Pequeno,15647,F,103,631.89,0.7,14.73,1,1.41,5.81,69.27,26.92,82.6,73.71,1,92.9,1
2760,2023,Nordeste,RN,Urbana,Pequeno,6834,M,91,924.59,0.682,32.95,0,5.4,4.46,55.84,25.97,69.25,73.39,1,99.09,0
2761,2022,Sudeste,ES,Urbana,Grande,1141961,M,90,1124.09,0.727,18.14,0,,4.02,79.81,23.4,78.8,69.54,1,79.14,0
2762,2022,Sul,PR,Urbana,Pequeno,4019,M,89,827.1,0.656,20.94,1,5.12,4.66,53.66,20.63,85.77,74.86,0,84.66,0
2763,2024,Sul,PR,Rural,Médio,96736,M,94,769.59,0.648,24.06,1,5.53,5.78,86.75,25.28,58.23,62.1,0,88.81,1
2764,2022,Nordeste,RN,Rural,Médio,120698,M,91,753.19,0.598,30.15,0,4.65,4.02,70.2,23.25,63.04,67.82,0,97.96,1
2765,2024,Sudeste,MG,Urbana,Médio,138930,M,95,1236.89,0.713,2.49,0,3.79,3.53,71.05,23.44,81.98,73.98,1,87.52,0
2766,2023,Nordeste,PB,Rural,Grande,9769321,M,89,915.36,0.697,21.19,0,6.57,4.78,88.14,15.79,53.05,55.43,1,71.19,0
2767,2022,Norte,RO,Urbana,Médio,126723,F,85,436.07,0.545,18.78,0,6.09,7.19,74.13,27.71,43.82,58.32,1,71.12,1
2768,2023,Norte,RO,Urbana,Médio,25687,F,95,671.03,0.738,18.4,0,6.16,4.15,61.18,17.74,45.87,60.43,1,94.89,1
2769,2022,Sudeste,RJ,Rural,Pequeno,12192,M,91,1006.16,0.649,21.03,1,2.46,7.28,90.24,17.88,56.86,75.74,1,91.49,0
2770,2024,Sudeste,MG,Urbana,Pequeno,8336,M,107,204.81,0.805,15.14,1,8.62,5.4,70.85,22.47,70.59,68.41,1,90.1,1
2771,2022,Sul,RS,Urbana,Médio,125837,M,86,994.63,0.753,15.55,0,7.21,5.99,70.05,22.78,66.81,77.32,1,91.17,1
2772,2024,Sudeste,MG,Urbana,Pequeno,5912,M,94,,0.622,24.87,0,7.28,6.33,100.0,18.85,55.32,73.5,0,96.99,1
2773,2022,Nordeste,SE,Rural,Pequeno,9955,F,107,769.92,0.716,29.89,0,5.39,7.29,60.64,20.85,30.41,62.81,0,90.02,1
2774,2023,Nordeste,RN,Urbana,Pequeno,16474,F,91,637.7,0.703,43.1,0,3.62,3.73,92.3,26.47,43.24,69.2,0,,0
2775,2022,Centro-Oeste,DF,Urbana,Médio,127810,M,98,335.64,0.681,14.89,0,4.7,6.09,78.14,23.64,45.87,69.26,1,85.74,1
2776,2022,Sul,PR,Urbana,Médio,104793,F,97,1239.65,0.687,21.74,0,6.16,5.74,57.6,18.08,100.0,69.76,1,87.49,1
2777,2022,Nordeste,AL,Urbana,Grande,3570875,M,90,809.12,0.779,27.35,0,3.44,4.62,73.01,26.17,60.94,72.65,1,93.16,1
2778,2023,Sul,RS,Urbana,Grande,6821236,M,84,951.56,0.665,14.99,0,3.45,5.41,67.69,15.87,56.7,71.72,0,89.81,1
2779,2023,Nordeste,PI,Urbana,Grande,2208481,F,105,1281.34,0.654,23.81,0,7.54,4.83,54.48,12.38,18.29,75.6,0,86.82,0
2780,2023,Nordeste,PB,Urbana,Pequeno,3898,M,94,1047.41,0.613,28.84,0,6.87,6.42,70.66,21.48,45.01,63.47,1,83.9,0
2781,2022,Sudeste,MG,Urbana,Médio,136808,F,92,1032.67,0.727,24.08,0,2.34,7.08,73.76,19.19,69.23,76.1,1,98.37,0
2782,2022,Nordeste,MA,Urbana,Pequeno,5546,F,94,1038.73,0.607,21.46,0,4.15,6.21,74.95,20.72,57.68,66.07,1,92.54,0
2783,2022,Sudeste,SP,Urbana,Médio,64992,M,101,1231.67,0.713,19.47,1,6.42,8.7,72.8,20.48,75.44,64.8,1,78.21,1
2784,2022,Sudeste,SP,Urbana,Pequeno,8170,M,106,1102.2,0.705,10.73,0,3.94,5.81,94.48,15.14,62.26,75.84,0,83.78,1
2785,2022,Sudeste,SP,Rural,Pequeno,13104,F,86,1123.24,0.789,20.7,0,5.41,7.64,78.41,23.38,30.8,64.79,0,82.88,1
2786,2023,Nordeste,BA,Urbana,Pequeno,16744,F,84,979.98,0.65,26.09,0,5.77,6.14,34.23,19.71,42.66,71.42,0,91.89,0
2787,2024,Nordeste,PI,Urbana,Pequeno,8573,M,93,873.6,0.621,26.19,0,6.49,5.07,54.72,16.23,94.32,73.62,0,81.93,0
2788,2022,Sudeste,RJ,Urbana,Médio,98506,F,107,1224.79,0.708,13.97,1,2.7,7.5,48.31,20.86,68.42,66.15,0,87.01,0
2789,2024,Nordeste,AL,Urbana,Pequeno,6006,F,90,,0.718,34.46,0,3.35,5.33,70.81,24.31,70.62,71.76,0,,0
2790,2023,Sul,SC,Rural,Médio,134006,F,89,1117.92,0.678,10.77,0,6.83,5.45,78.5,27.64,31.84,73.24,1,75.37,0
2791,2024,Nordeste,PI,Urbana,Pequeno,18960,F,102,848.68,0.681,27.68,0,2.91,9.45,75.72,21.48,72.78,75.86,0,84.13,1
2792,2024,Norte,AM,Urbana,Grande,8620499,F,106,,0.744,2.08,0,1.86,5.49,45.01,20.51,56.64,70.9,1,95.85,1
2793,2024,Sudeste,RJ,Urbana,Pequeno,18611,M,91,,0.691,17.34,0,5.24,7.77,77.48,23.81,68.69,65.75,1,95.27,0
2794,2023,Sul,RS,Rural,Médio,28807,F,94,715.86,0.692,24.99,1,5.32,5.86,60.76,24.2,95.44,61.22,0,85.47,0
2795,2023,Nordeste,AL,Rural,Grande,10235120,F,107,826.4,0.695,29.79,1,2.68,4.88,72.64,21.18,59.34,69.43,1,87.51,0
2796,2023,Nordeste,BA,Urbana,Pequeno,17972,F,93,1088.58,0.726,28.62,0,3.61,6.07,89.36,27.8,55.1,70.23,0,83.89,1
2797,2022,Sudeste,MG,Urbana,Grande,2772395,M,102,1016.57,0.757,17.16,0,3.41,6.21,84.87,21.28,89.28,61.13,0,88.32,1
2798,2023,Norte,AM,Urbana,Pequeno,12636,F,100,957.78,0.636,26.58,0,2.32,6.85,77.28,22.3,67.53,73.37,1,84.66,0
2799,2022,Sudeste,MG,Rural,Pequeno,15803,F,84,1198.97,0.699,14.61,0,6.07,3.75,85.67,28.18,100.0,66.08,1,99.0,1
2800,2023,Nordeste,MA,Urbana,Pequeno,12529,F,97,955.12,0.607,29.06,0,7.83,4.23,70.2,24.38,43.52,64.2,1,88.31,1
2801,2022,Sudeste,RJ,Rural,Pequeno,15387,M,84,1154.52,0.648,25.07,1,6.25,5.5,83.83,27.56,59.26,70.68,1,81.35,0
2802,2023,Sudeste,MG,Urbana,Médio,26357,F,104,886.22,0.764,27.95,0,4.55,6.4,81.19,15.41,69.01,75.33,0,83.39,0
2803,2022,Nordeste,AL,Urbana,Médio,191932,M,93,709.88,0.67,23.86,1,3.53,8.57,66.83,21.93,39.6,65.89,1,91.12,0
2804,2024,Sudeste,RJ,Urbana,Grande,316604,M,89,1196.79,0.721,29.54,1,5.83,5.35,39.96,23.57,61.47,75.5,1,91.18,0
2805,2022,Nordeste,PI,Urbana,Pequeno,7259,M,93,676.4,0.53,21.25,1,5.58,5.92,54.27,10.0,28.04,63.0,1,75.29,1
2806,2024,Sul,PR,Urbana,Grande,5908118,F,88,870.43,0.668,33.26,0,5.88,6.79,66.15,20.21,46.39,69.27,1,82.28,0
2807,2023,Nordeste,MA,Urbana,Médio,133407,F,86,608.94,0.654,30.87,1,3.75,5.44,64.85,16.91,55.56,68.71,0,82.9,0
2808,2024,Nordeste,CE,Urbana,Grande,6959225,M,91,643.7,0.734,36.32,1,1.52,6.3,29.26,22.07,49.8,62.29,1,89.52,0
2809,2022,Sul,SC,Urbana,Pequeno,11083,F,92,742.04,0.69,22.46,1,6.25,5.85,84.9,15.44,66.49,61.31,1,90.33,0
2810,2022,Sudeste,SP,Urbana,Grande,9857057,M,91,916.1,0.707,28.76,0,5.91,5.53,89.16,26.78,79.26,86.22,0,94.33,0
2811,2023,Nordeste,PI,Urbana,Médio,99168,F,96,847.04,0.679,28.73,0,3.76,4.8,68.17,24.18,59.55,68.25,0,86.49,0
2812,2022,Centro-Oeste,MS,Rural,Médio,144794,F,94,775.6,0.718,34.49,0,6.23,5.91,90.32,18.86,32.82,68.36,0,91.81,0
2813,2022,Sul,SC,Urbana,Pequeno,12603,M,103,667.69,0.679,23.32,0,5.66,7.07,57.66,22.25,43.6,75.83,0,93.05,0
2814,2023,Sul,RS,Rural,Pequeno,17311,M,101,1505.69,0.671,14.53,0,4.63,5.55,74.74,14.06,76.98,76.02,1,82.15,0
2815,2022,Norte,PA,Rural,Pequeno,17578,M,101,903.41,0.618,32.17,1,4.97,2.85,70.45,26.23,51.75,71.04,0,77.15,1
2816,2024,Centro-Oeste,GO,Urbana,Pequeno,16767,M,98,1176.97,0.722,21.45,0,4.26,7.32,66.86,17.03,97.52,66.71,0,98.12,0
2817,2024,Sul,RS,Urbana,Grande,8076107,M,92,908.17,0.712,19.61,0,5.75,5.96,61.34,24.54,44.4,76.51,0,100.0,0
2818,2024,Sudeste,ES,Urbana,Pequeno,12156,F,88,789.9,0.818,30.94,0,6.23,4.91,61.1,19.52,51.14,75.13,1,89.22,1
2819,2022,Sudeste,RJ,Urbana,Médio,156517,F,101,1096.85,0.708,13.23,0,8.02,4.92,65.16,15.87,51.05,65.58,0,95.04,0
2820,2024,Sudeste,SP,Urbana,Pequeno,17855,M,107,993.39,0.589,16.21,0,6.12,4.36,49.25,22.45,54.66,68.69,1,90.79,0
2821,2022,Sudeste,RJ,Rural,Pequeno,11078,M,103,1224.21,0.713,20.41,1,5.26,5.09,83.76,29.06,31.89,77.39,0,84.5,0
2822,2024,Sudeste,MG,Urbana,Pequeno,6933,F,87,,0.762,32.04,0,6.73,5.21,76.72,22.53,55.73,70.61,1,86.98,1
2823,2023,Nordeste,PE,Urbana,Pequeno,18763,M,103,888.59,0.719,22.95,0,2.54,5.07,57.2,25.22,63.8,76.0,1,92.72,1
2824,2022,Sudeste,SP,Urbana,Pequeno,18745,M,92,923.96,0.729,23.08,0,8.55,6.62,65.87,16.08,28.3,75.02,1,84.38,0
2825,2024,Sudeste,RJ,Urbana,Médio,181921,F,89,1034.37,0.644,20.68,1,,8.62,57.91,25.38,79.64,69.99,1,75.39,1
2826,2022,Nordeste,SE,Urbana,Médio,50581,M,88,784.54,0.573,37.62,0,4.88,3.73,64.7,18.96,50.84,69.43,0,91.82,0
2827,2023,Sudeste,ES,Urbana,Pequeno,9575,M,105,1182.55,0.736,30.59,0,5.64,7.08,50.28,14.95,77.75,73.35,0,86.8,0
2828,2022,Sul,SC,Urbana,Pequeno,18264,M,107,1175.02,0.689,23.97,1,5.16,6.55,70.11,20.15,45.66,83.66,1,99.15,0
2829,2024,Sudeste,RJ,Urbana,Pequeno,5589,M,107,865.3,0.709,11.17,1,3.98,4.6,63.94,20.85,79.99,71.13,1,92.95,0
2830,2024,Nordeste,PB,Urbana,Pequeno,19781,F,91,766.9,0.725,22.7,1,4.31,3.13,51.33,24.22,59.5,70.72,0,91.8,0
2831,2022,Sudeste,ES,Urbana,Pequeno,7883,M,107,1085.25,0.648,15.95,0,5.36,7.26,68.83,20.55,66.45,67.76,1,91.5,0
2832,2023,Nordeste,AL,Urbana,Pequeno,5177,M,97,1219.99,0.674,33.36,0,4.7,6.48,59.08,22.23,77.68,75.78,0,92.63,1
2833,2022,Centro-Oeste,GO,Rural,Pequeno,14268,F,84,976.17,0.64,33.86,1,5.0,6.04,95.87,24.94,47.15,74.92,1,71.41,1
2834,2024,Sudeste,SP,Urbana,Pequeno,6914,F,97,1139.75,0.616,21.14,1,5.79,6.18,99.58,19.96,73.17,69.93,1,81.88,0
2835,2023,Centro-Oeste,MT,Urbana,Pequeno,18853,F,101,1292.84,0.612,24.66,1,5.93,5.12,64.42,18.08,64.69,74.35,0,84.26,1
2836,2023,Norte,AP,Urbana,Médio,134747,F,103,990.09,0.673,28.87,0,2.8,5.03,58.22,23.98,50.94,71.68,0,98.51,0
2837,2022,Sudeste,RJ,Urbana,Médio,117186,F,92,969.43,0.749,25.08,0,6.18,6.83,89.81,24.29,30.69,71.46,1,80.75,0
2838,2023,Norte,PA,Urbana,Grande,547369,F,91,1092.88,0.718,33.8,0,3.36,8.06,50.28,24.0,100.0,63.84,0,82.33,0
2839,2022,Sudeste,RJ,Urbana,Médio,127691,M,85,,0.748,32.42,1,5.54,7.11,77.24,27.5,42.26,68.18,0,99.97,0
2840,2024,Norte,RO,Urbana,Pequeno,9694,F,104,1048.19,0.589,32.33,1,2.37,4.01,71.12,27.63,41.03,63.82,1,94.07,1
2841,2022,Nordeste,PI,Urbana,Pequeno,15748,M,101,767.41,0.487,30.85,0,3.45,8.58,78.96,21.97,56.48,69.84,1,87.16,0
2842,2023,Sudeste,RJ,Rural,Pequeno,5984,M,105,750.67,0.712,15.42,0,5.13,3.11,81.12,21.79,75.39,77.14,1,91.52,0
2843,2022,Sudeste,SP,Urbana,Pequeno,13501,F,101,753.94,0.667,16.79,0,4.92,5.57,74.14,20.94,85.27,67.69,0,84.29,1
2844,2022,Centro-Oeste,MT,Urbana,Pequeno,17546,F,87,806.05,0.632,29.45,0,5.88,6.69,82.98,23.97,80.59,73.95,1,90.67,1
2845,2022,Sudeste,RJ,Urbana,Médio,47337,F,97,807.57,0.639,41.94,0,6.69,7.03,65.47,16.97,60.72,67.9,1,96.05,0
2846,2022,Nordeste,PI,Urbana,Pequeno,19112,M,104,772.73,0.703,25.69,0,5.89,7.68,59.79,18.85,52.89,69.9,0,94.49,1
2847,2023,Sudeste,ES,Urbana,Pequeno,17623,F,98,904.65,0.621,26.09,1,5.66,6.66,76.39,27.99,69.04,72.1,1,92.77,1
2848,2022,Centro-Oeste,DF,Urbana,Médio,30138,M,91,650.4,0.679,19.07,0,3.16,6.18,84.71,26.97,41.73,67.85,1,85.83,0
2849,2024,Sudeste,RJ,Urbana,Pequeno,4802,F,107,1058.37,0.654,32.62,0,4.22,5.03,100.0,20.75,52.3,68.85,0,90.27,0
2850,2023,Sudeste,SP,Urbana,Pequeno,17015,M,84,1687.24,0.66,24.8,1,4.94,6.38,79.76,21.44,69.46,71.1,1,97.41,0
2851,2023,Sudeste,ES,Rural,Pequeno,2655,F,101,557.02,0.664,27.19,0,5.78,4.29,64.24,15.11,66.21,63.0,0,90.8,1
2852,2024,Nordeste,PI,Urbana,Grande,6337702,M,97,865.09,0.612,27.06,1,6.35,6.98,53.85,25.66,67.64,68.89,0,89.88,1
2853,2022,Nordeste,MA,Urbana,Pequeno,13313,M,107,813.67,0.621,25.72,0,2.63,7.48,76.43,27.76,49.22,70.95,0,100.0,1
2854,2022,Sudeste,MG,Urbana,Pequeno,12078,F,101,1324.73,0.7,24.39,1,7.15,4.54,80.54,21.94,67.47,70.38,1,99.15,1
2855,2023,Sul,PR,Urbana,Pequeno,3447,M,96,1145.57,0.659,22.2,1,5.55,6.45,72.39,28.32,90.66,75.82,1,91.46,1
2856,2022,Nordeste,SE,Urbana,Pequeno,7873,M,85,1127.77,0.606,40.96,1,2.9,5.14,72.37,24.17,78.77,64.65,1,79.06,0
2857,2023,Sudeste,MG,Urbana,Grande,5725839,F,91,784.39,0.562,17.11,0,3.46,6.3,56.0,22.75,42.85,86.27,0,83.03,0
2858,2022,Nordeste,PI,Urbana,Médio,73175,M,91,341.41,0.678,33.49,0,5.48,3.59,31.98,21.92,39.54,62.27,0,99.92,0
2859,2024,Norte,AC,Urbana,Pequeno,19878,F,86,1025.58,0.687,28.42,0,4.23,6.84,53.86,19.89,51.86,71.33,0,95.05,0
2860,2022,Nordeste,MA,Urbana,Pequeno,19767,F,104,514.18,0.704,19.34,0,3.92,6.28,63.44,20.32,79.97,76.65,1,82.77,0
2861,2022,Sudeste,SP,Urbana,Pequeno,16613,M,87,1000.52,0.727,16.58,1,3.95,5.8,56.89,16.92,55.88,80.92,1,94.35,0
2862,2024,Norte,AM,Urbana,Pequeno,10370,M,94,1080.86,0.661,31.93,0,3.4,4.22,61.18,27.75,63.22,67.78,0,79.41,0
2863,2024,Sul,PR,Urbana,Grande,817733,F,102,1293.91,0.773,33.94,0,4.82,9.75,100.0,16.29,53.15,73.05,0,81.4,1
2864,2024,Sudeste,MG,Urbana,Pequeno,9676,M,89,1165.5,0.742,21.63,0,5.14,6.95,100.0,11.85,64.82,73.82,0,98.79,1
2865,2022,Nordeste,RN,Urbana,Pequeno,14210,M,106,707.51,0.625,39.62,1,2.82,6.47,78.03,22.38,82.51,60.48,0,80.3,1
2866,2024,Sudeste,SP,Rural,Pequeno,9442,M,102,1188.45,0.729,29.91,1,6.52,4.61,79.57,22.78,100.0,68.15,0,84.14,1
2867,2023,Sudeste,SP,Urbana,Pequeno,17568,M,105,656.1,0.703,21.17,0,5.97,4.4,69.58,21.33,74.8,68.98,1,100.0,0
2868,2024,Nordeste,PB,Urbana,Grande,4614591,M,106,850.11,0.631,22.21,0,2.1,7.83,63.15,19.04,69.03,64.6,1,92.73,1
2869,2024,Nordeste,PB,Urbana,Grande,3486323,M,88,1018.21,0.737,29.97,1,4.45,5.2,85.65,19.26,70.38,66.04,1,92.37,1
2870,2024,Sudeste,ES,Rural,Pequeno,13818,F,89,861.78,0.705,18.92,0,4.36,5.79,82.28,12.32,72.07,60.78,1,91.66,1
2871,2023,Sul,RS,Urbana,Pequeno,10179,M,88,1410.89,0.685,24.18,0,,7.49,87.79,14.11,54.42,76.08,1,81.67,1
2872,2023,Sudeste,SP,Rural,Pequeno,16445,M,95,1037.02,0.62,33.43,0,3.99,6.41,95.05,26.33,60.49,69.9,1,89.85,0
2873,2024,Nordeste,MA,Urbana,Grande,10198954,M,87,1097.51,0.639,38.95,0,5.93,6.58,83.14,21.42,60.23,65.14,0,87.57,1
2874,2024,Norte,AP,Urbana,Grande,11253253,F,102,1291.12,0.637,30.21,0,5.16,4.6,77.17,24.34,23.75,55.53,0,89.07,0
2875,2022,Sul,RS,Urbana,Pequeno,17365,F,84,966.11,0.664,14.24,1,5.13,5.21,86.46,25.16,46.68,73.06,1,87.68,1
2876,2023,Centro-Oeste,MT,Urbana,Pequeno,8433,F,103,1132.44,0.674,23.01,0,6.12,6.58,98.67,14.4,78.13,65.25,0,87.8,1
2877,2024,Sudeste,MG,Rural,Pequeno,9542,F,106,1298.22,0.727,10.18,0,4.25,4.82,96.87,22.39,45.88,68.85,0,88.13,0
2878,2024,Sul,PR,Urbana,Pequeno,4548,M,98,942.58,0.684,30.47,0,6.12,5.22,77.84,16.93,75.67,77.38,0,88.4,0
2879,2023,Nordeste,SE,Urbana,Médio,28160,M,88,922.54,0.61,24.23,1,6.14,8.93,56.59,25.0,78.41,62.78,0,84.91,0
2880,2024,Nordeste,BA,Urbana,Grande,3721753,F,97,685.99,0.648,27.97,0,6.97,4.36,83.44,22.28,71.01,70.52,1,85.94,1
2881,2023,Sudeste,MG,Urbana,Pequeno,19822,F,90,1341.84,0.741,32.29,1,5.69,1.81,61.81,15.7,92.1,74.65,0,98.79,1
2882,2022,Sudeste,MG,Rural,Médio,148976,M,102,1312.69,0.699,15.76,0,4.87,7.27,79.54,17.45,42.06,69.98,1,,0
2883,2024,Sul,RS,Urbana,Pequeno,15096,M,90,939.06,0.725,16.93,0,5.8,7.76,85.18,16.35,88.3,74.42,1,96.19,0
2884,2024,Nordeste,PI,Urbana,Médio,23008,M,93,293.86,0.594,37.15,1,4.87,7.26,67.91,19.84,96.33,61.78,0,85.67,1
2885,2024,Sudeste,MG,Urbana,Pequeno,13752,M,97,1045.37,0.686,22.83,1,4.83,7.74,49.87,29.17,72.24,71.12,1,100.0,1
2886,2024,Sul,SC,Urbana,Médio,147003,M,84,917.19,0.743,17.8,0,5.32,7.4,69.86,20.82,61.49,71.04,1,95.37,0
2887,2023,Sudeste,SP,Urbana,Pequeno,3267,F,100,591.75,0.853,16.63,0,3.41,5.46,86.18,20.59,79.6,74.87,1,94.1,0
2888,2022,Sul,RS,Urbana,Pequeno,14947,F,90,1197.23,0.668,37.1,0,,8.19,82.39,23.15,59.84,69.61,0,100.0,0
2889,2022,Nordeste,SE,Urbana,Grande,6247240,F,94,,0.624,28.36,1,5.19,7.84,71.39,25.96,84.74,71.54,0,66.78,0
2890,2023,Nordeste,PI,Urbana,Grande,5566298,F,101,559.5,0.624,22.96,0,3.46,5.63,60.62,26.89,44.37,68.44,0,75.34,1
2891,2023,Nordeste,SE,Urbana,Médio,91562,M,90,,0.55,23.08,0,4.39,6.17,77.13,22.0,53.2,76.33,0,84.06,1
2892,2022,Nordeste,PE,Urbana,Pequeno,4519,F,88,772.23,0.659,20.32,1,5.62,4.81,70.74,24.63,36.29,68.71,0,73.97,0
2893,2024,Nordeste,PE,Urbana,Médio,103473,M,103,1109.04,0.618,33.11,0,5.95,6.74,61.79,17.54,71.56,74.61,0,81.69,1
2894,2024,Sul,RS,Urbana,Pequeno,6919,M,97,,0.658,40.0,1,7.19,4.9,67.13,11.18,82.74,75.22,1,96.32,0
2895,2022,Sul,SC,Urbana,Pequeno,10087,M,104,1039.12,0.749,34.3,0,3.38,7.25,68.53,20.22,65.65,74.05,1,92.24,0
2896,2023,Centro-Oeste,GO,Urbana,Médio,138461,M,96,669.0,0.736,30.55,1,4.11,10.0,73.9,18.87,100.0,73.99,0,98.46,0
2897,2023,Nordeste,AL,Urbana,Grande,9636199,M,87,485.65,0.652,23.96,0,4.38,6.79,53.74,17.94,42.2,60.94,1,94.88,0
2898,2024,Sudeste,RJ,Urbana,Pequeno,17444,F,103,1205.41,0.691,30.74,0,4.43,5.94,100.0,20.26,100.0,71.31,1,94.04,0
2899,2024,Nordeste,MA,Urbana,Médio,93321,M,93,487.01,0.661,30.23,0,5.74,5.03,63.5,20.0,57.48,67.4,1,98.91,0
2900,2023,Sudeste,SP,Urbana,Pequeno,3252,F,106,1647.71,0.657,20.19,0,5.28,8.8,67.74,18.27,56.5,70.56,1,94.52,1
2901,2022,Norte,RO,Urbana,Pequeno,12065,M,91,844.53,0.687,32.78,1,2.9,7.26,44.64,17.36,65.21,66.4,0,88.93,1
2902,2023,Sudeste,SP,Urbana,Pequeno,15769,M,94,881.08,0.7,30.14,1,6.45,9.01,99.2,28.56,67.97,71.86,0,98.26,1
2903,2024,Sudeste,SP,Urbana,Pequeno,11832,M,103,775.76,0.565,20.24,0,7.31,6.08,69.45,15.18,83.62,73.62,0,74.78,0
2904,2024,Norte,RR,Urbana,Pequeno,15052,F,89,1016.96,0.647,34.51,1,4.82,5.13,86.19,20.19,35.77,63.17,1,73.13,0
2905,2024,Centro-Oeste,DF,Urbana,Pequeno,2567,F,88,494.72,0.715,27.56,1,5.58,7.55,68.86,22.15,36.72,73.68,0,84.93,0
2906,2024,Centro-Oeste,DF,Urbana,Pequeno,17276,M,90,751.27,0.68,18.26,1,8.27,7.14,73.59,19.69,79.85,66.41,1,78.15,1
2907,2022,Sudeste,ES,Rural,Grande,10362617,F,95,1281.86,0.708,23.44,0,5.06,4.82,52.05,17.18,88.57,72.79,1,87.6,0
2908,2023,Nordeste,MA,Urbana,Pequeno,16458,F,103,646.18,0.586,27.55,1,4.28,3.27,72.3,20.3,58.64,63.62,1,83.92,0
2909,2024,Sudeste,ES,Rural,Grande,11040557,M,89,1036.56,0.75,21.88,1,,6.04,78.72,22.95,53.11,59.25,1,90.66,0
2910,2023,Sudeste,ES,Urbana,Pequeno,3113,F,98,1367.65,0.81,14.94,1,3.27,6.8,70.94,16.05,60.0,71.35,0,83.75,0
2911,2022,Sul,PR,Urbana,Grande,2049507,M,89,850.13,0.742,24.96,0,5.06,6.73,74.64,20.3,72.38,74.03,1,71.0,0
2912,2023,Sul,RS,Urbana,Pequeno,18324,M,97,1234.89,0.792,16.3,1,6.89,6.83,64.2,23.56,65.82,73.8,0,87.88,1
2913,2023,Nordeste,BA,Urbana,Pequeno,15667,F,100,316.3,0.683,37.78,1,4.1,5.84,32.7,29.07,76.32,73.02,0,85.28,0
2914,2023,Sudeste,MG,Urbana,Pequeno,13727,F,96,767.83,0.68,23.53,0,5.47,6.11,99.55,26.72,66.59,67.4,1,82.82,0
2915,2024,Sudeste,ES,Urbana,Médio,149377,F,88,955.87,0.628,24.36,0,3.4,6.13,78.62,20.35,97.15,79.14,0,96.95,1
2916,2024,Sudeste,SP,Rural,Pequeno,6136,M,99,1151.42,0.661,23.0,0,6.29,8.0,100.0,19.53,97.0,72.98,0,96.42,1
2917,2023,Sul,PR,Rural,Grande,454929,M,94,1553.36,0.757,21.29,0,4.69,6.42,66.93,20.47,61.86,63.28,1,78.2,0
2918,2022,Nordeste,PI,Urbana,Pequeno,3385,F,102,940.14,0.664,29.68,0,7.02,6.06,71.15,13.42,74.75,71.95,1,80.03,0
2919,2022,Sudeste,ES,Urbana,Pequeno,12727,F,94,835.37,0.669,34.14,1,5.36,6.81,71.59,29.77,100.0,77.62,0,93.78,1
2920,2023,Nordeste,RN,Urbana,Grande,9766974,M,98,670.18,0.66,38.91,0,3.45,8.97,59.74,30.41,64.07,74.08,1,92.5,1
2921,2022,Sudeste,ES,Urbana,Pequeno,15124,M,102,713.44,0.623,18.47,0,3.72,4.65,74.85,25.93,64.82,66.57,1,99.24,0
2922,2023,Sudeste,ES,Urbana,Médio,141566,M,99,1084.14,0.698,14.53,0,5.17,5.81,84.45,22.39,90.96,67.76,1,82.22,0
2923,2024,Sul,PR,Urbana,Médio,176367,M,104,963.16,0.714,15.89,0,6.35,4.67,73.51,19.55,35.75,69.88,1,90.72,0
2924,2024,Sudeste,SP,Urbana,Grande,2918097,M,106,1347.99,0.775,30.55,0,6.56,5.98,100.0,18.41,45.42,71.91,1,86.56,0
2925,2023,Sudeste,SP,Urbana,Médio,28004,M,87,1307.1,0.721,29.29,1,6.12,6.35,82.45,22.19,64.84,62.82,1,88.88,0
2926,2023,Centro-Oeste,MS,Urbana,Médio,36760,M,96,798.38,0.7,22.56,0,5.27,7.5,71.55,23.02,94.19,62.44,1,89.19,0
2927,2024,Sudeste,RJ,Urbana,Pequeno,5295,F,105,1178.65,0.703,23.52,0,5.13,7.91,100.0,22.16,49.43,70.06,0,90.1,0
2928,2022,Sudeste,MG,Urbana,Pequeno,7991,M,87,1735.48,0.773,19.66,1,6.03,7.37,72.78,12.93,59.31,68.81,1,94.53,1
2929,2022,Centro-Oeste,GO,Urbana,Pequeno,12203,F,105,1293.77,0.723,26.0,1,5.76,8.44,55.05,22.27,75.45,77.67,1,82.94,0
2930,2023,Sudeste,SP,Urbana,Médio,41595,F,104,1292.01,0.707,29.45,0,6.73,7.88,72.69,22.44,71.95,77.38,1,77.88,0
2931,2022,Nordeste,SE,Urbana,Grande,6555657,F,102,895.67,0.757,30.39,1,3.12,5.22,49.29,13.03,50.23,70.4,1,89.28,1
2932,2023,Nordeste,PI,Rural,Médio,68711,M,97,693.16,0.723,17.48,0,4.81,6.71,50.59,22.0,43.51,69.98,1,100.0,1
2933,2022,Sudeste,MG,Urbana,Pequeno,9130,F,93,888.92,0.748,19.42,0,4.36,5.77,43.5,20.14,39.03,79.22,1,78.63,0
2934,2022,Sul,RS,Rural,Pequeno,8171,F,94,679.48,0.667,10.41,0,4.68,7.07,85.19,25.75,77.9,61.73,0,92.83,1
2935,2024,Norte,AC,Urbana,Médio,177773,F,93,771.5,0.566,37.39,1,3.73,5.5,73.4,20.92,36.1,69.19,1,86.02,0
2936,2022,Nordeste,RN,Urbana,Pequeno,14828,F,88,964.41,0.724,42.42,0,5.1,5.97,75.65,14.52,52.72,59.36,1,89.91,0
2937,2024,Sul,PR,Urbana,Pequeno,12574,M,87,1120.58,0.676,32.24,1,5.23,7.63,72.8,17.79,65.74,80.88,0,81.83,1
2938,2024,Norte,RR,Urbana,Médio,136318,F,104,453.81,0.595,36.62,0,4.78,6.21,84.21,17.82,76.58,71.14,1,87.48,0
2939,2024,Sudeste,SP,Urbana,Pequeno,19969,M,98,886.83,0.699,11.83,0,5.33,9.72,77.98,22.93,56.05,77.46,1,100.0,0
2940,2023,Nordeste,PE,Urbana,Pequeno,16002,M,103,801.83,0.702,26.54,1,3.82,5.17,38.42,21.23,35.31,71.27,0,100.0,1
2941,2024,Nordeste,PI,Urbana,Médio,69721,M,98,982.36,0.787,27.7,0,4.61,3.08,58.66,28.59,41.07,63.27,1,96.48,0
2942,2023,Sudeste,ES,Rural,Médio,184496,M,104,1111.02,0.804,7.53,0,,10.0,99.71,23.89,100.0,69.03,0,77.98,0
2943,2023,Sudeste,RJ,Urbana,Grande,6998328,M,93,1143.79,0.787,31.69,0,6.59,6.0,85.86,18.44,37.11,74.16,0,82.66,0
2944,2023,Sudeste,ES,Urbana,Médio,174482,F,102,488.99,0.754,28.96,1,4.77,5.94,69.44,21.17,36.41,73.57,1,84.58,0
2945,2024,Centro-Oeste,GO,Urbana,Médio,164787,M,95,846.02,0.767,19.05,1,4.77,3.01,70.47,20.57,73.12,61.7,1,100.0,0
2946,2023,Sudeste,SP,Urbana,Pequeno,19432,M,89,1046.02,0.584,13.66,1,6.57,6.68,82.36,19.8,64.87,66.2,0,76.69,0
2947,2023,Norte,RO,Urbana,Pequeno,17077,M,98,1277.13,0.681,9.61,0,4.43,6.37,65.66,15.76,43.34,63.71,1,82.16,0
2948,2022,Sudeste,ES,Urbana,Pequeno,15368,F,88,654.55,0.767,28.13,0,5.22,5.34,100.0,19.66,54.98,70.86,1,100.0,0
2949,2024,Sul,RS,Urbana,Grande,4761578,F,106,958.95,0.544,12.51,0,3.55,4.83,66.45,20.12,76.64,72.4,0,100.0,1
2950,2023,Centro-Oeste,GO,Urbana,Pequeno,8794,M,96,617.34,0.743,19.62,0,6.85,10.0,77.62,14.93,55.59,78.83,0,94.75,0
2951,2023,Sudeste,SP,Urbana,Grande,1394994,F,97,767.62,0.815,31.42,1,5.94,5.34,88.98,23.37,56.88,65.31,1,99.6,0
2952,2024,Sul,SC,Urbana,Médio,53772,M,104,1644.96,0.723,23.57,0,4.91,7.95,58.4,22.73,91.04,72.2,1,95.61,0
2953,2022,Sudeste,MG,Urbana,Médio,43623,F,98,1344.3,0.687,25.39,0,5.93,6.67,59.2,17.57,62.05,69.6,1,83.0,0
2954,2023,Sudeste,MG,Rural,Pequeno,10440,F,86,1435.03,0.694,31.08,1,6.26,7.79,86.73,20.52,43.83,75.49,1,84.08,0
2955,2024,Norte,PA,Urbana,Pequeno,8960,M,102,1034.66,0.738,30.61,0,4.9,4.24,68.73,16.11,61.5,57.59,1,90.32,0
2956,2022,Sudeste,RJ,Urbana,Pequeno,4921,F,91,756.03,0.741,4.66,0,6.24,7.17,69.55,25.15,69.19,71.85,1,99.85,0
2957,2023,Sul,SC,Urbana,Pequeno,8404,F,103,1082.66,0.699,27.7,1,5.39,5.48,100.0,18.49,73.83,85.48,0,90.34,0
2958,2024,Sul,PR,Urbana,Pequeno,15930,M,94,1350.17,0.62,27.4,1,5.33,7.72,60.38,21.64,80.42,74.92,0,100.0,0
2959,2023,Sudeste,MG,Urbana,Pequeno,8352,F,96,1121.59,0.7,24.14,0,6.1,4.67,66.77,16.97,69.62,80.56,1,87.62,0
2960,2023,Centro-Oeste,GO,Rural,Grande,9429796,M,91,1480.71,0.67,29.32,1,4.31,5.86,85.55,17.6,82.34,70.89,1,80.48,0
2961,2023,Norte,AC,Urbana,Pequeno,6995,M,91,658.75,0.646,35.32,0,5.29,4.16,69.05,21.53,48.42,80.32,1,75.2,1
2962,2024,Sudeste,MG,Urbana,Médio,48685,F,105,1083.41,0.737,13.73,1,,6.17,94.53,20.49,48.58,73.25,1,78.36,0
2963,2022,Centro-Oeste,GO,Rural,Pequeno,7193,F,96,,0.728,14.58,0,6.39,5.87,100.0,25.77,85.43,65.53,0,87.53,1
2964,2024,Sudeste,RJ,Urbana,Grande,3723111,M,103,1190.92,0.654,12.78,0,5.07,7.22,56.31,20.26,85.95,72.17,0,91.73,1
2965,2022,Norte,RO,Urbana,Pequeno,2854,M,95,538.64,0.594,35.22,1,4.06,6.34,55.69,22.23,45.09,79.89,0,86.52,1
2966,2024,Nordeste,BA,Rural,Pequeno,9948,F,107,862.73,0.687,39.69,1,6.55,6.52,38.21,23.8,55.19,73.42,1,94.05,1
2967,2023,Nordeste,AL,Urbana,Médio,41883,F,92,357.58,0.743,34.31,1,4.34,5.62,80.65,30.65,58.98,62.26,1,78.35,0
2968,2024,Nordeste,PE,Urbana,Grande,4332364,F,105,973.05,0.596,33.33,1,2.73,2.74,94.63,21.97,31.15,80.69,0,80.53,0
2969,2024,Sudeste,SP,Urbana,Médio,23826,M,100,499.35,0.726,21.74,1,5.23,2.22,73.72,20.79,88.43,72.77,1,82.85,1
2970,2023,Sudeste,SP,Urbana,Pequeno,16896,M,92,883.81,0.712,24.88,1,4.86,8.29,76.4,25.92,100.0,67.15,1,85.24,1
2971,2024,Sudeste,MG,Urbana,Médio,123395,F,92,880.77,0.804,14.01,1,4.69,6.7,78.52,18.85,62.46,65.93,1,86.42,0
2972,2024,Sudeste,SP,Urbana,Pequeno,19075,M,91,1041.02,0.673,24.07,0,3.05,8.07,61.67,27.09,80.1,65.89,0,96.78,1
2973,2022,Sudeste,ES,Urbana,Médio,133942,M,98,1066.07,0.77,25.42,0,3.6,6.12,68.59,20.96,60.38,77.02,1,78.6,0
2974,2022,Sul,RS,Urbana,Médio,21999,M,86,927.02,0.774,18.1,0,5.64,4.61,77.99,18.19,54.76,69.36,1,88.41,0
2975,2024,Sul,SC,Urbana,Pequeno,2434,F,106,1262.89,0.719,9.89,0,4.65,6.02,64.2,14.48,61.27,78.41,1,100.0,1
2976,2024,Centro-Oeste,MT,Urbana,Pequeno,5744,F,97,707.51,0.744,19.36,0,4.12,4.07,59.2,11.09,41.24,80.96,1,100.0,1
2977,2024,Sudeste,ES,Urbana,Pequeno,18860,F,101,766.28,0.629,36.52,0,6.44,5.58,58.16,10.0,58.79,63.21,0,92.94,0
2978,2023,Sudeste,SP,Urbana,Pequeno,13124,M,91,984.79,0.628,24.76,0,5.26,5.9,81.95,24.08,79.46,66.8,0,99.83,1
2979,2024,Sudeste,MG,Urbana,Médio,183413,M,107,791.1,0.841,19.53,0,4.25,6.16,87.37,20.05,50.54,60.17,1,91.77,0
2980,2023,Sul,SC,Urbana,Médio,137457,M,107,1109.18,0.627,19.7,0,4.24,5.1,62.96,24.74,58.45,71.68,0,79.38,1
2981,2024,Centro-Oeste,DF,Urbana,Grande,6204594,M,92,1062.9,0.624,44.99,0,5.72,7.82,79.66,21.47,67.96,69.28,0,86.12,0
2982,2024,Sudeste,RJ,Urbana,Pequeno,3130,F,99,1020.03,0.641,18.19,1,5.89,7.61,50.99,21.58,62.62,77.52,1,91.31,0
2983,2023,Sudeste,RJ,Urbana,Pequeno,2697,F,90,1303.41,0.64,18.39,1,4.66,4.45,67.93,22.88,17.14,69.87,0,75.79,0
2984,2024,Sudeste,SP,Urbana,Médio,165498,M,86,1007.61,0.663,19.73,0,7.25,8.13,89.78,26.85,65.82,72.91,0,96.14,1
2985,2022,Nordeste,RN,Urbana,Médio,24192,F,99,907.3,0.565,39.34,1,4.12,7.45,45.44,24.2,61.89,83.88,0,85.32,0
2986,2023,Centro-Oeste,MS,Urbana,Médio,131709,M,84,1112.09,0.674,3.57,0,3.85,5.61,80.92,29.17,35.4,69.06,1,,0
2987,2023,Sudeste,MG,Urbana,Médio,77610,F,107,1009.1,0.786,23.64,1,7.16,5.61,97.41,21.1,69.29,69.67,1,87.76,0
2988,2022,Nordeste,BA,Urbana,Pequeno,15622,F,95,823.73,0.736,22.43,0,6.05,4.78,56.69,24.1,78.0,79.91,1,82.96,0
2989,2024,Nordeste,BA,Urbana,Médio,194807,M,90,730.15,0.642,24.77,1,3.08,6.67,77.65,23.9,51.14,65.97,1,80.94,0
2990,2022,Nordeste,RN,Urbana,Médio,133994,F,90,389.5,0.609,24.29,0,5.86,4.78,68.95,26.03,49.38,61.19,1,89.13,0
2991,2023,Sul,PR,Rural,Pequeno,13306,M,88,953.94,0.656,26.41,0,,2.2,58.62,24.89,40.49,74.15,1,96.2,0
2992,2022,Sul,RS,Rural,Médio,193442,F,98,1410.74,0.743,15.21,0,,4.05,89.46,23.46,97.77,73.39,0,79.08,0
2993,2022,Centro-Oeste,GO,Urbana,Pequeno,10638,M,95,975.64,0.772,17.36,0,4.79,5.16,69.21,26.65,69.16,68.77,0,72.58,0
2994,2024,Sudeste,SP,Urbana,Médio,110275,M,93,1068.29,0.66,21.7,0,5.3,6.54,58.89,20.27,55.26,69.03,0,96.89,1
2995,2024,Sudeste,RJ,Urbana,Pequeno,18408,M,93,979.66,0.849,16.02,0,4.3,5.18,84.45,16.02,46.42,74.1,1,,0
2996,2022,Sudeste,RJ,Urbana,Grande,10728654,F,89,885.34,0.686,9.49,0,5.75,5.61,86.68,24.37,49.22,69.23,1,100.0,1
2997,2024,Sudeste,RJ,Rural,Pequeno,10014,M,86,,0.686,9.14,0,3.82,7.35,67.69,20.18,15.08,76.89,1,90.73,1
2998,2022,Centro-Oeste,DF,Urbana,Grande,9046164,F,87,1270.17,0.723,30.15,1,3.1,7.69,78.95,24.04,58.05,67.01,1,90.81,0
2999,2023,Sudeste,SP,Urbana,Grande,8625093,M,100,560.41,0.633,34.23,0,4.69,7.72,69.71,28.1,55.93,66.72,1,74.11,1
3000,2022,Sudeste,MG,Urbana,Pequeno,16830,F,101,1455.0,0.73,6.32,0,5.04,7.57,78.41,18.93,34.21,78.84,1,94.52,1
3001,2023,Norte,RO,Urbana,Médio,66648,F,87,954.94,0.677,22.34,0,3.86,4.16,74.71,17.64,70.55,71.1,0,78.96,0
3002,2024,Sudeste,MG,Urbana,Médio,60725,F,97,1012.23,0.784,30.14,1,6.25,6.2,71.94,21.9,61.79,72.56,0,85.94,1
3003,2023,Centro-Oeste,DF,Urbana,Pequeno,8948,M,100,903.47,0.637,19.03,0,4.41,5.16,63.68,20.82,53.4,73.07,1,93.98,0
3004,2024,Nordeste,PB,Rural,Pequeno,13115,F,99,784.66,0.696,28.89,1,5.46,6.84,76.2,19.54,62.27,68.72,1,85.12,0
3005,2023,Nordeste,PI,Urbana,Pequeno,12670,F,98,1038.12,0.67,35.44,1,6.36,7.1,53.14,26.04,61.27,75.23,1,87.6,0
3006,2024,Sudeste,MG,Rural,Pequeno,7120,F,89,1487.38,0.707,21.06,0,6.17,7.76,100.0,21.58,83.12,67.36,1,88.32,1
3007,2024,Sudeste,SP,Urbana,Médio,169191,F,106,828.61,0.679,24.71,0,6.49,6.94,64.73,24.43,39.83,76.39,0,93.56,0
3008,2022,Nordeste,AL,Urbana,Pequeno,16530,M,90,873.18,0.726,32.84,1,1.0,4.18,53.09,18.81,44.11,54.26,1,95.14,0
3009,2023,Sudeste,RJ,Rural,Pequeno,12082,M,105,1492.61,0.82,26.11,1,5.3,7.5,86.19,21.15,49.62,75.88,0,91.93,0
3010,2024,Sudeste,RJ,Urbana,Médio,179746,F,89,871.05,0.643,10.19,0,4.43,4.15,97.9,22.22,55.07,79.87,0,90.94,0
3011,2024,Sudeste,MG,Urbana,Grande,10544642,F,106,875.65,0.672,24.37,1,4.35,5.75,83.4,17.89,80.07,69.92,0,73.66,0
3012,2024,Norte,PA,Urbana,Pequeno,4114,F,106,475.4,0.651,28.73,1,4.69,5.3,47.24,26.0,78.39,66.39,1,,1
3013,2022,Sudeste,RJ,Urbana,Pequeno,9801,F,95,910.71,0.637,21.78,1,5.78,6.82,84.45,29.74,77.69,61.63,0,76.52,0
3014,2023,Sudeste,ES,Urbana,Pequeno,4393,M,96,1096.37,0.656,28.07,0,4.61,6.16,87.76,20.25,51.8,76.94,0,79.35,0
3015,2024,Centro-Oeste,GO,Rural,Pequeno,10737,F,106,1197.22,0.622,12.61,1,5.34,8.93,72.88,18.41,45.83,72.3,0,89.77,0
3016,2022,Sudeste,ES,Urbana,Pequeno,18822,F,96,970.79,0.715,34.4,0,3.28,8.94,78.46,10.05,57.17,67.9,1,94.98,1
3017,2022,Sudeste,MG,Urbana,Médio,129483,F,87,581.43,0.668,23.92,1,7.11,5.7,68.77,14.98,100.0,70.52,0,86.04,1
3018,2022,Nordeste,PI,Urbana,Grande,2631578,F,95,886.73,0.68,34.8,0,3.12,2.84,62.46,28.5,81.45,69.49,1,95.76,1
3019,2023,Nordeste,PE,Urbana,Médio,64441,F,99,904.83,0.659,25.15,0,4.47,3.7,59.76,21.31,74.16,71.82,1,84.75,1
3020,2023,Norte,RO,Urbana,Pequeno,14424,F,101,794.64,0.691,40.81,0,5.5,7.71,58.32,16.07,53.06,67.81,1,82.4,0
3021,2022,Sudeste,SP,Urbana,Pequeno,18422,F,105,1278.11,0.775,22.63,0,5.13,6.69,74.91,21.56,82.53,71.25,1,86.91,0
3022,2022,Sudeste,SP,Urbana,Pequeno,5792,F,86,1020.86,0.613,20.22,0,5.85,4.83,68.53,18.16,52.55,71.03,1,84.12,1
3023,2022,Sul,PR,Urbana,Pequeno,5270,F,90,739.75,0.734,34.95,1,7.21,5.8,55.35,28.74,50.77,68.42,1,88.12,1
3024,2024,Sudeste,RJ,Urbana,Pequeno,14022,F,97,1112.64,0.632,43.7,1,4.63,7.13,84.55,18.02,52.8,71.75,0,96.21,0
3025,2024,Nordeste,SE,Rural,Médio,104982,M,95,1104.81,0.599,20.39,1,4.28,5.86,65.3,20.54,50.67,57.55,0,90.28,1
3026,2024,Nordeste,RN,Rural,Pequeno,6706,F,87,728.18,0.674,39.34,0,4.72,5.03,62.35,27.09,63.37,70.04,1,92.29,0
3027,2023,Sudeste,SP,Rural,Médio,118362,F,107,1353.04,0.714,22.04,0,4.59,6.53,60.66,15.41,69.52,72.67,1,88.86,1
3028,2024,Sudeste,MG,Urbana,Pequeno,9824,M,99,843.15,0.582,12.43,0,5.85,8.3,87.89,22.11,49.62,61.48,1,,1
3029,2023,Sul,RS,Urbana,Médio,65335,F,84,,0.619,23.04,0,5.08,7.88,78.59,24.98,72.8,67.59,1,86.59,0
3030,2023,Centro-Oeste,MS,Rural,Pequeno,9422,M,85,,0.582,40.93,0,6.12,2.79,74.96,23.34,52.68,63.29,1,78.99,0
3031,2024,Sudeste,ES,Rural,Grande,1138972,M,100,1208.33,0.682,18.85,0,6.26,8.26,74.86,23.84,76.45,78.71,1,96.83,1
3032,2023,Norte,AC,Urbana,Grande,3396883,F,95,945.47,0.667,25.55,0,5.89,7.28,69.48,23.68,58.59,74.24,1,90.67,0
3033,2022,Sudeste,RJ,Urbana,Pequeno,19253,M,99,1161.38,0.787,24.68,0,2.93,6.21,83.31,26.2,75.42,81.94,0,92.27,1
3034,2023,Nordeste,PB,Urbana,Pequeno,16506,F,93,559.56,0.637,31.59,1,3.03,4.15,73.9,20.29,23.48,64.54,1,99.88,0
3035,2024,Nordeste,MA,Urbana,Pequeno,10241,M,96,748.53,0.642,25.89,0,4.45,4.22,45.39,21.12,39.74,68.17,1,98.44,0
3036,2022,Nordeste,MA,Urbana,Médio,130101,F,103,632.83,0.674,22.27,0,3.73,4.63,75.25,21.1,73.93,65.43,1,88.49,1
3037,2024,Nordeste,MA,Urbana,Grande,7692325,F,104,,0.506,30.31,1,3.94,7.97,62.65,20.92,55.04,61.56,1,89.68,0
3038,2024,Norte,AC,Urbana,Pequeno,9101,F,91,608.86,0.639,39.93,1,5.0,3.18,62.36,20.62,76.7,64.29,0,81.35,1
3039,2022,Nordeste,PB,Urbana,Pequeno,16723,F,102,727.99,0.65,17.35,0,3.97,5.52,75.08,25.32,33.47,70.4,0,92.88,0
3040,2023,Nordeste,SE,Urbana,Pequeno,3966,M,100,680.11,0.759,22.22,1,2.92,4.51,73.32,21.72,61.46,65.06,1,87.93,0
3041,2024,Sul,SC,Urbana,Pequeno,19325,M,105,938.78,0.699,16.39,1,4.29,7.23,97.68,30.52,80.18,71.11,1,86.09,1
3042,2024,Centro-Oeste,GO,Urbana,Grande,8446948,F,85,738.03,0.719,34.35,0,6.98,5.8,76.39,29.65,78.09,69.36,0,83.67,1
3043,2024,Nordeste,MA,Urbana,Médio,132394,M,90,1060.8,0.652,40.12,1,5.16,3.18,68.3,22.64,51.02,66.65,1,96.35,0
3044,2024,Sul,SC,Rural,Pequeno,10372,F,102,1464.23,0.692,16.87,0,5.6,4.67,75.75,22.16,74.39,62.5,0,87.88,0
3045,2023,Sudeste,SP,Urbana,Grande,10989157,M,98,1248.02,0.777,15.42,0,6.34,6.81,78.44,22.35,63.59,76.51,1,100.0,1
3046,2023,Nordeste,CE,Rural,Grande,5788591,M,96,1047.66,0.671,35.2,0,3.24,7.61,57.55,25.19,48.88,71.79,0,90.11,0
3047,2023,Nordeste,CE,Urbana,Grande,9818808,F,102,709.74,0.566,30.76,0,4.91,4.9,71.42,21.68,47.63,67.07,0,82.69,1
3048,2023,Sudeste,ES,Rural,Grande,11889758,F,101,1232.77,0.701,4.12,0,4.96,5.55,51.23,22.95,44.1,63.17,1,85.79,0
3049,2022,Norte,PA,Urbana,Pequeno,3857,F,86,607.55,0.634,33.97,0,5.4,5.12,75.63,14.13,65.62,68.05,1,93.9,1
3050,2024,Centro-Oeste,GO,Urbana,Pequeno,2076,F,100,1078.33,0.724,13.95,1,5.4,7.93,60.07,16.19,78.81,61.51,1,93.93,0
3051,2023,Norte,AC,Urbana,Médio,158360,F,99,1223.69,0.602,30.4,0,3.69,5.3,90.77,27.85,55.19,61.42,1,78.88,1
3052,2024,Sudeste,RJ,Urbana,Pequeno,18987,F,102,923.53,0.701,23.01,1,7.0,5.75,76.05,25.83,54.07,64.51,0,89.51,0
3053,2022,Nordeste,RN,Urbana,Médio,179798,M,107,755.52,0.567,24.18,1,4.54,4.64,86.24,23.71,31.39,72.92,0,76.23,0
3054,2024,Nordeste,CE,Urbana,Médio,138785,F,95,,0.697,13.58,1,5.71,5.14,58.6,27.2,66.95,64.26,1,73.87,0
3055,2024,Norte,AM,Urbana,Médio,163922,F,86,928.95,0.595,31.72,0,4.15,7.42,64.94,16.24,43.04,68.93,0,89.14,1
3056,2024,Centro-Oeste,GO,Urbana,Grande,8995355,F,86,1231.92,0.829,10.12,0,4.03,6.96,88.23,21.87,54.43,67.63,1,90.85,0
3057,2023,Sudeste,ES,Urbana,Pequeno,13126,F,104,787.07,0.675,22.16,0,3.55,4.44,75.56,23.72,50.21,64.37,0,86.08,0
3058,2024,Nordeste,PE,Urbana,Pequeno,9571,F,89,1008.67,0.588,23.67,0,6.41,5.86,45.4,25.44,41.2,71.67,1,89.68,0
3059,2022,Sudeste,MG,Rural,Pequeno,6376,F,97,1213.15,0.702,13.7,1,4.7,5.32,85.76,21.74,72.83,69.41,1,81.83,0
3060,2023,Sudeste,SP,Urbana,Pequeno,13623,F,89,903.23,0.565,25.68,0,6.0,5.66,68.27,19.58,51.52,72.9,0,83.5,1
3061,2022,Sudeste,SP,Urbana,Pequeno,5584,F,88,722.37,0.793,24.93,0,3.56,8.67,98.17,20.77,49.19,82.12,0,100.0,0
3062,2023,Sudeste,ES,Urbana,Médio,90460,M,86,1363.79,0.644,16.79,0,,6.53,76.81,22.79,48.74,69.23,0,100.0,0
3063,2024,Sudeste,RJ,Urbana,Grande,9831482,M,86,1288.8,0.716,21.88,1,6.21,6.09,85.27,19.59,45.38,67.87,1,100.0,1
3064,2024,Centro-Oeste,GO,Urbana,Grande,9634458,F,94,1060.64,0.692,24.9,0,5.42,6.26,56.63,12.87,98.33,67.01,0,90.9,0
3065,2022,Norte,PA,Urbana,Grande,741940,F,93,935.22,0.688,37.22,0,5.54,4.9,63.94,19.29,58.37,64.24,1,86.59,0
3066,2023,Sul,PR,Urbana,Grande,4261448,M,92,1140.1,0.702,11.52,0,5.41,5.79,77.63,21.87,41.54,72.5,1,96.18,1
3067,2022,Nordeste,PI,Urbana,Médio,68027,F,107,742.59,0.642,27.6,0,4.13,8.75,79.35,18.18,38.19,69.46,1,82.52,1
3068,2024,Nordeste,PB,Rural,Pequeno,17131,F,107,760.8,0.747,24.09,0,4.82,7.84,56.94,24.92,43.37,73.22,0,84.13,0
3069,2024,Sudeste,RJ,Urbana,Grande,3133896,F,89,1168.08,0.755,25.07,0,5.71,5.8,93.98,18.29,55.97,66.42,1,84.16,0
3070,2023,Sudeste,RJ,Rural,Grande,11491672,M,100,969.14,0.769,29.64,1,8.06,4.33,39.32,28.29,77.62,72.43,1,75.3,0
3071,2024,Norte,AC,Urbana,Pequeno,9453,F,91,505.67,0.592,39.82,0,2.37,6.61,67.17,32.76,29.89,67.16,0,80.02,0
3072,2023,Sudeste,SP,Urbana,Médio,31502,F,107,856.48,0.708,20.83,0,6.21,8.52,94.05,18.63,79.8,69.48,0,99.93,1
3073,2023,Nordeste,PB,Urbana,Pequeno,5052,M,85,971.06,0.565,23.56,1,3.22,3.8,71.42,24.72,52.3,71.6,0,82.23,0
3074,2022,Sudeste,MG,Urbana,Médio,116453,M,98,692.51,0.725,24.39,0,,6.42,78.59,18.58,46.53,66.38,0,100.0,1
3075,2022,Sul,SC,Urbana,Médio,176405,F,97,721.53,0.749,10.61,1,,5.21,80.22,26.22,96.56,73.12,0,74.69,0
3076,2024,Nordeste,PB,Urbana,Médio,107590,F,88,600.56,0.727,33.55,1,5.99,5.8,68.61,24.17,39.12,70.68,1,84.87,0
3077,2023,Nordeste,PI,Urbana,Pequeno,17150,M,100,482.69,0.64,44.43,0,4.23,5.3,55.47,16.29,88.07,59.35,1,70.41,0
3078,2023,Nordeste,MA,Urbana,Médio,46069,F,100,742.42,0.683,26.4,1,5.76,2.67,72.07,19.82,47.6,70.06,1,92.09,0
3079,2023,Sul,SC,Urbana,Pequeno,10930,F,98,309.4,0.645,38.86,1,3.45,5.63,58.12,18.5,42.96,70.39,0,82.42,0
3080,2024,Norte,AM,Urbana,Médio,113097,F,105,901.28,0.545,18.81,0,3.5,5.18,65.6,32.35,51.57,57.68,1,90.86,0
3081,2024,Nordeste,RN,Urbana,Médio,47822,F,88,670.08,0.748,30.25,0,8.18,7.42,77.97,22.35,60.4,79.19,1,73.81,0
3082,2023,Sudeste,RJ,Rural,Pequeno,3869,F,85,1339.8,0.736,16.18,1,8.66,4.19,45.42,16.43,69.97,77.18,0,83.32,0
3083,2023,Nordeste,RN,Urbana,Pequeno,15171,F,91,464.44,0.679,40.1,0,3.79,8.28,49.89,23.2,74.32,71.26,1,85.34,0
3084,2023,Sudeste,ES,Rural,Grande,10261085,F,87,969.3,0.751,9.8,0,7.9,3.67,56.85,22.61,35.63,70.84,1,82.04,0
3085,2024,Nordeste,SE,Urbana,Grande,914177,M,94,1057.6,0.67,38.77,1,4.76,6.41,86.18,24.26,63.01,69.63,1,82.76,0
3086,2022,Sudeste,RJ,Urbana,Pequeno,15097,M,95,748.32,0.664,22.02,0,5.61,6.69,38.55,22.02,51.0,63.29,1,90.38,1
3087,2022,Norte,AC,Urbana,Pequeno,10627,F,92,662.54,0.636,38.46,0,4.07,5.81,62.9,26.16,78.91,67.58,1,87.49,0
3088,2024,Nordeste,SE,Urbana,Grande,5595445,F,107,1127.14,0.73,38.17,0,5.0,5.24,73.1,28.79,36.26,70.25,0,85.58,0
3089,2023,Norte,RR,Urbana,Grande,2172683,M,96,1118.73,0.795,27.65,0,4.22,6.71,50.11,19.17,48.89,72.41,1,75.93,1
3090,2023,Nordeste,RN,Urbana,Pequeno,17906,F,96,696.11,0.618,36.55,0,4.17,4.05,69.11,21.22,41.48,69.53,0,82.89,0
3091,2023,Nordeste,MA,Urbana,Médio,119498,M,103,857.81,0.733,23.28,0,5.36,5.74,44.8,30.08,87.03,69.46,1,89.89,1
3092,2023,Sudeste,RJ,Urbana,Pequeno,12091,M,96,1448.56,0.639,29.54,1,5.01,4.03,79.48,22.5,100.0,70.21,0,86.47,1
3093,2023,Sudeste,MG,Urbana,Médio,157071,F,100,,0.717,30.87,0,4.18,9.48,71.87,25.19,53.33,74.1,0,100.0,0
3094,2024,Norte,AC,Urbana,Pequeno,4847,F,94,495.83,0.647,30.56,1,5.42,2.63,73.84,15.07,54.08,62.97,0,87.06,0
3095,2022,Nordeste,PB,Urbana,Pequeno,12184,M,94,655.22,0.7,34.49,1,2.9,7.54,60.1,20.02,50.09,63.77,1,87.22,1
3096,2023,Sudeste,SP,Urbana,Médio,90454,F,101,962.86,0.686,24.86,0,6.26,5.3,100.0,20.02,53.06,77.47,1,94.62,0
3097,2023,Sudeste,ES,Urbana,Pequeno,9951,M,84,910.28,0.701,21.19,0,5.12,3.79,69.34,21.91,81.16,67.58,0,86.65,0
3098,2023,Sudeste,ES,Rural,Médio,155527,M,104,,0.777,12.66,0,7.01,5.81,78.19,23.55,89.86,74.84,1,94.83,0
3099,2023,Nordeste,RN,Urbana,Médio,42212,F,101,170.19,0.597,31.43,1,1.76,4.1,72.33,20.8,58.43,70.39,1,100.0,1
3100,2023,Nordeste,MA,Urbana,Pequeno,13129,M,97,495.94,0.66,31.17,0,5.71,4.96,71.28,17.4,41.49,73.3,0,84.18,1
3101,2024,Nordeste,AL,Urbana,Pequeno,10270,F,101,837.74,0.555,21.77,0,5.32,6.74,92.43,18.84,87.17,67.2,0,88.83,1
3102,2022,Sudeste,SP,Urbana,Pequeno,18840,F,102,1346.63,0.799,10.15,0,6.26,8.44,80.73,20.06,78.65,58.62,1,83.82,1
3103,2022,Nordeste,BA,Urbana,Pequeno,4020,F,105,,0.577,28.29,0,2.62,5.63,43.56,20.88,41.01,70.37,0,98.99,1
3104,2022,Nordeste,PB,Urbana,Pequeno,11022,M,92,675.28,0.646,23.74,1,3.72,4.85,75.5,20.36,57.48,69.51,1,83.8,0
3105,2023,Centro-Oeste,GO,Rural,Pequeno,8070,M,91,841.1,0.64,21.93,0,5.5,5.96,72.2,14.76,59.24,71.28,0,86.09,0
3106,2022,Sul,PR,Urbana,Médio,109058,M,92,1113.47,0.705,21.97,1,4.94,5.54,79.92,18.97,30.15,64.7,1,95.15,1
3107,2022,Sudeste,RJ,Urbana,Pequeno,5047,F,105,1196.28,0.709,20.48,0,5.43,4.33,88.96,22.24,59.59,66.72,0,83.82,0
3108,2023,Norte,AM,Urbana,Pequeno,13283,M,106,1204.1,0.652,34.37,0,4.11,5.88,54.18,24.59,55.5,62.91,0,95.58,0
3109,2023,Sudeste,MG,Urbana,Grande,3188107,M,102,1086.82,0.622,29.72,0,5.37,7.1,64.37,20.45,45.01,60.48,1,84.65,0
3110,2023,Nordeste,CE,Rural,Pequeno,9180,F,107,572.56,0.566,22.72,0,4.72,2.86,49.74,22.66,55.45,66.9,1,82.23,0
3111,2023,Norte,TO,Urbana,Pequeno,8641,M,101,,0.704,35.75,1,5.71,4.73,59.98,25.38,74.32,67.4,0,79.78,0
3112,2023,Sudeste,ES,Urbana,Pequeno,8147,F,86,788.19,0.655,20.99,1,2.81,5.71,64.21,14.4,72.65,74.83,1,80.22,0
3113,2024,Sudeste,MG,Urbana,Médio,169497,F,86,582.46,0.758,29.32,1,6.42,2.72,58.13,19.53,83.47,80.53,0,97.53,0
3114,2024,Sudeste,MG,Rural,Pequeno,19007,F,94,1119.6,0.706,16.31,0,7.94,9.22,70.83,12.98,54.64,72.23,1,95.01,1
3115,2024,Sul,RS,Urbana,Pequeno,18592,F,96,737.83,0.744,16.07,0,,5.47,87.38,24.47,61.75,68.98,0,100.0,0
3116,2022,Sudeste,MG,Urbana,Médio,166544,F,95,1683.53,0.711,17.49,1,,6.17,63.46,15.13,80.71,69.15,1,86.74,0
3117,2023,Sudeste,ES,Rural,Pequeno,17293,M,104,986.59,0.661,15.51,0,5.45,4.87,57.0,17.24,80.49,71.09,1,98.73,0
3118,2022,Nordeste,PE,Urbana,Pequeno,10921,M,92,,0.719,20.39,0,4.64,5.59,79.94,27.67,46.45,70.14,1,73.83,0
3119,2023,Sul,SC,Urbana,Pequeno,5292,M,88,1059.38,0.669,11.71,1,4.55,5.18,64.65,19.09,80.32,64.07,0,,1
3120,2024,Nordeste,CE,Urbana,Médio,182567,M,92,735.99,0.673,26.29,0,4.98,3.8,77.13,25.13,42.85,61.88,0,88.95,0
3121,2022,Sudeste,RJ,Urbana,Grande,6556514,M,89,1333.58,0.653,16.77,1,6.16,7.04,90.25,21.19,69.95,68.09,0,87.5,0
3122,2023,Sudeste,SP,Urbana,Médio,61244,F,90,1082.4,0.746,24.85,0,2.72,6.23,55.29,25.12,48.08,70.09,1,96.26,0
3123,2023,Nordeste,PE,Rural,Grande,7521250,M,90,200.69,0.706,35.92,0,4.33,5.86,72.61,20.01,40.04,63.07,1,78.06,1
3124,2024,Sudeste,ES,Urbana,Pequeno,2736,F,91,973.79,0.749,29.74,1,5.55,3.91,65.77,21.47,60.92,70.96,1,72.19,0
3125,2023,Sudeste,RJ,Urbana,Pequeno,6953,F,103,1312.98,0.673,32.78,0,2.25,6.2,100.0,20.77,91.87,64.33,1,96.02,0
3126,2023,Sudeste,MG,Urbana,Pequeno,16610,F,92,760.57,0.713,19.75,0,5.36,7.98,78.29,18.8,46.02,67.65,0,88.54,0
3127,2023,Nordeste,BA,Rural,Grande,2495455,F,106,580.59,0.661,31.91,0,5.41,7.75,79.83,22.79,11.57,60.82,1,75.42,0
3128,2022,Centro-Oeste,MS,Urbana,Pequeno,3371,F,107,1128.16,0.662,28.01,0,4.09,4.69,63.26,30.13,44.48,73.32,1,94.53,0
3129,2024,Sul,RS,Urbana,Médio,135228,F,104,1028.83,0.763,22.46,0,4.16,5.11,99.81,24.81,97.33,74.31,1,74.45,0
3130,2023,Sudeste,ES,Urbana,Pequeno,8157,F,95,724.79,0.676,33.6,0,6.69,5.53,53.8,27.09,39.7,71.53,1,75.53,0
3131,2023,Sudeste,RJ,Urbana,Médio,144378,M,86,1037.99,0.76,19.3,0,4.33,5.66,71.58,19.23,80.67,76.97,1,86.66,1
3132,2024,Centro-Oeste,GO,Rural,Pequeno,2379,M,98,775.59,0.708,7.61,1,5.21,5.0,62.63,26.73,38.08,60.64,1,,0
3133,2022,Centro-Oeste,MT,Urbana,Pequeno,19917,F,91,1140.7,0.661,13.57,0,7.27,5.43,88.47,22.5,35.91,70.48,0,,0
3134,2024,Centro-Oeste,MS,Urbana,Pequeno,3559,M,98,913.0,0.654,28.02,1,6.54,6.25,20.0,20.94,42.68,69.23,0,96.81,0
3135,2023,Sudeste,MG,Urbana,Pequeno,8623,F,89,581.64,0.644,3.33,0,5.63,5.88,40.82,19.27,66.83,66.93,0,84.61,1
3136,2024,Sudeste,SP,Urbana,Médio,160591,M,100,531.46,0.636,25.36,0,4.4,6.07,84.06,22.93,76.42,65.56,1,,1
3137,2022,Sudeste,MG,Rural,Pequeno,11555,F,103,745.56,0.726,24.91,0,6.32,7.94,75.89,19.59,87.36,65.15,0,86.51,0
3138,2022,Nordeste,AL,Urbana,Médio,168512,M,88,1173.42,0.658,26.61,0,6.22,7.71,71.57,16.03,73.36,66.54,1,91.14,0
3139,2024,Sudeste,ES,Urbana,Pequeno,14648,M,87,908.8,0.734,13.28,0,6.67,7.11,67.18,20.63,33.18,67.67,1,100.0,0
3140,2024,Norte,RO,Urbana,Médio,68638,F,87,610.9,0.643,41.31,0,3.94,3.8,55.65,25.99,27.4,69.13,1,82.49,0
3141,2023,Nordeste,PE,Urbana,Pequeno,4556,M,101,950.97,0.694,34.11,0,1.94,3.19,53.44,29.88,72.17,67.44,0,93.34,1
3142,2024,Centro-Oeste,MT,Urbana,Pequeno,5541,F,93,756.83,0.625,20.49,1,6.2,6.3,57.89,29.02,39.85,67.96,0,86.78,1
3143,2022,Sudeste,RJ,Urbana,Médio,111408,F,101,813.29,0.691,2.79,0,5.4,5.98,74.14,20.5,44.27,68.3,1,80.68,0
3144,2023,Sul,SC,Urbana,Pequeno,14054,M,103,1045.71,0.682,12.23,0,4.29,4.29,62.43,24.95,74.0,80.17,0,97.1,0
3145,2022,Nordeste,BA,Urbana,Pequeno,3156,F,97,1086.63,0.483,26.94,1,4.93,5.05,73.08,23.94,21.01,57.62,0,100.0,0
3146,2023,Nordeste,BA,Urbana,Médio,182413,F,84,767.92,0.618,30.6,0,4.7,7.48,50.11,26.23,33.55,71.76,1,94.43,0
3147,2022,Norte,TO,Urbana,Pequeno,10227,F,100,742.59,0.559,25.79,0,4.75,6.57,59.55,27.33,79.15,59.21,0,89.99,0
3148,2024,Sudeste,MG,Urbana,Médio,188557,F,94,1132.39,0.575,24.23,0,1.93,4.77,100.0,21.49,100.0,72.47,0,83.67,0
3149,2022,Nordeste,BA,Urbana,Pequeno,19786,M,107,1230.77,0.575,28.51,1,5.87,3.24,68.85,20.13,73.37,65.35,1,86.54,0
3150,2024,Sul,PR,Urbana,Pequeno,3162,M,98,1182.43,0.574,25.88,0,5.53,3.82,86.25,24.2,48.89,73.26,1,77.93,0
3151,2023,Centro-Oeste,MS,Urbana,Pequeno,2844,M,107,870.44,0.724,21.56,0,,5.3,58.99,20.56,93.6,74.65,0,91.32,1
3152,2023,Centro-Oeste,MS,Rural,Grande,6152506,F,97,828.42,0.684,8.36,0,2.87,7.26,92.32,20.85,74.14,71.98,1,78.31,1
3153,2023,Sudeste,ES,Urbana,Médio,175456,M,101,981.56,0.645,19.0,0,4.29,6.1,91.87,21.72,57.52,75.28,0,69.89,0
3154,2022,Centro-Oeste,MS,Rural,Grande,514725,M,90,1005.69,0.617,36.46,0,6.77,2.9,64.2,27.99,58.19,57.97,0,,0
3155,2024,Nordeste,BA,Urbana,Pequeno,13347,F,87,910.58,0.674,32.32,0,3.17,6.35,78.97,31.9,44.81,63.26,1,93.22,0
3156,2022,Sudeste,ES,Urbana,Médio,125389,M,89,835.15,0.661,21.02,0,6.18,5.63,72.86,17.23,45.98,61.83,1,100.0,1
3157,2022,Centro-Oeste,GO,Urbana,Médio,114307,F,92,712.24,0.746,22.29,0,,5.12,89.96,23.97,68.37,62.09,1,85.03,1
3158,2023,Sudeste,MG,Urbana,Médio,196464,M,100,923.11,0.791,9.1,0,4.52,6.7,78.53,20.0,52.96,67.25,0,100.0,0
3159,2023,Norte,AP,Urbana,Pequeno,8248,F,94,945.85,0.708,25.68,0,6.1,6.43,73.98,20.45,91.3,63.34,1,94.11,1
3160,2023,Sudeste,SP,Urbana,Pequeno,3073,F,95,1201.32,0.573,34.14,0,4.85,5.17,65.77,26.0,36.1,71.22,1,84.17,0
3161,2024,Nordeste,AL,Urbana,Pequeno,5381,F,87,974.96,0.668,21.14,0,4.03,4.67,68.38,18.21,47.57,73.74,1,79.78,0
3162,2023,Sudeste,RJ,Rural,Médio,148027,F,96,695.6,0.685,35.34,0,5.59,6.8,73.25,26.54,78.43,64.99,1,92.84,1
3163,2023,Sudeste,MG,Urbana,Médio,138422,F,100,1437.8,0.678,21.91,0,4.14,6.41,73.19,21.44,57.69,73.2,0,94.14,1
3164,2022,Sudeste,ES,Urbana,Pequeno,3393,M,106,1380.84,0.651,24.65,0,6.03,7.75,73.12,20.99,97.19,81.36,1,84.59,0
3165,2022,Centro-Oeste,MS,Urbana,Médio,86757,F,90,835.45,0.781,19.97,0,5.07,3.8,76.76,25.21,68.3,81.84,1,,0
3166,2023,Sul,SC,Urbana,Grande,5055366,F,93,1405.39,0.694,23.49,1,4.41,5.59,83.4,18.8,62.01,70.14,1,87.34,0
3167,2023,Nordeste,RN,Urbana,Grande,6773325,F,92,857.92,0.698,19.79,1,5.74,6.28,61.33,25.3,50.91,73.03,0,76.74,1
3168,2023,Sul,RS,Rural,Pequeno,7223,F,103,935.83,0.739,18.15,0,5.15,7.83,85.18,20.65,51.5,73.68,0,94.88,0
3169,2023,Sudeste,RJ,Urbana,Grande,4682562,M,88,1076.56,0.604,25.17,0,5.89,4.08,87.67,18.04,72.26,76.17,0,89.91,0
3170,2024,Sudeste,RJ,Urbana,Médio,52606,F,87,768.17,0.704,6.85,1,5.29,7.44,66.42,22.53,57.36,73.77,0,79.82,1
3171,2023,Sul,SC,Rural,Pequeno,11712,F,89,1182.76,0.681,21.22,1,3.99,4.61,69.39,21.54,73.75,71.35,1,90.42,0
3172,2024,Sudeste,ES,Urbana,Médio,114037,F,98,788.92,0.739,16.86,0,6.27,8.18,65.66,24.4,68.77,73.51,0,91.79,1
3173,2022,Sul,SC,Urbana,Pequeno,12725,M,97,316.21,0.669,20.66,0,4.14,5.55,70.36,24.56,66.99,73.12,0,84.18,0
3174,2024,Sudeste,SP,Urbana,Pequeno,5588,M,99,809.48,0.661,12.02,1,4.43,6.96,71.71,22.79,59.78,75.37,0,83.91,1
3175,2024,Sudeste,MG,Urbana,Médio,60170,M,106,,0.726,34.59,1,3.59,7.45,78.68,23.89,37.5,64.18,1,94.83,1
3176,2022,Sul,SC,Urbana,Pequeno,13472,M,100,1283.05,0.752,21.96,0,3.89,4.42,64.09,22.31,70.47,68.67,0,88.05,0
3177,2022,Centro-Oeste,MT,Urbana,Médio,35510,M,99,939.44,0.668,24.82,1,3.99,6.86,61.46,28.04,79.47,65.27,0,92.44,0
3178,2022,Nordeste,AL,Urbana,Grande,10872829,M,85,631.88,0.637,31.28,0,1.63,7.43,64.68,23.68,58.6,61.29,0,85.21,0
3179,2022,Centro-Oeste,DF,Urbana,Grande,2325671,F,95,573.9,0.66,24.09,0,5.68,6.42,70.91,20.69,75.45,76.25,1,86.14,1
3180,2023,Sudeste,MG,Urbana,Médio,32231,M,84,443.92,0.618,34.26,1,3.6,3.36,93.14,21.08,51.53,65.33,1,91.19,1
3181,2022,Sudeste,MG,Rural,Pequeno,4017,M,96,447.11,0.736,19.04,0,5.77,5.99,76.62,19.31,54.37,77.04,1,84.58,1
3182,2024,Nordeste,SE,Rural,Grande,1810655,F,107,803.04,0.651,29.11,0,4.14,5.2,62.05,24.45,63.22,75.09,0,81.44,1
3183,2023,Sudeste,MG,Rural,Médio,78090,F,87,,0.794,11.02,0,4.82,5.39,48.46,28.26,77.52,64.87,1,93.19,0
3184,2024,Sul,PR,Urbana,Pequeno,3612,M,89,997.47,0.732,3.75,0,4.86,5.7,83.48,29.05,39.64,70.39,0,97.33,1
3185,2024,Sul,RS,Urbana,Médio,162658,F,90,1193.36,0.664,19.92,0,4.68,5.46,87.9,18.31,43.12,65.99,1,93.96,0
3186,2022,Sudeste,ES,Urbana,Médio,86142,F,107,901.76,0.657,20.03,0,7.26,7.1,84.97,20.84,28.41,75.7,1,88.63,0
3187,2023,Norte,AM,Urbana,Pequeno,4966,M,88,448.56,0.637,29.01,0,5.51,5.92,62.85,23.67,66.51,77.92,1,100.0,1
3188,2022,Nordeste,RN,Urbana,Pequeno,6875,F,106,931.94,0.797,33.5,1,6.35,4.98,53.48,27.91,57.89,67.5,0,82.64,0
3189,2024,Norte,AC,Urbana,Pequeno,12252,M,84,935.35,0.668,54.26,1,4.01,3.0,55.63,14.53,66.72,66.8,0,83.65,0
3190,2023,Sul,PR,Urbana,Médio,110870,M,97,,0.701,31.33,0,5.1,8.92,87.39,21.83,71.58,78.32,1,79.59,0
3191,2024,Nordeste,PI,Urbana,Médio,180537,M,99,866.02,0.626,33.58,0,4.25,4.28,81.93,26.24,61.74,71.81,0,92.62,1
3192,2024,Sul,SC,Rural,Pequeno,18318,M,106,967.06,0.692,25.62,1,4.48,7.61,100.0,21.84,71.73,70.52,0,86.2,0
3193,2023,Sudeste,MG,Rural,Pequeno,8339,F,87,1228.33,0.701,15.26,1,4.52,7.69,73.94,17.29,67.3,67.52,1,,0
3194,2024,Nordeste,SE,Urbana,Pequeno,11727,M,98,658.55,0.629,27.6,1,4.2,7.09,92.26,18.04,74.92,79.68,1,94.92,0
3195,2022,Nordeste,MA,Urbana,Pequeno,3997,F,94,984.47,0.64,41.15,1,3.42,5.23,56.8,27.87,64.59,68.19,0,77.72,0
3196,2024,Sudeste,MG,Rural,Médio,93745,F,95,1080.84,0.644,26.32,0,6.19,5.02,81.3,24.87,40.18,68.42,1,88.37,0
3197,2023,Nordeste,PB,Urbana,Pequeno,17668,M,95,769.22,0.554,27.85,0,4.71,5.97,91.96,22.07,49.11,75.17,0,84.37,0
3198,2024,Nordeste,PI,Urbana,Grande,9671367,F,88,1148.94,0.591,27.27,1,4.09,6.81,57.34,22.45,67.58,63.04,1,80.5,0
3199,2024,Sudeste,ES,Urbana,Médio,28349,M,95,883.2,0.679,12.29,1,6.72,6.87,72.81,29.6,66.63,71.41,1,81.71,1
3200,2023,Sul,PR,Urbana,Pequeno,18963,M,96,,0.749,21.79,0,5.92,7.2,95.55,24.93,67.64,70.86,1,88.06,0
3201,2024,Sudeste,ES,Urbana,Pequeno,18936,F,104,1173.71,0.745,22.25,1,7.99,5.88,85.24,12.45,62.9,70.64,1,90.79,0
3202,2022,Sudeste,MG,Urbana,Pequeno,14640,F,92,958.48,0.695,18.31,0,3.01,7.64,63.49,25.49,61.6,63.57,0,81.78,0
3203,2024,Sudeste,SP,Urbana,Pequeno,14083,M,87,1178.25,0.624,33.14,0,4.84,5.21,71.32,25.99,57.32,68.59,0,97.8,0
3204,2022,Nordeste,AL,Urbana,Pequeno,8283,F,86,1001.5,0.688,28.75,0,5.11,6.49,69.66,21.2,54.94,65.77,1,79.32,0
3205,2024,Nordeste,AL,Urbana,Pequeno,9962,F,101,768.93,0.553,27.25,1,1.99,6.68,36.74,29.86,52.0,64.19,1,67.37,0
3206,2022,Nordeste,CE,Urbana,Médio,36404,M,89,761.4,0.723,41.31,0,5.19,4.13,73.05,20.7,68.46,76.58,1,92.41,1
3207,2023,Sul,PR,Urbana,Médio,98901,M,84,942.72,0.659,19.96,0,3.47,6.61,97.18,24.49,77.57,76.52,1,82.13,0
3208,2024,Sudeste,SP,Urbana,Pequeno,5623,F,90,729.27,0.58,21.0,0,5.04,8.05,68.32,31.08,36.86,67.16,1,100.0,0
3209,2024,Norte,PA,Urbana,Grande,4130624,M,99,777.86,0.682,37.33,1,4.97,3.82,42.84,25.11,28.7,72.33,0,90.71,0
3210,2023,Sudeste,RJ,Rural,Pequeno,14905,M,86,1209.5,0.578,12.78,1,7.07,4.91,64.8,16.26,55.9,76.67,1,82.18,0
3211,2022,Norte,RR,Urbana,Grande,3476281,M,104,1125.06,0.703,33.51,1,5.04,6.51,86.6,25.96,62.73,72.23,0,91.43,0
3212,2023,Sudeste,ES,Urbana,Pequeno,7234,F,97,1065.0,0.755,17.58,0,4.13,7.4,65.81,26.07,68.48,65.47,1,91.0,0
3213,2024,Centro-Oeste,GO,Urbana,Médio,170496,M,90,957.75,0.736,20.14,0,5.08,7.18,100.0,23.22,34.74,64.39,0,90.73,0
3214,2023,Sudeste,SP,Urbana,Grande,9233614,M,88,855.77,0.65,20.4,1,7.77,9.43,71.65,24.26,66.79,67.4,1,90.44,0
3215,2022,Nordeste,RN,Urbana,Pequeno,10965,F,88,538.82,0.735,36.44,1,4.46,7.46,72.49,21.7,42.1,67.94,1,84.29,0
3216,2024,Sudeste,ES,Urbana,Pequeno,8496,M,105,754.6,0.701,13.06,0,6.32,5.28,80.46,25.23,62.57,74.05,0,94.36,1
3217,2024,Nordeste,AL,Rural,Médio,166800,M,96,770.18,0.722,38.84,0,4.25,8.33,43.59,16.39,64.15,68.15,0,79.77,1
3218,2023,Centro-Oeste,GO,Urbana,Médio,196888,F,89,1215.2,0.676,20.23,0,5.99,4.5,77.83,18.38,62.8,63.84,0,87.58,0
3219,2023,Nordeste,SE,Urbana,Pequeno,15410,M,97,,0.658,35.54,1,5.23,6.4,51.6,27.63,57.15,68.28,0,94.29,1
3220,2024,Nordeste,RN,Urbana,Grande,11547563,M,94,,0.684,32.6,1,5.21,7.42,69.07,26.03,69.34,72.03,1,86.19,1
3221,2024,Sudeste,MG,Urbana,Pequeno,4055,F,95,958.36,0.653,22.79,0,5.56,3.04,73.32,23.72,57.84,73.08,1,98.84,0
3222,2022,Sudeste,RJ,Urbana,Pequeno,19694,F,89,781.0,0.638,1.0,1,4.75,7.54,76.98,16.53,79.64,74.1,0,87.04,0
3223,2024,Sudeste,MG,Urbana,Pequeno,12096,M,99,865.99,0.736,24.28,0,5.83,8.1,73.56,16.75,72.72,65.38,1,94.15,1
3224,2022,Sul,RS,Urbana,Pequeno,12359,M,92,836.02,0.708,15.25,1,5.61,6.11,72.75,19.99,65.9,78.74,0,82.86,0
3225,2022,Sudeste,RJ,Urbana,Pequeno,11864,M,91,,0.605,36.28,0,3.85,6.2,75.36,24.06,62.16,68.1,1,100.0,1
3226,2022,Nordeste,MA,Urbana,Pequeno,14788,M,103,1103.91,0.643,39.25,1,4.51,7.62,85.5,25.96,72.34,64.13,0,79.57,0
3227,2024,Sudeste,ES,Urbana,Pequeno,11750,M,104,611.41,0.698,20.65,1,6.75,4.29,93.7,20.8,35.53,64.78,1,81.34,0
3228,2024,Sudeste,RJ,Rural,Pequeno,12187,M,99,668.56,0.753,21.06,0,6.67,5.33,69.74,18.64,89.73,77.86,0,97.59,1
3229,2024,Sul,PR,Rural,Grande,9973658,M,89,896.96,0.768,14.41,0,4.61,5.35,40.18,25.76,84.64,71.61,0,97.6,0
3230,2023,Sudeste,ES,Urbana,Médio,192849,M,97,1239.81,0.638,17.23,0,6.63,7.72,66.21,23.48,55.13,69.44,1,95.08,1
3231,2024,Sul,PR,Urbana,Pequeno,14274,F,94,1106.01,0.718,21.06,1,5.25,7.01,60.08,27.25,76.12,59.22,0,91.86,0
3232,2022,Norte,AC,Urbana,Grande,1943302,M,88,150.0,0.615,31.22,0,7.61,4.35,73.39,21.36,49.37,68.69,1,84.21,0
3233,2022,Nordeste,AL,Rural,Pequeno,15035,M,95,769.74,0.577,23.09,1,5.69,5.96,74.09,17.73,49.81,69.69,1,80.06,1
3234,2023,Sudeste,ES,Urbana,Médio,57584,M,89,936.91,0.711,22.14,1,5.49,8.25,93.55,20.56,55.13,72.5,1,80.49,1
3235,2022,Sul,PR,Urbana,Pequeno,8298,M,87,1010.35,0.637,17.78,0,5.33,7.01,77.82,24.99,66.57,81.24,0,85.9,1
3236,2022,Nordeste,MA,Rural,Pequeno,19489,M,94,937.16,0.652,28.17,0,4.74,3.3,65.0,24.14,64.77,75.0,1,83.91,0
3237,2024,Centro-Oeste,DF,Urbana,Pequeno,17458,M,98,1197.08,0.71,16.75,0,5.93,3.71,34.37,20.34,47.73,73.5,1,100.0,1
3238,2023,Sudeste,SP,Urbana,Médio,191718,M,92,939.5,0.727,34.88,0,4.62,6.19,70.0,28.27,61.36,76.16,1,87.92,0
3239,2022,Centro-Oeste,MT,Urbana,Pequeno,4781,F,95,857.57,0.708,23.78,0,,6.28,77.3,18.7,66.39,60.74,1,74.61,0
3240,2023,Sul,SC,Urbana,Pequeno,5246,F,86,1641.17,0.822,12.22,0,4.58,6.61,49.94,21.41,100.0,67.7,0,85.52,0
3241,2022,Centro-Oeste,MT,Urbana,Médio,191328,F,88,802.58,0.7,17.33,0,4.55,7.34,63.0,21.93,53.47,74.14,0,86.18,1
3242,2022,Sul,PR,Urbana,Médio,42583,F,99,906.09,0.681,31.03,0,6.65,2.72,79.82,27.98,45.42,72.63,0,85.5,0
3243,2023,Norte,AM,Urbana,Pequeno,4132,M,91,830.79,0.692,36.11,1,4.89,5.76,48.81,28.95,90.47,66.87,1,84.56,1
3244,2024,Sudeste,SP,Rural,Pequeno,12069,M,106,,0.805,10.22,0,6.74,7.8,86.14,18.6,55.86,81.48,1,76.58,1
3245,2024,Nordeste,CE,Rural,Pequeno,9605,M,103,563.12,0.727,36.58,1,4.7,6.15,76.46,28.06,61.46,68.09,0,72.42,0
3246,2022,Nordeste,MA,Urbana,Pequeno,6916,M,84,1105.45,0.683,27.46,1,5.57,6.45,64.82,20.06,61.27,65.76,0,100.0,1
3247,2024,Nordeste,PI,Rural,Médio,34653,F,91,977.09,0.647,41.76,1,3.69,7.74,61.02,18.04,83.57,71.87,0,86.01,0
3248,2023,Sudeste,RJ,Rural,Pequeno,5940,F,104,813.58,0.75,20.88,0,5.36,7.63,55.16,21.53,58.49,71.77,0,100.0,0
3249,2023,Sudeste,RJ,Urbana,Pequeno,18406,F,101,766.12,0.703,15.9,0,4.78,4.75,47.18,21.91,82.22,70.17,1,82.58,1
3250,2023,Nordeste,AL,Rural,Médio,112624,F,92,866.48,0.727,21.91,0,3.61,5.07,88.75,19.66,42.59,60.1,1,98.05,0
3251,2023,Nordeste,CE,Urbana,Grande,6918881,M,90,986.65,0.688,23.52,0,5.36,3.39,74.36,20.75,64.04,69.81,0,80.6,0
3252,2023,Centro-Oeste,DF,Urbana,Médio,70449,M,95,1056.13,0.708,25.3,0,4.72,3.45,63.19,21.61,100.0,74.03,1,91.58,0
3253,2022,Nordeste,CE,Urbana,Médio,90076,F,93,965.38,0.607,9.72,0,2.45,6.48,68.39,25.75,64.82,73.69,1,94.53,0
3254,2024,Sudeste,ES,Urbana,Médio,84907,M,85,826.76,0.634,24.79,0,4.96,5.45,53.12,16.13,80.91,73.13,0,96.34,0
3255,2023,Sudeste,RJ,Urbana,Pequeno,12021,M,100,1040.26,0.76,27.35,0,6.87,6.11,33.42,21.41,46.17,77.42,1,98.75,0
3256,2023,Nordeste,PE,Urbana,Pequeno,6526,F,102,613.34,0.622,36.52,1,,7.21,78.12,21.45,59.7,62.86,1,76.44,0
3257,2022,Sudeste,ES,Urbana,Pequeno,11061,F,90,960.27,0.762,19.18,0,5.17,2.42,100.0,23.47,58.94,78.32,0,77.88,0
3258,2022,Nordeste,CE,Urbana,Pequeno,5907,F,104,1074.36,0.723,33.59,0,4.63,6.0,29.59,22.71,86.54,65.3,0,81.19,0
3259,2023,Nordeste,CE,Urbana,Médio,147115,M,99,601.78,0.533,25.39,0,3.41,6.31,56.01,18.79,38.99,61.4,0,84.84,1
3260,2022,Sul,RS,Urbana,Médio,163641,M,101,1266.69,0.762,25.25,1,5.49,7.55,73.72,21.17,57.02,68.61,0,83.37,1
3261,2022,Sudeste,SP,Urbana,Pequeno,3345,M,101,681.41,0.608,26.12,0,4.77,5.01,89.96,20.5,70.02,66.89,0,89.76,0
3262,2024,Norte,TO,Urbana,Médio,65198,F,88,700.74,0.635,50.34,1,4.45,3.32,68.1,16.99,53.39,64.54,1,75.67,1
3263,2024,Sudeste,MG,Urbana,Pequeno,8517,F,94,1128.02,0.82,26.1,1,6.29,6.11,64.81,15.55,58.95,72.42,0,85.76,0
3264,2024,Sul,SC,Urbana,Pequeno,10595,M,88,686.33,0.744,33.13,1,6.04,5.21,76.25,21.2,80.86,68.04,0,93.7,0
3265,2024,Sudeste,ES,Urbana,Grande,5058926,F,88,1305.37,0.792,11.24,0,4.91,3.75,56.34,20.56,56.16,67.3,1,100.0,0
3266,2022,Sudeste,ES,Urbana,Grande,4357138,M,84,1202.0,0.667,30.32,1,8.21,8.16,72.81,21.67,89.17,73.13,1,90.85,1
3267,2024,Centro-Oeste,DF,Urbana,Pequeno,14165,F,104,408.09,0.691,28.22,1,3.27,6.26,54.25,22.48,44.72,71.91,1,92.62,0
3268,2024,Nordeste,BA,Urbana,Pequeno,16354,M,92,150.0,0.566,37.85,1,5.92,4.27,62.45,22.69,81.09,72.89,0,87.36,0
3269,2022,Sul,PR,Urbana,Pequeno,17242,F,99,,0.525,17.65,1,5.21,7.06,66.01,23.59,46.01,75.9,1,94.64,1
3270,2023,Nordeste,PB,Urbana,Pequeno,13419,F,85,,0.588,26.1,0,2.44,6.16,89.77,26.46,55.05,67.36,1,,1
3271,2024,Nordeste,PB,Rural,Médio,100803,F,94,608.82,0.553,26.85,0,3.81,5.6,64.48,16.06,67.4,72.99,1,81.57,0
3272,2022,Nordeste,SE,Urbana,Pequeno,13567,F,104,1088.09,0.615,30.41,0,5.49,7.26,94.59,28.11,63.29,70.27,1,79.89,1
3273,2022,Sudeste,SP,Urbana,Pequeno,6350,F,98,1097.87,0.75,27.03,1,5.49,3.87,81.34,26.15,53.31,70.81,1,100.0,0
3274,2022,Sudeste,ES,Rural,Pequeno,19841,F,88,1361.34,0.725,23.34,0,5.81,6.26,49.4,21.57,56.84,72.82,1,89.96,1
3275,2024,Sul,RS,Urbana,Pequeno,16175,M,89,1200.64,0.719,18.48,1,6.0,3.19,96.73,20.85,80.68,73.6,0,73.59,0
3276,2024,Sudeste,MG,Urbana,Médio,140856,F,96,715.36,0.772,32.73,0,4.91,5.65,91.91,10.0,100.0,71.9,1,69.97,0
3277,2022,Sul,RS,Urbana,Grande,5586296,M,92,913.87,0.588,26.3,0,5.72,7.25,96.34,19.94,64.72,79.08,0,100.0,0
3278,2022,Nordeste,MA,Urbana,Pequeno,11972,F,106,409.53,0.66,42.77,1,3.05,7.26,68.63,22.49,48.17,73.1,0,87.48,0
3279,2023,Nordeste,BA,Urbana,Grande,3744669,F,96,1253.74,0.74,32.72,1,4.62,7.22,54.56,24.27,40.18,67.09,1,91.19,0
3280,2024,Norte,AM,Urbana,Pequeno,14356,M,103,680.33,0.781,29.09,0,1.47,6.24,95.44,19.31,74.26,65.15,0,81.13,0
3281,2024,Sul,RS,Urbana,Grande,1109449,F,98,862.39,0.75,11.0,0,5.99,4.69,61.67,17.35,74.49,67.26,1,91.11,1
3282,2024,Sudeste,RJ,Urbana,Grande,11826838,M,85,808.83,0.633,16.18,0,6.44,7.55,68.51,25.89,55.16,86.05,1,85.3,0
3283,2023,Sudeste,ES,Urbana,Médio,29333,F,107,1121.37,0.65,22.34,0,5.61,7.17,80.79,18.57,34.85,73.5,0,78.57,1
3284,2023,Nordeste,SE,Urbana,Médio,29920,F,96,963.82,0.68,41.36,1,5.53,7.03,58.4,28.87,61.35,72.13,1,82.82,0
3285,2022,Sudeste,MG,Urbana,Pequeno,4716,F,92,833.27,0.717,32.76,0,4.28,7.38,79.07,20.15,100.0,65.73,1,86.18,0
3286,2023,Sudeste,MG,Rural,Médio,123659,F,90,977.69,0.746,19.62,1,5.85,6.84,77.19,15.51,42.27,62.85,0,86.38,1
3287,2024,Nordeste,RN,Urbana,Grande,10750696,F,93,746.58,0.577,30.31,0,4.96,3.53,81.11,20.61,34.78,68.85,0,97.1,0
3288,2022,Nordeste,CE,Urbana,Pequeno,14146,M,94,850.27,0.567,34.31,1,4.96,6.33,54.47,19.84,56.11,66.09,0,,0
3289,2024,Nordeste,AL,Urbana,Médio,135275,F,84,744.73,0.674,34.58,1,4.93,6.43,58.88,13.7,41.64,61.98,1,78.82,0
3290,2022,Norte,TO,Urbana,Médio,142737,F,84,527.74,0.723,18.33,0,5.42,5.75,87.96,19.2,46.01,68.63,1,88.24,1
3291,2024,Sul,RS,Urbana,Pequeno,11205,F,89,875.03,0.696,24.11,0,7.33,7.62,75.72,22.71,59.77,67.84,1,89.47,0
3292,2024,Sudeste,ES,Rural,Médio,94673,M,101,1191.17,0.613,27.38,0,6.14,7.13,48.49,22.19,90.99,65.57,0,,0
3293,2024,Sudeste,MG,Urbana,Grande,9602769,F,95,1080.7,0.689,16.42,0,4.29,5.11,81.08,24.39,64.53,74.67,1,92.13,1
3294,2023,Norte,RR,Rural,Pequeno,15422,M,95,649.85,0.656,35.03,1,4.15,7.56,74.32,19.01,43.81,74.3,1,95.4,1
3295,2022,Sul,RS,Rural,Grande,11716385,M,96,1278.31,0.609,13.62,1,6.02,3.92,76.27,16.43,56.08,73.54,0,82.41,0
3296,2024,Sul,SC,Urbana,Pequeno,7002,M,102,1213.81,0.729,28.55,1,5.84,6.48,53.75,17.34,82.74,68.95,1,88.02,1
3297,2024,Nordeste,RN,Urbana,Médio,115442,M,107,832.92,0.703,31.72,1,3.08,5.38,49.98,22.2,54.88,72.06,1,86.66,0
3298,2023,Sudeste,ES,Urbana,Médio,89768,M,84,1023.79,0.695,22.61,0,5.19,7.09,74.75,25.73,75.97,71.25,1,96.11,0
3299,2022,Sudeste,ES,Urbana,Pequeno,15993,F,93,916.6,0.716,10.49,0,4.57,7.38,76.41,15.98,81.92,72.61,1,74.86,0
3300,2022,Sudeste,SP,Rural,Pequeno,17386,M,91,1141.61,0.719,28.14,1,5.66,6.5,87.97,17.26,59.09,64.53,0,95.4,1
3301,2023,Nordeste,PB,Rural,Médio,163460,M,102,770.58,0.64,46.07,1,2.86,4.74,59.05,17.54,52.1,76.57,1,92.77,0
3302,2022,Centro-Oeste,MS,Urbana,Grande,6200642,M,100,432.66,0.624,22.66,0,6.2,5.96,67.0,25.8,50.25,72.18,0,91.7,0
3303,2023,Sudeste,RJ,Rural,Grande,7239309,M,88,784.63,0.691,10.29,0,4.14,4.61,55.16,17.48,73.78,70.09,1,94.29,0
3304,2024,Nordeste,AL,Urbana,Médio,170412,M,96,,0.656,27.52,1,3.9,6.11,62.12,24.73,66.64,69.02,0,84.44,1
3305,2022,Sul,SC,Urbana,Pequeno,8893,F,106,800.54,0.636,15.95,0,6.72,6.16,75.7,29.12,56.22,67.87,1,81.25,0
3306,2024,Nordeste,PI,Urbana,Médio,113890,M,91,,0.625,19.43,0,3.54,5.03,71.79,19.3,55.63,71.73,1,74.15,0
3307,2022,Sudeste,SP,Urbana,Pequeno,11653,F,92,1364.21,0.82,21.54,0,5.65,5.18,86.9,20.34,75.21,65.75,0,84.06,1
3308,2022,Sudeste,MG,Urbana,Pequeno,5422,F,93,716.77,0.634,17.46,1,5.15,6.96,78.59,22.39,19.41,69.14,1,95.67,0
3309,2023,Nordeste,CE,Urbana,Pequeno,3965,M,104,903.43,0.774,31.17,0,2.79,5.96,46.54,24.13,49.74,67.51,0,88.34,1
3310,2022,Sudeste,SP,Rural,Grande,3950421,M,94,815.75,0.618,17.71,0,5.27,8.48,78.49,19.12,52.23,79.41,1,90.28,0
3311,2022,Sudeste,RJ,Urbana,Pequeno,8987,F,90,651.72,0.604,10.24,0,7.93,5.35,58.25,26.95,56.97,71.1,1,83.0,0
3312,2024,Sudeste,ES,Urbana,Pequeno,3428,F,93,1038.65,0.673,18.37,0,5.3,9.31,87.05,14.87,69.72,73.73,1,100.0,1
3313,2023,Sudeste,SP,Urbana,Pequeno,10199,F,102,1480.47,0.649,6.44,0,4.33,3.58,79.71,16.12,38.89,75.6,0,76.74,1
3314,2022,Sudeste,RJ,Urbana,Médio,32465,F,106,1085.97,0.724,31.55,1,4.23,7.99,71.34,25.26,62.4,82.36,0,91.8,0
3315,2023,Norte,AC,Urbana,Pequeno,9417,M,89,1004.34,0.651,23.29,0,5.21,3.76,73.68,23.29,47.2,70.57,1,83.3,0
3316,2023,Sul,RS,Urbana,Pequeno,5318,F,106,897.59,0.812,7.76,0,5.64,9.4,77.06,21.59,64.05,70.96,1,100.0,1
3317,2023,Sudeste,MG,Urbana,Pequeno,12116,M,94,898.52,0.672,26.68,1,6.97,8.53,84.27,16.82,90.3,69.34,1,82.31,1
3318,2024,Centro-Oeste,DF,Rural,Pequeno,10955,F,92,1696.78,0.644,33.5,1,6.63,6.43,81.33,18.09,92.7,64.85,0,83.64,1
3319,2023,Sudeste,SP,Urbana,Pequeno,16932,M,95,1274.07,0.785,26.13,0,5.92,7.1,36.09,23.73,67.97,83.22,1,92.76,0
3320,2024,Nordeste,AL,Urbana,Pequeno,4525,F,90,701.65,0.593,22.06,1,4.55,7.29,39.92,27.33,69.51,72.96,1,80.25,0
3321,2024,Nordeste,AL,Urbana,Pequeno,15449,F,84,,0.551,32.49,0,4.47,5.44,60.05,28.79,60.9,67.86,1,90.35,0
3322,2023,Sudeste,SP,Urbana,Médio,171006,F,104,1537.6,0.645,27.96,1,5.65,7.45,79.54,23.43,72.08,70.3,1,86.54,0
3323,2024,Sudeste,SP,Urbana,Grande,3369937,F,106,1081.77,0.788,28.22,0,6.52,5.33,87.39,19.72,41.8,73.63,1,99.65,1
3324,2024,Nordeste,MA,Urbana,Pequeno,19652,F,92,592.76,0.708,31.6,0,5.37,5.98,38.2,20.96,65.56,71.72,0,96.11,0
3325,2024,Sudeste,RJ,Urbana,Pequeno,14873,M,92,1026.97,0.728,21.87,0,5.42,8.12,57.58,18.96,81.32,72.43,0,92.37,0
3326,2023,Sudeste,RJ,Urbana,Pequeno,11011,M,103,1116.72,0.678,25.15,1,,8.74,61.12,26.96,65.16,68.65,0,86.66,1
3327,2024,Sudeste,MG,Rural,Pequeno,2492,F,93,,0.666,18.68,0,3.63,3.79,67.03,20.04,60.72,70.58,1,100.0,1
3328,2023,Nordeste,RN,Urbana,Pequeno,16178,F,84,466.66,0.713,29.95,1,4.68,7.35,70.98,26.58,46.67,71.59,0,66.75,0
3329,2022,Nordeste,CE,Urbana,Grande,845008,F,88,742.02,0.67,31.4,1,5.04,5.83,67.16,16.62,64.31,71.58,1,95.49,0
3330,2022,Nordeste,SE,Urbana,Médio,181058,M,107,542.04,0.623,34.16,1,6.3,5.11,47.61,18.93,77.09,69.35,1,81.04,1
3331,2022,Sudeste,MG,Urbana,Pequeno,13638,M,95,,0.645,9.32,0,3.36,4.41,74.28,23.75,48.89,67.8,1,89.48,0
3332,2024,Nordeste,AL,Urbana,Pequeno,11709,M,103,855.32,0.583,26.08,0,3.33,6.34,77.73,14.59,64.06,74.13,1,73.79,0
3333,2023,Nordeste,AL,Urbana,Pequeno,10770,M,107,980.52,0.649,39.86,1,4.18,5.42,74.08,17.43,53.05,73.37,0,80.3,0
3334,2022,Sul,PR,Urbana,Pequeno,12660,M,86,1099.32,0.787,27.46,0,6.18,6.93,52.07,25.78,49.43,70.82,1,90.92,0
3335,2023,Nordeste,PE,Rural,Médio,131896,F,102,1151.92,0.718,35.95,0,4.38,3.91,74.17,21.19,66.32,73.01,1,86.09,0
3336,2022,Norte,AC,Urbana,Médio,131096,F,101,723.28,0.725,29.59,1,6.84,6.46,68.71,18.62,66.38,66.74,1,81.37,1
3337,2024,Nordeste,RN,Urbana,Grande,1766072,F,97,857.17,0.687,12.03,0,4.14,3.49,53.23,25.65,62.17,73.66,1,87.55,0
3338,2023,Nordeste,PB,Urbana,Médio,91872,M,102,671.21,0.634,15.23,1,7.89,4.73,82.27,17.57,31.66,68.45,1,86.83,0
3339,2022,Sudeste,ES,Urbana,Pequeno,16182,M,93,1033.03,0.65,12.4,0,5.07,6.98,86.93,20.7,67.69,76.1,0,90.94,1
3340,2023,Sudeste,RJ,Urbana,Pequeno,16689,M,91,593.4,0.71,7.98,0,5.36,6.47,81.06,22.32,63.46,74.35,0,93.25,0
3341,2023,Sudeste,MG,Urbana,Médio,71465,M,103,802.22,0.644,16.57,0,4.84,5.69,100.0,24.29,34.75,72.75,0,91.9,1
3342,2023,Sudeste,SP,Urbana,Pequeno,8267,F,89,705.74,0.561,30.78,1,5.0,6.52,59.5,20.35,100.0,80.46,1,93.39,1
3343,2024,Sudeste,SP,Rural,Médio,106623,M,100,1419.92,0.613,22.84,0,5.72,7.27,82.69,26.08,89.03,64.36,1,83.16,0
3344,2023,Sudeste,ES,Urbana,Médio,87901,M,89,954.91,0.66,19.82,0,3.73,5.97,83.91,26.24,62.81,76.91,1,78.32,1
3345,2023,Sudeste,ES,Urbana,Grande,1330575,M,102,830.57,0.658,10.35,0,5.0,5.97,71.67,22.34,60.87,61.56,1,98.17,0
3346,2023,Sudeste,RJ,Urbana,Pequeno,3116,M,89,645.85,0.663,44.96,1,4.37,7.74,75.44,31.9,65.76,70.22,1,83.48,0
3347,2022,Nordeste,MA,Rural,Grande,8921125,F,94,984.64,0.719,30.73,1,5.17,5.99,71.4,18.42,35.48,60.38,0,73.85,0
3348,2022,Sudeste,SP,Rural,Pequeno,3522,M,92,1500.66,0.733,14.92,0,3.34,6.06,48.49,23.32,61.5,75.6,1,97.32,0
3349,2024,Sudeste,ES,Urbana,Grande,3156843,M,91,1140.92,0.707,9.33,0,5.09,5.79,77.06,14.77,63.46,70.46,1,79.2,1
3350,2022,Norte,TO,Urbana,Médio,169775,M,87,545.89,0.515,31.36,0,5.27,6.4,75.03,24.73,63.62,73.02,1,85.26,1
3351,2023,Sudeste,RJ,Urbana,Pequeno,6391,M,94,1688.95,0.675,4.34,0,4.79,7.57,74.09,15.75,11.6,73.94,0,84.09,1
3352,2024,Nordeste,CE,Urbana,Médio,40135,M,97,726.36,0.643,20.82,0,2.83,5.93,74.15,17.31,77.61,58.57,0,92.5,0
3353,2023,Sudeste,MG,Urbana,Médio,158497,F,94,1332.79,0.733,20.47,0,6.23,7.82,81.92,27.06,39.83,74.11,1,84.63,0
3354,2024,Sul,SC,Rural,Grande,7411267,M,96,392.16,0.676,1.04,0,6.04,6.34,30.6,19.8,73.14,77.5,1,92.58,0
3355,2022,Nordeste,PI,Rural,Médio,191423,F,104,915.63,0.675,33.52,0,4.1,6.07,74.07,15.68,46.57,59.81,0,83.03,0
3356,2022,Nordeste,PB,Urbana,Médio,162073,F,104,868.41,0.667,31.75,0,5.03,4.87,47.96,15.41,11.87,67.22,1,77.54,0
3357,2023,Sudeste,RJ,Rural,Pequeno,4785,M,88,1215.82,0.778,19.2,0,7.82,7.74,89.74,23.3,75.37,72.79,1,78.48,0
3358,2024,Sudeste,ES,Rural,Pequeno,10080,F,100,998.65,0.684,30.8,0,3.86,6.18,57.9,25.25,62.76,65.54,0,86.6,1
3359,2022,Nordeste,BA,Urbana,Pequeno,5882,F,105,828.91,0.629,20.27,0,1.42,4.97,60.74,19.69,53.2,62.17,0,79.43,0
3360,2023,Nordeste,BA,Urbana,Pequeno,7672,M,97,825.1,0.647,36.32,0,6.01,6.11,84.39,22.79,52.23,65.19,0,85.49,0
3361,2023,Nordeste,CE,Urbana,Pequeno,5109,F,107,1051.62,0.681,21.71,1,4.73,6.92,61.31,16.62,21.1,64.39,1,98.07,0
3362,2024,Norte,RO,Urbana,Pequeno,18019,F,103,356.94,0.639,33.25,0,4.0,7.37,79.8,19.74,55.27,68.45,1,79.86,1
3363,2024,Nordeste,PB,Urbana,Grande,4515913,F,105,710.59,0.634,31.36,1,5.85,7.71,85.87,28.76,34.83,74.5,1,81.04,0
3364,2023,Nordeste,PI,Urbana,Pequeno,11025,F,93,747.33,0.704,23.73,0,4.95,5.64,59.07,21.47,21.55,60.43,1,84.52,0
3365,2022,Sul,RS,Urbana,Médio,57530,F,87,1083.45,0.703,29.94,0,6.4,6.73,75.9,20.76,82.77,66.79,0,83.45,0
3366,2022,Nordeste,PB,Urbana,Grande,7225210,M,102,764.33,0.615,33.09,1,5.55,6.27,64.2,24.77,81.93,69.12,0,88.7,0
3367,2023,Sudeste,ES,Urbana,Grande,8267860,F,89,1034.18,0.694,6.02,0,6.97,4.27,60.32,19.52,59.45,67.91,1,90.95,0
3368,2024,Sul,RS,Urbana,Médio,82330,F,102,911.2,0.752,24.55,1,5.64,5.01,54.8,22.13,21.75,69.21,1,84.3,0
3369,2024,Nordeste,BA,Urbana,Médio,157890,M,96,1202.02,0.676,33.93,0,2.42,5.43,86.49,24.53,46.73,70.34,1,82.89,0
3370,2022,Nordeste,MA,Urbana,Grande,9015604,F,95,844.37,0.602,33.16,0,5.05,6.21,70.31,24.76,43.25,64.17,0,79.96,0
3371,2023,Sudeste,ES,Urbana,Médio,86040,F,101,816.61,0.761,18.76,0,5.24,6.33,63.0,21.28,80.91,70.8,1,79.55,1
3372,2023,Sul,PR,Urbana,Pequeno,14606,M,90,1209.66,0.635,29.73,0,5.29,7.67,46.13,24.04,30.33,63.04,1,93.95,1
3373,2024,Norte,TO,Rural,Médio,108753,F,90,862.63,0.625,30.19,1,4.79,4.88,39.79,20.96,65.86,61.61,1,97.28,1
3374,2023,Sudeste,ES,Urbana,Pequeno,7393,M,90,770.48,0.674,28.45,0,5.82,6.92,47.29,20.5,80.74,60.03,0,82.35,0
3375,2022,Sudeste,ES,Urbana,Médio,103914,F,98,1176.85,0.681,22.24,0,4.69,6.18,78.73,30.96,77.96,71.48,0,87.64,0
3376,2024,Nordeste,PB,Urbana,Pequeno,15888,M,104,723.21,0.695,31.19,0,6.46,4.42,67.1,14.36,78.19,66.26,0,80.51,1
3377,2022,Sudeste,SP,Urbana,Pequeno,8090,M,93,890.5,0.636,22.88,0,3.97,8.81,81.91,23.54,66.36,75.31,1,100.0,0
3378,2024,Nordeste,PE,Urbana,Grande,7012454,M,85,759.16,0.756,47.23,0,4.29,5.51,81.97,26.0,20.81,71.17,1,86.61,0
3379,2024,Sul,RS,Urbana,Médio,145032,M,100,1134.71,0.657,28.06,0,5.5,6.63,63.21,23.41,40.08,71.04,1,93.97,0
3380,2022,Nordeste,PB,Urbana,Médio,50278,F,100,340.84,0.715,40.8,1,5.4,6.39,66.13,18.0,64.02,74.93,0,93.52,0
3381,2022,Nordeste,PI,Urbana,Grande,4038801,F,101,794.12,0.575,31.18,1,4.51,7.1,70.59,22.07,38.53,71.92,1,87.64,1
3382,2023,Nordeste,PE,Urbana,Médio,31798,F,84,1081.11,0.71,32.17,0,6.34,7.94,57.28,25.58,69.3,68.54,1,74.88,0
3383,2024,Sudeste,MG,Urbana,Pequeno,16929,M,84,1236.81,0.84,20.55,1,4.05,5.11,75.12,19.73,100.0,71.01,1,88.87,1
3384,2024,Sudeste,SP,Urbana,Médio,146268,F,103,976.45,0.692,23.63,1,4.74,10.0,78.81,19.63,57.73,75.11,1,88.51,0
3385,2024,Centro-Oeste,MS,Urbana,Médio,111518,M,93,1474.6,0.712,30.03,0,3.83,6.38,64.91,17.88,65.77,61.71,0,93.87,1
3386,2023,Sudeste,RJ,Urbana,Médio,73940,F,98,1243.96,0.689,17.81,0,4.58,4.44,67.86,21.93,91.42,74.06,1,65.31,0
3387,2023,Sudeste,RJ,Urbana,Médio,197237,M,94,997.48,0.729,17.06,1,7.44,4.25,54.88,22.74,75.05,65.41,0,87.24,1
3388,2024,Sudeste,MG,Rural,Pequeno,15299,M,103,1015.94,0.724,20.45,0,5.75,6.54,65.78,31.62,43.11,74.0,1,91.15,0
3389,2022,Sudeste,ES,Urbana,Grande,4794737,M,90,871.48,0.698,7.62,0,3.98,5.3,100.0,20.09,67.9,70.35,1,84.77,1
3390,2022,Nordeste,SE,Urbana,Médio,42588,M,88,656.21,0.626,28.32,1,3.62,3.43,81.08,23.33,49.97,72.83,1,85.29,1
3391,2023,Nordeste,RN,Urbana,Pequeno,8010,F,107,441.38,0.643,24.19,0,3.68,4.86,75.71,18.67,56.8,59.28,1,82.97,0
3392,2023,Sudeste,RJ,Urbana,Médio,155090,F,106,1291.48,0.687,24.38,0,2.28,9.0,100.0,22.81,92.37,67.82,1,88.13,0
3393,2023,Sudeste,SP,Urbana,Médio,85740,M,107,890.71,0.798,19.4,0,7.27,5.94,70.94,20.36,35.14,69.36,1,96.98,1
3394,2023,Norte,RO,Urbana,Pequeno,8911,M,92,981.28,0.524,26.95,0,2.67,6.27,76.94,20.35,35.6,59.74,0,74.87,1
3395,2024,Sul,RS,Urbana,Pequeno,19090,M,87,832.13,0.675,25.44,0,5.36,6.09,67.61,15.9,54.95,73.85,1,86.21,0
3396,2023,Nordeste,PE,Rural,Grande,7059839,M,87,714.6,0.626,27.93,1,7.49,6.36,61.18,18.9,41.79,67.2,1,89.47,1
3397,2024,Sul,PR,Urbana,Pequeno,13392,M,100,898.25,0.691,12.51,1,,5.74,70.29,24.44,96.48,66.11,1,75.44,0
3398,2024,Sul,PR,Urbana,Pequeno,6345,F,88,,0.778,17.04,1,5.68,5.86,83.62,18.28,82.05,70.06,1,94.76,0
3399,2023,Nordeste,CE,Urbana,Médio,177071,F,104,738.55,0.652,33.18,1,7.12,7.01,67.45,23.92,51.61,66.07,0,85.48,0
3400,2024,Sudeste,SP,Rural,Grande,3475315,M,97,943.53,0.768,35.62,0,7.05,7.85,92.41,24.55,64.96,65.63,1,87.68,0
3401,2023,Sudeste,MG,Urbana,Médio,26819,F,96,1213.68,0.711,20.88,0,4.25,8.06,69.4,31.51,69.86,62.58,1,100.0,1
3402,2023,Norte,AC,Urbana,Pequeno,13388,F,93,1047.04,0.547,36.79,0,3.29,6.1,65.54,28.15,44.7,74.7,0,83.79,1
3403,2022,Nordeste,PB,Rural,Grande,9209546,F,105,995.41,0.45,21.68,0,5.02,5.64,29.33,21.02,27.23,65.38,0,83.13,1
3404,2024,Sudeste,MG,Urbana,Médio,46372,M,84,1529.78,0.724,24.35,1,2.27,5.42,48.88,22.19,68.97,72.4,1,83.13,0
3405,2024,Nordeste,PI,Urbana,Pequeno,8879,F,102,,0.668,14.07,1,5.1,5.11,64.95,26.49,32.85,65.37,1,96.09,0
3406,2022,Nordeste,RN,Urbana,Grande,7650820,M,107,601.73,0.753,22.6,0,5.97,5.67,37.18,23.14,47.02,73.01,0,81.41,1
3407,2022,Sudeste,RJ,Urbana,Médio,45318,M,95,832.53,0.782,22.97,1,5.78,5.74,100.0,18.88,55.6,70.02,1,89.57,1
3408,2024,Sudeste,RJ,Urbana,Pequeno,2675,M,98,1262.73,0.714,24.0,0,4.68,4.95,69.82,22.1,70.17,75.36,0,79.18,0
3409,2023,Sudeste,SP,Urbana,Pequeno,15095,F,86,801.4,0.659,19.91,0,4.13,6.84,100.0,22.23,69.41,64.64,1,97.76,0
3410,2024,Nordeste,MA,Urbana,Pequeno,14286,F,92,676.41,0.57,35.9,0,4.74,4.58,44.96,23.84,43.09,60.51,1,94.94,1
3411,2022,Sudeste,SP,Rural,Pequeno,6972,M,106,578.83,0.644,20.81,0,4.86,4.08,51.64,25.09,66.29,70.41,1,85.38,0
3412,2023,Sudeste,MG,Urbana,Pequeno,16781,F,107,,0.793,18.12,0,6.12,7.6,81.14,20.04,47.6,68.85,0,80.85,1
3413,2023,Sudeste,SP,Urbana,Médio,128372,M,104,804.77,0.721,5.87,1,3.71,5.37,68.44,24.22,33.92,62.08,1,75.15,0
3414,2024,Sudeste,MG,Urbana,Pequeno,8361,M,104,536.23,0.724,26.45,1,5.23,8.31,70.0,26.45,62.93,73.61,1,92.35,1
3415,2023,Sudeste,SP,Urbana,Grande,11846469,M,105,906.45,0.651,19.44,1,3.77,8.32,69.75,28.18,88.51,74.81,0,83.6,0
3416,2022,Sudeste,SP,Urbana,Pequeno,10847,M,95,,0.739,1.0,0,5.84,5.34,69.5,30.5,56.89,66.09,1,94.82,1
3417,2022,Nordeste,RN,Urbana,Pequeno,11058,M,89,685.86,0.594,24.13,0,4.52,4.72,63.71,21.99,60.24,63.68,1,91.12,0
3418,2023,Centro-Oeste,MS,Urbana,Médio,175012,F,85,929.07,0.66,31.7,0,7.05,6.37,83.0,19.33,34.37,73.61,0,99.52,1
3419,2022,Sudeste,SP,Urbana,Médio,69346,F,88,1100.59,0.648,26.41,1,2.65,5.57,88.13,17.81,100.0,73.89,1,79.52,0
3420,2022,Sudeste,SP,Urbana,Médio,61695,F,87,720.67,0.694,32.02,1,5.85,7.15,61.7,17.18,82.41,71.75,0,88.18,0
3421,2022,Nordeste,AL,Urbana,Pequeno,5701,F,89,931.23,0.616,14.18,0,5.39,5.05,95.89,22.53,77.27,60.33,0,,1
3422,2022,Sudeste,RJ,Urbana,Médio,95106,F,104,1009.9,0.667,22.71,0,5.51,7.06,61.85,22.1,62.47,67.37,0,83.82,0
3423,2022,Sudeste,SP,Urbana,Pequeno,3279,F,95,1143.8,0.629,17.0,0,5.58,6.53,94.41,14.4,84.84,77.17,1,91.8,1
3424,2022,Nordeste,CE,Urbana,Pequeno,19789,M,94,556.89,0.722,26.5,1,7.05,6.31,68.8,22.07,43.35,64.3,1,74.67,0
3425,2024,Sudeste,MG,Urbana,Médio,174869,F,97,1382.47,0.703,19.97,1,5.66,8.0,59.59,18.98,59.75,69.88,0,98.57,1
3426,2023,Nordeste,BA,Urbana,Médio,131016,F,107,869.25,0.616,33.84,1,4.58,6.61,59.48,17.57,47.61,63.52,0,86.83,0
3427,2023,Nordeste,RN,Urbana,Pequeno,4469,M,86,941.31,0.678,29.81,0,6.57,6.83,56.88,28.29,80.12,67.49,1,85.24,0
3428,2022,Sudeste,MG,Urbana,Grande,11159561,F,104,962.93,0.782,22.45,0,8.43,2.87,77.73,17.85,65.15,67.54,1,87.64,0
3429,2023,Sudeste,MG,Rural,Pequeno,16097,F,99,1219.18,0.701,6.97,0,5.38,10.0,61.29,16.21,90.22,72.71,1,79.28,1
3430,2024,Sudeste,ES,Urbana,Pequeno,2045,M,104,1053.18,0.73,25.17,0,3.61,5.51,52.91,18.88,57.53,67.11,0,89.14,0
3431,2022,Sul,RS,Rural,Pequeno,8611,F,85,856.24,0.663,15.14,1,4.9,6.18,84.21,24.79,52.74,77.28,0,96.29,0
3432,2023,Sul,RS,Urbana,Pequeno,3619,M,103,1033.3,0.769,34.87,0,3.2,4.43,87.78,22.77,46.16,79.26,1,86.66,0
3433,2024,Sul,RS,Urbana,Pequeno,2396,F,107,1165.41,0.696,31.35,1,5.95,7.79,80.4,23.51,52.36,72.52,0,91.18,1
3434,2022,Nordeste,CE,Urbana,Pequeno,13787,M,84,561.63,0.593,46.89,1,7.2,5.59,62.47,24.37,63.27,67.07,0,74.61,0
3435,2022,Sul,SC,Urbana,Grande,11674303,F,93,995.97,0.648,16.87,0,5.74,5.12,66.78,22.96,61.7,70.53,0,95.69,0
3436,2024,Sudeste,ES,Rural,Médio,25190,F,96,818.09,0.71,21.75,0,4.38,7.46,86.31,20.4,52.49,78.18,1,80.62,0
3437,2022,Nordeste,PE,Urbana,Médio,167309,F,87,488.91,0.612,17.12,0,4.87,5.17,56.36,20.37,29.11,69.32,1,93.14,0
3438,2022,Sudeste,MG,Urbana,Pequeno,3286,M,103,1232.51,0.62,21.31,0,5.15,6.34,88.1,20.34,62.96,75.43,1,75.51,0
3439,2022,Nordeste,CE,Rural,Grande,3778761,M,99,794.9,0.586,16.34,0,4.67,5.95,69.91,22.03,62.34,72.1,1,91.38,0
3440,2023,Norte,TO,Rural,Pequeno,15761,F,84,514.99,0.549,28.44,0,4.33,5.76,94.56,22.88,90.11,72.12,1,86.01,0
3441,2023,Nordeste,RN,Urbana,Grande,10186877,M,90,978.71,0.608,31.07,1,5.55,6.59,88.79,22.1,61.66,67.61,0,79.7,0
3442,2024,Sudeste,ES,Urbana,Médio,99452,F,99,1326.85,0.729,18.96,1,5.76,5.98,81.69,26.02,50.83,69.33,1,81.48,0
3443,2024,Sudeste,RJ,Urbana,Pequeno,18727,F,95,930.72,0.805,17.24,0,4.58,7.82,56.59,21.99,48.17,62.93,0,93.5,0
3444,2022,Nordeste,BA,Urbana,Pequeno,18684,M,97,734.93,0.703,21.45,0,5.46,5.01,69.11,23.0,33.07,77.47,1,91.17,0
3445,2023,Sudeste,SP,Urbana,Grande,5771808,F,84,948.29,0.724,21.65,0,5.88,9.16,69.17,25.53,96.06,79.14,0,92.64,1
3446,2022,Norte,TO,Rural,Pequeno,9589,M,105,,0.608,39.97,0,3.81,7.03,80.46,31.59,50.86,64.88,1,76.57,1
3447,2023,Sul,RS,Urbana,Grande,3515898,M,107,1303.88,0.744,20.31,0,4.57,5.2,62.05,18.38,77.8,66.45,1,94.38,0
3448,2022,Sudeste,MG,Urbana,Grande,5842114,M,99,893.38,0.653,14.69,0,5.29,6.2,100.0,28.83,91.99,70.5,1,87.22,1
3449,2024,Centro-Oeste,DF,Rural,Médio,102099,M,105,883.2,0.641,14.21,0,5.98,7.0,72.68,29.15,30.48,69.02,1,88.45,0
3450,2024,Nordeste,SE,Urbana,Pequeno,7741,F,105,752.24,0.551,35.94,1,7.5,8.29,53.6,22.09,56.07,74.88,1,89.07,1
3451,2022,Sul,RS,Urbana,Médio,125495,M,92,861.6,0.644,15.43,0,6.32,6.12,100.0,14.33,52.23,79.25,1,88.03,0
3452,2023,Centro-Oeste,MS,Urbana,Pequeno,4690,F,87,1131.16,0.722,9.04,0,3.38,7.63,86.65,16.42,25.18,68.73,1,91.57,0
3453,2024,Centro-Oeste,MS,Urbana,Médio,107839,F,103,1204.83,0.722,15.53,1,5.74,4.52,81.18,19.86,75.67,75.97,1,93.14,0
3454,2024,Nordeste,RN,Urbana,Médio,150865,F,103,947.66,0.601,38.15,1,3.94,5.51,58.0,25.54,40.13,81.44,0,78.99,0
3455,2023,Sudeste,SP,Urbana,Grande,7080746,F,99,883.57,0.822,30.1,0,3.91,5.31,65.86,25.49,87.92,71.54,1,91.85,1
3456,2024,Sudeste,RJ,Rural,Pequeno,17731,F,85,816.65,0.725,10.21,1,6.44,6.75,75.14,21.7,63.04,71.58,1,100.0,0
3457,2023,Sul,SC,Urbana,Médio,95654,F,104,1041.72,0.792,1.0,0,4.86,7.46,92.33,16.59,91.36,75.46,0,89.68,1
3458,2023,Nordeste,CE,Urbana,Médio,124854,F,90,804.49,0.748,22.2,0,2.05,5.64,83.9,14.45,38.13,69.66,1,88.57,1
3459,2022,Sudeste,MG,Urbana,Pequeno,11848,M,97,1305.26,0.604,23.25,0,2.14,7.23,29.8,22.34,73.68,69.68,0,85.31,0
3460,2023,Norte,AP,Urbana,Pequeno,3941,M,85,822.3,0.638,12.85,0,,7.21,58.1,26.68,70.65,64.25,0,95.51,1
3461,2022,Sudeste,RJ,Urbana,Pequeno,2936,F,91,930.83,0.644,14.25,0,6.1,5.51,77.81,19.59,58.24,65.76,1,100.0,0
3462,2022,Sudeste,MG,Urbana,Pequeno,11386,M,96,1160.97,0.733,12.65,0,3.57,7.11,78.22,18.45,87.2,62.1,1,100.0,1
3463,2023,Nordeste,SE,Rural,Pequeno,11099,F,86,723.08,0.617,35.4,1,5.12,8.08,52.18,26.75,71.79,62.29,1,75.15,0
3464,2023,Sudeste,MG,Urbana,Grande,11297920,F,100,1220.02,0.779,21.14,0,5.05,5.44,67.69,21.08,76.41,75.69,1,83.46,1
3465,2023,Centro-Oeste,MT,Urbana,Grande,517444,F,104,958.31,0.708,24.51,0,5.72,4.69,76.3,19.57,78.68,61.31,0,94.81,1
3466,2023,Norte,AC,Urbana,Pequeno,3368,M,107,501.06,0.668,19.79,1,4.01,6.35,54.69,25.93,76.12,72.06,0,92.13,1
3467,2022,Sul,SC,Urbana,Médio,186630,F,84,818.63,0.754,19.88,0,5.56,8.11,64.31,27.9,65.15,71.89,1,78.86,1
3468,2023,Nordeste,BA,Urbana,Médio,115388,F,94,370.11,0.536,30.33,0,4.89,4.56,78.17,25.99,58.45,61.89,0,76.7,1
3469,2022,Sudeste,RJ,Urbana,Médio,159535,M,103,1047.95,0.72,40.09,0,3.24,8.08,60.93,16.15,83.13,75.7,1,100.0,1
3470,2024,Nordeste,RN,Urbana,Médio,25005,F,105,564.26,0.687,22.77,1,4.78,4.77,37.02,17.69,58.51,69.2,1,90.32,0
3471,2023,Sudeste,SP,Urbana,Pequeno,2960,M,84,917.32,0.752,11.67,1,6.57,4.98,63.26,23.39,77.34,78.48,1,87.89,0
3472,2023,Sul,SC,Urbana,Grande,5407866,F,103,1383.61,0.679,28.45,0,7.06,6.21,51.56,13.85,58.98,79.73,1,81.23,1
3473,2024,Sudeste,ES,Urbana,Grande,2751018,F,92,585.76,0.841,10.88,0,3.27,5.49,68.23,27.09,70.46,66.14,1,97.6,1
3474,2023,Nordeste,RN,Urbana,Pequeno,19303,M,94,1086.18,0.88,36.76,0,3.91,6.98,89.86,19.9,45.41,65.26,1,76.02,0
3475,2022,Centro-Oeste,MT,Rural,Pequeno,13163,F,107,1239.66,0.715,13.1,0,4.34,5.42,80.86,18.11,77.67,72.36,0,86.56,1
3476,2022,Sudeste,RJ,Urbana,Pequeno,10100,M,101,1361.36,0.648,18.03,0,5.93,6.19,79.41,25.25,41.29,68.08,1,99.12,1
3477,2022,Sudeste,ES,Urbana,Pequeno,18414,F,85,,0.755,10.74,0,4.56,4.19,88.32,23.26,48.33,76.08,1,,0
3478,2024,Sudeste,ES,Rural,Pequeno,10513,F,95,1215.92,0.768,15.27,1,6.24,4.76,80.37,21.45,70.81,70.89,0,87.87,0
3479,2024,Sudeste,MG,Rural,Pequeno,5695,M,91,945.82,0.703,29.02,0,5.13,5.4,35.18,25.06,81.5,75.23,0,86.44,1
3480,2024,Sudeste,RJ,Urbana,Pequeno,17152,M,105,1223.88,0.738,11.35,0,7.82,5.05,74.99,11.45,88.77,75.64,0,99.26,1
3481,2024,Sudeste,MG,Urbana,Grande,9018857,M,92,1175.75,0.719,32.77,1,5.5,6.54,60.08,22.89,69.53,76.71,0,98.11,0
3482,2023,Sudeste,RJ,Urbana,Pequeno,19582,M,86,777.02,0.646,19.04,0,4.36,6.51,75.63,16.42,54.07,75.15,0,86.39,1
3483,2022,Sudeste,SP,Urbana,Pequeno,16627,M,89,1351.03,0.706,22.6,0,5.8,3.74,56.33,28.77,63.66,73.56,0,80.64,0
3484,2022,Nordeste,MA,Urbana,Pequeno,13160,M,86,447.42,0.578,10.56,0,3.5,6.96,77.27,28.58,75.24,60.58,0,75.85,1
3485,2022,Sul,SC,Urbana,Pequeno,4689,F,89,985.45,0.621,24.18,0,5.88,5.23,45.41,26.61,79.94,75.97,1,93.89,1
3486,2024,Sudeste,MG,Rural,Médio,185406,M,107,931.37,0.682,7.14,0,6.3,4.51,100.0,29.38,45.71,68.05,1,90.55,1
3487,2023,Sudeste,RJ,Urbana,Pequeno,4733,M,101,1013.95,0.652,26.7,1,5.0,4.72,100.0,24.83,38.22,74.33,0,,0
3488,2024,Sul,SC,Urbana,Pequeno,9687,M,91,751.16,0.845,11.82,0,6.15,4.2,77.04,14.52,48.82,70.92,1,83.46,1
3489,2023,Sudeste,SP,Urbana,Médio,53589,M,87,1112.79,0.735,17.21,0,2.86,6.67,80.67,18.93,80.93,77.64,0,93.56,1
3490,2023,Centro-Oeste,MS,Urbana,Pequeno,19582,F,107,589.23,0.695,16.81,0,6.06,8.56,64.94,21.73,34.26,67.48,0,85.16,1
3491,2024,Centro-Oeste,MS,Urbana,Médio,25389,F,85,856.47,0.766,25.75,1,4.59,6.46,74.96,21.2,74.6,73.18,1,87.08,1
3492,2023,Sudeste,MG,Urbana,Pequeno,3061,M,96,853.17,0.617,33.09,0,5.48,7.17,70.39,23.49,66.75,72.56,0,80.5,0
3493,2023,Sudeste,MG,Urbana,Pequeno,2719,F,84,870.35,0.755,17.36,1,5.61,8.06,73.33,20.68,51.46,69.41,1,95.13,0
3494,2022,Sudeste,ES,Rural,Pequeno,13331,F,106,,0.669,15.72,0,5.55,8.77,76.64,16.0,77.23,64.89,0,93.99,0
3495,2023,Sudeste,RJ,Urbana,Pequeno,13075,F,86,810.95,0.774,14.88,0,3.71,6.91,63.59,15.36,99.13,60.58,1,89.68,1
3496,2024,Nordeste,PI,Urbana,Pequeno,15415,F,95,882.53,0.641,36.86,0,5.93,6.71,74.14,17.2,54.43,73.01,1,81.38,1
3497,2023,Nordeste,AL,Urbana,Pequeno,9946,F,97,566.03,0.662,22.72,0,3.84,6.74,79.64,16.99,50.77,64.15,0,93.92,1
3498,2024,Sul,PR,Urbana,Médio,76462,M,102,1083.96,0.707,16.07,0,3.81,5.67,94.92,25.22,40.9,60.29,0,89.49,0
3499,2023,Sudeste,RJ,Urbana,Médio,112595,F,101,617.1,0.731,26.06,0,7.37,7.77,60.12,17.01,68.14,72.15,0,,1
3500,2022,Sudeste,RJ,Urbana,Pequeno,13038,F,86,609.25,0.729,43.43,1,8.05,8.3,62.31,23.1,78.64,75.17,0,100.0,0
3501,2023,Norte,AC,Urbana,Pequeno,13985,F,89,868.47,0.642,43.25,1,5.54,3.99,71.25,20.67,45.65,75.96,0,72.77,0
3502,2024,Sudeste,SP,Urbana,Pequeno,4139,M,86,721.55,0.662,22.95,0,8.03,8.25,93.12,27.15,74.31,65.86,1,87.34,0
3503,2023,Sudeste,ES,Rural,Pequeno,13621,M,102,601.72,0.781,2.5,0,5.24,6.75,78.23,20.45,63.0,73.17,0,,1
3504,2023,Sul,SC,Urbana,Médio,146794,M,94,1129.77,0.721,24.98,1,5.76,3.9,68.97,29.26,73.95,72.88,1,91.49,0
3505,2022,Sul,RS,Rural,Pequeno,4698,M,94,1014.81,0.791,8.61,1,9.0,5.55,93.98,25.09,77.6,67.44,1,85.59,1
3506,2022,Centro-Oeste,MS,Urbana,Grande,6531219,M,104,799.73,0.681,21.34,1,2.91,2.63,64.98,23.17,41.49,58.24,0,75.71,0
3507,2023,Norte,RR,Urbana,Médio,109750,M,88,973.84,0.61,19.75,0,3.43,4.54,50.42,16.92,65.57,69.74,0,79.26,0
3508,2023,Centro-Oeste,MS,Urbana,Grande,716334,M,97,1045.08,0.682,18.51,1,4.36,4.19,82.77,23.7,21.04,59.48,1,89.22,0
3509,2023,Centro-Oeste,MS,Urbana,Médio,156565,F,93,906.11,0.606,33.84,1,5.21,8.84,74.84,22.16,82.36,72.72,0,91.07,0
3510,2023,Sul,RS,Urbana,Pequeno,12283,F,106,926.18,0.851,28.75,0,5.0,5.11,100.0,15.33,46.07,75.67,0,86.77,1
3511,2024,Nordeste,BA,Rural,Pequeno,14844,M,105,492.26,0.631,25.64,0,6.95,5.67,71.61,25.23,54.31,66.28,1,94.06,1
3512,2023,Sudeste,MG,Rural,Médio,62616,M,85,1083.92,0.796,30.41,0,4.85,4.95,73.57,21.88,60.63,68.45,0,83.55,1
3513,2022,Sudeste,RJ,Urbana,Pequeno,16412,F,89,1208.59,0.635,24.13,1,4.17,7.06,67.51,22.4,32.61,73.54,1,72.85,0
3514,2024,Sudeste,MG,Urbana,Médio,58880,F,106,909.61,0.619,24.22,0,6.27,6.24,72.15,21.15,67.55,71.61,1,97.0,0
3515,2024,Sudeste,SP,Urbana,Pequeno,9361,F,92,1434.49,0.783,36.16,0,4.75,4.84,76.06,22.7,37.99,75.47,1,95.15,0
3516,2023,Sudeste,SP,Urbana,Médio,122504,F,90,1376.02,0.674,19.76,0,4.15,5.8,80.71,19.4,44.88,73.22,1,82.65,0
3517,2022,Nordeste,RN,Urbana,Médio,91488,M,100,539.9,0.666,19.11,0,4.52,7.41,55.75,24.37,38.01,72.84,1,87.95,0
3518,2023,Sudeste,ES,Urbana,Grande,1375053,F,100,1453.46,0.686,31.57,0,6.16,6.57,83.79,24.88,24.09,70.91,1,91.77,0
3519,2023,Sul,RS,Urbana,Pequeno,7334,F,94,932.77,0.731,21.07,0,6.78,6.9,100.0,18.86,47.27,73.24,0,91.87,0
3520,2024,Sudeste,RJ,Urbana,Pequeno,4262,M,105,762.93,0.659,49.28,1,6.36,4.64,84.62,20.38,54.92,80.29,1,91.18,0
3521,2023,Norte,AC,Urbana,Médio,163613,M,96,440.89,0.646,33.91,0,4.13,6.22,87.02,24.38,61.69,65.65,0,86.32,0
3522,2022,Sudeste,SP,Urbana,Pequeno,15881,F,105,731.02,0.698,43.9,1,3.12,10.0,77.43,18.29,44.56,72.54,0,96.96,0
3523,2022,Nordeste,BA,Rural,Pequeno,18750,F,101,984.78,0.56,37.24,1,5.57,5.38,74.43,19.92,76.1,76.44,1,95.49,0
3524,2022,Sudeste,ES,Urbana,Grande,4792984,M,95,1320.91,0.721,22.92,0,4.99,7.26,60.39,16.49,84.2,74.2,1,89.61,1
3525,2024,Nordeste,RN,Urbana,Pequeno,11851,F,97,734.04,0.648,37.42,0,4.16,5.63,61.56,19.61,44.06,69.76,0,77.37,0
3526,2022,Centro-Oeste,DF,Urbana,Pequeno,11544,M,102,1178.61,0.626,38.21,0,,7.43,83.29,23.24,59.0,62.16,1,92.21,0
3527,2023,Sul,PR,Urbana,Pequeno,8943,F,87,1204.64,0.756,35.73,0,5.41,6.86,73.4,22.36,89.05,69.05,0,90.77,0
3528,2023,Nordeste,PE,Rural,Pequeno,14836,M,97,415.63,0.774,28.37,0,2.3,4.85,80.08,23.7,48.99,74.2,1,97.15,1
3529,2024,Nordeste,PB,Rural,Pequeno,17375,F,91,909.92,0.623,23.76,0,4.94,5.81,69.48,22.05,53.37,64.42,1,78.87,0
3530,2022,Centro-Oeste,MS,Urbana,Pequeno,6733,M,86,152.44,0.686,13.55,0,6.16,6.53,58.0,21.86,70.71,72.28,1,91.22,0
3531,2023,Sul,PR,Urbana,Pequeno,4068,F,94,1112.56,0.705,14.39,1,5.18,6.01,65.49,24.69,80.39,77.01,1,73.84,1
3532,2024,Nordeste,SE,Urbana,Grande,4845230,F,104,1005.79,0.563,35.94,0,4.36,6.76,60.98,20.53,74.95,72.28,0,88.53,0
3533,2024,Norte,RO,Urbana,Pequeno,8423,M,100,504.31,0.563,35.71,0,4.89,5.92,79.82,24.64,100.0,66.39,1,,0
3534,2023,Sudeste,SP,Urbana,Médio,76193,M,99,1042.76,0.804,22.19,0,5.15,6.9,55.25,17.74,47.69,70.56,1,84.55,0
3535,2022,Sudeste,SP,Urbana,Pequeno,6249,F,107,1085.4,0.677,15.32,0,6.07,6.16,58.54,21.76,67.92,68.35,0,92.66,1
3536,2023,Norte,AP,Urbana,Pequeno,11966,F,93,1064.04,0.751,29.26,1,4.45,6.62,66.75,27.78,58.42,65.25,1,89.11,0
3537,2022,Nordeste,RN,Urbana,Pequeno,17831,F,105,821.98,0.607,35.48,1,5.33,6.78,79.37,24.26,58.63,74.02,0,94.14,0
3538,2024,Sudeste,MG,Urbana,Pequeno,17217,F,86,994.38,0.705,27.42,0,5.2,4.32,78.72,30.91,40.78,66.62,1,91.4,0
3539,2024,Nordeste,MA,Urbana,Pequeno,16787,M,97,826.69,0.716,43.05,0,6.27,3.94,53.44,18.67,16.81,64.92,1,76.59,1
3540,2022,Sudeste,MG,Urbana,Médio,108609,F,84,968.47,0.686,7.21,0,5.95,4.69,79.45,20.01,89.72,70.04,0,93.05,1
3541,2023,Sudeste,RJ,Urbana,Pequeno,5051,F,94,955.98,0.722,10.31,0,2.5,6.9,65.73,27.83,79.51,75.56,1,100.0,0
3542,2024,Sul,PR,Urbana,Médio,36431,F,93,1318.77,0.699,11.8,1,3.78,9.47,56.74,27.33,98.39,64.75,1,100.0,0
3543,2023,Nordeste,PB,Urbana,Pequeno,10328,F,90,354.61,0.712,25.99,0,5.44,5.62,89.27,22.58,46.62,72.51,0,90.1,1
3544,2024,Sudeste,RJ,Urbana,Pequeno,5088,F,93,1334.97,0.664,19.57,0,6.04,5.48,85.13,22.91,67.92,68.78,1,95.38,0
3545,2022,Sudeste,SP,Urbana,Médio,123577,F,97,1000.59,0.814,3.9,0,5.95,4.94,59.19,24.73,52.45,73.38,0,88.47,0
3546,2024,Sul,RS,Urbana,Pequeno,13062,M,100,987.69,0.739,32.6,0,4.47,5.18,52.27,24.76,67.06,78.35,1,88.61,0
3547,2023,Sudeste,MG,Urbana,Grande,1564374,F,96,1003.54,0.679,23.76,0,5.99,6.38,83.37,24.87,73.63,70.01,0,83.38,0
3548,2022,Nordeste,PE,Rural,Pequeno,3348,M,102,633.56,0.591,19.26,0,4.91,6.41,63.13,22.76,54.72,62.69,1,82.47,0
3549,2022,Sudeste,RJ,Urbana,Médio,165115,F,84,1092.97,0.688,16.89,0,4.73,3.69,90.79,20.89,61.27,78.25,1,89.16,0
3550,2022,Sul,SC,Urbana,Grande,10350299,M,91,939.09,0.773,18.82,0,5.32,6.4,75.28,18.24,60.98,69.2,0,100.0,1
3551,2022,Nordeste,CE,Rural,Pequeno,15505,F,102,,0.577,31.05,0,4.3,6.29,57.21,27.48,23.76,67.2,0,93.63,0
3552,2022,Nordeste,RN,Rural,Pequeno,6686,M,92,389.29,0.801,19.58,0,4.87,6.16,66.39,21.12,53.67,74.18,0,71.29,1
3553,2022,Nordeste,BA,Urbana,Grande,4546626,F,95,354.46,0.584,37.23,1,4.39,4.18,67.48,27.39,27.09,69.71,0,79.43,0
3554,2023,Nordeste,SE,Urbana,Pequeno,19724,M,98,609.6,0.664,38.1,1,4.51,5.46,85.65,15.22,71.91,64.5,0,81.94,0
3555,2022,Nordeste,BA,Urbana,Pequeno,13461,F,94,477.74,0.668,20.36,1,3.6,6.41,64.77,27.2,37.43,68.69,0,95.41,1
3556,2022,Nordeste,RN,Rural,Médio,22140,F,93,659.67,0.684,23.72,1,4.42,4.85,60.57,24.71,57.08,67.31,1,73.82,0
3557,2022,Sudeste,ES,Urbana,Pequeno,17022,F,91,,0.756,22.83,0,5.92,4.33,72.08,10.0,70.14,69.38,0,98.86,1
3558,2023,Nordeste,CE,Urbana,Pequeno,13423,M,99,914.3,0.695,37.52,0,3.5,6.42,66.16,23.4,69.13,69.61,1,91.38,0
3559,2023,Nordeste,AL,Urbana,Médio,192063,F,89,714.37,0.703,26.92,0,4.52,5.65,69.83,19.82,39.33,61.43,0,76.56,0
3560,2023,Sul,PR,Rural,Pequeno,14137,F,93,1382.48,0.716,28.05,1,3.14,7.02,70.63,22.47,64.61,67.32,0,80.76,0
3561,2023,Sul,SC,Urbana,Médio,147184,M,102,845.33,0.66,33.08,0,,3.56,69.2,16.34,100.0,64.44,0,97.64,1
3562,2024,Sudeste,RJ,Urbana,Pequeno,9330,M,99,1407.68,0.67,29.61,1,4.19,3.66,76.78,22.15,61.48,76.29,1,82.94,1
3563,2022,Sul,SC,Urbana,Médio,191544,M,89,1310.74,0.701,23.68,1,3.09,8.8,63.79,27.35,100.0,67.96,1,73.71,1
3564,2024,Sudeste,SP,Urbana,Pequeno,16545,F,95,1051.66,0.649,27.76,1,,6.04,72.47,19.44,35.47,70.85,1,97.3,0
3565,2024,Sudeste,RJ,Urbana,Pequeno,17940,F,88,1205.85,0.621,26.25,0,4.22,5.67,61.35,22.72,56.66,71.09,1,80.11,1
3566,2022,Nordeste,AL,Rural,Pequeno,7857,F,91,474.7,0.662,30.67,0,3.83,3.8,83.29,23.36,65.65,73.21,1,95.61,0
3567,2022,Sudeste,SP,Urbana,Pequeno,12500,F,91,717.2,0.597,18.86,0,7.23,6.44,66.4,19.54,51.93,68.5,1,86.59,0
3568,2022,Norte,AC,Urbana,Grande,6478444,F,90,1075.58,0.656,28.11,1,1.63,4.0,32.71,29.84,41.84,70.32,0,82.01,0
3569,2023,Norte,AM,Urbana,Pequeno,14131,F,89,574.65,0.649,37.96,1,4.41,5.03,54.96,29.09,35.61,68.99,0,84.14,0
3570,2023,Nordeste,PE,Urbana,Pequeno,11359,F,107,622.65,0.657,40.09,1,6.79,4.17,70.96,26.13,63.37,67.2,1,80.42,0
3571,2023,Sudeste,MG,Urbana,Pequeno,2029,F,89,1199.29,0.727,9.49,0,4.94,7.16,82.91,21.59,70.16,71.93,1,93.44,1
3572,2023,Sudeste,RJ,Urbana,Médio,197068,M,85,958.86,0.594,32.52,0,4.4,7.51,43.19,21.71,68.72,76.76,1,96.25,0
3573,2023,Sul,RS,Rural,Grande,6927766,M,98,1138.3,0.793,23.32,0,4.75,3.1,64.77,18.52,39.24,72.07,1,92.1,0
3574,2024,Sudeste,ES,Urbana,Pequeno,10620,F,105,893.7,0.728,25.27,0,4.38,7.09,71.47,14.84,53.25,67.76,0,89.93,0
3575,2024,Nordeste,PI,Urbana,Pequeno,14220,M,103,940.95,0.651,26.02,0,2.53,7.11,53.51,20.55,48.34,70.37,1,90.93,0
3576,2022,Norte,AC,Urbana,Pequeno,13770,F,96,963.15,0.742,16.41,0,2.72,4.46,72.82,23.16,40.12,66.05,1,86.59,0
3577,2022,Sudeste,SP,Urbana,Grande,2786700,F,95,937.64,0.607,26.12,0,4.09,3.99,81.71,22.39,72.56,75.0,1,100.0,1
3578,2023,Nordeste,PE,Urbana,Médio,126870,F,85,555.95,0.612,38.62,1,6.85,6.97,82.9,18.43,61.78,77.64,1,86.0,0
3579,2022,Nordeste,SE,Urbana,Pequeno,18414,F,96,305.05,0.638,25.26,0,4.53,6.68,59.87,19.19,55.83,68.4,1,76.69,1
3580,2024,Nordeste,BA,Rural,Médio,131952,M,96,711.07,0.714,39.01,1,4.68,8.77,69.35,27.05,70.4,73.96,0,82.57,1
3581,2022,Sudeste,RJ,Urbana,Médio,151671,M,101,916.12,0.796,13.36,1,6.03,6.41,71.23,13.59,78.35,76.07,1,91.2,1
3582,2023,Sul,PR,Urbana,Pequeno,3492,F,86,841.58,0.767,1.15,0,5.16,3.99,76.79,20.73,74.8,70.99,1,99.16,1
3583,2023,Sudeste,SP,Urbana,Pequeno,4798,F,91,650.0,0.651,22.17,0,3.83,6.3,62.51,23.74,91.86,77.34,1,76.89,0
3584,2024,Sul,RS,Rural,Pequeno,12709,F,97,1182.96,0.776,14.42,0,3.47,3.49,83.53,26.49,63.83,70.81,1,96.17,0
3585,2023,Sudeste,ES,Urbana,Médio,47151,M,102,1307.59,0.72,22.56,1,5.79,8.11,49.47,20.94,28.08,73.5,1,83.02,1
3586,2024,Centro-Oeste,MT,Urbana,Pequeno,6178,F,103,1184.88,0.55,21.53,0,5.77,6.43,74.83,21.01,53.91,66.01,1,90.54,0
3587,2024,Sul,SC,Urbana,Grande,2549423,M,107,,0.62,15.7,0,7.82,7.84,83.9,27.08,58.62,63.93,0,79.51,0
3588,2024,Norte,AC,Urbana,Pequeno,13837,F,101,566.58,0.713,29.46,0,5.32,7.52,73.49,22.54,73.02,64.18,1,96.7,1
3589,2022,Nordeste,RN,Urbana,Grande,8542198,M,100,311.75,0.578,22.76,1,7.75,7.37,20.0,29.7,48.71,60.71,0,79.15,1
3590,2022,Sudeste,ES,Urbana,Médio,22361,F,102,1307.09,0.721,27.52,1,7.27,5.68,61.0,26.77,53.22,66.06,0,87.08,0
3591,2023,Nordeste,MA,Urbana,Grande,5285598,F,105,668.89,0.527,30.15,0,6.66,7.29,61.93,26.52,52.6,70.86,0,88.13,0
3592,2023,Sudeste,SP,Urbana,Pequeno,3257,M,90,1357.2,0.751,13.98,0,6.2,5.46,77.86,18.68,73.3,74.68,1,100.0,1
3593,2023,Sul,SC,Rural,Pequeno,15172,F,87,1390.56,0.66,9.65,0,4.31,6.94,89.31,16.88,39.38,75.64,1,82.42,0
3594,2022,Centro-Oeste,MS,Urbana,Pequeno,9854,M,103,856.43,0.796,24.24,0,6.58,6.19,57.82,15.77,44.64,61.12,1,83.65,1
3595,2023,Sudeste,RJ,Urbana,Grande,5614415,M,93,1143.92,0.753,27.42,0,5.71,6.86,90.4,20.34,43.73,66.76,1,86.27,0
3596,2024,Sudeste,MG,Urbana,Pequeno,6404,F,90,1040.51,0.806,26.26,0,4.8,8.2,40.28,21.06,40.31,72.16,0,91.25,0
3597,2024,Sul,SC,Urbana,Pequeno,3700,M,100,,0.815,22.92,1,5.07,6.6,71.41,17.49,90.11,72.04,1,100.0,1
3598,2022,Sudeste,MG,Urbana,Pequeno,11508,M,106,1083.23,0.709,14.79,0,5.68,5.06,68.4,24.45,32.81,71.33,1,95.11,0
3599,2024,Sudeste,ES,Urbana,Pequeno,18942,M,84,,0.708,32.68,1,5.46,4.58,99.99,32.3,87.07,65.9,1,90.31,1
3600,2024,Sul,PR,Urbana,Grande,658479,F,103,1246.23,0.712,39.76,1,4.69,5.68,89.94,22.95,29.14,69.6,1,82.53,1
3601,2023,Norte,AM,Urbana,Pequeno,11437,F,101,568.3,0.598,43.78,1,5.84,7.1,77.93,16.21,44.02,67.16,1,75.52,0
3602,2024,Nordeste,PE,Urbana,Pequeno,13084,M,88,794.65,0.681,37.53,1,6.23,4.14,42.47,27.77,53.27,64.98,1,85.92,0
3603,2023,Sudeste,MG,Urbana,Pequeno,4629,M,94,,0.629,20.29,0,4.66,6.25,42.86,19.84,93.38,74.29,1,89.0,0
3604,2024,Nordeste,PE,Urbana,Pequeno,2099,F,86,617.28,0.756,31.53,1,4.42,5.81,66.55,29.57,33.64,67.53,0,86.94,0
3605,2022,Norte,AC,Urbana,Grande,3911197,F,91,822.88,0.79,26.52,1,5.54,9.16,53.05,17.97,69.08,72.35,0,77.33,0
3606,2024,Nordeste,RN,Urbana,Médio,53559,F,98,,0.762,15.64,0,2.32,5.18,68.89,22.5,72.26,80.89,1,92.49,0
3607,2024,Sudeste,SP,Urbana,Grande,3744655,M,98,1336.22,0.67,20.81,1,4.78,8.89,45.32,22.51,27.0,76.28,0,88.05,0
3608,2023,Sudeste,RJ,Urbana,Pequeno,5534,M,86,942.83,0.722,16.81,0,6.11,6.26,79.72,18.68,48.64,69.75,0,87.88,0
3609,2024,Nordeste,MA,Urbana,Pequeno,15990,M,100,450.84,0.672,31.51,0,4.28,7.27,99.18,27.86,65.53,74.49,1,89.82,0
3610,2024,Sul,PR,Urbana,Médio,163593,F,90,1085.81,0.629,12.04,0,6.03,5.3,65.06,22.07,65.97,70.99,0,100.0,0
3611,2022,Sudeste,ES,Urbana,Pequeno,10150,M,106,1510.62,0.673,30.7,0,4.95,4.9,86.39,26.25,61.37,74.23,1,98.66,1
3612,2022,Nordeste,RN,Urbana,Médio,115481,M,86,553.58,0.723,8.78,1,4.02,6.92,51.08,12.57,40.05,67.84,1,89.82,0
3613,2022,Sudeste,MG,Rural,Pequeno,15639,M,104,1292.51,0.616,27.67,1,3.73,7.85,91.43,21.53,62.72,77.99,0,77.67,0
3614,2022,Norte,AM,Urbana,Médio,142687,M,91,542.39,0.689,36.34,0,5.41,5.73,48.37,21.08,46.35,68.4,1,90.24,1
3615,2023,Sudeste,MG,Urbana,Pequeno,12040,M,86,786.92,0.764,21.47,0,5.55,8.07,42.1,24.28,41.98,70.48,1,97.19,0
3616,2022,Nordeste,PE,Urbana,Pequeno,2617,F,97,540.61,0.617,24.92,0,4.6,4.53,55.94,26.17,55.58,63.05,0,87.71,0
3617,2023,Sudeste,MG,Urbana,Pequeno,11363,F,86,1396.96,0.699,17.38,0,7.66,6.42,73.89,25.03,72.38,71.64,1,98.11,0
3618,2022,Sudeste,SP,Rural,Pequeno,16296,F,99,782.38,0.68,24.94,0,4.91,6.33,52.62,22.56,90.17,69.67,0,83.43,1
3619,2024,Sudeste,MG,Urbana,Médio,139228,F,85,945.49,0.717,31.45,0,7.13,6.03,76.5,21.5,69.52,77.52,1,94.22,0
3620,2022,Sul,PR,Urbana,Pequeno,8931,M,102,1013.94,0.662,10.91,0,7.09,6.67,63.29,22.09,75.08,66.62,1,85.79,0
3621,2023,Sudeste,ES,Urbana,Médio,131334,M,88,1131.91,0.686,26.29,0,4.77,5.58,57.91,21.31,80.12,69.81,0,86.08,0
3622,2024,Sudeste,ES,Urbana,Pequeno,13310,F,105,827.45,0.734,42.2,1,5.68,6.38,56.62,24.52,56.52,68.06,1,98.65,0
3623,2023,Sudeste,ES,Urbana,Médio,132650,F,103,741.26,0.646,17.9,1,6.03,4.19,67.19,19.42,82.4,71.26,1,81.79,1
3624,2022,Nordeste,MA,Urbana,Pequeno,2204,M,99,900.23,0.675,28.86,0,4.17,6.47,93.66,22.92,49.43,65.72,0,100.0,0
3625,2022,Sudeste,ES,Urbana,Grande,4392419,F,86,826.41,0.53,21.99,1,3.99,7.65,71.09,20.79,80.11,77.16,1,86.16,1
3626,2023,Centro-Oeste,MT,Urbana,Pequeno,2556,F,98,977.47,0.623,25.01,1,5.84,7.07,75.64,17.57,45.14,65.89,0,82.62,1
3627,2024,Sudeste,RJ,Urbana,Pequeno,5040,M,91,1529.94,0.701,20.42,0,3.99,6.33,79.99,15.23,43.58,68.64,1,88.5,0
3628,2024,Sul,SC,Urbana,Pequeno,5694,M,105,418.23,0.785,31.83,1,5.4,7.16,75.1,22.79,88.37,62.4,0,79.78,0
3629,2024,Centro-Oeste,DF,Urbana,Médio,23101,F,84,965.03,0.693,27.24,0,5.62,5.47,79.37,19.38,71.32,70.83,0,,1
3630,2024,Sudeste,MG,Urbana,Pequeno,3030,F,89,751.63,0.645,12.04,0,3.32,7.23,81.63,23.86,63.64,77.83,1,98.53,1
3631,2022,Sudeste,ES,Urbana,Pequeno,16768,M,106,985.73,0.766,11.41,1,5.54,6.01,63.21,26.05,52.42,73.29,1,95.93,0
3632,2022,Sudeste,RJ,Urbana,Grande,11722701,F,84,1075.34,0.852,30.51,1,5.18,7.53,87.18,19.85,59.79,72.67,0,80.18,1
3633,2024,Nordeste,SE,Urbana,Grande,4076044,F,98,794.7,0.723,39.22,1,5.37,5.6,75.16,17.36,48.71,75.55,1,89.62,0
3634,2022,Norte,TO,Urbana,Pequeno,14517,M,102,774.46,0.637,36.22,0,6.2,7.03,80.51,31.83,62.34,68.87,1,85.92,1
3635,2022,Sudeste,ES,Urbana,Pequeno,13883,F,94,889.66,0.722,24.5,1,7.06,8.84,50.57,22.74,75.82,65.39,1,96.15,1
3636,2023,Sudeste,MG,Urbana,Médio,144950,M,93,1021.48,0.696,19.45,1,6.34,5.92,35.94,18.96,50.75,69.88,0,90.78,0
3637,2023,Nordeste,PE,Rural,Pequeno,14673,M,106,1288.91,0.67,22.89,0,5.07,5.39,47.41,21.92,34.88,60.29,1,97.97,1
3638,2022,Sudeste,ES,Rural,Pequeno,13234,M,106,1030.01,0.707,25.7,0,5.33,4.51,84.62,22.65,94.99,78.98,0,100.0,1
3639,2023,Sul,RS,Rural,Médio,151009,F,89,912.29,0.732,28.92,0,5.71,6.37,84.82,23.86,67.03,74.99,1,75.89,0
3640,2023,Sul,SC,Rural,Grande,5994537,F,98,464.15,0.781,28.12,0,5.21,9.44,77.83,21.84,60.56,73.43,1,99.43,1
3641,2023,Centro-Oeste,MT,Urbana,Médio,173538,M,107,1006.57,0.658,14.94,0,4.65,7.42,66.61,27.75,23.95,72.54,0,85.97,0
3642,2023,Nordeste,MA,Urbana,Pequeno,18907,M,105,151.63,0.688,47.36,1,5.84,5.29,50.85,19.79,81.76,69.95,0,91.2,0
3643,2024,Norte,PA,Urbana,Médio,90141,F,96,669.8,0.625,30.4,1,4.75,5.53,68.76,29.04,37.04,71.61,1,96.43,0
3644,2024,Sudeste,ES,Urbana,Pequeno,3344,M,105,1134.78,0.69,31.17,0,5.52,6.7,67.43,17.63,64.65,79.28,1,86.08,1
3645,2023,Nordeste,SE,Urbana,Pequeno,12047,M,86,772.79,0.65,26.35,1,2.7,6.22,70.93,27.18,62.77,66.26,0,95.62,1
3646,2023,Nordeste,AL,Rural,Pequeno,13387,M,95,632.57,0.638,31.75,0,5.97,4.29,71.03,22.12,43.51,75.22,0,91.08,0
3647,2022,Sudeste,RJ,Urbana,Pequeno,12755,F,86,779.98,0.7,28.26,0,5.25,7.26,72.74,26.98,65.56,73.46,1,89.09,0
3648,2024,Sudeste,SP,Urbana,Médio,115348,M,107,1012.68,0.761,14.79,1,5.69,6.97,85.43,25.1,44.18,75.51,0,99.01,0
3649,2024,Nordeste,CE,Urbana,Pequeno,13668,M,102,730.65,0.565,28.72,0,4.95,4.97,75.92,22.55,61.88,75.87,0,82.96,0
3650,2023,Sudeste,ES,Urbana,Médio,172651,F,97,776.88,0.674,10.55,0,,5.91,85.12,23.79,59.53,72.72,1,68.77,0
3651,2024,Nordeste,PB,Urbana,Pequeno,4462,M,93,350.49,0.742,31.92,1,5.35,3.86,75.05,24.23,43.35,60.45,0,74.05,1
3652,2022,Sul,SC,Urbana,Pequeno,4041,F,85,1040.09,0.658,27.94,0,4.51,6.62,38.36,22.98,70.1,60.89,0,83.82,1
3653,2022,Sul,SC,Rural,Pequeno,5003,M,104,843.92,0.722,11.89,0,5.62,6.79,83.94,29.59,40.62,69.29,0,,0
3654,2022,Sudeste,MG,Urbana,Pequeno,5234,M,84,857.71,0.701,12.69,0,5.31,7.09,61.02,16.13,77.24,67.09,0,95.64,0
3655,2023,Nordeste,CE,Urbana,Pequeno,3603,F,101,,0.54,28.53,0,6.91,6.04,61.09,30.68,27.76,64.85,1,87.58,0
3656,2022,Norte,RO,Rural,Pequeno,15522,M,92,,0.624,40.77,1,4.41,5.44,80.86,23.5,48.72,67.33,1,84.08,0
3657,2024,Sul,PR,Urbana,Médio,105782,M,85,808.43,0.709,18.17,0,4.65,5.94,63.92,26.02,60.55,68.12,1,94.65,0
3658,2023,Sudeste,RJ,Urbana,Médio,69480,F,91,812.42,0.706,21.71,0,4.93,4.19,76.89,20.31,86.72,70.66,1,93.01,0
3659,2024,Sudeste,SP,Urbana,Pequeno,3284,F,100,1592.88,0.609,1.0,0,6.33,6.43,75.53,24.55,79.02,66.39,0,83.04,1
3660,2024,Sudeste,RJ,Rural,Pequeno,13803,F,99,1368.44,0.798,8.42,1,3.56,7.71,69.38,21.63,75.36,71.44,0,84.05,0
3661,2022,Sudeste,RJ,Urbana,Grande,5762821,F,107,858.67,0.595,24.73,0,,4.52,58.72,18.42,82.13,61.59,0,98.5,0
3662,2024,Norte,RO,Urbana,Médio,43155,M,99,564.7,0.697,24.62,1,4.33,5.11,88.97,18.93,62.56,65.85,1,83.52,0
3663,2023,Sul,PR,Urbana,Pequeno,6298,F,103,1079.66,0.647,4.46,0,4.88,2.71,77.33,14.76,86.62,77.3,0,92.84,0
3664,2024,Sudeste,ES,Urbana,Médio,137853,F,105,,0.718,19.99,0,5.29,6.58,78.42,22.46,67.84,66.14,0,95.27,0
3665,2023,Sudeste,RJ,Urbana,Médio,142889,M,87,1171.86,0.696,15.51,0,4.19,8.12,73.79,22.36,57.91,65.67,1,82.09,0
3666,2024,Sul,RS,Rural,Médio,147518,M,95,1033.74,0.626,32.83,0,6.2,5.81,44.01,14.41,48.47,72.73,0,88.77,1
3667,2023,Nordeste,CE,Urbana,Médio,136298,M,91,922.35,0.6,29.33,0,6.02,6.39,58.28,25.11,25.94,67.98,1,69.33,0
3668,2024,Centro-Oeste,DF,Urbana,Pequeno,17515,F,99,,0.66,20.21,0,5.55,5.32,55.47,22.91,67.11,70.83,0,80.42,1
3669,2024,Nordeste,BA,Urbana,Médio,116543,M,89,1056.81,0.632,32.21,1,4.47,5.26,54.64,23.02,41.69,67.11,1,88.89,0
3670,2022,Nordeste,PB,Urbana,Grande,6224522,F,96,883.09,0.618,37.45,1,6.48,5.83,80.38,24.43,52.39,61.54,1,86.92,0
3671,2024,Sudeste,SP,Rural,Médio,114322,M,89,1540.97,0.775,17.95,0,6.78,3.92,58.63,25.13,37.99,71.86,1,88.45,0
3672,2022,Sudeste,RJ,Urbana,Médio,105472,M,104,1455.89,0.703,22.09,1,5.34,5.08,75.58,20.07,51.64,77.49,0,74.84,1
3673,2022,Nordeste,AL,Urbana,Médio,22387,M,105,,0.589,41.58,0,5.09,6.44,69.25,20.35,40.9,70.41,0,85.61,0
3674,2023,Sudeste,MG,Rural,Pequeno,3415,F,86,1547.95,0.726,10.38,0,7.18,8.3,53.74,24.5,58.83,70.48,0,80.91,0
3675,2022,Nordeste,AL,Urbana,Pequeno,3068,M,106,844.6,0.58,40.06,0,4.72,3.27,57.5,21.2,31.99,72.42,0,83.34,0
3676,2023,Norte,AC,Urbana,Grande,2457981,F,98,869.54,0.599,33.73,0,4.51,6.53,94.06,20.15,79.15,72.94,1,81.52,0
3677,2022,Sudeste,RJ,Rural,Pequeno,12333,F,104,1481.26,0.763,9.92,0,7.08,4.72,84.76,20.5,28.38,66.75,1,100.0,1
3678,2023,Sudeste,ES,Urbana,Pequeno,7641,M,99,554.34,0.661,33.94,1,7.56,7.04,77.39,15.67,64.47,68.58,0,100.0,1
3679,2024,Nordeste,SE,Urbana,Pequeno,17622,M,92,1212.45,0.516,19.32,0,,4.61,64.87,22.45,52.98,68.07,1,84.95,1
3680,2022,Sudeste,RJ,Rural,Médio,119937,F,86,,0.715,29.78,1,5.98,6.89,88.21,25.01,81.54,76.13,1,,1
3681,2023,Sudeste,RJ,Rural,Pequeno,14553,M,100,1168.68,0.742,21.34,0,5.78,7.26,55.57,31.09,93.82,72.23,1,84.14,1
3682,2022,Sudeste,MG,Urbana,Médio,84294,F,96,667.36,0.707,20.46,0,5.26,7.11,82.1,22.75,81.95,59.42,1,88.97,1
3683,2023,Nordeste,PB,Urbana,Pequeno,17511,F,105,649.62,0.653,36.85,1,3.62,7.86,76.8,17.4,68.34,65.88,0,72.43,0
3684,2023,Sul,RS,Rural,Pequeno,5136,F,94,,0.733,6.64,0,6.66,5.98,66.38,12.11,62.65,74.54,0,77.53,0
3685,2022,Norte,RR,Rural,Grande,11763842,F,85,764.09,0.658,30.26,1,6.89,5.79,73.24,21.48,51.24,70.59,0,61.31,0
3686,2023,Sul,SC,Rural,Médio,150588,M,86,976.95,0.709,21.97,1,4.4,4.08,83.85,20.91,85.82,73.13,1,81.22,1
3687,2022,Sudeste,MG,Urbana,Médio,172760,F,103,1200.09,0.608,21.91,1,6.02,8.53,71.56,22.23,56.71,69.5,0,95.87,1
3688,2023,Sudeste,SP,Urbana,Pequeno,16350,M,94,533.85,0.569,14.91,0,4.93,7.06,95.42,21.22,72.28,69.96,0,84.35,1
3689,2024,Centro-Oeste,MS,Urbana,Médio,127700,M,87,771.58,0.681,23.05,0,4.43,3.23,76.92,24.47,52.82,72.61,1,81.82,1
3690,2024,Sul,SC,Urbana,Pequeno,3376,M,87,603.71,0.749,35.99,0,4.61,4.32,71.8,25.78,51.12,66.53,1,83.13,0
3691,2022,Norte,PA,Urbana,Pequeno,2586,F,88,848.42,0.623,40.73,0,4.27,7.24,80.71,20.69,60.36,69.76,1,88.27,0
3692,2022,Sudeste,RJ,Urbana,Médio,191887,F,101,1075.14,0.636,21.65,0,5.5,6.95,72.28,18.42,96.67,69.84,1,98.56,1
3693,2022,Nordeste,RN,Urbana,Pequeno,11866,M,103,768.16,0.705,43.65,1,4.07,6.32,62.88,19.6,64.42,70.93,1,84.53,0
3694,2024,Nordeste,RN,Urbana,Grande,6608909,M,94,938.71,0.805,34.24,0,5.59,6.44,87.21,25.58,57.98,73.32,0,91.37,0
3695,2024,Sudeste,RJ,Rural,Pequeno,14297,M,101,697.91,0.684,18.99,1,6.44,4.92,67.48,26.64,78.58,66.69,1,96.3,0
3696,2023,Nordeste,RN,Urbana,Grande,7736199,F,95,563.91,0.713,26.97,1,7.59,5.79,55.1,26.1,74.88,58.79,1,99.71,1
3697,2024,Sudeste,SP,Rural,Grande,7873343,M,84,1139.48,0.777,16.54,0,5.33,7.58,70.46,14.97,59.76,72.3,0,91.69,0
3698,2022,Norte,PA,Urbana,Médio,48567,F,95,903.2,0.599,23.1,1,2.4,4.25,72.71,21.79,47.41,72.42,1,,0
3699,2024,Nordeste,AL,Rural,Pequeno,19264,M,107,588.74,0.686,23.55,0,4.93,8.89,56.57,24.65,70.24,62.7,0,92.04,0
3700,2024,Sudeste,SP,Urbana,Médio,51090,F,106,,0.671,24.0,0,4.79,9.65,62.5,22.35,35.27,67.39,1,82.16,1
3701,2023,Sudeste,RJ,Urbana,Pequeno,19937,F,85,,0.58,17.06,0,6.96,9.29,78.59,20.99,62.68,71.15,0,85.71,0
3702,2023,Sudeste,MG,Urbana,Grande,5684189,M,95,1213.69,0.707,34.38,1,3.41,6.85,66.71,25.21,51.4,77.75,1,78.22,0
3703,2023,Sudeste,SP,Urbana,Pequeno,16606,F,96,828.97,0.735,23.3,0,5.92,7.69,71.79,17.45,63.76,59.39,1,84.7,0
3704,2023,Nordeste,RN,Urbana,Grande,7117362,F,84,999.54,0.6,29.41,1,3.23,6.74,79.91,21.54,78.56,67.63,1,96.67,0
3705,2023,Sul,PR,Rural,Pequeno,4034,M,99,1125.74,0.681,29.99,0,7.13,7.03,74.67,25.64,94.36,69.95,0,82.72,1
3706,2024,Sudeste,MG,Rural,Médio,58300,F,96,950.33,0.74,38.21,0,,6.95,64.0,19.57,52.25,76.27,1,77.53,0
3707,2024,Nordeste,MA,Urbana,Pequeno,16110,F,87,968.3,0.545,25.95,1,4.11,4.12,56.77,25.26,53.54,68.31,1,98.56,0
3708,2022,Sul,SC,Urbana,Pequeno,6552,M,84,1270.96,0.618,23.34,1,6.75,6.48,87.34,21.95,34.85,68.68,0,100.0,0
3709,2022,Norte,AM,Urbana,Pequeno,10947,M,94,512.62,0.714,36.68,1,5.3,2.33,70.56,21.17,65.25,60.3,0,79.48,0
3710,2023,Nordeste,PB,Urbana,Médio,166561,F,95,791.93,0.698,12.35,0,3.08,4.69,59.52,22.58,45.01,66.59,1,86.26,0
3711,2024,Norte,AC,Urbana,Pequeno,3371,M,107,,0.629,39.01,0,2.86,4.87,65.12,21.26,53.64,63.23,0,88.59,0
3712,2024,Sudeste,ES,Urbana,Grande,5702415,M,86,821.39,0.683,24.92,0,5.3,4.22,72.96,25.21,66.4,61.47,1,93.74,0
3713,2023,Sul,SC,Urbana,Pequeno,16113,F,85,1300.13,0.697,26.36,1,2.42,7.47,74.78,22.38,79.87,68.58,0,92.09,0
3714,2023,Sudeste,SP,Urbana,Médio,173610,M,103,1227.12,0.718,22.43,0,5.29,5.19,60.32,26.67,100.0,67.67,1,84.16,0
3715,2024,Norte,RO,Urbana,Médio,112006,F,103,,0.633,30.3,0,5.9,5.89,66.28,25.77,38.94,64.82,0,72.48,0
3716,2022,Sudeste,ES,Urbana,Médio,24571,F,103,992.8,0.702,10.28,0,4.91,5.45,94.43,29.08,82.23,79.07,1,82.32,0
3717,2023,Sudeste,SP,Urbana,Médio,22504,M,97,624.92,0.639,18.06,0,5.98,6.98,81.59,25.05,32.02,67.54,0,83.53,0
3718,2023,Sudeste,MG,Urbana,Grande,7698607,F,95,1172.3,0.728,16.89,1,2.75,5.94,74.03,19.73,49.12,78.41,0,92.1,0
3719,2022,Nordeste,MA,Rural,Pequeno,14735,M,87,294.47,0.745,41.02,1,1.98,4.81,71.84,28.31,21.59,77.56,0,,0
3720,2024,Sudeste,MG,Rural,Pequeno,14611,F,84,945.15,0.848,20.21,1,5.98,6.44,100.0,21.35,40.07,79.99,0,100.0,1
3721,2023,Sudeste,SP,Urbana,Médio,97543,M,85,893.76,0.679,18.54,0,2.66,7.44,88.3,23.28,75.13,76.33,1,89.23,0
3722,2023,Sul,PR,Urbana,Médio,71335,M,93,393.23,0.703,14.01,1,3.73,5.76,99.95,17.42,51.72,69.37,1,93.32,1
3723,2022,Sudeste,MG,Urbana,Pequeno,16490,F,105,990.6,0.857,31.44,0,4.13,5.01,56.74,25.45,50.83,77.46,1,77.18,1
3724,2022,Norte,PA,Urbana,Pequeno,12364,M,87,,0.674,39.25,0,6.6,2.44,82.86,21.68,38.55,72.2,1,98.32,0
3725,2023,Sudeste,ES,Urbana,Grande,8059205,M,92,813.57,0.786,33.35,0,5.17,7.38,95.41,23.79,53.68,66.35,1,,0
3726,2024,Sudeste,SP,Urbana,Pequeno,17228,F,106,1343.57,0.703,7.99,1,6.92,7.52,78.22,19.69,95.23,66.33,1,92.64,1
3727,2023,Sul,SC,Urbana,Médio,25177,F,86,1289.26,0.74,22.37,1,4.21,6.46,98.53,26.29,75.66,75.15,1,91.69,0
3728,2023,Norte,RO,Urbana,Médio,23664,F,89,455.59,0.5,27.85,0,4.78,6.6,98.45,19.03,38.14,69.03,1,83.17,0
3729,2023,Sudeste,ES,Rural,Médio,194512,M,89,1180.9,0.645,25.43,0,6.53,7.74,58.04,21.5,70.26,76.95,0,100.0,0
3730,2022,Nordeste,PI,Urbana,Grande,10576569,M,84,775.56,0.836,33.35,0,3.71,7.58,48.92,23.95,55.59,67.22,1,95.66,0
3731,2024,Sudeste,MG,Urbana,Pequeno,15644,M,85,1084.19,0.684,18.02,0,5.16,4.57,68.47,22.78,31.92,70.26,0,84.52,0
3732,2023,Sul,SC,Urbana,Pequeno,15509,F,89,224.98,0.742,14.73,1,5.08,6.17,46.74,16.75,38.32,67.05,1,91.3,0
3733,2022,Nordeste,BA,Urbana,Pequeno,6205,F,100,776.09,0.64,23.89,0,5.08,5.96,75.11,22.51,32.05,70.5,0,84.73,0
3734,2023,Sudeste,RJ,Urbana,Pequeno,13410,F,84,640.63,0.788,6.23,0,5.09,9.54,73.57,23.9,26.34,77.48,1,83.49,0
3735,2023,Nordeste,PB,Urbana,Pequeno,18077,F,103,763.7,0.673,36.14,1,6.04,4.41,40.87,24.5,76.57,70.9,1,82.49,1
3736,2022,Sul,SC,Urbana,Pequeno,3381,M,107,1117.12,0.616,22.41,0,6.58,9.51,82.31,18.57,59.82,77.77,0,85.14,0
3737,2023,Centro-Oeste,MT,Urbana,Pequeno,12853,M,99,1119.23,0.704,30.32,0,4.66,3.88,52.85,26.91,68.34,67.78,1,78.52,0
3738,2024,Nordeste,PI,Urbana,Grande,3063727,M,104,987.36,0.591,20.16,1,2.38,6.02,50.89,23.89,84.9,66.19,0,89.11,0
3739,2024,Nordeste,PI,Urbana,Pequeno,19291,F,85,811.23,0.617,29.56,0,5.45,5.78,54.48,22.41,61.67,66.86,1,94.73,1
3740,2023,Nordeste,MA,Urbana,Pequeno,11203,M,99,502.06,0.669,20.95,1,3.31,7.35,76.39,27.66,20.15,77.38,1,89.78,0
3741,2022,Nordeste,PE,Urbana,Médio,162544,F,106,1071.74,0.676,29.08,0,4.96,7.36,82.66,20.4,53.45,62.52,1,84.61,0
3742,2024,Sudeste,RJ,Urbana,Pequeno,9092,M,99,1241.9,0.726,18.4,0,6.28,7.22,81.84,24.09,57.2,64.88,0,77.8,1
3743,2024,Nordeste,PI,Urbana,Grande,11603634,F,104,841.38,0.781,33.2,1,7.05,7.04,68.91,18.11,56.81,72.11,1,85.91,0
3744,2024,Sul,PR,Rural,Pequeno,11144,F,88,651.68,0.662,18.91,0,5.43,8.54,98.05,19.16,95.44,76.91,1,88.82,0
3745,2022,Sul,PR,Rural,Pequeno,16465,F,92,1225.02,0.756,35.21,0,5.01,4.98,84.71,20.53,39.69,71.63,1,89.97,1
3746,2024,Nordeste,PI,Urbana,Pequeno,11445,M,102,387.25,0.747,23.23,0,2.01,5.73,69.01,27.62,48.74,69.77,1,89.79,1
3747,2023,Sul,PR,Urbana,Pequeno,14474,F,88,1061.42,0.689,20.13,0,5.07,8.03,79.57,22.98,60.16,74.14,1,76.0,1
3748,2023,Sudeste,ES,Urbana,Grande,1975730,M,98,952.83,0.76,11.82,0,4.85,6.03,70.31,16.93,78.68,68.51,1,87.51,0
3749,2022,Norte,AP,Rural,Médio,194523,F,100,591.73,0.675,32.85,1,6.24,4.21,65.38,22.39,59.12,65.37,0,89.27,0
3750,2022,Sudeste,RJ,Urbana,Médio,114563,F,100,1140.7,0.735,26.12,0,5.46,7.9,42.66,18.3,64.18,65.63,0,100.0,0
3751,2023,Sul,RS,Urbana,Grande,6689853,F,98,883.7,0.622,17.78,1,3.2,6.6,54.97,23.87,40.78,75.17,1,94.42,0
3752,2023,Nordeste,CE,Urbana,Pequeno,7350,F,89,823.14,0.786,26.1,0,5.27,6.76,67.96,21.36,65.49,61.17,0,85.94,0
3753,2022,Sudeste,SP,Urbana,Médio,59687,F,95,1319.67,0.866,8.83,0,4.95,7.03,49.42,17.18,95.57,78.82,1,83.25,0
3754,2023,Nordeste,CE,Rural,Médio,170088,M,84,819.56,0.634,27.11,0,5.45,4.89,67.98,18.71,86.75,72.46,1,93.46,1
3755,2022,Sudeste,MG,Rural,Pequeno,19884,M,89,922.4,0.736,25.05,0,4.02,6.15,46.4,24.77,57.46,77.04,0,75.05,0
3756,2024,Sudeste,MG,Urbana,Pequeno,4479,M,99,762.39,0.7,25.18,0,5.37,6.43,71.2,19.16,50.36,71.64,1,74.81,0
3757,2022,Nordeste,PE,Urbana,Grande,882519,F,97,345.54,0.548,38.07,0,3.47,6.51,83.28,24.26,41.58,57.72,1,80.08,0
3758,2023,Sudeste,RJ,Urbana,Pequeno,10378,M,100,794.42,0.743,40.42,0,,5.44,78.06,21.76,56.9,76.87,0,86.18,0
3759,2023,Norte,TO,Urbana,Pequeno,2401,M,91,793.18,0.56,16.39,0,3.61,6.02,57.18,24.8,43.11,79.2,1,81.38,1
3760,2024,Centro-Oeste,MS,Urbana,Pequeno,2253,M,91,816.71,0.697,33.58,1,4.71,4.26,58.8,22.76,70.78,74.97,1,82.63,0
3761,2024,Sul,RS,Urbana,Pequeno,15942,F,102,1403.87,0.78,15.62,1,4.18,2.37,100.0,12.59,12.51,72.48,1,100.0,1
3762,2022,Sudeste,RJ,Urbana,Grande,9033773,M,96,678.18,0.778,20.55,0,5.15,5.5,100.0,16.21,70.98,72.53,0,99.12,1
3763,2022,Nordeste,PI,Urbana,Grande,2108149,M,84,650.22,0.627,33.5,1,2.92,7.01,56.28,20.04,74.84,69.37,0,84.92,1
3764,2022,Nordeste,PI,Urbana,Pequeno,15626,M,94,1076.64,0.54,28.27,0,4.32,3.1,67.11,20.43,47.87,68.47,1,81.39,0
3765,2023,Sudeste,ES,Urbana,Pequeno,8411,M,91,1316.04,0.588,39.25,1,5.64,4.02,87.34,21.9,62.11,68.39,1,76.22,0
3766,2022,Sudeste,ES,Urbana,Pequeno,11154,F,86,1602.71,0.576,22.57,0,4.85,5.25,87.93,21.26,64.49,69.99,1,93.75,0
3767,2024,Sudeste,ES,Urbana,Pequeno,2691,M,87,989.41,0.692,27.9,1,5.18,6.02,63.38,20.09,62.6,73.14,0,85.31,0
3768,2024,Norte,RO,Urbana,Pequeno,3136,F,85,421.0,0.629,17.67,0,5.26,3.53,50.28,22.33,40.15,69.21,1,72.98,0
3769,2024,Sudeste,SP,Urbana,Grande,9762280,F,99,802.27,0.656,16.99,0,5.5,6.41,54.42,15.27,62.55,67.69,1,94.45,0
3770,2024,Nordeste,AL,Urbana,Pequeno,4273,F,102,529.16,0.595,32.76,1,3.46,7.63,84.6,24.19,72.6,65.87,0,96.31,1
3771,2023,Sudeste,ES,Urbana,Médio,172101,M,97,1247.8,0.728,21.36,0,5.91,5.95,87.64,15.94,78.78,74.24,1,100.0,0
3772,2023,Sudeste,ES,Urbana,Pequeno,17598,M,105,850.94,0.844,15.32,0,2.83,8.94,61.52,27.43,45.82,66.66,0,92.68,0
3773,2024,Nordeste,MA,Urbana,Grande,10161181,M,89,473.63,0.653,30.34,0,6.86,4.05,56.32,10.74,67.67,72.6,0,80.9,0
3774,2023,Sul,PR,Urbana,Pequeno,13947,M,107,938.15,0.518,19.33,0,6.83,6.23,66.34,20.9,100.0,73.87,1,79.45,0
3775,2022,Centro-Oeste,MS,Urbana,Pequeno,15040,M,91,791.56,0.603,21.77,1,6.91,5.01,55.35,21.09,73.07,68.87,0,81.4,1
3776,2023,Sul,SC,Urbana,Grande,2598992,F,101,1586.93,0.727,4.17,0,5.04,5.72,74.8,22.05,40.69,74.46,1,100.0,0
3777,2024,Nordeste,PB,Urbana,Pequeno,5939,F,100,954.1,0.53,37.18,1,3.77,8.45,81.05,23.52,69.69,70.98,1,97.11,1
3778,2023,Sul,RS,Urbana,Médio,192696,F,106,1075.02,0.677,30.75,0,,5.74,70.51,18.74,53.6,65.33,0,81.55,0
3779,2023,Nordeste,SE,Urbana,Pequeno,13391,F,89,837.36,0.542,24.15,1,3.85,4.1,79.51,20.79,39.2,64.03,1,84.9,0
3780,2023,Sudeste,ES,Urbana,Pequeno,13108,M,88,1065.03,0.728,22.47,0,3.62,6.02,89.91,12.21,40.8,75.04,0,,0
3781,2022,Sudeste,RJ,Urbana,Médio,33417,M,104,1707.6,0.636,25.2,1,,6.23,58.13,26.36,56.61,65.0,0,88.01,1
3782,2023,Nordeste,SE,Urbana,Pequeno,4017,F,102,681.21,0.61,5.47,0,4.6,7.24,59.5,20.12,65.05,72.94,1,100.0,0
3783,2023,Centro-Oeste,DF,Urbana,Médio,96746,F,101,388.72,0.737,20.89,0,5.02,5.46,68.82,23.43,80.86,66.37,0,85.11,0
3784,2023,Sul,SC,Urbana,Médio,143523,F,99,1086.64,0.682,22.49,0,4.77,5.24,74.93,16.99,22.49,67.39,0,89.44,0
3785,2024,Nordeste,AL,Urbana,Grande,984314,M,91,627.79,0.718,31.21,1,5.72,7.18,78.07,18.58,67.74,61.44,1,96.24,0
3786,2023,Sudeste,SP,Urbana,Pequeno,13597,F,107,1723.27,0.595,19.05,0,5.06,5.3,73.35,26.84,79.1,69.48,0,80.53,0
3787,2023,Sul,PR,Urbana,Pequeno,9745,F,95,1131.98,0.768,25.22,0,3.18,8.76,85.05,26.2,66.09,73.91,1,82.62,0
3788,2023,Norte,RO,Urbana,Pequeno,18219,F,87,573.31,0.632,40.98,0,5.11,5.24,61.02,23.16,68.71,69.96,1,78.56,0
3789,2023,Nordeste,RN,Urbana,Pequeno,5984,M,86,1075.8,0.724,26.88,0,5.61,5.85,74.61,20.3,62.07,65.81,0,80.3,1
3790,2023,Sudeste,ES,Rural,Pequeno,9102,M,93,747.19,0.682,25.89,0,3.09,6.57,61.42,24.35,58.4,66.25,0,88.89,0
3791,2024,Nordeste,AL,Urbana,Grande,6247227,F,84,315.98,0.628,35.75,0,4.45,7.7,68.27,29.43,49.41,73.55,1,,0
3792,2024,Sudeste,MG,Rural,Médio,78719,M,88,949.51,0.704,14.14,1,4.39,4.28,51.01,18.55,100.0,65.65,0,91.52,0
3793,2022,Norte,TO,Urbana,Médio,52616,F,93,418.15,0.6,25.49,0,4.46,2.76,77.85,23.78,47.71,65.44,1,,1
3794,2023,Nordeste,PE,Urbana,Pequeno,5687,M,106,943.06,0.75,41.61,1,5.58,6.41,68.46,24.31,41.58,60.81,0,80.01,0
3795,2022,Nordeste,AL,Urbana,Grande,7561306,M,85,510.51,0.738,20.14,1,5.16,8.37,89.2,25.19,36.07,63.7,0,90.75,1
3796,2022,Nordeste,PE,Urbana,Pequeno,17255,M,95,622.6,0.67,19.9,1,2.85,6.34,93.52,26.7,48.38,73.34,1,100.0,0
3797,2023,Sudeste,MG,Urbana,Médio,129172,F,94,1266.83,0.745,17.56,0,5.77,5.89,90.61,24.69,82.25,73.06,0,85.14,1
3798,2022,Nordeste,CE,Rural,Pequeno,8509,M,92,703.67,0.683,10.42,1,5.18,7.71,73.26,20.81,54.05,65.99,0,89.37,0
3799,2024,Sudeste,RJ,Urbana,Pequeno,9862,F,96,1101.71,0.649,14.24,0,5.76,8.15,71.94,15.26,100.0,74.52,1,90.74,0
3800,2022,Norte,PA,Urbana,Pequeno,10217,F,96,,0.612,31.74,0,3.87,4.08,88.71,21.02,47.11,66.98,1,80.34,1
3801,2022,Sudeste,RJ,Urbana,Grande,577762,F,91,718.02,0.7,25.98,0,6.56,4.79,61.69,20.77,67.29,70.25,1,98.69,0
3802,2024,Nordeste,PE,Rural,Grande,5918402,M,104,675.46,0.732,26.69,1,4.8,4.41,65.29,23.03,53.76,64.59,0,69.17,0
3803,2022,Sudeste,RJ,Urbana,Pequeno,7287,M,89,547.98,0.55,37.17,1,5.64,8.05,75.84,21.01,70.95,81.74,0,80.41,0
3804,2023,Nordeste,CE,Urbana,Pequeno,13717,F,107,329.78,0.564,40.21,1,3.28,5.45,97.17,19.83,43.35,73.24,0,82.95,0
3805,2024,Norte,PA,Rural,Grande,279012,M,104,766.2,0.694,35.07,1,4.29,4.2,71.64,24.41,54.6,64.63,1,67.1,1
3806,2023,Nordeste,SE,Rural,Médio,104508,M,90,674.95,0.772,38.06,1,6.25,6.21,82.9,26.35,29.39,71.29,1,79.27,0
3807,2022,Nordeste,CE,Urbana,Pequeno,12686,F,100,525.72,0.578,38.53,0,3.36,7.47,61.49,20.17,63.55,68.0,0,75.48,0
3808,2022,Sudeste,SP,Urbana,Médio,78094,F,89,1454.86,0.777,18.01,0,6.31,5.3,57.35,19.95,86.02,78.81,1,87.87,0
3809,2023,Norte,RR,Urbana,Pequeno,9056,M,91,690.32,0.593,23.1,0,4.28,5.49,74.51,20.08,61.51,73.45,1,98.09,0
3810,2022,Nordeste,PB,Rural,Pequeno,12597,F,96,567.28,0.735,31.4,1,5.79,7.94,100.0,19.23,68.08,73.29,0,96.21,0
3811,2023,Sul,SC,Rural,Médio,101614,M,86,810.86,0.557,23.36,0,4.31,9.07,100.0,17.2,32.66,67.33,1,92.96,0
3812,2024,Nordeste,SE,Urbana,Grande,10607500,F,98,571.65,0.684,27.38,0,7.1,6.03,55.9,18.88,78.24,70.74,1,82.74,0
3813,2023,Nordeste,PE,Urbana,Médio,62212,M,96,523.62,0.673,33.41,1,4.31,5.25,75.9,21.98,66.83,72.15,1,82.15,1
3814,2023,Sudeste,RJ,Rural,Médio,109335,M,102,1245.78,0.72,27.61,0,5.48,8.26,70.84,21.42,58.87,65.31,1,99.28,0
3815,2023,Nordeste,PI,Rural,Grande,6697580,M,103,622.17,0.764,23.12,0,2.06,6.58,61.08,21.7,38.14,62.99,0,90.07,0
3816,2024,Sudeste,ES,Rural,Pequeno,5697,F,89,1298.68,0.613,15.05,1,5.37,6.79,89.67,21.29,78.59,69.74,1,83.03,0
3817,2023,Sul,SC,Urbana,Médio,23565,M,105,1333.53,0.71,17.26,1,7.43,8.89,66.35,25.65,100.0,69.31,0,90.78,1
3818,2022,Centro-Oeste,GO,Rural,Médio,37585,M,88,846.68,0.711,15.22,0,3.58,5.72,43.36,22.48,90.75,57.78,0,86.65,1
3819,2022,Sudeste,RJ,Urbana,Médio,155169,M,100,1298.36,0.703,31.94,1,6.42,5.22,59.18,21.24,40.07,66.09,1,88.33,0
3820,2024,Sudeste,SP,Urbana,Grande,11754080,F,101,905.22,0.605,27.06,1,6.38,6.14,75.95,23.68,41.73,71.77,0,85.78,0
3821,2022,Sudeste,MG,Rural,Pequeno,3129,M,102,1461.14,0.676,24.12,0,4.16,6.32,82.71,18.06,84.58,69.53,0,91.34,1
3822,2024,Norte,AM,Urbana,Médio,130930,F,86,818.06,0.717,46.48,1,,5.78,87.53,24.16,75.25,66.64,0,84.03,0
3823,2024,Centro-Oeste,DF,Urbana,Pequeno,10024,M,84,842.83,0.676,20.66,1,5.67,6.88,77.3,23.15,84.57,76.83,1,99.58,0
3824,2022,Norte,AP,Rural,Pequeno,3427,M,84,1019.41,0.688,13.42,0,,7.45,98.41,22.75,57.56,70.69,0,93.68,1
3825,2023,Sudeste,ES,Urbana,Grande,3067631,F,88,1519.8,0.553,16.11,0,5.88,4.43,83.52,20.15,77.49,59.53,0,80.13,1
3826,2023,Sudeste,RJ,Urbana,Médio,100889,M,97,1380.7,0.826,14.85,0,5.83,6.82,73.13,23.71,77.22,67.64,1,75.69,1
3827,2022,Sul,RS,Urbana,Médio,91034,M,98,729.25,0.682,9.71,0,7.02,6.55,100.0,27.19,37.2,65.5,0,77.2,0
3828,2024,Nordeste,MA,Urbana,Pequeno,2042,M,93,721.83,0.591,35.32,0,5.66,5.77,59.68,19.99,77.59,65.36,0,89.18,0
3829,2023,Sudeste,SP,Urbana,Grande,7720571,M,87,960.08,0.688,22.77,0,5.66,5.49,71.83,18.86,31.94,73.03,0,79.34,0
3830,2023,Nordeste,SE,Urbana,Pequeno,10373,F,91,809.13,0.659,35.5,0,4.63,4.74,65.33,19.32,51.62,66.54,0,91.4,0
3831,2023,Sul,RS,Urbana,Pequeno,10770,M,91,,0.677,28.07,0,5.9,5.13,67.15,20.28,75.44,78.13,0,85.59,1
3832,2023,Norte,PA,Urbana,Pequeno,15252,F,87,250.42,0.709,45.94,0,,5.14,77.05,26.75,65.1,66.95,1,96.05,1
3833,2022,Norte,PA,Urbana,Pequeno,17471,M,98,1376.06,0.67,19.65,0,4.19,2.78,94.21,33.66,64.29,71.5,1,91.71,0
3834,2024,Sudeste,ES,Urbana,Pequeno,18115,M,91,1228.11,0.653,20.56,0,5.78,6.15,47.64,17.5,75.77,73.75,0,75.56,0
3835,2022,Nordeste,MA,Urbana,Grande,9630420,M,84,951.18,0.655,24.57,0,4.47,4.33,70.24,21.81,89.08,73.09,0,92.91,0
3836,2024,Norte,AM,Rural,Médio,196135,M,98,601.04,0.652,35.03,0,3.85,5.43,53.42,20.92,50.18,72.04,0,86.75,0
3837,2022,Sudeste,ES,Urbana,Pequeno,8491,M,96,756.9,0.763,17.8,0,5.89,6.22,71.4,24.76,91.66,74.42,0,94.19,1
3838,2022,Nordeste,SE,Rural,Médio,159555,F,100,751.51,0.672,33.98,0,5.84,5.09,46.62,28.75,61.33,67.04,1,90.77,0
3839,2022,Sudeste,SP,Urbana,Médio,123077,M,100,985.62,0.615,24.65,1,4.75,7.71,63.38,23.1,70.15,72.7,1,87.75,0
3840,2023,Nordeste,PB,Urbana,Pequeno,15772,M,106,728.24,0.602,26.16,0,5.19,5.23,79.81,32.33,41.23,71.13,1,82.4,0
3841,2024,Centro-Oeste,MT,Urbana,Pequeno,15550,M,85,1175.0,0.682,22.39,0,4.49,6.08,56.65,21.08,91.47,69.62,1,91.44,1
3842,2024,Norte,TO,Urbana,Pequeno,19995,M,107,1117.24,0.655,42.59,1,5.13,4.25,71.3,23.6,45.01,78.31,0,89.88,0
3843,2024,Nordeste,AL,Urbana,Médio,124170,F,86,994.42,0.652,23.05,1,4.65,5.69,49.22,23.39,15.79,71.86,1,87.26,0
3844,2024,Centro-Oeste,MS,Urbana,Pequeno,14124,M,94,1207.19,0.737,27.58,0,5.85,7.82,60.36,21.33,77.09,70.8,1,80.7,0
3845,2022,Sul,SC,Urbana,Grande,4969529,F,100,732.05,0.766,25.89,0,7.2,5.88,57.1,16.39,35.55,68.84,1,86.46,0
3846,2023,Nordeste,BA,Rural,Médio,86214,F,88,956.26,0.624,19.08,0,5.36,6.4,67.11,15.22,59.19,62.03,1,82.42,1
3847,2022,Sul,SC,Rural,Grande,5105236,M,96,1061.93,0.633,12.71,0,2.87,6.73,71.78,21.7,91.91,65.52,0,99.19,0
3848,2023,Nordeste,SE,Urbana,Médio,100447,M,90,1050.11,0.606,27.47,0,4.55,6.52,84.98,20.25,47.15,69.99,0,87.55,1
3849,2022,Sul,PR,Urbana,Médio,106436,M,99,967.5,0.775,21.35,1,4.87,5.81,73.94,23.52,77.84,74.83,0,78.89,1
3850,2022,Norte,RO,Urbana,Pequeno,2525,F,95,1241.0,0.707,35.12,0,5.28,6.14,78.76,24.18,64.98,72.03,1,86.74,0
3851,2024,Sul,SC,Urbana,Pequeno,8498,F,84,904.56,0.696,19.98,0,7.77,6.47,94.18,18.72,43.88,75.75,1,100.0,1
3852,2023,Nordeste,AL,Urbana,Pequeno,8433,F,101,573.96,0.626,27.88,1,5.13,7.28,87.01,20.73,44.73,72.34,0,84.91,0
3853,2023,Sudeste,RJ,Urbana,Pequeno,6370,M,86,1065.74,0.737,18.41,0,3.24,7.52,92.08,18.4,50.53,79.59,1,87.45,0
3854,2022,Centro-Oeste,DF,Urbana,Médio,88933,M,105,1183.82,0.734,17.34,0,6.87,6.18,51.29,23.49,55.16,70.42,1,83.56,0
3855,2023,Norte,PA,Rural,Grande,4395558,F,88,1027.63,0.651,35.14,1,5.03,4.6,71.67,28.17,61.35,70.35,0,70.16,0
3856,2022,Nordeste,PB,Urbana,Pequeno,15147,F,95,517.38,0.65,44.44,1,,6.11,20.16,27.7,66.6,65.97,0,85.74,0
3857,2022,Nordeste,PE,Urbana,Grande,11074285,F,95,701.45,0.585,26.42,0,4.92,7.12,86.31,21.98,52.32,59.48,1,,0
3858,2022,Nordeste,PE,Urbana,Grande,7301490,M,103,950.35,0.735,25.69,1,4.84,9.45,79.88,22.02,92.1,79.08,1,83.75,0
3859,2023,Nordeste,PB,Urbana,Médio,148745,F,97,765.71,0.653,36.38,0,3.41,5.17,33.4,23.31,65.8,75.1,0,81.26,0
3860,2023,Sudeste,ES,Urbana,Médio,75542,M,96,1005.61,0.555,31.52,0,4.08,9.46,73.85,19.9,46.9,68.34,1,88.17,0
3861,2023,Sul,SC,Urbana,Pequeno,10922,F,97,912.96,0.726,27.62,0,4.73,8.34,64.74,19.1,60.44,72.05,1,84.93,0
3862,2024,Sudeste,ES,Urbana,Pequeno,11106,F,88,997.14,0.663,25.02,0,4.22,8.4,80.23,21.8,84.09,67.56,0,93.39,1
3863,2024,Sudeste,ES,Urbana,Pequeno,3805,F,89,,0.676,1.0,0,8.16,4.59,80.82,18.21,72.88,77.03,0,97.86,0
3864,2022,Sudeste,MG,Urbana,Médio,65540,M,104,612.49,0.812,20.25,0,5.17,8.73,63.69,21.8,45.87,73.51,1,86.3,1
3865,2024,Sudeste,SP,Urbana,Pequeno,10929,M,107,435.23,0.744,40.7,0,5.64,5.87,59.27,19.41,80.64,74.33,0,,0
3866,2024,Sudeste,RJ,Urbana,Pequeno,3070,F,107,861.53,0.678,7.13,0,5.46,5.89,68.21,19.42,70.28,72.15,1,80.64,0
3867,2024,Sudeste,SP,Urbana,Grande,5311209,F,94,848.44,0.797,24.86,1,5.41,3.46,53.59,24.5,68.48,78.83,1,80.95,0
3868,2024,Norte,RO,Urbana,Grande,11860214,M,84,958.19,0.616,43.32,0,3.6,6.07,42.25,19.42,39.03,65.23,0,87.83,0
3869,2024,Sudeste,MG,Urbana,Pequeno,11687,F,94,966.72,0.701,26.38,0,5.03,5.21,80.76,19.99,51.52,66.36,1,93.04,0
3870,2022,Sul,SC,Urbana,Médio,41372,M,94,1305.38,0.713,32.67,0,6.35,5.73,65.77,27.09,57.22,66.47,1,80.79,1
3871,2023,Sudeste,RJ,Rural,Pequeno,5459,F,102,758.5,0.753,21.4,0,4.88,7.69,54.17,29.24,100.0,62.48,1,93.86,1
3872,2022,Sudeste,SP,Urbana,Pequeno,17470,M,107,1189.88,0.667,20.07,1,5.22,6.31,82.43,20.3,82.91,77.23,1,94.21,1
3873,2024,Sudeste,MG,Urbana,Pequeno,16296,M,88,920.05,0.738,15.54,0,5.67,3.5,48.04,19.48,48.46,73.56,1,93.2,1
3874,2022,Sul,RS,Rural,Grande,7218627,F,96,,0.616,19.51,0,6.01,6.63,87.3,16.95,65.53,71.91,1,84.59,1
3875,2023,Norte,TO,Urbana,Pequeno,8463,F,103,370.65,0.72,14.04,0,4.34,6.13,81.73,20.29,65.53,63.13,1,89.93,1
3876,2023,Sudeste,RJ,Urbana,Médio,62274,M,87,1037.53,0.736,19.51,1,3.26,4.6,59.25,21.24,50.47,65.64,0,92.11,0
3877,2022,Sudeste,MG,Rural,Pequeno,17918,M,103,1493.62,0.74,32.27,0,3.41,8.35,78.82,28.71,84.74,76.84,1,81.11,0
3878,2023,Sudeste,RJ,Urbana,Médio,147990,F,107,861.83,0.681,22.0,0,4.14,5.58,48.93,23.66,57.37,70.27,0,100.0,0
3879,2023,Sudeste,SP,Rural,Grande,1983518,F,93,1067.25,0.714,9.28,0,6.49,5.99,60.09,24.64,88.51,73.38,1,93.72,1
3880,2024,Nordeste,PE,Urbana,Pequeno,11868,M,106,995.61,0.675,24.91,0,2.68,6.3,56.58,25.99,51.44,67.02,0,90.89,0
3881,2023,Norte,AP,Urbana,Médio,150128,F,86,661.03,0.61,30.11,1,5.36,6.76,61.82,20.64,32.59,71.75,1,89.11,0
3882,2022,Sul,SC,Urbana,Médio,118318,F,85,831.16,0.697,27.42,1,4.15,6.59,74.38,20.39,81.95,82.65,1,77.59,0
3883,2023,Sudeste,RJ,Urbana,Grande,2447350,M,84,1226.41,0.629,20.25,0,3.54,6.56,89.89,18.83,83.57,71.64,0,97.07,0
3884,2023,Nordeste,MA,Urbana,Pequeno,2915,M,85,909.8,0.645,26.65,0,5.03,7.11,44.4,20.6,77.94,65.65,0,,0
3885,2022,Nordeste,AL,Urbana,Pequeno,18197,F,91,313.01,0.692,31.63,1,3.12,4.12,80.43,17.76,54.64,67.27,1,86.34,0
3886,2022,Nordeste,CE,Urbana,Pequeno,10606,F,96,512.15,0.554,29.96,1,5.78,6.33,56.16,29.99,56.63,63.86,1,100.0,0
3887,2023,Sul,PR,Urbana,Médio,66308,M,105,1373.49,0.71,19.51,1,7.17,5.41,100.0,20.18,48.7,73.39,0,94.58,1
3888,2023,Sudeste,SP,Urbana,Médio,112292,M,101,,0.782,18.23,1,6.04,6.87,49.62,16.52,57.22,72.07,1,97.27,1
3889,2023,Nordeste,PE,Urbana,Pequeno,4483,F,90,803.99,0.645,36.7,1,3.32,6.17,85.93,22.02,51.33,64.59,1,76.18,0
3890,2023,Sudeste,SP,Urbana,Médio,59757,M,106,847.49,0.728,12.86,0,4.81,7.74,75.47,20.25,75.04,66.63,1,85.42,0
3891,2022,Nordeste,BA,Urbana,Médio,157004,F,107,578.91,0.63,40.78,0,8.09,6.55,91.33,22.14,40.3,80.4,1,87.58,0
3892,2022,Norte,AM,Urbana,Pequeno,4046,M,84,442.88,0.632,34.64,1,5.29,6.45,57.9,19.67,75.67,70.15,1,94.77,0
3893,2024,Sudeste,SP,Urbana,Pequeno,16561,F,101,1018.88,0.775,17.65,1,4.8,5.68,82.91,25.05,50.53,60.69,0,72.63,0
3894,2022,Sul,SC,Urbana,Pequeno,14536,F,102,1020.33,0.745,31.72,0,4.45,6.6,72.96,19.04,28.51,69.83,0,89.22,0
3895,2023,Norte,AC,Urbana,Grande,1636013,M,99,844.57,0.696,31.17,1,4.44,8.05,41.38,27.73,62.01,65.81,0,78.69,0
3896,2024,Sudeste,ES,Urbana,Pequeno,8360,F,105,981.21,0.677,31.7,1,5.73,8.42,55.42,21.67,86.35,69.72,1,81.63,1
3897,2022,Sudeste,RJ,Urbana,Pequeno,2531,M,88,792.78,0.746,5.61,0,,7.73,71.03,22.82,53.3,78.0,0,81.34,0
3898,2023,Sudeste,SP,Rural,Pequeno,9296,M,93,630.36,0.614,13.65,0,,9.2,86.54,18.23,64.66,74.06,0,79.62,0
3899,2024,Sudeste,ES,Urbana,Médio,129662,F,86,1000.03,0.607,36.95,0,4.0,8.33,77.04,24.3,49.33,74.6,1,95.11,0
3900,2023,Centro-Oeste,MS,Urbana,Pequeno,19298,M,93,651.05,0.7,28.11,0,5.42,6.08,47.06,29.55,66.34,69.22,1,91.55,0
3901,2023,Nordeste,BA,Urbana,Médio,30907,M,97,569.93,0.666,35.85,1,6.02,7.73,83.44,22.85,38.71,63.52,1,86.33,0
3902,2024,Norte,AP,Urbana,Pequeno,14350,F,93,917.06,0.615,25.72,1,1.44,3.9,49.79,18.99,37.24,63.66,0,63.6,0
3903,2024,Norte,AM,Urbana,Pequeno,18703,F,97,713.48,0.742,34.16,1,4.86,4.71,87.99,25.8,54.01,69.18,0,91.19,1
3904,2022,Nordeste,SE,Rural,Pequeno,18305,M,86,597.44,0.738,46.88,0,3.61,5.4,63.0,27.02,75.34,66.04,0,88.54,0
3905,2024,Sul,PR,Urbana,Pequeno,10101,F,106,1080.91,0.69,32.61,0,5.01,6.22,73.75,19.11,59.11,68.69,0,86.01,0
3906,2023,Sudeste,SP,Urbana,Pequeno,12183,F,96,1008.91,0.65,28.35,1,6.45,7.16,94.76,24.25,22.57,64.43,0,85.98,0
3907,2022,Sudeste,RJ,Urbana,Médio,118372,F,85,947.5,0.668,27.46,0,7.03,6.44,85.12,16.8,77.38,75.32,1,91.11,1
3908,2024,Sudeste,ES,Urbana,Grande,11147244,M,102,937.62,0.718,20.44,0,4.83,3.59,84.67,18.27,69.52,71.48,1,83.92,1
3909,2023,Sudeste,ES,Urbana,Pequeno,7777,F,97,1098.44,0.649,28.25,0,3.34,6.38,58.04,13.44,54.07,69.58,0,84.78,0
3910,2023,Sudeste,SP,Urbana,Médio,156745,M,86,1174.01,0.673,24.92,0,1.67,5.5,84.46,25.26,41.75,68.37,1,86.4,1
3911,2023,Sudeste,SP,Urbana,Médio,46665,M,104,741.77,0.674,25.92,1,6.11,4.56,68.38,20.98,74.57,69.8,1,91.92,0
3912,2022,Nordeste,CE,Urbana,Médio,168069,M,88,920.0,0.728,33.13,1,3.91,6.29,52.22,20.93,45.4,70.87,1,83.42,1
3913,2023,Sul,RS,Urbana,Médio,38181,F,96,523.58,0.685,19.02,0,5.89,8.5,71.25,20.51,90.1,67.08,0,82.33,1
3914,2022,Sudeste,ES,Rural,Médio,100440,M,105,1066.74,0.686,8.16,1,5.07,5.53,56.29,23.42,71.29,74.21,1,70.72,0
3915,2024,Nordeste,PB,Urbana,Médio,179093,F,91,1062.34,0.717,27.35,0,9.0,8.75,66.48,28.16,61.7,75.72,0,94.68,0
3916,2024,Norte,RO,Urbana,Médio,176914,M,106,1156.5,0.705,19.01,0,5.29,6.15,51.4,22.54,66.19,68.32,0,89.25,1
3917,2024,Sudeste,RJ,Urbana,Médio,83780,F,87,671.95,0.73,28.23,1,4.94,5.12,100.0,23.1,88.09,69.41,1,84.36,0
3918,2024,Nordeste,PE,Urbana,Médio,132380,M,94,666.58,0.594,30.98,1,5.57,6.1,58.33,28.27,61.76,58.63,0,85.82,0
3919,2023,Sul,SC,Rural,Médio,62800,F,87,1409.91,0.576,28.21,0,,4.65,49.44,26.71,76.48,71.45,0,85.14,1
3920,2024,Nordeste,RN,Urbana,Pequeno,8120,F,91,681.44,0.637,25.85,0,4.85,7.61,53.91,19.17,53.14,69.9,1,93.39,0
3921,2022,Sul,RS,Urbana,Pequeno,16311,F,94,1148.78,0.711,27.43,0,5.65,4.0,77.54,16.48,48.38,68.69,1,94.17,1
3922,2022,Nordeste,PI,Urbana,Médio,148619,M,90,716.26,0.597,34.92,0,4.94,5.18,66.53,23.95,59.4,58.33,1,90.19,1
3923,2024,Sul,RS,Urbana,Pequeno,16408,F,104,661.89,0.685,14.16,0,6.09,4.76,87.58,24.33,58.44,74.33,1,88.39,0
3924,2022,Sudeste,ES,Rural,Médio,127358,M,104,935.72,0.777,26.0,0,5.9,6.19,59.58,23.14,69.6,74.12,0,85.29,1
3925,2024,Sul,SC,Urbana,Médio,67569,F,96,913.45,0.682,12.51,0,5.64,6.61,73.3,22.6,57.24,73.38,1,100.0,0
3926,2023,Nordeste,BA,Urbana,Pequeno,11872,M,86,540.59,0.643,22.93,0,5.2,5.66,42.44,20.28,46.11,69.78,1,66.91,1
3927,2024,Sudeste,RJ,Urbana,Médio,158693,F,84,465.47,0.681,23.36,0,4.99,1.5,53.12,17.92,45.42,70.39,0,95.77,1
3928,2022,Norte,TO,Urbana,Médio,188345,M,98,489.32,0.473,25.64,0,,4.39,63.25,20.4,57.64,61.09,1,91.2,0
3929,2023,Sudeste,SP,Urbana,Pequeno,3994,M,104,1238.38,0.739,33.23,1,2.33,5.62,81.78,20.1,85.93,67.32,0,,0
3930,2023,Sul,PR,Urbana,Pequeno,18626,M,86,1511.05,0.634,34.0,0,4.64,7.57,56.41,23.9,73.67,70.89,1,94.79,0
3931,2023,Nordeste,AL,Urbana,Pequeno,9951,F,90,1066.26,0.605,14.07,0,3.16,6.7,67.29,20.29,53.96,62.72,0,81.3,1
3932,2023,Sudeste,ES,Urbana,Pequeno,15471,M,96,980.41,0.77,16.11,1,4.1,7.99,86.83,23.62,79.5,72.79,1,83.82,0
3933,2022,Centro-Oeste,MS,Urbana,Médio,163247,F,102,791.56,0.727,12.15,0,5.76,5.13,71.18,22.8,63.64,59.22,1,81.76,0
3934,2024,Sudeste,RJ,Urbana,Grande,10906576,F,95,806.47,0.657,22.74,0,3.84,7.36,79.87,18.79,29.41,75.09,0,90.41,0
3935,2022,Sul,RS,Urbana,Pequeno,17987,F,96,879.41,0.81,11.33,0,5.4,5.54,60.23,21.58,99.21,67.75,0,85.71,1
3936,2022,Sudeste,RJ,Urbana,Pequeno,6926,M,84,1138.51,0.716,30.78,0,2.91,5.79,75.48,19.73,85.58,73.73,1,89.35,0
3937,2023,Nordeste,AL,Urbana,Médio,99370,M,90,,0.681,21.78,0,4.28,6.88,61.7,16.44,66.04,65.83,0,76.3,0
3938,2024,Sul,PR,Rural,Médio,197573,F,84,538.6,0.838,22.09,1,5.11,6.7,79.25,24.55,60.78,59.25,1,83.39,0
3939,2022,Nordeste,BA,Urbana,Pequeno,5541,F,84,752.92,0.694,32.48,0,6.54,4.68,68.01,20.95,51.44,72.46,1,78.34,0
3940,2024,Sudeste,SP,Rural,Pequeno,17838,F,103,618.52,0.784,19.34,0,5.69,6.06,85.72,19.31,56.12,71.48,1,77.79,0
3941,2023,Sudeste,MG,Urbana,Grande,8258867,M,100,1153.71,0.747,8.65,0,5.13,9.86,91.56,20.58,43.05,66.21,1,86.47,0
3942,2024,Nordeste,BA,Urbana,Médio,170383,F,106,663.51,0.72,34.34,0,5.35,5.22,59.93,26.77,43.11,66.04,0,99.95,0
3943,2024,Sudeste,SP,Urbana,Pequeno,3473,F,94,1198.35,0.647,7.54,1,4.7,8.26,60.61,23.29,84.5,67.53,0,81.27,1
3944,2022,Sudeste,ES,Urbana,Pequeno,18704,M,96,1197.63,0.641,32.62,1,6.12,5.33,83.85,22.97,77.47,77.89,1,95.14,1
3945,2024,Sudeste,RJ,Urbana,Pequeno,7383,F,101,565.6,0.624,28.39,0,5.71,5.48,89.75,21.3,42.76,74.4,1,91.76,1
3946,2022,Norte,AM,Urbana,Pequeno,14789,F,89,1245.66,0.65,33.15,0,7.92,4.5,57.86,18.64,51.88,59.17,0,84.89,0
3947,2022,Sul,RS,Urbana,Pequeno,5678,F,99,1344.59,0.6,28.69,0,5.77,7.18,78.76,21.77,45.31,70.98,0,88.46,0
3948,2024,Nordeste,RN,Urbana,Pequeno,9088,M,104,947.6,0.589,14.77,0,7.08,5.06,63.59,23.71,100.0,69.47,0,87.71,0
3949,2022,Nordeste,PI,Rural,Pequeno,19614,F,87,878.93,0.6,19.55,1,4.83,4.95,79.55,27.46,40.14,70.19,1,89.33,0
3950,2023,Nordeste,MA,Urbana,Pequeno,11371,F,92,755.42,0.762,40.72,0,5.14,7.43,67.24,17.74,53.85,66.88,0,78.52,0
3951,2024,Sul,PR,Urbana,Médio,106253,M,84,571.28,0.703,21.19,0,4.17,6.64,75.08,23.48,100.0,74.28,1,87.23,1
3952,2023,Sudeste,MG,Urbana,Grande,11166284,M,95,1412.07,0.717,28.17,1,7.78,7.06,68.86,26.3,41.95,77.27,1,82.3,1
3953,2023,Sudeste,RJ,Urbana,Grande,5840465,M,107,1220.09,0.675,38.97,1,4.68,4.71,75.82,23.58,68.49,77.85,1,92.2,0
3954,2022,Sudeste,SP,Urbana,Pequeno,16633,M,93,1074.05,0.71,18.68,0,4.92,6.83,58.68,24.4,64.19,65.37,1,97.66,0
3955,2023,Sudeste,SP,Urbana,Pequeno,16168,M,91,,0.675,23.68,0,6.27,7.54,100.0,16.75,62.95,71.66,1,87.48,0
3956,2022,Sudeste,ES,Urbana,Médio,99462,F,99,794.9,0.823,2.48,0,6.42,7.96,78.91,16.04,100.0,64.82,0,79.26,0
3957,2023,Sul,PR,Urbana,Pequeno,2763,F,107,934.63,0.652,20.18,0,4.58,7.29,58.31,21.63,68.83,66.95,0,82.23,0
3958,2022,Sudeste,RJ,Urbana,Pequeno,5039,F,87,935.07,0.755,17.43,0,5.27,7.15,59.03,17.96,33.87,70.23,1,,1
3959,2024,Sudeste,ES,Urbana,Pequeno,2413,M,87,1187.61,0.766,10.89,0,6.42,6.97,97.82,25.56,57.79,72.4,1,86.43,1
3960,2022,Centro-Oeste,DF,Urbana,Pequeno,11292,M,91,1226.39,0.621,18.85,1,4.72,6.33,70.22,25.04,71.8,62.56,1,80.36,1
3961,2023,Nordeste,PE,Rural,Pequeno,13573,F,90,910.35,0.633,23.98,0,4.46,3.39,70.56,27.92,5.0,69.42,1,82.07,0
3962,2024,Sudeste,MG,Urbana,Pequeno,11552,M,107,952.41,0.684,21.45,0,4.54,4.84,43.74,17.93,63.35,67.46,0,93.97,0
3963,2024,Nordeste,PI,Urbana,Pequeno,9074,F,94,1436.28,0.711,32.37,0,4.2,4.53,56.38,28.01,81.6,66.38,0,72.16,0
3964,2024,Sudeste,SP,Urbana,Pequeno,6499,F,84,595.77,0.676,22.37,0,6.12,5.22,74.38,20.27,59.21,75.78,0,85.7,1
3965,2022,Sudeste,RJ,Rural,Pequeno,14124,F,92,942.11,0.626,8.64,0,4.32,9.22,70.06,17.57,63.1,74.64,0,76.73,0
3966,2023,Sudeste,RJ,Urbana,Pequeno,3397,F,105,839.23,0.61,19.21,0,5.64,4.94,60.43,25.16,78.21,65.27,0,88.3,0
3967,2022,Nordeste,PB,Urbana,Médio,170363,F,100,967.8,0.771,11.28,0,4.33,4.79,67.31,22.51,33.51,71.36,1,95.34,1
3968,2022,Sudeste,MG,Urbana,Grande,9701390,M,97,944.04,0.627,28.45,0,4.58,5.19,85.2,18.25,53.55,67.83,1,91.02,0
3969,2024,Sudeste,RJ,Urbana,Médio,33059,M,87,954.33,0.834,18.78,0,7.18,9.08,59.55,18.24,79.23,74.36,1,91.48,0
3970,2024,Sudeste,MG,Rural,Pequeno,10865,M,99,1082.27,0.698,33.85,0,6.67,9.63,88.05,22.6,31.38,69.45,1,78.53,1
3971,2023,Sudeste,MG,Urbana,Pequeno,12257,M,105,1285.76,0.743,23.42,1,5.57,7.66,76.88,32.17,53.09,79.73,0,97.26,0
3972,2023,Nordeste,PI,Urbana,Médio,57451,M,87,977.5,0.665,20.72,1,5.44,3.02,57.47,19.34,32.92,69.22,1,93.25,0
3973,2024,Nordeste,PB,Urbana,Médio,196828,F,102,589.22,0.688,32.81,0,3.68,5.48,47.25,32.74,36.41,66.21,0,91.73,0
3974,2023,Sudeste,RJ,Urbana,Pequeno,6958,M,94,1527.67,0.759,22.43,0,5.11,6.74,84.37,23.57,81.73,74.89,0,83.21,0
3975,2023,Sul,SC,Urbana,Pequeno,3105,M,92,895.18,0.642,29.13,0,5.19,9.51,76.88,20.66,65.47,73.66,0,87.69,0
3976,2024,Sudeste,RJ,Rural,Pequeno,3146,M,101,679.24,0.698,18.33,0,2.84,6.72,66.69,22.69,69.19,75.02,1,100.0,0
3977,2023,Sudeste,SP,Urbana,Pequeno,10577,M,104,558.99,0.662,14.17,0,5.92,5.9,61.92,24.08,62.27,72.4,1,78.35,1
3978,2024,Sudeste,ES,Urbana,Pequeno,16654,F,104,,0.749,13.79,0,5.45,7.58,83.09,17.46,53.7,73.57,1,96.2,1
3979,2024,Nordeste,SE,Rural,Pequeno,14640,M,94,731.39,0.668,25.98,1,,5.95,63.72,20.71,41.65,70.14,1,99.35,1
3980,2024,Sul,PR,Urbana,Médio,167670,F,97,921.86,0.687,20.86,0,6.82,4.11,60.96,22.4,42.74,67.44,0,95.55,1
3981,2023,Sudeste,RJ,Rural,Pequeno,4221,F,107,1062.94,0.745,24.47,0,6.22,7.51,74.69,18.89,69.66,70.1,1,82.21,1
3982,2024,Sul,SC,Urbana,Médio,146369,F,91,958.59,0.767,15.44,0,3.58,5.7,93.98,16.54,34.38,71.07,1,92.83,0
3983,2024,Sul,PR,Urbana,Pequeno,2224,M,94,968.77,0.778,13.73,1,5.04,4.8,64.75,21.21,88.35,71.83,1,84.08,1
3984,2024,Sudeste,SP,Rural,Pequeno,15262,M,85,1308.9,0.706,31.72,1,7.44,3.76,99.42,19.41,72.29,69.31,0,95.78,0
3985,2024,Nordeste,AL,Urbana,Pequeno,18719,M,98,801.66,0.622,17.18,1,3.24,4.2,62.02,20.83,45.48,72.08,1,89.4,0
3986,2024,Sudeste,RJ,Urbana,Pequeno,13326,M,102,605.3,0.765,25.57,0,5.26,7.63,46.75,24.7,58.29,70.82,0,,0
3987,2024,Centro-Oeste,MT,Rural,Pequeno,16406,M,101,902.05,0.673,16.68,0,4.72,6.02,58.06,22.64,64.03,65.11,0,81.04,1
3988,2022,Centro-Oeste,MT,Urbana,Médio,69999,F,84,1167.72,0.542,21.97,1,2.37,5.21,65.9,22.5,74.0,70.97,0,96.64,0
3989,2023,Sudeste,MG,Urbana,Pequeno,18560,M,98,1225.65,0.77,25.97,0,,5.27,71.47,21.21,19.7,66.29,0,99.67,0
3990,2022,Sudeste,RJ,Urbana,Médio,81501,F,86,504.37,0.746,16.26,0,5.49,8.49,83.51,22.21,71.96,82.7,0,89.38,0
3991,2023,Sudeste,MG,Urbana,Pequeno,11487,F,94,858.96,0.727,26.49,0,5.17,5.19,70.49,26.59,100.0,62.79,1,83.38,0
3992,2022,Sudeste,SP,Urbana,Pequeno,3541,M,89,804.06,0.691,24.45,0,6.39,7.19,87.98,19.99,61.02,68.42,1,87.65,0
3993,2024,Nordeste,PB,Urbana,Médio,153290,M,105,774.77,0.705,29.58,0,5.78,7.79,52.21,24.18,63.41,69.7,0,85.27,0
3994,2024,Sudeste,RJ,Rural,Pequeno,8313,M,103,1413.85,0.692,20.87,0,5.2,3.82,75.17,16.27,87.69,81.0,1,85.32,1
3995,2024,Norte,AP,Urbana,Médio,186341,F,106,811.25,0.67,33.31,0,3.38,5.32,83.89,19.69,57.63,66.17,1,82.33,1
3996,2022,Sudeste,ES,Urbana,Pequeno,2727,M,102,1084.23,0.676,15.31,1,,5.65,66.28,15.68,100.0,68.51,1,91.16,0
3997,2022,Sudeste,ES,Urbana,Médio,128451,M,103,1309.1,0.678,34.36,0,3.9,4.55,94.41,27.4,47.58,68.09,1,86.97,0
3998,2022,Sudeste,MG,Urbana,Pequeno,4635,M,95,955.55,0.583,18.84,0,4.62,6.74,71.99,23.17,70.87,67.23,1,81.86,0
3999,2022,Sudeste,MG,Urbana,Médio,102290,M,93,1130.0,0.69,30.01,0,4.14,4.46,91.59,18.87,64.75,80.87,1,90.07,0
4000,2024,Sudeste,SP,Rural,Médio,120069,F,93,855.28,0.78,26.99,1,7.27,5.74,69.54,15.28,69.24,81.12,1,84.88,0
4001,2023,Nordeste,PB,Urbana,Médio,20764,M,99,1013.9,0.687,33.98,0,2.88,6.48,47.42,18.57,75.77,66.57,1,92.76,1
4002,2023,Sul,RS,Urbana,Médio,26754,F,85,718.49,0.592,22.02,1,5.19,4.39,81.37,22.82,74.11,82.19,1,88.85,1
4003,2022,Sudeste,SP,Urbana,Médio,59696,F,97,,0.663,23.87,0,3.12,9.89,69.14,24.69,59.59,72.7,1,,0
4004,2024,Sudeste,SP,Urbana,Pequeno,5952,M,99,1357.62,0.706,8.83,0,5.56,7.37,58.71,17.44,73.28,71.89,1,95.85,0
4005,2022,Sudeste,SP,Urbana,Pequeno,18310,F,91,699.81,0.646,14.77,0,4.85,4.48,81.15,22.33,50.16,80.01,0,84.2,1
4006,2024,Nordeste,SE,Urbana,Pequeno,8184,F,103,444.31,0.65,15.79,0,4.42,6.83,64.76,23.71,31.58,71.03,1,82.39,0
4007,2022,Centro-Oeste,MT,Urbana,Pequeno,3987,M,96,981.12,0.741,21.23,0,4.9,4.9,89.55,20.24,81.57,69.87,0,81.67,1
4008,2023,Sudeste,RJ,Urbana,Pequeno,17742,M,96,892.71,0.623,24.17,0,5.65,7.94,72.03,17.67,59.48,67.35,0,,1
4009,2023,Sudeste,ES,Urbana,Grande,11778821,M,91,779.4,0.576,16.51,0,6.27,4.27,69.36,18.91,43.45,67.96,1,91.29,0
4010,2024,Sul,SC,Urbana,Pequeno,15794,M,98,1018.41,0.797,24.73,1,7.26,6.82,97.61,17.29,50.01,74.81,1,98.62,0
4011,2023,Sudeste,MG,Urbana,Pequeno,4941,F,101,,0.806,18.97,0,3.99,6.45,85.64,29.1,72.99,78.02,1,84.69,1
4012,2024,Sul,SC,Urbana,Grande,1070005,F,92,1099.36,0.638,19.57,0,5.21,4.66,72.6,16.87,39.6,67.32,0,85.6,0
4013,2022,Sudeste,SP,Urbana,Pequeno,2267,M,91,981.27,0.713,18.72,0,4.57,7.06,66.12,23.56,42.98,68.91,1,83.96,0
4014,2023,Norte,AM,Urbana,Pequeno,17746,M,89,900.2,0.611,37.44,0,5.95,4.3,75.58,20.72,56.46,64.87,0,91.05,0
4015,2023,Sudeste,RJ,Urbana,Médio,28916,M,106,778.99,0.697,14.03,0,5.37,5.18,77.02,19.37,51.35,74.3,1,85.94,0
4016,2023,Norte,AP,Urbana,Pequeno,6597,F,93,615.33,0.579,43.8,0,5.45,6.16,40.15,19.43,33.85,72.3,0,78.25,1
4017,2022,Norte,RO,Urbana,Pequeno,11916,M,99,947.09,0.636,30.91,0,4.67,7.26,72.89,21.27,76.99,64.98,1,,1
4018,2023,Sudeste,RJ,Rural,Grande,7858474,F,91,1051.6,0.654,33.51,1,6.24,5.01,67.37,22.51,71.57,75.8,1,100.0,1
4019,2024,Norte,AM,Urbana,Grande,8544026,F,99,694.98,0.644,28.22,0,6.73,5.75,86.57,23.56,80.0,68.65,1,92.44,1
4020,2024,Sudeste,ES,Urbana,Pequeno,18314,M,91,1416.73,0.673,29.82,0,5.31,6.46,86.15,20.59,34.26,75.34,0,,0
4021,2022,Norte,AM,Urbana,Grande,7542392,M,93,895.13,0.609,27.33,0,2.83,3.32,75.57,21.0,54.06,69.38,0,79.43,0
4022,2024,Sudeste,MG,Urbana,Médio,81356,F,97,1349.03,0.738,26.15,0,3.97,7.46,100.0,23.83,62.66,63.82,1,94.37,1
4023,2024,Nordeste,PE,Urbana,Médio,31979,M,97,808.66,0.68,30.02,0,5.09,6.32,49.83,24.88,64.83,65.12,0,91.49,1
4024,2024,Sudeste,MG,Urbana,Médio,98627,F,103,992.7,0.759,14.33,0,3.55,4.69,78.75,15.76,46.69,67.5,0,100.0,0
4025,2022,Nordeste,PI,Urbana,Pequeno,7116,M,84,877.9,0.691,46.54,0,3.55,6.02,98.32,24.06,88.71,81.61,1,87.38,0
4026,2022,Sudeste,MG,Urbana,Pequeno,4729,F,91,575.81,0.701,18.89,0,,6.01,55.57,21.22,99.36,73.4,1,96.54,0
4027,2022,Sudeste,ES,Urbana,Médio,27850,F,89,1219.11,0.64,9.66,0,6.41,4.16,100.0,29.95,77.23,68.82,0,83.68,1
4028,2022,Nordeste,PE,Rural,Pequeno,16955,M,92,597.94,0.71,16.21,1,3.59,4.95,56.1,15.64,66.43,70.23,0,86.05,0
4029,2022,Centro-Oeste,GO,Urbana,Médio,133460,F,95,1474.36,0.695,19.42,0,,6.07,71.64,22.64,26.45,68.43,0,81.02,1
4030,2023,Nordeste,PE,Urbana,Médio,23968,F,88,722.75,0.591,14.28,1,,8.93,67.09,20.34,65.06,66.55,1,88.09,0
4031,2023,Sul,RS,Urbana,Pequeno,8662,F,93,1290.02,0.668,26.45,0,5.33,7.67,96.12,16.57,60.82,70.03,0,80.78,0
4032,2023,Nordeste,MA,Urbana,Grande,6797585,M,102,1008.31,0.669,33.49,0,6.13,4.88,72.29,17.52,41.14,65.62,0,98.0,1
4033,2022,Sudeste,SP,Urbana,Pequeno,8551,M,84,629.22,0.715,17.82,0,3.9,7.85,68.37,19.64,91.93,68.92,1,81.13,0
4034,2022,Sudeste,RJ,Urbana,Pequeno,9805,M,84,918.92,0.707,9.73,0,7.24,2.46,82.64,19.99,62.25,70.98,1,100.0,0
4035,2024,Nordeste,CE,Urbana,Pequeno,12732,F,106,542.09,0.64,35.34,1,4.55,5.97,75.76,20.86,82.85,65.94,0,66.23,0
4036,2023,Sudeste,ES,Urbana,Médio,100346,F,89,624.21,0.696,23.04,0,3.32,4.25,63.25,22.76,85.06,64.37,1,88.73,0
4037,2023,Centro-Oeste,MT,Urbana,Médio,130987,M,92,1024.73,0.719,43.9,0,4.83,8.43,91.31,18.95,91.68,71.85,1,83.14,1
4038,2023,Sudeste,RJ,Urbana,Pequeno,14736,F,106,1063.25,0.812,16.48,0,3.44,7.46,63.74,24.92,44.17,76.58,1,90.06,0
4039,2023,Nordeste,RN,Urbana,Grande,11392080,F,84,954.47,0.652,30.8,0,4.03,7.58,55.52,22.37,30.14,75.29,1,80.51,0
4040,2022,Nordeste,RN,Urbana,Médio,77023,M,98,732.35,0.696,34.19,0,4.5,6.98,83.58,22.57,63.43,65.52,1,83.6,0
4041,2023,Sul,PR,Urbana,Médio,80223,M,96,1430.02,0.715,15.56,0,5.1,8.6,100.0,22.61,77.23,80.81,0,87.78,0
4042,2022,Sudeste,MG,Urbana,Pequeno,3499,F,99,910.44,0.593,19.98,0,4.63,6.05,87.65,20.28,87.34,72.56,1,81.97,0
4043,2023,Sudeste,SP,Urbana,Grande,1365712,M,93,706.09,0.709,19.97,1,4.52,7.74,81.27,17.86,74.61,71.13,1,100.0,1
4044,2024,Norte,AC,Urbana,Pequeno,5745,M,94,804.81,0.694,25.88,0,2.94,7.26,64.11,13.12,48.41,70.2,0,97.11,0
4045,2024,Sul,PR,Urbana,Pequeno,3332,F,89,1118.54,0.68,33.38,1,5.47,5.51,69.49,13.77,86.7,64.24,0,86.78,0
4046,2022,Sudeste,RJ,Rural,Médio,62253,M,97,722.71,0.733,20.08,0,6.15,5.63,100.0,20.21,51.1,82.86,1,87.88,0
4047,2022,Sudeste,RJ,Urbana,Pequeno,14768,M,96,633.08,0.683,32.19,1,3.87,3.78,85.32,28.88,69.06,73.86,1,94.76,0
4048,2024,Norte,PA,Urbana,Pequeno,17076,M,87,571.54,0.559,27.6,0,2.9,7.19,59.62,21.97,54.13,61.04,1,85.79,0
4049,2024,Sudeste,RJ,Urbana,Pequeno,19340,F,90,1445.56,0.652,20.49,0,5.52,4.92,67.44,21.31,43.27,70.57,1,87.34,0
4050,2023,Sul,RS,Urbana,Pequeno,14568,M,99,644.16,0.676,34.16,0,5.58,6.22,72.44,22.09,64.99,74.48,0,85.41,1
4051,2022,Centro-Oeste,GO,Urbana,Pequeno,6561,F,107,,0.804,14.42,0,3.42,4.81,51.63,20.33,5.0,75.15,0,100.0,1
4052,2022,Nordeste,MA,Rural,Médio,95519,F,103,521.23,0.712,29.81,0,3.92,5.98,45.19,19.26,25.21,72.68,1,83.09,0
4053,2022,Nordeste,PI,Rural,Pequeno,11359,F,89,1018.08,0.611,35.83,1,3.72,6.68,49.6,26.95,74.32,70.7,0,88.36,0
4054,2022,Sudeste,ES,Urbana,Grande,1771591,F,94,1271.72,0.65,12.29,0,6.22,6.7,34.37,20.86,51.23,77.49,0,89.35,1
4055,2024,Sul,SC,Urbana,Pequeno,16860,F,95,1031.75,0.738,16.82,1,6.49,5.81,71.11,22.92,52.42,66.1,0,94.35,0
4056,2022,Sul,SC,Rural,Grande,11131142,F,106,659.23,0.704,30.78,0,6.67,2.39,76.0,23.76,50.06,66.84,1,79.61,0
4057,2022,Sudeste,MG,Urbana,Pequeno,13743,M,95,1421.24,0.723,21.1,0,5.08,6.31,64.63,22.46,69.63,70.68,0,84.94,0
4058,2024,Centro-Oeste,MS,Urbana,Pequeno,17869,M,97,994.37,0.738,24.49,0,4.41,5.98,57.06,20.15,66.42,72.18,0,100.0,1
4059,2023,Nordeste,AL,Urbana,Pequeno,2756,F,97,510.75,0.776,25.91,0,6.11,4.64,76.98,25.3,74.17,61.53,1,87.27,0
4060,2022,Nordeste,PI,Urbana,Médio,89057,F,98,512.96,0.744,19.65,0,4.27,6.81,45.6,21.54,77.48,70.09,1,84.14,0
4061,2022,Sudeste,ES,Rural,Grande,10130874,F,86,685.06,0.628,18.84,0,6.37,6.23,57.68,25.69,61.38,74.71,1,87.21,0
4062,2023,Nordeste,MA,Urbana,Médio,190684,M,106,518.06,0.657,26.27,0,5.64,5.53,46.71,21.55,100.0,69.7,1,100.0,1
4063,2023,Sudeste,MG,Urbana,Grande,8899430,F,95,1004.49,0.654,30.6,1,5.91,5.95,96.45,22.55,76.28,66.37,0,92.96,0
4064,2024,Sudeste,MG,Urbana,Pequeno,18159,M,86,490.51,0.633,36.39,0,5.09,6.26,100.0,13.1,51.48,72.92,1,93.51,0
4065,2022,Sudeste,RJ,Urbana,Pequeno,11607,M,95,,0.74,14.32,0,3.92,7.78,63.68,16.22,64.81,72.51,0,92.33,1
4066,2022,Nordeste,AL,Urbana,Pequeno,9709,M,104,,0.616,29.81,0,4.12,3.05,48.7,21.45,60.99,79.08,1,94.41,0
4067,2022,Sudeste,ES,Urbana,Pequeno,14282,F,106,1039.48,0.677,36.17,1,5.0,8.43,90.74,24.0,55.46,78.2,0,83.61,0
4068,2022,Sudeste,RJ,Urbana,Pequeno,13097,F,89,1052.3,0.655,22.09,0,4.61,8.06,47.38,23.46,42.24,66.92,0,87.95,0
4069,2022,Norte,TO,Urbana,Pequeno,12091,M,92,637.74,0.61,36.99,0,4.64,5.57,66.96,21.86,74.68,67.81,0,72.86,0
4070,2024,Norte,AP,Urbana,Médio,130686,M,103,811.18,0.524,35.82,0,5.8,5.82,81.11,23.03,71.05,69.93,0,61.89,0
4071,2023,Sul,PR,Urbana,Médio,169247,M,104,670.77,0.634,17.74,0,6.4,5.01,63.52,23.04,24.54,78.1,1,81.93,0
4072,2024,Sudeste,MG,Urbana,Médio,84900,M,105,1145.11,0.753,18.43,0,,7.6,94.68,17.94,82.11,75.66,1,83.36,1
4073,2022,Nordeste,SE,Urbana,Pequeno,18975,M,98,464.96,0.515,31.73,1,5.34,4.36,60.36,22.29,37.76,63.16,1,78.71,1
4074,2022,Sudeste,ES,Urbana,Pequeno,6232,M,100,945.08,0.817,15.38,0,5.22,5.59,61.87,16.63,59.12,70.58,1,99.31,1
4075,2023,Sudeste,MG,Rural,Pequeno,14645,M,103,1107.74,0.69,20.78,0,5.07,4.25,89.95,18.54,20.27,70.26,0,89.68,0
4076,2023,Sudeste,ES,Urbana,Pequeno,17911,M,105,735.37,0.67,14.3,0,4.93,5.94,75.65,13.21,54.43,73.57,1,79.3,0
4077,2023,Sudeste,ES,Urbana,Pequeno,16674,F,96,898.29,0.701,42.65,1,6.02,8.12,89.19,16.76,63.63,63.53,1,100.0,0
4078,2024,Sudeste,MG,Rural,Pequeno,12320,F,101,1173.97,0.715,11.44,0,3.15,5.79,81.36,24.88,50.83,81.14,0,92.77,0
4079,2022,Centro-Oeste,GO,Rural,Pequeno,2959,M,105,957.91,0.779,29.99,0,6.19,4.4,64.3,20.34,79.52,70.76,0,96.5,1
4080,2022,Nordeste,PI,Rural,Médio,124838,M,95,944.21,0.584,38.82,1,3.89,4.84,65.93,26.1,53.88,73.38,1,98.19,0
4081,2024,Nordeste,PE,Urbana,Grande,6732794,M,92,571.24,0.734,35.05,1,5.85,5.03,93.06,27.76,56.82,75.44,1,71.38,1
4082,2023,Centro-Oeste,GO,Urbana,Médio,80939,F,98,798.92,0.728,22.6,1,4.97,8.43,74.63,15.79,70.95,68.75,1,92.62,0
4083,2022,Norte,PA,Urbana,Médio,96592,M,104,754.82,0.773,23.78,0,5.74,7.03,78.62,27.68,75.66,74.32,0,,1
4084,2024,Nordeste,RN,Urbana,Pequeno,10893,F,86,741.78,0.584,38.35,0,6.87,7.1,53.81,24.53,66.26,76.68,1,87.09,0
4085,2023,Sul,SC,Urbana,Pequeno,9411,M,85,1248.17,0.685,4.98,0,6.63,6.14,64.78,24.9,27.88,75.04,0,79.95,0
4086,2024,Sul,RS,Rural,Pequeno,18161,M,86,555.64,0.656,33.64,1,5.53,3.8,81.13,23.92,100.0,75.28,1,84.54,1
4087,2024,Nordeste,CE,Urbana,Pequeno,13407,M,96,892.31,0.615,23.74,0,4.43,7.32,72.2,18.65,28.48,73.2,1,81.78,1
4088,2022,Sudeste,RJ,Urbana,Pequeno,14608,M,105,926.66,0.734,9.18,0,5.41,5.73,89.82,24.36,40.98,67.19,1,,0
4089,2023,Nordeste,PI,Rural,Pequeno,11702,M,105,558.62,0.704,41.89,1,3.31,5.1,59.78,28.9,56.26,75.75,1,78.48,0
4090,2022,Sudeste,SP,Urbana,Médio,29267,F,98,621.75,0.685,20.35,1,5.38,5.52,75.07,32.84,74.71,63.76,0,95.82,0
4091,2023,Sudeste,RJ,Urbana,Grande,1920314,M,100,1361.0,0.678,22.72,1,5.99,5.51,54.38,18.1,77.52,74.18,1,100.0,0
4092,2024,Sudeste,ES,Rural,Pequeno,6564,F,103,444.49,0.749,4.73,0,7.38,6.76,61.46,13.97,71.68,71.42,1,80.45,0
4093,2022,Sudeste,MG,Urbana,Médio,199530,M,93,972.1,0.789,11.46,0,3.47,4.86,76.04,15.31,100.0,58.9,0,99.45,0
4094,2022,Sul,RS,Urbana,Pequeno,4835,F,96,1244.39,0.709,10.73,0,,2.62,58.29,23.45,66.38,76.5,0,83.1,0
4095,2022,Nordeste,RN,Rural,Pequeno,6643,M,89,874.73,0.659,28.58,0,2.85,5.55,33.88,21.66,45.28,75.05,1,93.05,0
4096,2024,Sul,RS,Urbana,Pequeno,10181,M,96,598.54,0.74,16.54,1,4.92,5.26,85.88,24.32,31.34,79.16,1,81.92,0
4097,2024,Nordeste,PB,Urbana,Pequeno,6622,M,90,,0.746,17.53,1,6.05,4.92,67.03,20.6,55.0,51.13,1,83.12,0
4098,2022,Nordeste,SE,Urbana,Grande,6944886,F,104,743.72,0.783,15.52,1,4.03,6.8,81.24,17.45,31.35,64.63,0,73.75,1
4099,2023,Sudeste,MG,Urbana,Pequeno,6450,F,104,972.87,0.746,21.53,1,,6.23,87.05,24.25,100.0,62.32,0,100.0,1
4100,2023,Sudeste,SP,Rural,Pequeno,10901,M,94,962.3,0.741,26.65,1,5.38,6.19,73.65,27.38,71.93,76.68,0,97.78,0
4101,2022,Norte,AC,Urbana,Pequeno,8372,F,104,,0.505,20.37,0,4.43,7.16,56.94,22.17,41.07,73.14,0,98.66,1
4102,2023,Sudeste,SP,Urbana,Pequeno,19141,F,94,945.26,0.682,26.62,0,4.0,8.69,65.32,22.54,72.57,60.48,0,79.7,0
4103,2022,Sudeste,ES,Urbana,Médio,123766,F,99,800.61,0.747,32.97,0,6.08,8.58,100.0,23.68,63.68,71.21,1,93.26,1
4104,2024,Norte,RR,Urbana,Grande,11034254,F,102,862.7,0.689,33.22,1,3.04,3.69,55.25,27.41,81.12,61.77,1,91.93,0
4105,2024,Nordeste,CE,Rural,Pequeno,6194,F,106,1391.44,0.691,33.94,1,7.2,4.52,65.81,14.04,44.46,72.48,0,88.73,1
4106,2023,Centro-Oeste,MT,Urbana,Pequeno,13154,M,86,540.38,0.749,28.52,1,6.28,6.68,51.69,22.64,15.5,73.71,1,69.33,0
4107,2023,Centro-Oeste,MT,Urbana,Pequeno,10421,M,105,771.64,0.655,26.37,1,3.93,4.15,71.4,23.81,65.67,63.27,0,84.76,1
4108,2023,Norte,TO,Rural,Pequeno,16495,M,95,512.52,0.566,40.21,0,8.45,7.71,85.31,14.53,52.5,57.78,0,,1
4109,2023,Nordeste,CE,Urbana,Pequeno,7021,M,102,520.02,0.638,33.07,0,5.65,5.25,64.28,22.52,58.67,56.28,0,84.7,0
4110,2022,Sudeste,MG,Urbana,Pequeno,19017,M,92,901.92,0.669,15.67,1,6.89,5.97,96.4,16.58,73.69,67.17,1,80.82,1
4111,2023,Sudeste,MG,Urbana,Pequeno,7766,F,101,1134.98,0.66,22.15,1,6.37,5.54,77.66,19.71,36.96,70.23,1,84.24,0
4112,2022,Sudeste,ES,Urbana,Grande,4276607,F,91,,0.726,15.13,0,3.45,7.68,89.49,13.85,55.96,68.46,0,94.38,1
4113,2024,Nordeste,SE,Urbana,Pequeno,13992,M,100,434.54,0.602,18.59,0,8.21,5.13,66.05,18.53,53.37,73.37,0,80.62,0
4114,2024,Sudeste,SP,Urbana,Médio,168459,M,93,545.95,0.693,25.49,0,7.2,5.85,90.61,28.49,35.11,73.95,1,100.0,1
4115,2024,Sudeste,ES,Urbana,Pequeno,6585,F,89,881.14,0.715,22.4,1,5.75,5.15,73.35,19.03,56.02,76.09,1,87.85,0
4116,2022,Sudeste,ES,Urbana,Grande,4510320,F,94,875.01,0.77,10.81,0,6.68,5.17,78.53,23.28,87.8,69.08,0,86.38,1
4117,2023,Sudeste,ES,Urbana,Pequeno,15879,F,104,831.42,0.607,18.11,1,4.27,5.42,80.78,15.12,70.54,59.02,1,83.38,0
4118,2024,Sudeste,RJ,Urbana,Pequeno,13129,M,94,1280.52,0.688,21.84,0,6.45,6.57,92.11,18.73,59.79,68.81,1,88.38,1
4119,2022,Sudeste,RJ,Urbana,Pequeno,18216,F,88,619.43,0.736,16.08,1,6.0,8.73,72.54,26.89,70.49,65.83,0,92.37,0
4120,2024,Sudeste,SP,Urbana,Médio,136841,F,93,1304.25,0.645,5.72,0,5.04,6.44,54.98,21.96,68.32,71.61,1,99.31,0
4121,2024,Sudeste,ES,Rural,Médio,83821,M,92,986.92,0.803,23.92,0,4.33,8.8,90.58,26.48,67.42,67.25,1,77.46,0
4122,2024,Sul,RS,Urbana,Médio,32473,M,92,1129.57,0.627,31.6,1,5.9,6.75,84.77,25.43,61.29,76.51,1,97.37,0
4123,2024,Sudeste,MG,Urbana,Pequeno,18837,M,89,606.53,0.652,14.59,1,5.51,4.84,86.31,24.64,56.81,77.94,1,88.9,0
4124,2023,Sudeste,RJ,Urbana,Médio,52488,M,105,1119.11,0.681,24.39,0,,4.68,71.74,23.64,74.87,72.62,1,92.1,0
4125,2022,Sudeste,ES,Urbana,Médio,125410,F,97,611.24,0.722,15.85,0,6.79,5.93,73.98,24.36,37.46,65.05,0,88.48,1
4126,2023,Sudeste,ES,Rural,Grande,3899249,F,97,707.22,0.629,22.15,1,3.61,7.15,66.26,20.81,93.21,76.53,1,87.58,0
4127,2022,Sudeste,MG,Urbana,Grande,7661868,M,87,1033.19,0.708,17.78,0,5.91,4.38,70.08,21.33,75.48,69.19,1,75.86,0
4128,2023,Nordeste,SE,Urbana,Pequeno,16603,F,104,528.56,0.549,30.81,0,4.63,7.53,82.39,26.04,52.05,65.09,0,93.3,0
4129,2024,Sudeste,SP,Urbana,Pequeno,14728,F,107,834.36,0.563,7.43,0,5.65,6.47,72.99,19.04,85.48,69.04,0,81.95,0
4130,2023,Nordeste,MA,Urbana,Pequeno,2367,M,95,340.71,0.628,35.68,0,3.7,7.23,71.03,20.46,68.21,79.34,1,100.0,0
4131,2023,Sudeste,RJ,Urbana,Médio,190387,F,104,1183.19,0.804,22.08,0,4.16,5.74,91.95,21.83,38.35,66.6,1,91.32,0
4132,2023,Centro-Oeste,MT,Rural,Pequeno,8706,M,107,860.66,0.745,10.11,0,6.43,6.69,61.26,16.6,72.84,77.86,0,93.56,0
4133,2022,Sul,RS,Urbana,Pequeno,3562,M,96,1096.76,0.712,18.46,1,2.14,7.18,57.71,26.1,30.77,68.59,0,83.31,0
4134,2023,Sul,PR,Urbana,Pequeno,17759,F,106,1010.31,0.696,15.67,1,4.89,4.53,78.62,21.44,23.44,72.22,1,90.44,0
4135,2023,Nordeste,PE,Urbana,Pequeno,5879,F,98,500.51,0.672,22.89,1,3.65,3.86,52.3,23.94,44.38,72.9,0,79.25,0
4136,2024,Sul,RS,Urbana,Pequeno,14210,F,85,,0.64,7.53,0,5.55,6.89,69.35,26.02,75.78,65.15,1,99.79,1
4137,2022,Sul,SC,Urbana,Pequeno,9988,M,89,1167.07,0.663,28.76,1,4.42,5.51,55.36,26.08,53.88,65.15,0,71.71,0
4138,2022,Nordeste,PB,Urbana,Médio,33030,F,94,762.37,0.611,26.98,0,5.58,3.07,72.08,28.69,48.59,63.34,0,75.94,0
4139,2024,Nordeste,AL,Urbana,Pequeno,17853,M,101,970.55,0.568,38.3,1,4.53,6.12,85.12,23.64,46.51,71.21,1,88.2,0
4140,2024,Sul,SC,Urbana,Médio,115738,M,86,1015.45,0.692,16.77,0,7.11,5.11,47.96,22.68,63.61,81.91,0,94.73,0
4141,2024,Centro-Oeste,GO,Urbana,Grande,6409733,M,105,978.29,0.59,25.43,1,5.55,6.38,60.72,25.55,79.24,70.7,1,90.75,0
4142,2023,Nordeste,PI,Urbana,Pequeno,17312,F,96,958.67,0.657,12.79,1,6.66,5.78,35.1,19.29,17.96,66.06,0,83.65,1
4143,2023,Centro-Oeste,MT,Urbana,Médio,122785,M,86,1064.28,0.717,16.56,0,6.54,6.27,37.75,25.07,32.49,67.88,1,92.18,0
4144,2024,Nordeste,BA,Urbana,Médio,169695,M,85,434.63,0.729,24.4,1,3.57,3.86,81.72,19.24,64.88,70.55,0,87.61,1
4145,2022,Sul,PR,Urbana,Pequeno,19530,M,85,946.98,0.713,19.64,1,6.2,6.82,73.47,24.57,59.51,63.37,0,99.38,1
4146,2023,Sudeste,RJ,Urbana,Pequeno,3881,F,85,1127.35,0.791,31.4,0,5.75,4.65,51.74,20.52,30.73,74.53,0,92.2,0
4147,2022,Sul,RS,Urbana,Grande,9858644,M,88,962.61,0.728,13.81,0,5.4,3.21,70.91,19.67,74.23,66.78,1,83.22,0
4148,2022,Sul,PR,Urbana,Médio,94896,M,105,828.07,0.78,22.34,1,3.94,5.29,87.91,22.81,73.91,74.62,1,80.12,0
4149,2022,Sul,PR,Urbana,Pequeno,8556,F,86,483.82,0.748,32.13,1,5.13,6.51,40.21,18.84,88.74,71.67,0,83.11,1
4150,2022,Sudeste,MG,Urbana,Pequeno,7977,M,102,581.92,0.689,11.9,0,6.91,8.85,46.54,14.12,65.03,70.24,0,88.52,1
4151,2024,Sudeste,MG,Urbana,Grande,3400097,F,100,665.16,0.766,31.62,0,5.82,7.36,78.57,21.42,60.72,75.79,1,88.38,0
4152,2022,Nordeste,AL,Rural,Pequeno,15658,M,98,752.23,0.553,26.56,0,3.15,5.44,87.92,20.21,37.43,73.77,1,90.7,0
4153,2023,Norte,PA,Urbana,Médio,35034,M,88,983.49,0.713,33.31,0,5.06,6.07,64.08,20.72,33.66,69.06,0,100.0,0
4154,2023,Sudeste,SP,Urbana,Pequeno,12418,M,106,738.96,0.705,18.85,1,4.91,7.87,83.02,26.45,65.89,71.2,1,91.84,0
4155,2022,Nordeste,PI,Urbana,Médio,177290,M,107,508.8,0.741,25.56,0,1.87,6.45,81.13,23.67,65.44,73.55,1,76.1,0
4156,2022,Sudeste,MG,Urbana,Grande,6761336,F,86,1046.67,0.736,31.5,1,6.34,5.68,81.05,13.83,50.89,77.33,1,100.0,1
4157,2022,Nordeste,AL,Urbana,Grande,2252952,F,107,718.95,0.631,27.03,0,4.02,7.32,87.22,27.15,68.21,63.59,1,85.02,0
4158,2024,Sudeste,ES,Urbana,Grande,777957,F,84,1210.9,0.761,14.31,0,4.89,4.37,63.06,22.25,37.29,61.18,0,86.97,0
4159,2024,Nordeste,AL,Urbana,Pequeno,12074,M,87,646.3,0.668,40.11,0,3.32,8.19,61.58,19.75,44.0,70.91,0,90.25,0
4160,2023,Sul,PR,Urbana,Pequeno,7136,F,86,763.09,0.631,26.53,0,3.13,7.01,88.33,17.21,32.55,78.35,0,82.32,0
4161,2024,Sul,RS,Urbana,Pequeno,7298,F,86,700.41,0.655,18.69,1,4.72,6.26,51.65,26.34,38.88,72.79,1,100.0,0
4162,2022,Nordeste,AL,Urbana,Grande,4341925,M,104,625.31,0.631,23.55,0,2.24,4.18,83.96,32.97,15.62,73.78,1,76.68,0
4163,2023,Centro-Oeste,MT,Rural,Grande,9365516,M,104,901.4,0.783,21.64,0,3.43,3.7,76.77,29.62,81.84,74.82,0,97.38,0
4164,2024,Nordeste,AL,Rural,Pequeno,6931,M,98,666.66,0.596,43.95,0,4.87,4.76,100.0,22.77,71.48,76.08,0,85.44,0
4165,2022,Sudeste,MG,Rural,Pequeno,7288,F,100,894.72,0.614,14.29,0,5.01,7.04,62.61,12.34,79.99,72.55,1,96.37,1
4166,2022,Sudeste,SP,Urbana,Médio,121701,F,87,728.14,0.586,24.09,1,4.71,5.68,75.0,19.72,77.15,75.23,0,87.37,0
4167,2024,Sul,SC,Urbana,Pequeno,12294,M,88,1055.22,0.708,11.96,0,7.65,7.79,79.95,17.67,70.15,69.08,1,82.33,0
4168,2023,Nordeste,PE,Urbana,Médio,112144,F,94,1128.75,0.685,32.22,1,5.37,5.35,82.21,18.5,44.46,66.5,0,89.25,0
4169,2024,Centro-Oeste,GO,Urbana,Pequeno,2630,F,91,773.14,0.752,24.05,0,4.29,6.9,62.2,15.35,78.08,65.6,0,88.41,0
4170,2022,Sudeste,SP,Urbana,Grande,2179048,M,103,825.34,0.619,30.0,0,5.12,7.13,86.79,19.7,58.43,80.18,1,100.0,0
4171,2023,Norte,AP,Urbana,Médio,25192,F,103,992.42,0.592,33.4,1,3.45,3.96,60.49,27.16,62.4,73.48,0,86.31,0
4172,2022,Nordeste,BA,Urbana,Pequeno,16053,M,86,850.89,0.668,32.79,0,7.6,5.67,51.36,19.78,35.58,67.23,1,,1
4173,2024,Sul,SC,Urbana,Grande,3679377,F,100,,0.762,20.06,0,5.82,7.77,88.78,21.0,78.8,70.69,1,92.57,0
4174,2023,Sudeste,MG,Rural,Médio,152246,F,98,1255.78,0.602,22.5,0,4.63,7.07,91.8,15.42,71.16,76.28,1,99.3,0
4175,2023,Nordeste,PI,Rural,Pequeno,5758,F,86,1208.75,0.599,21.4,0,5.01,7.76,50.15,22.27,53.06,75.85,0,93.48,0
4176,2024,Sul,PR,Urbana,Pequeno,13435,M,94,1185.2,0.744,31.93,1,3.74,7.82,77.25,24.68,78.85,69.87,1,78.36,0
4177,2022,Sul,PR,Rural,Pequeno,13602,M,106,1387.98,0.733,13.3,0,5.92,5.36,53.73,20.34,52.18,72.6,0,90.92,0
4178,2024,Nordeste,MA,Rural,Médio,61688,F,105,1040.85,0.607,17.67,0,4.12,4.37,42.44,15.54,55.51,73.13,0,,1
4179,2024,Sudeste,ES,Urbana,Grande,4812792,F,90,1212.07,0.688,14.67,0,3.78,5.31,60.95,28.19,67.15,64.58,1,91.23,1
4180,2022,Nordeste,SE,Rural,Pequeno,17366,M,103,924.48,0.626,35.37,0,5.43,5.22,67.86,27.85,56.54,65.37,1,95.79,0
4181,2022,Sudeste,SP,Urbana,Pequeno,13506,F,90,1284.45,0.733,35.66,0,5.87,6.56,75.43,19.73,70.38,61.65,1,73.11,0
4182,2022,Norte,AM,Urbana,Pequeno,18597,F,84,419.11,0.673,42.32,1,3.9,6.04,55.57,26.94,62.47,68.94,0,74.7,0
4183,2023,Nordeste,MA,Urbana,Grande,518392,F,96,468.36,0.649,38.6,0,6.3,3.06,68.97,20.02,54.58,71.99,1,74.14,1
4184,2023,Nordeste,BA,Urbana,Pequeno,17279,F,86,461.83,0.621,39.59,0,5.52,4.87,61.74,24.69,49.7,64.54,1,79.18,1
4185,2022,Centro-Oeste,MS,Urbana,Pequeno,17938,M,91,883.57,0.686,37.17,1,6.97,5.31,66.17,18.64,69.9,65.53,1,87.84,0
4186,2024,Norte,AP,Urbana,Médio,187259,F,106,388.44,0.708,22.17,1,3.55,3.04,29.22,26.1,77.41,69.99,0,82.72,0
4187,2024,Nordeste,SE,Urbana,Pequeno,13410,F,90,372.07,0.614,3.41,0,6.25,7.83,65.17,18.99,51.3,69.15,0,73.26,1
4188,2024,Norte,PA,Urbana,Pequeno,8936,F,86,926.1,0.635,31.2,0,5.93,5.81,74.58,27.17,49.56,66.98,1,97.54,0
4189,2023,Nordeste,BA,Urbana,Pequeno,7657,M,90,830.1,0.665,24.15,1,6.62,7.76,84.74,32.11,42.93,65.32,0,76.89,0
4190,2024,Nordeste,PE,Rural,Pequeno,17180,F,85,756.73,0.641,23.95,1,3.62,4.84,53.43,20.06,5.0,68.89,0,95.77,0
4191,2024,Sudeste,MG,Urbana,Pequeno,4795,M,90,1049.24,0.735,4.63,0,5.04,5.58,78.76,20.67,66.6,69.62,0,91.11,0
4192,2024,Nordeste,PB,Urbana,Pequeno,14068,M,101,612.12,0.596,23.09,0,3.82,6.28,58.71,26.4,48.58,67.56,0,87.09,0
4193,2024,Norte,PA,Rural,Médio,175507,F,99,1097.25,0.575,25.13,0,4.35,4.96,58.72,21.83,35.0,71.38,0,75.87,0
4194,2024,Norte,PA,Urbana,Médio,182169,M,89,1027.57,0.59,32.44,1,4.54,3.85,39.63,25.52,65.13,64.78,1,78.68,0
4195,2024,Sudeste,MG,Rural,Grande,9529199,F,105,974.61,0.702,8.97,0,5.67,10.0,92.81,20.72,46.41,73.18,0,80.85,0
4196,2023,Nordeste,PE,Urbana,Grande,7786139,F,86,820.37,0.643,26.97,1,4.09,6.09,85.67,32.7,73.48,71.86,1,81.35,0
4197,2024,Sudeste,ES,Rural,Pequeno,12644,M,106,1024.07,0.63,17.94,0,4.57,4.38,84.35,20.01,31.68,74.37,1,80.99,0
4198,2023,Norte,TO,Urbana,Pequeno,5576,M,98,,0.716,36.43,0,5.49,3.88,44.73,15.43,47.68,69.76,1,85.21,0
4199,2022,Sudeste,RJ,Urbana,Médio,99898,M,103,737.43,0.805,27.9,0,4.01,6.56,52.48,20.67,63.95,73.33,1,96.84,0
4200,2023,Centro-Oeste,DF,Rural,Pequeno,18791,F,91,946.76,0.548,14.46,1,8.84,4.93,63.91,22.1,74.8,66.58,0,85.44,0
4201,2023,Nordeste,PB,Urbana,Pequeno,11036,M,96,908.03,0.798,24.16,1,3.99,6.15,73.51,21.75,35.99,70.32,0,80.89,1
4202,2024,Sudeste,SP,Rural,Médio,124354,M,93,1105.73,0.766,39.81,0,7.46,6.81,94.55,22.16,90.03,60.7,1,96.26,0
4203,2022,Sudeste,MG,Rural,Pequeno,15827,F,91,923.0,0.752,22.68,0,5.9,6.31,76.65,13.82,53.2,78.87,1,80.32,1
4204,2022,Sudeste,SP,Rural,Grande,5073697,F,107,886.26,0.708,34.94,1,4.66,5.43,81.04,16.82,65.71,80.06,1,90.21,0
4205,2024,Sul,PR,Urbana,Pequeno,5839,M,99,824.22,0.789,26.4,0,3.6,5.88,57.06,21.08,66.35,66.95,1,83.94,0
4206,2022,Sudeste,SP,Urbana,Grande,5360056,F,104,761.89,0.747,25.4,0,5.6,6.82,92.82,23.36,47.11,62.71,1,79.98,1
4207,2023,Sudeste,ES,Urbana,Médio,115906,F,107,814.39,0.695,27.38,0,4.97,7.24,44.85,17.31,67.7,71.67,0,92.38,1
4208,2022,Centro-Oeste,DF,Urbana,Grande,6779802,F,84,918.75,0.694,21.19,0,5.01,6.68,52.11,21.35,63.27,74.25,0,88.38,0
4209,2022,Norte,RR,Urbana,Pequeno,18206,M,101,1069.93,0.756,38.14,0,3.39,4.16,67.86,20.93,36.08,71.21,1,82.13,1
4210,2024,Sudeste,SP,Urbana,Pequeno,13254,F,102,683.01,0.711,22.06,0,5.46,4.83,27.11,16.88,69.82,77.48,1,90.95,0
4211,2022,Sul,SC,Urbana,Pequeno,12652,F,92,1160.96,0.718,28.96,0,6.23,6.51,73.65,23.43,60.36,67.42,1,92.04,0
4212,2024,Nordeste,MA,Urbana,Pequeno,12820,F,96,,0.676,27.7,0,4.67,5.15,61.95,25.6,30.96,59.33,0,91.53,0
4213,2024,Nordeste,AL,Urbana,Grande,11487157,F,100,843.26,0.594,27.47,0,5.63,7.24,46.81,24.83,55.67,80.34,1,95.03,0
4214,2024,Norte,AP,Urbana,Pequeno,10815,F,101,619.33,0.679,30.56,0,5.59,3.71,46.98,22.92,34.74,74.75,1,85.41,0
4215,2024,Nordeste,BA,Rural,Grande,2638260,F,91,888.3,0.663,31.63,0,3.29,6.03,41.56,27.19,88.07,65.61,1,99.31,1
4216,2023,Sul,PR,Rural,Médio,46927,M,93,1430.95,0.648,25.41,1,5.67,4.68,74.2,19.38,80.59,72.54,1,85.85,0
4217,2024,Nordeste,PB,Urbana,Pequeno,10077,M,101,908.82,0.692,21.14,1,3.51,5.16,80.04,21.09,60.68,67.99,1,79.94,0
4218,2023,Sudeste,ES,Urbana,Pequeno,13281,F,85,1060.31,0.772,25.83,1,4.7,6.71,92.59,21.75,57.68,77.29,0,92.32,1
4219,2024,Nordeste,CE,Urbana,Pequeno,14319,M,97,526.28,0.566,20.95,0,5.87,6.28,51.76,20.19,53.58,66.8,1,78.32,0
4220,2024,Sudeste,SP,Rural,Grande,10707881,M,95,1339.11,0.709,32.29,0,4.87,5.64,64.91,20.6,63.3,73.34,0,100.0,0
4221,2022,Sudeste,SP,Rural,Médio,155128,M,86,816.62,0.694,17.05,0,5.06,6.79,63.98,19.21,80.47,77.46,1,98.33,0
4222,2022,Sul,SC,Urbana,Pequeno,4345,M,93,782.49,0.7,8.09,1,2.63,6.19,84.07,26.18,91.3,66.85,1,95.85,1
4223,2024,Centro-Oeste,GO,Urbana,Grande,1423559,M,97,632.02,0.757,22.18,1,6.03,5.79,71.1,16.49,28.51,70.78,1,71.57,1
4224,2024,Sudeste,SP,Rural,Pequeno,6253,F,96,870.85,0.695,23.69,1,6.48,5.59,73.8,11.51,67.38,61.07,1,99.47,1
4225,2022,Nordeste,SE,Urbana,Grande,10692521,M,99,726.59,0.746,20.95,1,,3.67,75.57,22.54,45.59,57.52,0,83.76,1
4226,2024,Sudeste,RJ,Rural,Pequeno,8509,F,101,795.68,0.687,28.09,1,5.5,5.1,94.96,15.89,46.85,68.2,1,94.65,0
4227,2024,Sudeste,RJ,Urbana,Médio,105524,F,86,1340.88,0.666,35.66,1,6.92,6.38,38.9,18.49,51.5,68.05,1,94.08,0
4228,2023,Sudeste,SP,Urbana,Grande,1562870,M,99,920.74,0.755,23.42,0,6.08,5.88,92.25,17.2,58.02,75.47,0,82.2,1
4229,2023,Sudeste,MG,Urbana,Pequeno,17747,F,105,921.7,0.721,21.31,0,5.34,6.97,64.14,18.93,72.79,66.94,1,94.11,1
4230,2022,Centro-Oeste,GO,Urbana,Médio,123944,M,102,1031.25,0.709,36.22,0,5.15,3.83,88.12,24.83,56.51,74.69,1,93.46,1
4231,2022,Sul,RS,Urbana,Pequeno,13081,M,85,,0.606,24.84,0,4.74,8.79,60.42,28.83,66.25,75.1,1,88.18,0
4232,2022,Sudeste,MG,Urbana,Grande,2191390,F,91,486.88,0.673,14.95,1,7.14,7.3,67.89,19.52,58.78,68.58,0,72.69,1
4233,2023,Sudeste,RJ,Urbana,Pequeno,15744,F,98,895.92,0.734,25.71,0,7.62,3.54,95.37,21.96,46.01,76.39,1,86.15,0
4234,2024,Nordeste,PB,Rural,Pequeno,16215,M,99,261.49,0.576,21.21,0,5.14,4.36,69.93,25.59,78.31,72.49,0,72.9,0
4235,2023,Norte,AC,Urbana,Grande,716723,M,103,1010.27,0.684,29.94,0,,8.4,46.49,27.88,20.09,66.88,1,74.57,0
4236,2023,Sudeste,SP,Urbana,Médio,45961,M,95,617.35,0.676,45.34,1,6.31,8.14,68.93,27.34,73.41,76.96,0,100.0,0
4237,2024,Nordeste,CE,Urbana,Grande,9184057,M,90,785.87,0.624,26.06,0,,3.96,75.15,21.83,36.17,71.15,1,95.77,0
4238,2024,Sul,SC,Rural,Médio,127567,M,87,1384.09,0.65,32.91,1,4.13,4.69,78.34,23.91,78.31,68.21,0,98.51,1
4239,2024,Sudeste,ES,Rural,Pequeno,5609,F,99,1158.04,0.657,14.69,0,5.52,9.24,83.35,23.66,93.17,68.53,0,96.77,0
4240,2022,Nordeste,CE,Urbana,Pequeno,4959,F,104,569.03,0.633,35.93,0,5.91,6.59,87.53,27.03,36.6,67.06,1,83.06,0
4241,2023,Sul,RS,Urbana,Médio,124753,M,87,1002.77,0.599,7.28,0,5.22,6.54,68.69,26.57,36.81,75.48,1,81.27,1
4242,2022,Sul,RS,Urbana,Pequeno,15802,F,94,987.66,0.841,24.65,0,5.02,6.97,58.6,15.58,43.35,69.01,0,70.05,0
4243,2022,Sudeste,ES,Urbana,Pequeno,5141,F,84,970.15,0.78,24.64,0,5.74,5.95,69.79,14.46,96.23,70.16,0,75.51,1
4244,2023,Sudeste,ES,Urbana,Pequeno,9768,M,106,719.02,0.693,13.87,0,3.76,8.25,100.0,15.28,27.91,69.43,0,85.85,0
4245,2022,Nordeste,PE,Urbana,Médio,26231,F,86,748.46,0.708,20.21,1,4.93,7.22,60.54,27.31,5.0,61.08,0,94.75,1
4246,2022,Sudeste,MG,Urbana,Médio,41726,F,88,1037.31,0.738,20.28,1,3.73,7.33,69.65,20.17,38.28,63.25,1,90.04,1
4247,2022,Nordeste,SE,Urbana,Grande,5940449,F,106,580.7,0.622,35.18,1,3.99,7.39,50.35,24.98,52.63,70.24,0,90.33,0
4248,2022,Sudeste,MG,Urbana,Pequeno,5220,M,84,874.02,0.678,37.13,1,4.38,4.51,69.55,17.41,86.03,79.07,1,100.0,0
4249,2023,Nordeste,PI,Rural,Pequeno,6802,F,97,1012.85,0.684,27.82,0,3.9,4.96,86.16,25.49,46.97,65.75,1,86.36,0
4250,2023,Sudeste,MG,Rural,Pequeno,5592,F,107,615.01,0.719,16.5,0,5.86,5.96,82.71,23.23,70.45,69.59,1,88.95,0
4251,2023,Sudeste,MG,Urbana,Pequeno,14195,F,99,1143.02,0.759,13.44,0,4.81,6.39,66.55,20.25,77.33,64.23,1,99.14,1
4252,2022,Nordeste,MA,Urbana,Pequeno,6753,M,96,846.39,0.821,26.21,0,4.62,4.46,69.13,25.6,64.92,71.85,0,73.9,0
4253,2022,Centro-Oeste,MT,Urbana,Pequeno,12048,F,87,958.74,0.739,12.8,1,6.36,7.36,68.33,18.73,60.24,71.36,1,100.0,0
4254,2022,Nordeste,MA,Urbana,Grande,6840234,F,104,654.72,0.69,27.33,1,5.37,7.32,87.87,23.29,51.78,70.52,0,85.98,0
4255,2023,Sudeste,RJ,Urbana,Pequeno,16026,F,95,940.47,0.725,16.42,1,6.84,8.3,96.45,19.4,75.73,63.03,0,79.35,1
4256,2024,Sul,SC,Urbana,Médio,135736,M,99,,0.681,14.36,0,6.04,5.97,53.71,26.76,49.54,68.61,1,89.12,1
4257,2022,Sul,SC,Urbana,Médio,146813,F,104,797.36,0.708,21.13,1,4.57,5.14,69.57,28.52,66.58,65.88,0,100.0,0
4258,2022,Sudeste,ES,Urbana,Médio,55235,F,107,1155.3,0.764,21.3,1,6.16,6.51,51.16,22.33,76.23,66.95,1,97.79,0
4259,2023,Sudeste,ES,Urbana,Pequeno,10979,M,99,727.9,0.755,17.14,0,4.05,7.98,53.95,14.98,67.02,69.02,1,99.47,0
4260,2022,Nordeste,BA,Urbana,Médio,189831,M,103,814.09,0.711,23.71,1,4.11,5.15,64.42,31.65,42.42,67.67,1,,0
4261,2024,Nordeste,PE,Urbana,Pequeno,6359,M,87,497.76,0.648,17.61,0,4.18,5.96,53.57,19.75,45.19,64.25,1,90.57,1
4262,2022,Norte,AP,Urbana,Médio,35083,F,84,767.65,0.672,49.65,0,4.71,5.67,82.16,23.78,26.81,59.42,0,83.94,1
4263,2022,Sudeste,MG,Urbana,Médio,125880,F,92,1284.39,0.656,21.96,1,5.16,5.98,73.48,25.09,49.19,81.31,1,91.66,0
4264,2023,Sudeste,ES,Urbana,Pequeno,9459,F,86,1423.08,0.711,30.28,1,3.66,6.05,62.77,21.7,81.2,68.0,0,71.92,0
4265,2024,Norte,RR,Urbana,Pequeno,5075,F,89,773.93,0.68,39.98,0,6.01,6.18,91.18,16.67,58.32,67.87,0,97.43,1
4266,2023,Sul,SC,Urbana,Grande,9248086,F,104,1099.13,0.643,16.43,0,4.9,8.3,76.68,23.79,65.72,78.63,1,100.0,0
4267,2023,Sudeste,MG,Urbana,Pequeno,11245,F,105,1298.03,0.75,19.85,0,,5.02,98.4,25.36,37.22,67.75,1,74.03,0
4268,2024,Sudeste,RJ,Urbana,Pequeno,14057,F,107,983.3,0.712,25.37,0,4.24,6.95,82.33,21.07,53.04,69.17,0,97.57,1
4269,2024,Sudeste,ES,Urbana,Médio,53443,M,89,1451.37,0.73,12.37,0,6.98,6.21,92.78,24.1,40.07,66.55,1,100.0,0
4270,2024,Nordeste,PI,Rural,Médio,58480,M,107,449.15,0.657,36.6,1,4.01,6.85,54.62,25.26,47.36,62.54,1,83.6,1
4271,2024,Sudeste,ES,Urbana,Pequeno,12409,F,102,1357.69,0.658,29.51,0,5.36,6.64,75.0,25.79,24.63,69.64,1,84.36,0
4272,2023,Sudeste,MG,Urbana,Pequeno,16514,M,97,788.67,0.736,17.37,0,5.4,6.55,48.0,18.97,97.47,63.62,0,90.93,0
4273,2022,Sul,SC,Urbana,Médio,88668,M,84,884.71,0.712,11.29,0,6.25,4.8,54.16,19.3,66.83,71.55,0,91.19,0
4274,2024,Sudeste,RJ,Rural,Pequeno,11127,F,100,780.39,0.796,25.54,0,7.31,5.67,74.01,22.75,78.19,73.71,1,100.0,1
4275,2022,Norte,AC,Urbana,Pequeno,9662,M,106,676.28,0.601,43.08,1,4.75,7.23,89.08,23.77,39.42,65.51,1,80.13,0
4276,2024,Norte,AP,Urbana,Pequeno,14647,M,102,753.55,0.669,44.82,1,5.56,6.22,52.93,17.33,46.71,75.91,0,97.4,0
4277,2023,Sudeste,MG,Rural,Pequeno,12631,M,107,1486.98,0.774,15.21,1,5.9,7.39,81.38,17.65,60.59,66.03,1,92.01,0
4278,2024,Nordeste,CE,Urbana,Pequeno,16016,M,99,425.39,0.742,41.08,0,4.37,5.82,86.82,20.62,48.23,67.51,0,88.58,1
4279,2023,Nordeste,PI,Urbana,Pequeno,9338,M,86,724.67,0.711,32.2,0,2.26,9.14,82.94,25.31,57.2,78.17,1,85.02,1
4280,2023,Nordeste,CE,Urbana,Médio,199737,F,85,823.8,0.566,30.06,0,7.17,6.41,71.25,22.04,55.69,75.93,1,87.17,0
4281,2022,Nordeste,CE,Urbana,Pequeno,6405,M,94,606.12,0.572,14.01,1,3.03,6.38,56.64,23.65,54.63,69.24,0,98.7,1
4282,2022,Nordeste,AL,Urbana,Pequeno,8083,M,91,811.61,0.631,22.93,0,5.82,2.81,43.84,18.46,31.82,61.24,0,83.74,0
4283,2023,Nordeste,PB,Urbana,Pequeno,11739,F,87,537.92,0.72,38.65,1,,4.44,79.6,28.25,34.94,68.88,1,100.0,1
4284,2023,Sul,PR,Urbana,Grande,2695787,M,95,1232.88,0.744,29.61,0,4.04,5.07,87.56,19.49,87.91,74.88,1,78.55,0
4285,2024,Centro-Oeste,MT,Rural,Grande,1335657,F,107,1262.02,0.703,22.72,0,4.2,3.89,53.75,18.15,50.75,76.86,1,75.45,1
4286,2024,Nordeste,AL,Rural,Pequeno,15818,M,89,890.45,0.643,22.0,0,5.02,4.95,70.99,22.05,72.14,68.95,1,78.25,0
4287,2022,Sul,PR,Urbana,Pequeno,4584,F,84,1186.7,0.695,26.83,0,6.55,4.97,55.18,21.14,61.06,77.49,0,79.28,1
4288,2024,Sudeste,ES,Urbana,Médio,168565,M,105,922.56,0.683,19.56,0,5.08,4.01,83.04,19.63,54.02,61.91,0,84.63,1
4289,2022,Nordeste,AL,Urbana,Grande,10181979,M,107,1107.51,0.659,34.45,0,3.99,5.51,95.62,23.4,58.41,63.24,1,91.72,1
4290,2024,Sul,RS,Urbana,Pequeno,9560,F,106,1430.51,0.776,23.44,0,4.5,3.49,87.5,15.57,57.29,69.35,0,84.08,0
4291,2023,Sudeste,SP,Urbana,Pequeno,18585,M,90,,0.737,19.63,0,6.97,5.83,68.25,18.69,97.08,65.22,1,79.62,1
4292,2024,Nordeste,BA,Urbana,Grande,1811011,M,90,932.54,0.669,22.81,0,4.73,7.11,78.19,25.02,72.34,65.69,0,88.71,0
4293,2023,Centro-Oeste,DF,Urbana,Médio,145205,M,90,493.1,0.611,17.38,0,6.4,6.64,57.69,27.68,59.64,65.68,1,81.37,1
4294,2023,Sudeste,RJ,Urbana,Grande,2985671,M,88,1053.92,0.718,18.88,0,6.57,4.54,96.14,15.32,59.72,60.1,1,91.72,0
4295,2022,Nordeste,MA,Urbana,Grande,1591660,F,89,751.75,0.507,20.44,0,4.08,4.56,44.18,22.46,82.98,76.01,0,96.53,0
4296,2022,Sudeste,MG,Rural,Pequeno,18648,F,100,962.32,0.65,29.35,0,3.59,5.69,65.19,14.11,57.57,77.91,0,87.17,0
4297,2024,Sudeste,ES,Urbana,Pequeno,9878,M,98,852.89,0.856,39.5,0,4.39,5.11,54.11,16.45,75.65,80.18,0,87.18,0
4298,2022,Nordeste,PI,Urbana,Pequeno,5131,M,95,396.95,0.664,20.19,0,3.82,6.06,42.39,19.28,84.37,70.34,1,76.63,0
4299,2022,Sudeste,ES,Urbana,Pequeno,10756,M,89,808.73,0.736,28.06,0,4.79,5.95,79.15,27.23,59.67,63.83,1,86.8,1
4300,2023,Sudeste,MG,Rural,Pequeno,13609,M,101,1078.65,0.735,20.43,1,,5.27,78.2,23.98,40.96,70.1,1,92.19,0
4301,2023,Sul,PR,Urbana,Pequeno,8264,F,105,900.2,0.699,24.64,0,5.71,6.39,45.09,21.5,39.02,67.23,1,74.01,0
4302,2024,Sul,SC,Urbana,Pequeno,17261,F,87,1174.15,0.787,19.11,0,3.54,10.0,68.77,26.93,49.91,63.97,0,89.59,0
4303,2024,Sul,PR,Urbana,Médio,117198,F,90,710.17,0.746,24.88,0,5.1,6.96,81.91,31.4,32.73,73.3,1,97.09,0
4304,2023,Sul,PR,Urbana,Médio,90715,F,85,1240.5,0.722,11.36,0,7.26,6.64,100.0,22.65,72.06,71.28,1,85.17,1
4305,2024,Centro-Oeste,DF,Urbana,Médio,189220,M,101,955.5,0.732,24.66,0,5.26,6.8,79.78,24.43,81.68,62.22,1,84.4,0
4306,2024,Sudeste,SP,Urbana,Médio,122570,M,89,1183.65,0.61,39.63,1,4.31,8.76,56.35,18.71,64.67,67.12,0,77.85,0
4307,2023,Sudeste,RJ,Urbana,Pequeno,19353,F,103,1212.1,0.747,12.56,0,3.34,9.49,53.67,26.41,50.53,73.01,1,92.45,1
4308,2022,Sul,RS,Urbana,Médio,107679,M,91,566.98,0.644,29.42,0,6.13,7.59,100.0,25.75,55.5,67.57,0,92.15,1
4309,2024,Sudeste,RJ,Urbana,Pequeno,5136,F,89,1131.34,0.621,21.76,0,3.39,6.67,91.66,22.08,56.04,64.65,1,95.41,0
4310,2022,Sudeste,ES,Urbana,Grande,8048300,M,96,695.32,0.796,21.89,0,3.57,5.8,61.85,20.84,29.77,71.88,1,90.97,0
4311,2023,Sudeste,SP,Urbana,Pequeno,12884,F,88,1268.19,0.703,29.87,0,4.09,6.3,66.67,16.4,82.42,72.3,1,90.47,0
4312,2022,Sul,SC,Urbana,Grande,5342375,M,107,1100.0,0.817,19.43,1,4.76,7.09,72.53,24.76,85.76,69.33,1,90.74,0
4313,2024,Sudeste,RJ,Rural,Médio,129074,F,95,1566.39,0.733,21.6,0,5.04,4.49,86.01,17.63,76.25,71.67,1,78.99,0
4314,2023,Nordeste,MA,Urbana,Médio,68834,M,104,955.4,0.659,29.88,0,3.27,8.47,67.56,22.25,59.98,74.2,1,87.51,1
4315,2024,Sudeste,MG,Urbana,Grande,10128739,M,101,1047.34,0.703,15.79,0,3.44,5.39,81.9,14.59,61.78,65.8,0,98.42,1
4316,2024,Nordeste,RN,Urbana,Pequeno,4834,F,92,776.78,0.607,33.11,0,4.64,3.22,50.64,23.29,60.41,69.93,1,87.97,1
4317,2024,Nordeste,MA,Urbana,Pequeno,9521,F,106,830.33,0.677,27.67,1,6.71,6.88,94.62,19.71,53.4,67.92,1,91.26,1
4318,2022,Sul,PR,Rural,Médio,57745,M,102,1305.76,0.68,32.09,0,3.08,8.35,81.73,20.33,61.46,66.24,0,89.95,1
4319,2024,Sudeste,MG,Rural,Grande,317037,F,103,1128.92,0.687,20.71,0,7.26,5.74,100.0,24.53,83.48,70.86,1,91.97,1
4320,2022,Nordeste,MA,Rural,Pequeno,17709,F,99,690.6,0.602,20.01,0,4.88,4.28,54.49,22.65,62.91,64.37,0,94.14,0
4321,2024,Norte,AM,Urbana,Pequeno,14331,F,96,707.06,0.584,21.25,0,4.8,5.89,62.95,21.07,56.91,68.08,1,80.99,1
4322,2022,Sudeste,ES,Urbana,Pequeno,2095,F,88,1076.56,0.699,36.48,0,5.89,7.74,83.29,20.3,44.45,76.32,0,96.4,0
4323,2024,Sul,RS,Urbana,Pequeno,5755,F,101,1336.73,0.752,31.67,0,6.6,6.44,79.02,30.07,41.17,79.94,1,93.49,1
4324,2022,Centro-Oeste,DF,Urbana,Médio,198507,M,89,970.17,0.648,20.43,0,5.24,4.71,75.24,25.98,88.96,69.7,1,89.22,1
4325,2022,Nordeste,CE,Urbana,Médio,85961,F,89,592.5,0.715,19.5,0,3.95,5.98,64.09,23.76,51.46,66.12,0,100.0,0
4326,2022,Nordeste,RN,Urbana,Pequeno,8584,F,106,592.68,0.682,31.02,0,4.93,5.35,72.18,24.38,32.82,59.78,1,83.6,0
4327,2024,Sudeste,SP,Urbana,Médio,74874,F,105,816.64,0.668,34.98,0,5.14,3.81,81.74,28.74,95.65,70.83,1,91.32,0
4328,2023,Sudeste,ES,Urbana,Médio,160443,F,99,710.51,0.76,14.22,0,5.04,7.97,98.77,22.72,66.02,75.34,0,83.6,1
4329,2022,Nordeste,SE,Urbana,Pequeno,5486,M,91,809.19,0.657,39.46,1,3.11,6.39,67.86,23.75,51.11,68.7,1,81.74,0
4330,2022,Sul,PR,Urbana,Grande,9551468,F,98,1155.89,0.686,26.07,0,5.64,7.94,80.26,18.96,44.04,71.61,1,100.0,0
4331,2023,Nordeste,RN,Urbana,Pequeno,4345,F,103,745.84,0.59,23.02,0,4.94,5.76,57.55,20.6,59.27,66.11,0,75.9,0
4332,2024,Sul,RS,Urbana,Pequeno,18743,F,88,652.2,0.795,11.47,0,,5.4,80.52,17.99,38.35,69.08,0,81.85,0
4333,2022,Sul,PR,Urbana,Pequeno,18718,M,102,1086.92,0.742,24.11,1,7.17,5.13,59.99,13.72,59.17,68.76,0,100.0,1
4334,2023,Sudeste,ES,Rural,Pequeno,5097,M,93,865.86,0.571,17.99,0,4.99,7.01,100.0,21.82,74.84,72.08,0,80.49,1
4335,2024,Centro-Oeste,DF,Urbana,Pequeno,19536,F,87,1132.57,0.687,35.18,0,3.94,8.87,47.85,18.96,60.6,68.78,1,100.0,0
4336,2022,Sudeste,ES,Urbana,Médio,107887,M,100,957.01,0.783,40.39,0,5.3,4.14,58.08,24.5,98.67,78.31,0,74.4,0
4337,2023,Nordeste,BA,Urbana,Pequeno,11409,F,85,627.81,0.666,24.17,0,5.04,5.87,78.04,24.79,44.69,64.31,0,96.02,0
4338,2022,Nordeste,AL,Rural,Médio,158071,M,106,828.32,0.654,24.64,0,3.12,6.63,60.41,20.86,64.04,73.72,0,89.99,0
4339,2024,Nordeste,SE,Urbana,Pequeno,16642,F,102,705.32,0.644,19.64,0,4.51,3.29,34.01,16.14,76.68,78.09,1,95.97,0
4340,2022,Sudeste,ES,Urbana,Pequeno,11781,M,92,1111.7,0.736,16.83,0,4.46,6.71,73.36,20.12,42.15,69.88,1,82.56,0
4341,2024,Nordeste,PI,Rural,Pequeno,18809,M,93,546.38,0.634,31.1,1,4.3,6.61,63.39,23.87,51.44,58.46,1,86.07,0
4342,2023,Centro-Oeste,MS,Urbana,Pequeno,5002,F,98,1124.59,0.699,22.36,0,4.44,7.11,93.01,21.58,88.63,68.92,1,87.39,1
4343,2023,Sudeste,RJ,Rural,Pequeno,3154,F,102,1128.45,0.767,22.52,0,4.07,3.1,69.18,13.16,61.76,79.31,0,85.1,0
4344,2024,Nordeste,RN,Urbana,Pequeno,14240,M,90,739.31,0.527,28.06,1,4.05,6.73,80.56,27.32,36.84,63.83,0,78.16,0
4345,2022,Sudeste,ES,Urbana,Grande,10511972,M,87,1112.04,0.688,27.71,0,4.82,6.67,43.87,16.82,94.75,62.48,0,76.11,0
4346,2022,Nordeste,PE,Urbana,Grande,10384826,F,100,731.53,0.63,31.73,1,4.78,4.75,81.53,21.55,52.45,71.43,1,78.67,1
4347,2022,Sudeste,SP,Urbana,Médio,95749,M,105,945.53,0.691,22.13,0,7.91,9.13,89.59,17.31,68.41,69.67,0,99.83,1
4348,2023,Sul,SC,Urbana,Pequeno,4130,M,104,885.79,0.755,31.32,0,4.52,5.64,73.71,21.52,70.34,66.54,1,89.35,1
4349,2024,Nordeste,PE,Urbana,Pequeno,9140,M,97,810.14,0.572,30.89,0,7.22,5.95,67.3,13.05,66.89,74.34,0,81.87,0
4350,2023,Centro-Oeste,DF,Urbana,Pequeno,11182,F,86,491.78,0.627,42.67,1,6.68,5.65,86.07,25.87,99.57,72.48,1,90.64,1
4351,2022,Sudeste,ES,Urbana,Grande,8600953,F,99,1403.88,0.776,15.11,0,5.98,9.22,77.1,23.76,56.18,74.26,1,99.4,1
4352,2024,Sudeste,ES,Urbana,Pequeno,3982,F,103,801.86,0.671,23.43,0,7.07,7.66,76.77,17.33,62.07,75.09,1,92.97,0
4353,2024,Nordeste,PB,Rural,Pequeno,11819,F,84,591.14,0.675,23.94,1,4.14,7.05,87.07,26.02,53.59,73.88,0,87.29,1
4354,2022,Nordeste,MA,Urbana,Pequeno,9813,F,104,663.12,0.617,34.2,1,3.67,5.55,56.53,20.82,47.4,65.85,0,74.46,0
4355,2024,Nordeste,PE,Urbana,Pequeno,4600,F,94,625.04,0.605,28.53,0,5.64,7.61,72.38,25.91,30.54,73.8,1,100.0,0
4356,2022,Sudeste,MG,Urbana,Grande,5306344,F,92,1330.33,0.74,20.27,1,6.59,7.35,82.6,32.6,54.97,76.38,0,75.99,1
4357,2023,Nordeste,BA,Urbana,Médio,138769,M,101,858.25,0.738,36.33,0,4.27,8.25,76.81,23.1,68.35,65.99,1,94.34,0
4358,2023,Nordeste,BA,Urbana,Médio,150670,F,95,402.42,0.729,24.35,1,4.09,6.56,71.55,21.1,55.86,66.05,0,98.49,0
4359,2022,Centro-Oeste,DF,Urbana,Pequeno,2521,F,84,397.14,0.741,47.03,0,4.6,5.94,74.18,23.02,65.77,63.3,0,78.65,0
4360,2024,Sudeste,ES,Urbana,Pequeno,15213,F,107,1210.89,0.721,19.06,0,4.52,4.25,75.82,19.08,67.69,70.03,1,77.0,0
4361,2023,Nordeste,PB,Urbana,Médio,23649,M,95,1289.05,0.662,30.72,1,6.38,3.81,45.67,19.81,62.56,64.89,0,93.64,0
4362,2024,Centro-Oeste,DF,Urbana,Pequeno,19572,F,106,510.78,0.65,5.54,0,3.87,8.06,70.28,23.66,51.66,68.6,1,86.44,0
4363,2023,Centro-Oeste,MT,Urbana,Pequeno,6711,M,104,806.06,0.628,16.71,0,6.19,7.53,53.65,18.2,29.88,57.21,1,89.77,0
4364,2024,Norte,PA,Rural,Pequeno,17511,M,102,1128.29,0.591,11.77,0,5.12,5.56,100.0,24.87,64.46,61.74,0,89.1,1
4365,2023,Sudeste,MG,Urbana,Pequeno,5992,F,102,735.4,0.649,33.61,0,6.41,5.67,84.09,21.98,51.79,87.41,0,93.7,0
4366,2023,Sudeste,RJ,Urbana,Pequeno,4425,M,97,1352.05,0.729,22.19,0,3.6,5.56,71.4,17.92,77.7,71.67,0,89.18,1
4367,2022,Nordeste,AL,Urbana,Grande,9262060,M,103,963.27,0.608,25.75,0,4.52,7.86,66.92,16.0,92.76,65.27,0,93.75,0
4368,2022,Sul,SC,Urbana,Grande,3475352,M,100,,0.66,13.46,1,5.45,8.58,91.08,16.44,45.16,57.3,1,100.0,1
4369,2024,Sul,SC,Urbana,Pequeno,10949,F,106,653.02,0.723,17.66,0,6.04,5.88,82.81,21.79,55.09,75.82,0,75.38,1
4370,2024,Centro-Oeste,MS,Urbana,Pequeno,13239,F,101,1476.17,0.696,19.23,1,6.35,4.28,67.61,23.62,72.16,62.03,1,75.5,0
4371,2023,Sudeste,MG,Urbana,Médio,114940,M,98,741.89,0.626,21.27,1,5.8,5.91,66.0,20.6,26.11,76.07,1,100.0,0
4372,2022,Sudeste,SP,Rural,Pequeno,7090,F,100,1105.75,0.757,22.05,0,6.63,4.58,44.52,25.51,65.94,78.55,0,95.32,0
4373,2022,Sudeste,MG,Urbana,Médio,22013,F,92,1025.55,0.744,6.25,0,6.98,6.21,62.7,24.46,43.74,66.18,0,80.74,0
4374,2024,Nordeste,PB,Urbana,Pequeno,3162,F,96,658.16,0.705,41.55,0,4.83,7.96,40.2,23.19,7.0,75.79,0,81.84,1
4375,2024,Sudeste,ES,Urbana,Grande,10680364,M,105,584.43,0.587,16.88,1,4.66,8.22,75.51,24.49,73.81,79.04,0,87.45,1
4376,2024,Centro-Oeste,DF,Urbana,Médio,41717,M,95,985.24,0.65,21.2,0,4.32,7.39,89.17,17.27,55.26,72.25,1,83.09,0
4377,2022,Centro-Oeste,GO,Rural,Pequeno,12899,M,97,1000.3,0.767,36.04,0,5.07,6.62,46.56,22.3,58.29,66.51,0,75.71,0
4378,2024,Sudeste,MG,Urbana,Médio,140321,F,100,,0.671,34.27,0,4.97,4.04,43.35,18.55,76.91,68.14,0,99.74,0
4379,2022,Nordeste,SE,Urbana,Pequeno,12996,F,90,498.11,0.603,16.62,0,4.88,4.42,53.67,16.37,42.84,70.42,0,90.91,0
4380,2022,Sudeste,SP,Urbana,Médio,46232,F,87,1354.51,0.726,16.83,0,5.0,7.16,80.21,17.1,63.18,74.04,1,100.0,0
4381,2024,Nordeste,PI,Urbana,Pequeno,15191,M,106,863.39,0.633,24.38,0,3.28,5.83,50.78,21.66,60.33,66.43,1,80.62,0
4382,2023,Norte,AP,Urbana,Pequeno,13292,F,86,1009.86,0.65,27.2,1,4.86,4.82,38.74,22.08,55.2,72.11,1,94.51,0
4383,2024,Sudeste,SP,Urbana,Pequeno,14988,M,97,761.54,0.694,32.67,0,3.21,4.84,96.99,16.5,81.08,75.24,1,88.97,1
4384,2024,Sudeste,RJ,Urbana,Pequeno,18497,M,90,1300.28,0.717,28.47,1,4.71,5.64,74.77,23.36,56.37,64.03,1,72.33,0
4385,2022,Nordeste,PE,Urbana,Grande,2707904,M,99,910.67,0.661,21.29,0,,7.5,76.36,23.17,66.74,74.84,1,73.64,0
4386,2023,Sudeste,ES,Urbana,Médio,84841,F,92,780.96,0.602,30.58,1,5.53,8.67,75.85,15.48,41.99,74.53,1,89.87,0
4387,2022,Sul,SC,Urbana,Pequeno,19075,F,93,994.1,0.698,38.0,0,5.83,7.48,89.81,17.38,71.97,69.18,0,85.26,0
4388,2023,Nordeste,PE,Urbana,Pequeno,13159,M,101,299.41,0.673,23.64,0,2.78,3.94,60.05,16.66,50.09,66.92,0,96.18,0
4389,2022,Sudeste,ES,Urbana,Médio,156407,F,94,1419.29,0.728,14.21,1,5.75,5.85,56.97,21.71,41.84,71.89,1,91.84,0
4390,2023,Sudeste,RJ,Urbana,Pequeno,3911,F,98,1039.36,0.736,23.38,0,5.02,7.35,62.94,25.86,45.29,69.14,1,95.29,0
4391,2023,Nordeste,BA,Urbana,Médio,174706,M,86,668.9,0.657,29.25,0,4.26,6.61,67.43,28.78,43.53,63.28,1,88.69,0
4392,2023,Sudeste,RJ,Urbana,Médio,90077,F,102,,0.733,18.3,0,5.16,4.2,62.02,23.72,75.73,71.23,1,94.12,0
4393,2023,Norte,AP,Urbana,Grande,10277177,F,88,909.7,0.559,34.28,1,5.97,3.6,77.83,20.09,35.44,78.05,0,81.79,0
4394,2022,Sudeste,RJ,Rural,Pequeno,6296,M,85,1274.28,0.68,22.67,0,4.55,6.58,77.55,13.94,63.17,71.85,0,100.0,0
4395,2023,Nordeste,PI,Urbana,Grande,1945436,M,85,1067.5,0.596,21.13,1,5.33,4.74,70.04,18.04,64.12,69.56,0,83.99,0
4396,2023,Nordeste,RN,Urbana,Pequeno,7754,F,105,841.33,0.521,42.58,1,3.98,5.72,73.5,17.31,28.54,75.86,0,78.65,1
4397,2023,Sudeste,RJ,Urbana,Pequeno,8969,F,86,442.15,0.706,23.41,1,5.31,6.32,93.82,26.24,70.82,73.73,0,97.36,0
4398,2024,Centro-Oeste,GO,Urbana,Grande,10344307,F,87,1166.35,0.66,29.55,1,6.14,7.33,55.33,19.75,85.01,71.67,0,86.95,0
4399,2024,Sudeste,MG,Urbana,Pequeno,7216,F,105,795.35,0.703,26.21,0,4.24,4.44,75.06,23.05,29.35,82.38,0,92.7,0
4400,2023,Sudeste,SP,Urbana,Pequeno,17868,F,105,980.13,0.807,27.33,0,7.11,5.74,72.44,17.55,56.27,72.51,0,80.15,0
4401,2024,Nordeste,PB,Urbana,Pequeno,9621,M,95,988.35,0.626,26.91,0,4.04,5.99,77.51,31.81,55.72,71.98,0,85.56,1
4402,2024,Norte,AM,Urbana,Médio,46173,F,97,719.37,0.62,34.81,1,5.0,4.65,47.57,23.23,11.76,71.13,1,94.18,0
4403,2024,Sudeste,RJ,Rural,Pequeno,4026,M,101,1149.32,0.67,16.8,0,4.91,6.72,63.98,18.4,65.98,69.97,0,81.62,0
4404,2024,Sudeste,SP,Urbana,Médio,57422,M,107,,0.682,26.93,1,6.05,6.37,100.0,18.01,73.23,75.13,0,99.08,0
4405,2023,Norte,AC,Urbana,Médio,128360,M,97,1105.16,0.608,21.34,1,4.41,5.91,49.33,27.59,55.3,72.14,1,89.1,0
4406,2022,Nordeste,RN,Urbana,Pequeno,10691,M,105,1151.63,0.653,32.8,0,3.95,4.52,65.68,11.89,78.98,77.0,0,82.64,0
4407,2022,Nordeste,PE,Rural,Pequeno,7409,M,89,898.58,0.56,38.12,1,6.18,4.69,80.88,24.78,23.29,67.56,0,77.96,0
4408,2022,Centro-Oeste,MS,Urbana,Médio,150578,F,104,910.03,0.658,26.56,0,3.23,5.82,57.73,25.68,56.45,71.56,1,93.05,0
4409,2023,Sudeste,ES,Urbana,Pequeno,2707,M,106,1090.59,0.72,32.34,0,5.81,4.08,72.26,16.35,55.16,72.75,0,95.91,0
4410,2023,Sudeste,MG,Urbana,Pequeno,3148,M,100,938.02,0.746,22.8,0,5.18,4.99,82.8,21.1,59.71,73.2,0,97.61,0
4411,2022,Sudeste,SP,Urbana,Médio,164751,M,106,1061.52,0.599,21.33,0,6.39,6.48,68.0,19.97,24.96,75.92,1,85.22,0
4412,2022,Nordeste,RN,Urbana,Grande,7911792,M,90,,0.727,31.32,1,2.52,5.5,58.5,28.08,45.67,67.26,1,87.62,1
4413,2022,Nordeste,AL,Urbana,Pequeno,7802,F,87,1062.82,0.64,21.53,1,4.37,6.28,88.57,19.72,87.61,77.42,1,92.69,1
4414,2023,Centro-Oeste,GO,Urbana,Médio,195694,F,92,993.33,0.602,34.63,0,5.18,7.98,73.31,31.12,59.06,66.15,0,100.0,1
4415,2023,Sudeste,ES,Urbana,Grande,11803336,F,103,672.52,0.796,18.87,0,3.7,8.6,46.23,21.01,73.42,74.32,0,81.49,0
4416,2023,Nordeste,SE,Urbana,Grande,8980068,M,92,1099.05,0.668,25.18,0,,4.39,54.69,29.06,60.9,70.98,0,100.0,0
4417,2022,Sul,PR,Urbana,Grande,10119695,F,101,833.97,0.686,7.56,0,6.12,6.28,91.73,19.01,65.0,65.31,1,93.61,0
4418,2024,Sudeste,ES,Urbana,Pequeno,10592,M,85,1058.69,0.653,32.13,1,4.1,8.22,54.36,17.98,73.95,72.49,1,100.0,0
4419,2024,Nordeste,MA,Rural,Pequeno,9090,F,85,877.9,0.548,26.58,1,3.29,4.27,92.49,25.7,33.1,71.59,0,90.47,0
4420,2022,Sudeste,SP,Urbana,Médio,29914,M,107,818.34,0.773,34.68,0,5.65,9.54,67.13,22.05,52.52,60.87,1,76.53,1
4421,2024,Norte,TO,Urbana,Médio,123683,M,94,572.0,0.653,37.93,0,4.09,6.94,70.06,23.19,59.73,68.13,0,98.05,0
4422,2024,Sudeste,MG,Urbana,Pequeno,6396,M,91,1027.94,0.764,10.88,0,6.04,7.27,60.28,21.99,55.31,72.5,1,84.36,1
4423,2024,Nordeste,AL,Urbana,Médio,57666,M,86,571.47,0.707,33.49,1,4.59,6.14,56.99,24.92,32.39,74.85,0,70.21,0
4424,2022,Sul,RS,Urbana,Pequeno,2230,M,93,1423.63,0.641,17.8,0,4.98,5.58,87.08,22.97,69.57,69.14,0,83.2,0
4425,2023,Sudeste,SP,Urbana,Médio,140601,F,96,1654.52,0.707,9.26,0,4.92,2.61,53.32,23.89,100.0,70.98,1,99.64,0
4426,2024,Sul,PR,Urbana,Grande,5002980,F,88,619.37,0.72,30.07,0,5.15,8.51,90.62,23.68,89.39,77.12,1,89.97,1
4427,2022,Sudeste,RJ,Rural,Pequeno,18003,F,90,,0.728,6.37,0,7.02,3.73,60.94,22.81,96.22,71.24,0,76.78,1
4428,2023,Nordeste,CE,Urbana,Pequeno,15541,F,94,904.35,0.624,20.89,0,3.91,4.12,89.19,26.12,52.19,72.96,0,87.25,0
4429,2022,Sudeste,RJ,Urbana,Pequeno,11671,F,85,995.25,0.703,22.36,0,5.5,7.38,66.89,20.44,38.56,75.81,1,100.0,1
4430,2023,Sudeste,ES,Urbana,Pequeno,3547,M,98,813.65,0.692,22.55,0,5.33,2.73,68.61,21.56,66.71,69.29,0,92.67,0
4431,2024,Centro-Oeste,DF,Urbana,Médio,20614,M,102,1100.03,0.816,22.34,0,4.62,5.88,81.73,19.01,48.05,66.59,1,88.77,0
4432,2024,Sul,RS,Urbana,Pequeno,6472,F,101,1091.55,0.805,22.72,1,5.17,4.34,85.42,15.92,44.96,70.53,0,91.26,0
4433,2023,Nordeste,PE,Urbana,Pequeno,9627,M,107,1309.33,0.724,20.95,1,3.44,7.15,100.0,24.06,56.26,71.01,0,82.11,1
4434,2024,Centro-Oeste,GO,Urbana,Pequeno,9806,M,89,644.94,0.733,7.96,0,5.49,7.32,60.45,21.48,59.49,63.58,0,81.82,0
4435,2022,Nordeste,RN,Urbana,Médio,137153,M,87,637.33,0.572,23.69,0,5.69,5.9,74.74,18.1,50.98,73.77,1,87.71,1
4436,2022,Norte,AC,Urbana,Médio,88317,F,90,,0.641,34.66,0,4.33,6.69,96.59,22.59,30.83,66.88,1,75.1,0
4437,2022,Nordeste,BA,Urbana,Pequeno,12088,F,102,765.86,0.613,24.76,0,,4.06,62.29,20.7,28.48,71.55,1,79.9,0
4438,2023,Norte,RR,Urbana,Pequeno,14139,M,106,488.64,0.607,28.18,0,5.77,4.18,60.84,21.08,47.62,78.86,1,88.68,0
4439,2024,Sudeste,MG,Urbana,Pequeno,14460,M,97,844.99,0.618,29.35,1,4.72,5.42,80.73,24.94,71.28,73.21,1,85.9,0
4440,2022,Sudeste,ES,Urbana,Pequeno,8583,F,87,898.14,0.666,18.24,0,4.27,8.86,81.27,19.53,77.26,67.04,0,94.39,1
4441,2023,Sul,RS,Urbana,Médio,27847,F,103,1340.39,0.644,22.16,0,5.71,7.72,70.34,24.51,74.04,72.42,0,98.83,0
4442,2023,Nordeste,CE,Urbana,Pequeno,2121,F,87,601.19,0.661,19.74,0,5.2,5.1,59.24,26.38,54.52,66.08,1,61.2,0
4443,2023,Centro-Oeste,GO,Rural,Médio,28884,M,101,1123.69,0.669,38.24,1,4.22,6.64,49.73,24.42,49.65,73.61,1,92.26,0
4444,2024,Sudeste,MG,Urbana,Médio,94442,M,106,1273.07,0.671,8.36,1,5.37,7.84,93.41,23.91,81.6,70.5,0,100.0,1
4445,2024,Centro-Oeste,DF,Urbana,Médio,48652,F,84,700.66,0.755,33.74,0,4.03,7.14,63.11,24.13,42.92,66.08,0,88.18,0
4446,2023,Sudeste,ES,Urbana,Grande,10331344,F,95,1150.88,0.713,21.16,0,6.38,3.89,71.42,17.98,56.76,64.4,0,77.12,1
4447,2023,Sul,RS,Urbana,Pequeno,14015,F,104,1094.05,0.628,16.98,1,5.1,5.33,89.97,23.69,55.19,79.04,1,89.65,1
4448,2024,Sudeste,SP,Urbana,Pequeno,19058,F,90,1462.93,0.695,18.4,0,3.68,4.87,56.31,23.74,55.84,71.29,0,,0
4449,2024,Sul,PR,Urbana,Médio,104243,M,101,1021.55,0.756,16.24,1,7.17,6.59,61.11,15.63,60.97,68.1,1,95.83,1
4450,2022,Sudeste,RJ,Urbana,Pequeno,9871,M,104,781.77,0.668,11.65,1,8.5,3.57,86.49,23.28,35.6,75.52,1,96.54,0
4451,2022,Sudeste,MG,Urbana,Pequeno,10113,M,97,983.11,0.687,24.0,0,7.05,5.69,58.57,22.04,67.83,76.19,0,98.43,0
4452,2023,Sul,RS,Urbana,Médio,71003,F,85,1257.84,0.609,26.9,0,,6.44,74.39,25.84,78.95,67.36,1,93.34,1
4453,2024,Sudeste,RJ,Urbana,Pequeno,19979,M,102,943.24,0.654,19.61,0,3.67,6.58,56.72,16.98,34.58,71.51,1,88.04,0
4454,2023,Centro-Oeste,GO,Urbana,Grande,5576507,M,98,543.86,0.704,24.34,1,3.79,6.13,60.38,22.89,48.04,70.31,0,85.55,0
4455,2024,Nordeste,MA,Urbana,Médio,176601,M,97,556.25,0.631,34.12,1,3.75,7.44,82.2,23.72,68.24,79.49,0,90.61,0
4456,2024,Centro-Oeste,DF,Urbana,Pequeno,8331,M,85,1233.14,0.682,20.95,1,4.78,6.6,57.3,19.29,65.59,67.31,0,76.84,0
4457,2023,Sudeste,SP,Urbana,Pequeno,11749,F,94,1373.3,0.727,29.33,0,7.7,7.29,100.0,20.07,45.81,70.89,1,95.76,0
4458,2023,Sudeste,RJ,Urbana,Pequeno,11959,F,99,1342.1,0.664,24.08,1,3.22,6.82,46.09,20.99,52.82,74.47,1,89.79,0
4459,2022,Norte,PA,Rural,Pequeno,7303,F,102,731.53,0.662,23.97,1,4.64,5.74,35.61,18.63,65.65,71.98,1,100.0,1
4460,2024,Sudeste,RJ,Urbana,Médio,89052,M,106,,0.8,13.11,0,3.75,5.46,63.61,17.92,39.16,65.05,0,81.81,0
4461,2023,Norte,TO,Urbana,Médio,48356,M,87,847.7,0.574,25.81,0,3.87,6.29,53.5,20.25,70.66,68.04,1,100.0,0
4462,2024,Centro-Oeste,DF,Urbana,Médio,127835,F,90,778.23,0.789,20.96,0,4.8,9.84,73.94,21.9,66.76,73.71,1,72.31,0
4463,2024,Sudeste,MG,Urbana,Pequeno,5156,M,85,862.43,0.683,21.42,0,7.65,4.4,51.25,18.47,43.7,63.52,0,88.08,0
4464,2024,Sudeste,RJ,Urbana,Pequeno,11344,M,106,1024.73,0.753,23.94,1,6.63,6.02,94.62,22.21,83.71,71.16,0,90.87,0
4465,2024,Sudeste,MG,Urbana,Pequeno,11261,F,92,927.11,0.7,6.81,1,6.3,5.46,71.81,19.2,76.76,65.48,0,86.53,1
4466,2024,Sudeste,SP,Urbana,Médio,188971,F,105,944.13,0.741,15.89,0,6.47,7.67,93.32,13.65,60.04,69.11,1,91.34,1
4467,2023,Sul,SC,Urbana,Pequeno,12206,F,95,1279.0,0.734,22.29,0,4.43,5.57,61.66,17.85,66.64,78.24,0,87.45,0
4468,2024,Nordeste,MA,Urbana,Pequeno,8639,M,86,937.34,0.627,31.47,1,5.22,4.74,44.46,20.67,34.69,70.33,1,88.34,0
4469,2023,Sul,PR,Urbana,Grande,9119331,M,95,1073.96,0.659,24.39,0,4.66,5.08,52.5,16.22,55.95,72.11,1,79.3,0
4470,2024,Sudeste,ES,Rural,Pequeno,12898,M,96,1436.06,0.685,22.97,0,5.14,8.14,71.07,20.1,100.0,63.35,1,94.08,0
4471,2024,Sul,SC,Urbana,Pequeno,2495,F,92,602.38,0.616,25.02,0,3.58,6.78,54.86,20.39,77.07,65.44,0,80.78,0
4472,2024,Nordeste,BA,Urbana,Pequeno,17304,F,96,321.14,0.667,15.24,0,5.27,4.19,64.7,20.62,63.73,68.33,0,100.0,0
4473,2022,Sul,PR,Urbana,Pequeno,7851,F,102,454.89,0.739,15.15,1,5.99,6.25,89.8,12.96,57.1,68.21,1,100.0,1
4474,2023,Centro-Oeste,MT,Urbana,Pequeno,16612,F,97,,0.7,18.96,0,5.53,6.94,63.36,25.38,73.93,74.12,1,80.21,1
4475,2023,Nordeste,AL,Urbana,Médio,147062,M,86,1614.01,0.669,29.28,0,5.8,7.74,89.98,18.65,76.8,68.25,0,92.78,1
4476,2023,Sudeste,RJ,Urbana,Pequeno,15298,M,103,902.9,0.679,23.54,0,5.95,4.31,74.34,24.78,58.61,70.99,1,81.12,0
4477,2022,Sudeste,RJ,Urbana,Pequeno,4517,M,91,1099.73,0.708,1.0,0,4.48,5.39,73.25,26.19,97.61,77.52,1,100.0,0
4478,2024,Norte,RR,Urbana,Médio,76505,F,103,302.0,0.665,15.99,0,3.11,4.16,59.07,23.15,47.27,60.35,1,81.73,0
4479,2024,Nordeste,SE,Urbana,Pequeno,13806,M,98,1054.41,0.663,25.09,0,6.15,6.41,86.64,23.63,67.72,67.33,1,88.31,1
4480,2022,Nordeste,PB,Urbana,Grande,1927452,F,105,225.89,0.648,17.71,1,3.98,4.95,78.35,13.01,34.27,74.88,0,80.56,0
4481,2024,Sudeste,ES,Rural,Pequeno,2181,M,104,740.47,0.691,31.74,1,5.71,3.65,85.4,24.78,70.92,69.39,0,92.59,0
4482,2022,Nordeste,RN,Rural,Médio,35117,F,86,697.12,0.635,26.78,0,6.03,6.41,50.36,21.5,60.93,65.34,1,95.74,1
4483,2024,Nordeste,PI,Urbana,Pequeno,15615,M,98,673.63,0.661,36.39,0,3.06,5.9,71.21,22.94,28.42,64.43,0,79.36,0
4484,2024,Nordeste,PB,Rural,Pequeno,16258,M,93,939.1,0.556,24.99,1,5.97,7.31,82.05,28.04,38.03,74.85,1,91.79,1
4485,2022,Nordeste,PB,Urbana,Pequeno,3075,M,100,739.24,0.584,37.62,1,4.36,8.23,73.33,18.0,63.03,72.47,0,76.89,1
4486,2024,Sudeste,MG,Urbana,Pequeno,8909,F,96,,0.687,21.99,1,7.48,6.25,79.9,18.99,65.22,71.39,1,93.13,0
4487,2023,Sudeste,MG,Urbana,Pequeno,6652,M,86,934.13,0.661,38.63,0,4.36,5.78,85.31,20.2,62.91,79.91,0,100.0,0
4488,2023,Nordeste,BA,Urbana,Pequeno,2396,F,85,423.24,0.654,35.53,0,4.05,6.18,65.03,26.76,76.13,63.26,1,96.98,0
4489,2022,Centro-Oeste,GO,Rural,Médio,199580,M,93,1209.15,0.694,42.12,1,6.32,5.24,66.47,24.02,51.75,70.32,1,76.62,0
4490,2023,Nordeste,MA,Urbana,Pequeno,15263,M,89,705.27,0.597,37.05,1,5.72,6.13,100.0,23.21,73.24,75.01,0,78.89,0
4491,2024,Sul,PR,Urbana,Pequeno,8961,F,87,982.68,0.667,21.38,1,6.1,6.31,78.5,21.81,34.96,69.08,0,87.43,0
4492,2023,Sudeste,ES,Urbana,Pequeno,18996,F,106,1175.54,0.78,13.35,0,,6.82,55.77,19.03,81.64,71.57,0,83.34,0
4493,2024,Nordeste,PI,Urbana,Pequeno,19019,F,98,836.84,0.746,25.13,1,4.89,6.3,58.64,23.26,45.61,61.56,0,78.8,1
4494,2023,Centro-Oeste,GO,Urbana,Pequeno,2938,F,104,674.73,0.632,34.42,1,5.34,5.36,32.05,18.69,27.91,66.92,1,86.68,1
4495,2022,Nordeste,MA,Urbana,Pequeno,2334,F,107,786.12,0.617,14.5,0,,4.55,74.55,23.16,41.61,61.37,1,92.22,0
4496,2024,Sudeste,ES,Rural,Pequeno,15454,M,89,950.65,0.692,31.7,0,,4.77,94.37,28.43,57.46,65.23,1,86.8,0
4497,2023,Centro-Oeste,MT,Urbana,Grande,11679533,M,100,1046.87,0.729,17.5,1,3.61,5.68,83.98,20.03,52.04,71.22,1,85.08,0
4498,2023,Sul,RS,Rural,Pequeno,16345,F,84,1202.12,0.701,28.04,0,4.91,7.57,39.84,19.63,81.96,70.0,1,90.96,1
4499,2024,Sudeste,RJ,Urbana,Grande,2389382,F,107,1453.41,0.797,16.26,0,6.72,5.93,88.77,21.52,41.43,81.43,1,85.43,1
4500,2023,Nordeste,PB,Urbana,Pequeno,18525,F,85,690.55,0.576,18.83,0,5.27,5.39,66.69,24.15,64.58,66.85,1,89.65,0
4501,2023,Nordeste,RN,Urbana,Pequeno,4128,F,93,418.29,0.742,14.55,1,5.37,7.78,51.48,21.16,51.73,66.24,1,79.67,0
4502,2022,Sudeste,RJ,Urbana,Médio,81208,F,107,576.19,0.723,27.06,0,5.35,8.15,87.07,18.62,68.11,76.48,1,82.34,0
4503,2024,Centro-Oeste,MS,Urbana,Pequeno,4997,F,103,1356.56,0.706,15.46,0,5.42,6.72,81.4,14.78,29.22,61.25,1,88.38,1
4504,2023,Nordeste,SE,Urbana,Médio,116769,M,89,,0.527,35.38,1,5.45,4.98,73.26,17.89,49.2,72.3,1,85.68,1
4505,2023,Sudeste,SP,Rural,Pequeno,13518,M,93,1173.93,0.708,24.79,1,4.0,6.12,69.87,24.49,64.17,67.8,1,94.02,0
4506,2023,Nordeste,RN,Rural,Médio,73960,F,91,383.89,0.736,28.8,0,5.93,5.24,72.03,24.14,85.94,78.74,0,69.98,0
4507,2023,Nordeste,CE,Urbana,Pequeno,5456,M,95,821.65,0.607,29.51,1,4.96,5.62,100.0,16.15,23.05,64.11,0,75.48,0
4508,2023,Sudeste,MG,Urbana,Pequeno,18230,M,102,,0.742,19.93,1,5.67,5.96,63.0,21.67,60.76,59.47,0,77.73,1
4509,2023,Sul,RS,Urbana,Pequeno,10239,M,86,960.56,0.689,20.7,0,3.87,10.0,79.99,23.86,100.0,72.25,1,100.0,1
4510,2024,Nordeste,CE,Urbana,Médio,73544,F,106,1050.41,0.766,51.03,1,4.74,5.05,63.55,19.28,61.65,62.2,0,82.7,1
4511,2023,Nordeste,PB,Urbana,Pequeno,6351,M,95,830.36,0.671,37.38,0,5.85,4.09,58.24,22.62,50.73,63.81,1,94.63,0
4512,2023,Sudeste,SP,Urbana,Pequeno,14134,M,93,1290.32,0.665,12.09,0,4.41,6.53,57.82,18.14,93.07,68.28,0,96.83,0
4513,2022,Sul,SC,Urbana,Pequeno,18112,F,99,1196.05,0.727,20.23,1,6.84,5.02,43.13,25.31,74.82,85.17,1,92.62,1
4514,2023,Sudeste,SP,Urbana,Pequeno,10435,F,88,1537.77,0.691,14.96,0,6.38,6.94,89.54,18.07,43.33,77.05,0,83.37,1
4515,2022,Sul,RS,Urbana,Pequeno,15987,F,101,757.28,0.751,20.73,1,6.94,5.56,61.81,16.44,37.85,68.68,0,91.43,0
4516,2022,Centro-Oeste,GO,Urbana,Pequeno,18795,M,105,417.79,0.638,16.35,0,2.84,6.16,56.17,26.09,47.29,74.72,1,77.99,1
4517,2024,Nordeste,SE,Rural,Pequeno,14116,M,103,669.64,0.618,41.16,1,4.31,7.31,59.39,30.0,39.38,71.66,1,90.05,1
4518,2022,Sudeste,ES,Urbana,Médio,83818,F,104,1122.74,0.737,16.07,1,5.15,5.94,83.65,17.92,56.11,65.76,0,90.24,1
4519,2024,Sudeste,RJ,Urbana,Pequeno,13370,F,96,1036.51,0.664,20.66,0,3.29,2.73,50.85,17.67,43.04,67.46,0,81.64,0
4520,2024,Centro-Oeste,GO,Urbana,Pequeno,15069,F,100,1164.85,0.651,25.51,0,7.92,7.54,51.58,19.12,82.57,66.52,0,96.74,0
4521,2024,Sudeste,SP,Urbana,Médio,123139,M,84,871.68,0.761,43.36,1,4.66,3.87,69.47,16.61,73.48,79.86,0,94.89,0
4522,2022,Nordeste,PB,Urbana,Médio,80785,M,102,561.33,0.658,22.71,1,5.67,5.36,61.26,19.32,56.89,73.35,0,84.56,1
4523,2023,Sudeste,MG,Urbana,Pequeno,17961,M,96,1189.61,0.613,11.35,0,5.1,6.69,48.36,20.04,59.9,72.46,1,80.42,1
4524,2023,Sudeste,RJ,Urbana,Médio,155991,F,99,699.82,0.88,29.22,1,6.71,8.28,51.82,26.28,57.08,74.99,0,87.59,0
4525,2023,Sudeste,ES,Urbana,Pequeno,2661,M,93,,0.714,25.32,0,4.85,5.23,87.63,22.7,69.47,76.11,1,86.4,0
4526,2023,Sudeste,RJ,Urbana,Grande,1424540,F,92,1339.54,0.668,27.67,0,6.07,6.85,47.15,18.56,67.25,75.28,1,96.4,0
4527,2023,Sudeste,RJ,Rural,Médio,177571,F,106,433.76,0.768,14.6,0,5.88,6.37,73.61,20.81,54.48,68.39,1,83.98,0
4528,2023,Nordeste,MA,Urbana,Pequeno,17880,M,104,331.53,0.621,29.91,0,,7.48,79.09,17.32,61.14,63.82,1,92.52,0
4529,2024,Sudeste,MG,Urbana,Médio,195506,F,106,1052.24,0.731,23.7,0,4.56,4.08,63.4,18.17,64.59,71.37,1,94.51,0
4530,2022,Nordeste,PE,Urbana,Pequeno,14803,F,84,457.05,0.61,48.07,0,5.91,6.71,70.35,28.4,59.53,80.34,0,92.12,1
4531,2023,Sul,PR,Urbana,Pequeno,2164,M,96,914.67,0.69,29.59,0,6.84,8.1,78.94,13.5,60.38,75.96,1,74.16,0
4532,2022,Sudeste,MG,Urbana,Médio,91175,F,85,1226.45,0.647,18.64,0,4.12,3.78,73.03,24.5,46.65,78.22,1,80.83,0
4533,2024,Norte,RR,Urbana,Pequeno,7519,M,88,637.74,0.755,31.73,0,5.13,8.14,29.58,24.85,95.59,61.94,0,96.69,0
4534,2023,Sudeste,RJ,Urbana,Pequeno,10654,F,89,436.99,0.627,22.91,0,5.98,4.99,67.13,20.61,49.73,65.9,0,87.12,1
4535,2023,Nordeste,SE,Urbana,Pequeno,16128,M,86,452.93,0.761,35.24,0,5.36,3.88,71.55,21.63,75.46,67.72,1,83.18,0
4536,2024,Sudeste,MG,Urbana,Médio,151487,M,99,1132.48,0.747,18.53,1,4.65,5.18,65.98,14.49,42.27,69.86,1,95.86,0
4537,2024,Nordeste,AL,Urbana,Pequeno,18562,F,89,696.9,0.743,25.48,0,4.72,3.76,89.54,21.23,33.62,64.3,0,79.61,1
4538,2022,Norte,RO,Urbana,Pequeno,9325,F,101,333.23,0.671,34.11,0,6.55,5.91,99.2,28.58,87.88,72.06,0,100.0,1
4539,2022,Sudeste,MG,Rural,Pequeno,17664,M,107,1239.95,0.598,24.8,1,7.76,4.06,69.29,32.61,27.57,77.5,1,86.41,0
4540,2022,Nordeste,PI,Urbana,Pequeno,10998,M,87,903.24,0.648,44.27,0,4.4,6.91,62.51,22.07,56.32,66.31,0,79.3,0
4541,2023,Nordeste,BA,Urbana,Pequeno,19667,F,94,810.13,0.607,26.75,0,2.79,5.16,97.75,20.31,54.42,68.99,0,79.59,0
4542,2023,Norte,AM,Urbana,Pequeno,6278,M,104,885.43,0.728,33.83,1,4.75,5.31,33.33,22.86,70.69,76.4,1,79.64,0
4543,2022,Norte,AC,Urbana,Pequeno,4424,F,92,886.81,0.64,24.72,0,4.12,5.59,62.15,28.99,67.92,73.23,1,76.7,0
4544,2024,Norte,AM,Urbana,Pequeno,19319,M,92,476.59,0.604,27.84,0,4.79,4.46,71.81,24.04,5.0,74.93,0,79.97,0
4545,2023,Nordeste,BA,Urbana,Grande,560347,M,84,774.86,0.645,26.13,0,5.76,6.1,82.31,27.52,47.38,76.61,1,88.55,1
4546,2022,Centro-Oeste,MS,Urbana,Pequeno,16901,F,103,1005.34,0.782,35.02,0,4.62,7.89,74.2,27.22,18.81,70.43,1,76.41,0
4547,2024,Sudeste,RJ,Rural,Médio,120832,M,103,1171.49,0.62,19.44,0,5.27,7.26,50.0,17.35,40.26,72.39,1,77.08,0
4548,2022,Sudeste,RJ,Urbana,Pequeno,4262,M,87,814.24,0.662,19.64,0,6.37,5.2,95.81,27.07,80.62,80.03,0,78.9,1
4549,2023,Sudeste,MG,Urbana,Grande,6616474,F,104,1209.15,0.792,27.14,1,5.6,6.76,89.86,17.93,59.68,66.11,0,93.06,0
4550,2024,Sudeste,MG,Urbana,Médio,197561,F,101,957.62,0.681,21.02,0,4.32,5.76,84.09,25.48,32.66,72.96,0,87.22,0
4551,2022,Nordeste,PB,Urbana,Grande,5334590,F,99,1023.86,0.689,14.92,0,1.61,6.34,61.08,21.15,54.58,66.35,0,93.32,0
4552,2023,Sudeste,RJ,Rural,Médio,166812,M,90,1429.25,0.7,18.37,0,4.84,5.67,71.84,22.82,59.75,70.15,1,87.6,1
4553,2024,Nordeste,CE,Urbana,Grande,4651871,M,100,762.78,0.732,40.09,1,3.76,6.43,63.72,21.43,77.04,66.96,0,76.04,0
4554,2024,Nordeste,RN,Urbana,Pequeno,3870,F,107,440.68,0.657,32.48,0,4.13,6.0,59.46,21.95,89.59,82.26,0,94.36,0
4555,2023,Sudeste,MG,Urbana,Grande,5980000,M,99,908.49,0.737,38.27,1,5.23,5.82,65.68,16.78,67.14,66.94,0,79.2,0
4556,2023,Sudeste,MG,Urbana,Médio,143234,M,94,935.59,0.644,32.17,0,6.65,5.43,61.13,21.49,98.19,76.57,0,89.17,0
4557,2022,Centro-Oeste,MS,Urbana,Pequeno,8167,F,100,867.07,0.74,21.95,0,5.45,6.36,65.27,18.41,47.76,72.7,1,85.55,0
4558,2022,Nordeste,CE,Urbana,Pequeno,11940,M,102,967.9,0.683,19.75,0,6.09,5.58,47.68,27.41,73.68,74.6,0,95.61,0
4559,2024,Sul,RS,Urbana,Pequeno,13918,F,94,802.87,0.66,16.02,1,4.62,2.98,74.2,19.75,44.54,71.31,0,87.62,0
4560,2023,Sudeste,SP,Urbana,Médio,137046,F,96,1029.84,0.701,24.86,0,4.12,5.12,74.82,24.79,31.34,72.18,0,93.73,0
4561,2024,Sudeste,MG,Urbana,Médio,75999,F,101,1072.11,0.744,20.49,0,5.14,6.42,55.2,17.7,63.88,71.78,0,96.98,0
4562,2023,Centro-Oeste,GO,Rural,Pequeno,7713,F,92,1082.47,0.645,21.57,1,2.88,4.88,90.89,19.22,63.54,66.53,1,78.66,1
4563,2022,Sul,SC,Urbana,Pequeno,3664,M,88,586.64,0.711,30.15,0,7.8,4.6,78.22,17.28,85.97,79.85,0,91.12,1
4564,2023,Sudeste,ES,Urbana,Pequeno,4697,M,100,701.66,0.732,20.08,0,6.1,4.56,63.58,19.66,67.17,67.15,1,76.71,0
4565,2022,Sudeste,ES,Urbana,Grande,10565207,M,100,1168.0,0.802,22.44,1,6.06,3.09,87.35,28.63,42.85,70.18,1,88.17,1
4566,2022,Sul,SC,Urbana,Pequeno,18596,M,101,1364.26,0.706,12.04,0,4.18,6.74,87.67,19.1,67.1,75.0,1,88.47,1
4567,2022,Sudeste,ES,Urbana,Pequeno,8537,M,86,1151.05,0.747,18.07,0,5.21,4.47,78.12,20.69,80.27,63.95,1,92.33,1
4568,2023,Centro-Oeste,DF,Rural,Médio,158401,M,84,735.87,0.645,27.08,0,6.35,5.72,83.38,24.69,35.8,69.83,0,90.95,1
4569,2022,Sul,RS,Urbana,Pequeno,15873,F,107,963.69,0.682,20.91,0,7.02,6.6,61.4,22.42,74.17,72.66,1,84.04,1
4570,2023,Sudeste,MG,Rural,Médio,43737,F,96,1055.9,0.782,21.65,0,5.64,5.09,77.34,20.77,52.44,83.5,1,75.7,0
4571,2023,Nordeste,MA,Urbana,Pequeno,4449,M,97,801.61,0.653,34.58,0,5.04,5.92,93.73,31.78,58.71,69.08,0,82.85,0
4572,2023,Centro-Oeste,DF,Urbana,Pequeno,9187,M,104,851.31,0.649,23.37,1,5.79,5.41,36.12,23.18,56.02,72.6,0,81.38,0
4573,2023,Sul,PR,Urbana,Pequeno,18119,F,100,1046.17,0.67,3.81,1,3.79,4.37,81.93,17.97,64.47,66.57,0,96.9,0
4574,2023,Nordeste,CE,Rural,Pequeno,3891,M,86,374.47,0.635,36.76,1,4.21,6.31,77.83,25.15,48.9,60.13,1,85.61,1
4575,2023,Nordeste,PB,Rural,Pequeno,18180,M,95,740.38,0.685,25.68,1,4.55,3.49,70.75,22.79,52.28,68.16,1,91.48,0
4576,2022,Sudeste,RJ,Urbana,Médio,194484,M,86,1201.52,0.717,20.2,0,6.01,5.37,62.95,24.28,57.09,72.79,0,88.79,1
4577,2023,Sul,SC,Urbana,Pequeno,19217,F,98,1415.11,0.742,23.78,0,4.61,7.82,53.52,30.3,80.24,73.95,0,90.67,0
4578,2024,Nordeste,PI,Urbana,Grande,3954528,F,103,807.01,0.628,31.56,0,6.1,5.37,47.08,17.11,68.32,71.05,0,90.51,0
4579,2022,Sudeste,MG,Urbana,Pequeno,19183,M,104,1131.39,0.542,16.66,0,6.65,4.61,56.95,17.87,54.95,69.33,1,80.41,0
4580,2024,Sudeste,SP,Rural,Pequeno,8918,F,86,1179.59,0.635,12.58,0,4.01,4.99,69.1,18.97,54.98,70.11,1,89.85,0
4581,2023,Nordeste,SE,Rural,Pequeno,12342,F,101,543.99,0.704,27.66,0,5.09,5.77,46.25,28.21,58.95,72.67,0,100.0,0
4582,2023,Sudeste,RJ,Urbana,Pequeno,6383,M,106,1140.52,0.786,28.08,1,6.58,5.67,71.3,15.99,78.55,68.56,1,87.42,1
4583,2023,Sul,PR,Urbana,Médio,171201,F,97,,0.724,27.09,0,6.38,5.15,82.23,24.52,100.0,80.17,1,90.52,0
4584,2022,Sudeste,MG,Urbana,Médio,57759,F,104,1016.69,0.682,25.52,0,,5.54,82.33,27.32,71.62,65.69,0,87.27,0
4585,2022,Norte,AC,Urbana,Pequeno,4025,M,91,844.49,0.621,39.6,0,,5.76,48.29,28.98,64.98,59.72,1,87.93,1
4586,2023,Centro-Oeste,GO,Rural,Médio,137887,F,84,824.12,0.688,26.82,0,4.73,4.69,75.13,19.08,71.84,73.15,1,93.96,0
4587,2023,Sudeste,ES,Urbana,Médio,72678,M,91,1494.67,0.694,25.57,0,3.72,5.02,59.88,17.47,47.99,75.54,1,,0
4588,2024,Norte,RO,Urbana,Pequeno,6201,M,87,371.39,0.683,28.55,1,5.14,4.83,76.46,22.15,62.9,66.8,0,80.63,0
4589,2022,Nordeste,RN,Urbana,Grande,10059597,F,88,,0.753,22.66,0,5.52,4.51,96.21,21.22,39.01,65.85,0,84.02,0
4590,2023,Sudeste,MG,Urbana,Grande,6823082,F,93,729.87,0.65,29.1,0,6.41,7.06,58.94,21.78,40.96,74.31,0,85.56,0
4591,2023,Nordeste,CE,Urbana,Pequeno,3919,F,99,383.65,0.699,31.5,0,5.25,5.46,83.31,22.05,25.28,66.25,0,90.95,1
4592,2023,Nordeste,PB,Urbana,Pequeno,3962,M,89,833.87,0.756,33.63,1,5.49,5.86,43.01,17.23,41.21,63.53,1,94.34,0
4593,2024,Sudeste,ES,Urbana,Médio,106202,F,95,966.16,0.691,11.64,0,4.79,6.36,38.99,19.75,88.28,72.28,0,99.24,0
4594,2023,Sudeste,SP,Urbana,Pequeno,4368,F,96,1230.6,0.752,22.92,0,5.25,6.5,76.3,12.83,54.29,70.44,0,100.0,1
4595,2022,Norte,TO,Urbana,Pequeno,13481,M,96,593.4,0.716,56.07,0,5.76,7.52,51.05,26.1,63.49,61.03,0,73.08,0
4596,2022,Nordeste,CE,Urbana,Pequeno,15688,F,95,164.1,0.718,26.03,1,5.51,7.6,55.26,20.88,27.17,70.42,1,84.87,0
4597,2022,Sudeste,SP,Urbana,Médio,45829,F,102,1265.5,0.724,19.55,0,5.48,7.76,63.45,32.48,40.05,67.46,1,100.0,1
4598,2024,Nordeste,PE,Urbana,Médio,115248,F,97,780.59,0.693,26.52,0,4.52,6.54,50.71,21.71,86.19,65.56,0,82.74,0
4599,2024,Nordeste,PB,Urbana,Pequeno,19961,F,91,1261.82,0.655,25.16,0,4.56,6.46,59.84,10.96,57.18,66.98,1,96.63,0
4600,2024,Sudeste,ES,Urbana,Médio,166110,M,103,1205.67,0.737,1.15,1,5.17,5.01,72.04,18.92,70.59,69.51,1,91.23,0
4601,2023,Sudeste,MG,Urbana,Pequeno,13997,F,107,767.12,0.775,23.65,0,,7.06,82.78,18.83,55.86,78.84,1,82.59,0
4602,2023,Sudeste,RJ,Urbana,Pequeno,6565,F,85,1560.62,0.784,38.49,1,6.43,6.56,73.09,21.67,78.89,72.11,0,80.59,1
4603,2024,Nordeste,PI,Urbana,Pequeno,4741,F,101,780.34,0.7,19.15,0,4.69,7.26,73.55,24.43,51.29,76.22,1,83.61,0
4604,2023,Sul,SC,Urbana,Pequeno,16881,F,85,927.83,0.713,17.15,0,6.02,6.26,82.7,29.11,72.17,73.63,0,79.13,0
4605,2023,Nordeste,PE,Urbana,Médio,119751,M,88,1264.78,0.656,28.16,0,3.87,7.38,80.59,20.74,49.57,70.41,1,91.35,1
4606,2024,Centro-Oeste,MT,Urbana,Médio,33733,F,91,,0.586,8.0,1,7.52,8.82,62.36,19.54,53.85,71.35,0,93.53,0
4607,2023,Nordeste,CE,Urbana,Médio,194189,M,91,766.55,0.567,25.91,1,5.94,5.73,72.07,20.83,50.66,62.83,0,98.24,0
4608,2024,Sul,RS,Urbana,Médio,192979,F,107,1459.14,0.701,33.38,0,5.3,8.53,58.33,30.98,50.27,74.61,0,76.77,1
4609,2023,Sul,RS,Urbana,Médio,57038,F,89,1207.63,0.659,27.76,0,7.55,6.53,81.7,17.28,38.98,80.76,1,96.31,1
4610,2022,Centro-Oeste,MS,Rural,Pequeno,18261,M,93,572.18,0.694,13.07,0,4.73,5.81,83.02,22.73,60.85,67.26,1,80.16,1
4611,2022,Sudeste,ES,Urbana,Pequeno,7507,F,99,971.37,0.727,17.53,0,6.44,5.85,82.04,19.31,58.03,74.45,1,100.0,1
4612,2024,Centro-Oeste,DF,Urbana,Pequeno,6707,F,105,902.69,0.659,22.44,0,4.69,6.49,57.19,23.2,62.82,68.54,0,87.24,0
4613,2023,Sul,PR,Urbana,Pequeno,6389,F,84,1001.76,0.749,7.36,0,6.72,6.15,55.74,23.11,54.62,67.7,0,73.05,0
4614,2023,Nordeste,MA,Urbana,Médio,77136,F,86,252.11,0.653,37.74,1,5.78,8.02,57.44,17.11,44.01,70.17,1,80.86,1
4615,2023,Norte,RO,Rural,Médio,175065,M,85,675.11,0.673,19.32,0,4.26,4.4,58.73,25.59,53.33,69.81,1,81.43,0
4616,2024,Sudeste,ES,Urbana,Médio,78053,F,85,1291.45,0.665,27.12,1,5.35,6.61,75.26,22.3,67.74,56.29,0,84.24,0
4617,2024,Sudeste,SP,Rural,Pequeno,15004,F,107,1303.7,0.773,20.73,0,4.35,6.87,46.11,15.54,49.32,67.43,1,99.28,0
4618,2022,Sudeste,RJ,Urbana,Grande,6813272,M,103,580.18,0.763,15.12,0,7.07,4.69,68.41,21.55,37.66,75.38,1,,0
4619,2022,Sudeste,SP,Rural,Médio,100844,F,89,867.04,0.771,3.12,0,5.77,5.37,100.0,20.32,81.17,80.81,1,88.82,0
4620,2022,Sudeste,ES,Urbana,Pequeno,18636,F,85,871.65,0.715,21.53,0,6.29,7.42,76.52,23.8,67.1,83.0,0,94.16,1
4621,2023,Sudeste,SP,Rural,Pequeno,18608,F,103,809.26,0.701,13.88,0,,7.19,85.05,18.76,62.94,65.76,0,98.79,0
4622,2022,Nordeste,RN,Urbana,Pequeno,5135,M,99,908.81,0.56,25.34,0,5.25,7.53,50.6,22.0,65.64,68.01,0,71.7,0
4623,2023,Sudeste,RJ,Urbana,Pequeno,10843,F,94,1349.24,0.708,14.28,0,7.06,6.85,72.75,25.17,49.06,71.99,1,87.54,0
4624,2024,Sudeste,RJ,Urbana,Pequeno,2492,F,103,930.04,0.694,18.28,0,2.35,6.41,96.94,23.49,61.81,64.87,0,92.41,0
4625,2024,Nordeste,AL,Urbana,Pequeno,18222,M,104,1065.41,0.701,24.72,1,3.56,6.66,77.18,19.84,62.58,60.53,1,89.19,0
4626,2024,Nordeste,PI,Urbana,Médio,37227,M,93,865.06,0.693,36.89,1,3.76,6.37,71.88,22.49,100.0,68.97,0,94.34,1
4627,2022,Norte,RR,Urbana,Grande,8947477,M,98,447.39,0.66,21.64,1,3.44,7.05,84.63,17.25,58.45,70.78,1,99.72,1
4628,2023,Sudeste,MG,Rural,Pequeno,6027,F,98,1106.61,0.719,16.96,0,6.0,8.14,100.0,17.75,73.77,68.6,0,86.27,0
4629,2024,Sul,PR,Urbana,Médio,21946,F,101,782.66,0.657,28.52,0,4.04,4.09,62.09,20.11,59.01,70.13,1,82.54,1
4630,2024,Nordeste,PI,Urbana,Grande,3960371,M,106,746.91,0.684,36.92,0,5.85,5.29,57.99,18.87,83.55,72.4,0,94.99,0
4631,2023,Norte,RO,Urbana,Pequeno,2979,M,85,1093.58,0.69,31.3,0,5.88,6.52,53.8,20.45,57.71,68.33,0,80.49,0
4632,2022,Nordeste,BA,Urbana,Médio,108909,F,106,717.46,0.75,39.12,0,6.31,8.26,73.07,20.19,56.71,76.35,1,90.03,0
4633,2024,Norte,AP,Urbana,Pequeno,6481,F,102,769.42,0.633,20.07,0,3.69,4.8,72.7,16.33,34.73,68.2,1,93.43,0
4634,2023,Sudeste,SP,Rural,Pequeno,18924,M,88,1122.93,0.679,20.96,1,5.02,4.86,91.31,16.12,61.55,83.43,0,99.39,1
4635,2024,Sudeste,ES,Urbana,Pequeno,19158,F,92,1492.5,0.654,22.62,1,4.03,6.72,74.73,24.21,63.83,72.66,1,76.05,1
4636,2024,Sudeste,MG,Urbana,Grande,8973009,F,100,1543.65,0.629,21.37,1,6.78,4.19,73.62,25.07,49.42,68.39,1,94.04,0
4637,2023,Sudeste,MG,Urbana,Médio,162651,M,97,969.57,0.685,7.49,0,5.96,5.78,83.12,25.88,80.48,69.81,0,92.07,1
4638,2022,Sudeste,MG,Urbana,Médio,161238,M,91,1615.81,0.722,17.2,1,4.45,5.48,72.54,17.73,48.68,79.13,1,,0
4639,2024,Sudeste,ES,Urbana,Médio,89607,M,91,599.49,0.655,21.92,0,6.14,4.44,71.19,26.87,48.86,71.56,1,94.11,0
4640,2022,Nordeste,CE,Rural,Pequeno,10424,M,98,471.05,0.546,43.58,1,4.11,7.38,91.42,21.87,68.84,77.56,1,83.72,0
4641,2023,Sudeste,SP,Urbana,Médio,85797,M,94,972.11,0.733,32.41,1,4.95,7.33,71.88,22.42,83.09,58.21,0,82.15,1
4642,2022,Sul,RS,Rural,Médio,85818,M,84,1041.05,0.809,30.52,0,3.54,4.66,65.73,27.44,76.33,62.34,0,87.93,0
4643,2022,Nordeste,PE,Urbana,Pequeno,7194,F,94,297.87,0.705,32.73,0,5.65,6.1,64.23,20.33,57.19,71.89,0,94.49,0
4644,2024,Sudeste,MG,Urbana,Grande,9370828,M,101,670.81,0.805,20.22,0,5.33,7.77,100.0,22.05,48.25,65.21,1,100.0,1
4645,2023,Sul,SC,Urbana,Grande,4083483,M,96,1019.59,0.685,18.12,0,5.49,8.46,67.53,18.46,47.48,80.67,1,89.98,0
4646,2024,Nordeste,BA,Urbana,Pequeno,15277,M,85,748.68,0.596,34.49,0,2.03,5.88,56.1,19.3,49.76,59.35,0,80.13,0
4647,2022,Sudeste,SP,Urbana,Pequeno,8550,F,107,738.09,0.746,22.38,0,2.38,5.16,98.57,21.79,74.3,67.26,1,88.72,1
4648,2024,Nordeste,CE,Rural,Grande,1754100,F,94,638.35,0.715,42.52,1,6.73,3.91,67.24,16.5,22.15,67.36,0,100.0,0
4649,2022,Sudeste,ES,Urbana,Pequeno,10047,M,102,972.17,0.687,28.13,0,5.96,5.8,66.82,20.87,67.24,64.31,1,91.36,1
4650,2022,Sul,SC,Urbana,Médio,59098,M,102,858.9,0.664,24.95,1,4.02,5.4,57.76,16.3,92.59,64.71,1,100.0,0
4651,2024,Sudeste,RJ,Urbana,Médio,137187,M,96,821.7,0.675,23.75,0,7.04,7.07,53.57,23.01,63.46,59.9,1,90.09,1
4652,2022,Sudeste,MG,Urbana,Pequeno,18268,M,107,1305.32,0.676,27.53,0,5.91,5.96,64.26,23.35,50.22,62.79,0,91.46,1
4653,2024,Sudeste,RJ,Rural,Pequeno,7587,F,95,602.23,0.77,29.17,1,,5.68,70.16,22.92,77.0,65.93,0,95.72,0
4654,2022,Nordeste,PB,Urbana,Pequeno,19933,F,92,578.62,0.622,38.8,0,4.53,8.12,87.44,18.29,57.49,66.54,1,92.26,0
4655,2024,Nordeste,RN,Urbana,Médio,66126,M,96,529.78,0.764,19.95,1,4.99,4.16,93.47,17.76,58.95,73.14,1,87.79,1
4656,2023,Sudeste,RJ,Urbana,Pequeno,17815,F,104,606.38,0.623,25.97,1,7.36,4.16,96.39,25.05,35.78,71.68,0,85.44,1
4657,2024,Norte,AP,Urbana,Médio,172731,M,101,624.87,0.674,40.39,1,2.57,7.06,46.45,21.57,72.29,64.08,1,99.5,0
4658,2024,Nordeste,PB,Urbana,Pequeno,12080,M,106,551.57,0.661,33.3,0,5.07,5.37,44.71,21.28,73.6,66.54,1,90.18,0
4659,2023,Sudeste,ES,Urbana,Pequeno,19589,F,99,730.21,0.622,11.41,0,5.64,2.98,100.0,22.58,55.55,67.73,1,95.6,0
4660,2022,Nordeste,BA,Urbana,Pequeno,8524,M,105,,0.539,31.62,0,4.23,3.55,77.52,21.86,36.88,65.08,0,90.48,1
4661,2022,Sudeste,RJ,Rural,Pequeno,17216,F,104,1276.63,0.85,21.02,1,4.81,6.6,69.03,24.2,74.2,64.29,1,100.0,0
4662,2024,Centro-Oeste,MT,Urbana,Pequeno,14770,F,100,761.13,0.586,21.66,0,6.57,6.61,63.33,26.71,77.1,71.13,1,90.08,0
4663,2023,Nordeste,CE,Urbana,Pequeno,3776,F,89,938.94,0.551,31.61,0,3.7,5.43,47.46,23.89,54.16,63.82,1,87.92,1
4664,2024,Sudeste,SP,Urbana,Pequeno,17282,M,103,1056.03,0.691,21.18,1,5.75,7.52,52.46,26.25,66.04,72.38,0,76.94,1
4665,2024,Sudeste,SP,Urbana,Médio,110878,F,84,,0.692,26.98,0,5.59,5.1,100.0,26.72,83.02,79.57,0,96.13,0
4666,2024,Sudeste,MG,Urbana,Pequeno,16321,M,86,937.25,0.637,17.1,0,4.04,6.09,84.93,22.99,75.42,74.28,1,90.03,1
4667,2023,Sudeste,MG,Urbana,Médio,78919,M,105,1145.61,0.763,22.05,0,5.65,4.19,76.65,18.49,59.12,71.55,1,100.0,1
4668,2023,Sudeste,MG,Urbana,Pequeno,8680,F,106,1042.42,0.689,21.41,1,5.31,6.67,81.46,20.89,65.37,72.17,0,69.16,0
4669,2022,Sudeste,ES,Urbana,Grande,3206123,M,106,723.6,0.862,30.58,1,4.63,6.73,41.68,23.04,91.87,64.45,0,98.63,0
4670,2024,Nordeste,BA,Urbana,Médio,149769,M,98,754.91,0.609,30.91,1,5.48,6.08,38.05,20.88,64.72,74.76,1,87.92,0
4671,2023,Centro-Oeste,MT,Urbana,Grande,227279,F,107,1036.13,0.642,22.99,0,3.27,7.15,71.48,23.96,46.88,75.63,1,85.05,0
4672,2024,Norte,TO,Urbana,Pequeno,9426,M,95,496.84,0.678,31.89,0,2.5,4.97,92.24,24.08,51.3,63.88,0,91.43,0
4673,2022,Norte,TO,Urbana,Pequeno,17321,M,101,755.95,0.623,26.08,0,2.67,3.74,82.54,28.13,82.68,66.83,0,74.0,1
4674,2022,Sudeste,RJ,Urbana,Médio,110415,M,95,1208.68,0.749,27.74,0,5.0,6.39,73.82,22.53,70.47,79.28,0,96.37,1
4675,2022,Sudeste,SP,Urbana,Pequeno,7741,F,107,1127.1,0.628,15.41,0,5.33,6.94,70.33,20.42,58.34,67.47,0,75.99,0
4676,2024,Nordeste,PB,Rural,Pequeno,10133,M,94,1001.69,0.57,23.84,0,5.71,5.0,75.82,22.11,70.82,70.1,0,86.04,1
4677,2024,Nordeste,SE,Urbana,Grande,2903146,F,99,721.51,0.651,31.82,0,4.88,8.38,71.68,23.4,59.39,68.04,1,85.2,1
4678,2022,Sudeste,ES,Urbana,Médio,23441,F,95,1044.59,0.684,12.91,0,5.47,5.66,83.43,27.5,68.71,76.96,0,87.53,0
4679,2022,Sudeste,RJ,Urbana,Médio,119049,F,102,1371.88,0.729,19.68,0,4.63,7.62,41.42,18.05,7.6,60.39,0,91.84,0
4680,2023,Centro-Oeste,MS,Urbana,Médio,91067,M,106,954.13,0.52,31.46,1,4.37,6.14,93.4,20.91,72.16,61.71,0,85.08,0
4681,2023,Nordeste,AL,Rural,Médio,146306,M,105,971.57,0.589,46.48,1,3.52,4.95,43.4,16.01,62.64,57.23,1,91.12,0
4682,2022,Sudeste,RJ,Urbana,Médio,176420,F,95,693.64,0.691,22.1,0,,6.35,69.91,23.23,63.2,67.17,0,88.65,0
4683,2023,Nordeste,PB,Urbana,Pequeno,4064,F,104,491.26,0.569,44.93,0,4.28,6.42,65.75,24.03,44.73,75.72,0,88.92,0
4684,2023,Nordeste,BA,Urbana,Pequeno,9853,F,101,,0.696,24.33,0,5.66,4.05,56.16,16.68,42.55,75.53,0,85.25,1
4685,2024,Sudeste,RJ,Rural,Pequeno,13224,M,107,1228.05,0.624,24.6,1,,6.85,77.22,20.6,100.0,69.05,0,80.86,1
4686,2023,Sudeste,MG,Urbana,Médio,132980,F,92,589.38,0.638,26.5,0,,7.63,68.63,14.83,53.04,64.53,1,92.61,1
4687,2024,Sul,RS,Urbana,Médio,51006,M,96,1148.91,0.732,19.03,0,3.64,5.5,57.77,18.42,59.24,72.82,0,100.0,0
4688,2022,Nordeste,PI,Urbana,Pequeno,13668,F,85,815.43,0.692,22.76,0,4.55,9.45,51.27,28.24,42.62,62.17,1,89.66,0
4689,2024,Sudeste,ES,Urbana,Pequeno,5064,M,92,1208.64,0.587,43.68,0,,5.64,43.46,17.51,53.5,69.57,1,91.75,0
4690,2022,Sudeste,RJ,Rural,Pequeno,17000,F,85,1366.21,0.687,17.58,1,,6.05,50.93,17.72,82.63,72.72,1,81.69,0
4691,2024,Nordeste,PE,Rural,Pequeno,18003,M,107,939.53,0.702,35.94,0,4.82,3.81,68.24,25.68,48.4,67.72,0,80.24,1
4692,2022,Norte,PA,Urbana,Médio,26536,M,94,,0.723,26.61,0,3.53,3.89,62.27,20.6,58.15,79.29,0,84.0,0
4693,2024,Nordeste,PI,Urbana,Pequeno,18477,M,93,963.93,0.568,33.38,1,5.86,5.66,61.73,25.12,52.32,74.7,0,89.52,1
4694,2023,Sul,SC,Urbana,Médio,87750,M,100,1292.1,0.75,19.87,0,4.28,8.61,87.06,22.0,70.67,73.61,0,94.43,1
4695,2022,Sul,RS,Urbana,Pequeno,11014,M,103,686.08,0.765,34.83,0,2.8,5.04,69.1,19.35,47.2,67.24,1,86.48,1
4696,2023,Sudeste,SP,Rural,Pequeno,6520,F,84,1044.24,0.688,20.01,1,6.35,6.92,56.69,26.29,73.56,69.73,1,84.14,0
4697,2023,Centro-Oeste,DF,Urbana,Pequeno,6236,M,99,599.13,0.819,29.72,0,5.36,7.58,24.21,22.58,60.89,70.47,0,76.09,0
4698,2022,Nordeste,PI,Urbana,Médio,23764,M,90,958.2,0.7,29.32,0,5.25,3.09,75.63,26.79,63.21,63.41,1,89.36,1
4699,2022,Nordeste,PE,Urbana,Médio,136283,F,84,841.87,0.611,29.07,0,4.79,5.62,58.22,21.14,50.52,66.94,1,84.57,0
4700,2024,Nordeste,MA,Rural,Grande,5024243,F,102,679.59,0.55,20.96,0,7.17,4.27,61.32,22.84,64.05,67.43,1,82.77,1
4701,2023,Nordeste,MA,Urbana,Médio,161212,F,100,999.95,0.67,35.23,0,5.56,7.24,56.68,27.03,65.18,70.92,0,89.3,1
4702,2023,Norte,PA,Urbana,Grande,3755762,M,88,,0.598,39.85,1,4.36,5.68,73.63,24.81,54.25,62.88,1,82.23,1
4703,2023,Nordeste,PB,Rural,Pequeno,15477,F,97,1059.77,0.629,47.04,0,4.71,3.69,59.22,29.94,61.76,68.75,1,96.7,0
4704,2024,Nordeste,BA,Urbana,Pequeno,6742,F,86,416.11,0.66,35.78,1,4.9,6.27,49.7,20.13,39.98,68.69,1,90.28,0
4705,2022,Nordeste,CE,Urbana,Pequeno,17851,M,107,,0.62,30.79,0,4.83,4.8,69.28,20.26,75.48,68.35,0,84.5,0
4706,2024,Sudeste,RJ,Urbana,Grande,10101360,M,96,673.28,0.724,7.12,0,5.19,7.27,57.41,16.49,51.0,72.34,1,83.5,0
4707,2023,Sudeste,RJ,Urbana,Pequeno,19173,F,86,1130.07,0.686,26.28,1,5.2,8.33,62.44,24.62,70.59,79.56,0,85.52,0
4708,2023,Sul,RS,Urbana,Pequeno,18060,F,85,729.7,0.743,1.0,0,5.33,8.39,71.72,22.16,43.37,71.15,0,72.58,1
4709,2023,Nordeste,BA,Rural,Pequeno,8172,F,97,995.52,0.657,21.29,0,3.7,4.26,50.07,18.18,68.49,65.78,0,87.87,0
4710,2022,Sul,PR,Urbana,Grande,7021379,M,89,888.89,0.733,6.73,0,,7.36,82.62,23.39,52.37,67.57,0,83.41,1
4711,2023,Nordeste,AL,Urbana,Grande,9605081,F,84,979.22,0.585,20.42,0,1.76,8.62,46.84,26.68,60.66,70.39,1,86.37,1
4712,2024,Sudeste,RJ,Urbana,Médio,158219,F,101,1196.98,0.697,24.36,0,6.1,7.22,82.91,22.56,26.16,67.91,0,85.33,0
4713,2022,Sudeste,SP,Urbana,Médio,143670,F,98,763.11,0.768,5.66,0,4.7,7.54,67.23,26.38,59.29,74.54,1,93.53,1
4714,2024,Sudeste,SP,Urbana,Pequeno,11345,F,97,730.69,0.643,11.31,0,4.54,7.31,40.27,18.17,61.32,72.35,0,100.0,0
4715,2022,Sudeste,ES,Urbana,Pequeno,11211,F,105,643.46,0.642,29.28,1,7.69,5.55,72.35,22.69,72.63,76.87,0,98.21,0
4716,2022,Sul,RS,Urbana,Médio,137427,M,86,885.54,0.705,26.61,0,7.62,7.14,69.88,20.52,82.0,78.14,1,84.86,1
4717,2024,Nordeste,BA,Urbana,Grande,9221199,F,95,1314.38,0.723,32.92,0,4.03,5.84,65.56,16.93,79.66,67.4,1,83.86,0
4718,2023,Nordeste,PB,Urbana,Pequeno,18031,F,95,504.03,0.696,48.38,1,5.15,7.69,72.98,21.13,59.48,63.19,0,81.22,0
4719,2024,Sudeste,RJ,Urbana,Grande,8550141,F,103,1329.11,0.745,20.6,0,4.05,5.98,79.44,18.9,74.61,70.7,1,96.27,0
4720,2024,Centro-Oeste,MS,Urbana,Grande,845832,F,94,342.59,0.715,35.63,0,3.87,5.08,96.69,31.55,69.6,87.94,0,81.11,1
4721,2023,Nordeste,MA,Rural,Pequeno,7830,F,85,622.53,0.615,32.7,0,3.56,4.15,93.51,26.11,72.25,68.33,0,81.9,0
4722,2024,Sudeste,ES,Urbana,Grande,1223586,M,97,1219.67,0.63,16.74,1,4.11,6.95,89.4,19.42,81.05,71.53,0,98.73,0
4723,2023,Sudeste,SP,Rural,Médio,199713,M,93,1181.15,0.708,26.89,1,1.99,4.42,74.7,29.45,71.13,78.91,0,90.06,0
4724,2023,Norte,AM,Urbana,Médio,31763,F,94,1269.96,0.654,33.12,0,3.76,4.78,77.24,18.29,42.67,65.2,0,83.73,1
4725,2022,Centro-Oeste,MS,Urbana,Médio,98843,F,86,1159.49,0.649,20.09,0,5.49,5.64,77.66,19.49,82.49,72.67,1,76.13,1
4726,2022,Sudeste,ES,Urbana,Pequeno,17853,M,95,1056.34,0.75,25.01,0,3.76,6.49,53.4,25.68,85.75,73.57,1,99.22,0
4727,2024,Sudeste,ES,Urbana,Grande,7179494,M,96,727.53,0.814,25.73,1,4.65,4.84,62.91,18.58,76.98,73.11,1,66.7,0
4728,2022,Sudeste,ES,Rural,Pequeno,16200,F,98,1113.81,0.652,12.63,0,3.29,7.48,44.9,27.36,50.08,70.23,1,93.44,0
4729,2023,Centro-Oeste,GO,Urbana,Pequeno,6827,M,88,177.74,0.642,18.95,0,5.7,6.43,71.93,19.53,26.67,67.12,1,82.47,0
4730,2022,Sudeste,ES,Urbana,Pequeno,12862,F,94,924.17,0.662,27.53,0,5.61,5.04,68.35,21.34,75.24,71.56,0,,1
4731,2024,Norte,RR,Urbana,Pequeno,14206,F,101,,0.635,23.86,0,5.73,3.69,96.49,25.98,44.8,67.12,1,72.61,0
4732,2024,Sudeste,SP,Urbana,Pequeno,4990,F,88,799.86,0.748,30.62,1,6.67,5.19,50.01,28.05,65.08,72.51,1,89.04,1
4733,2022,Norte,AM,Urbana,Médio,38552,M,97,644.77,0.607,30.82,0,5.19,6.0,59.43,25.15,55.06,64.07,0,83.74,0
4734,2022,Sudeste,MG,Rural,Médio,196040,F,96,939.86,0.825,13.91,1,4.76,4.87,79.14,20.38,82.62,84.34,1,85.37,0
4735,2024,Sudeste,ES,Rural,Pequeno,16784,F,91,1075.0,0.651,28.53,0,5.65,6.39,41.74,24.98,52.37,73.13,0,96.5,0
4736,2024,Sudeste,ES,Urbana,Pequeno,3264,M,100,837.76,0.721,12.53,1,4.34,6.22,94.36,18.32,48.07,72.8,0,88.33,1
4737,2022,Sul,SC,Urbana,Grande,7496850,F,101,741.94,0.775,6.02,0,6.37,4.63,85.36,20.76,43.69,65.9,1,94.42,0
4738,2023,Centro-Oeste,MS,Urbana,Pequeno,10989,F,103,1165.86,0.672,32.01,1,5.98,6.41,78.36,22.7,33.38,77.51,0,94.46,1
4739,2024,Sul,RS,Rural,Médio,125272,F,90,521.79,0.741,12.96,0,5.49,6.39,82.99,10.38,100.0,75.81,1,99.33,0
4740,2022,Nordeste,PI,Urbana,Grande,10418894,F,89,150.0,0.683,23.97,0,4.43,8.45,58.21,20.85,37.88,63.33,0,89.0,0
4741,2023,Sudeste,MG,Urbana,Pequeno,6714,M,96,1488.38,0.66,28.18,1,2.83,4.56,78.94,30.09,78.44,78.09,1,98.83,0
4742,2023,Nordeste,RN,Urbana,Grande,11559762,M,96,455.07,0.732,16.78,0,5.63,7.57,59.12,20.12,44.23,62.86,0,79.37,0
4743,2023,Sudeste,SP,Urbana,Pequeno,8233,M,106,848.8,0.696,26.79,1,4.44,4.41,35.95,26.68,100.0,75.19,1,74.04,0
4744,2023,Sudeste,SP,Urbana,Grande,9213327,M,88,1073.69,0.735,30.94,0,5.57,5.41,90.64,20.8,62.18,70.38,0,88.42,1
4745,2022,Sudeste,MG,Urbana,Pequeno,9216,F,101,829.76,0.742,13.36,0,6.44,4.17,83.95,26.33,77.6,72.57,0,89.49,1
4746,2024,Sul,PR,Urbana,Grande,6592346,M,87,672.66,0.739,38.03,0,6.41,4.99,57.08,18.36,69.2,71.86,0,89.39,0
4747,2024,Sul,PR,Rural,Pequeno,16689,M,94,965.43,0.69,28.5,0,4.69,5.8,76.17,19.15,73.61,68.78,0,73.17,1
4748,2022,Sudeste,ES,Urbana,Médio,167616,F,97,993.21,0.716,11.33,0,5.16,7.22,69.95,17.63,53.38,74.99,1,80.7,1
4749,2022,Sudeste,ES,Urbana,Pequeno,10273,F,93,869.59,0.633,27.91,0,3.61,4.77,79.58,25.7,53.14,74.81,1,81.26,0
4750,2024,Sul,PR,Urbana,Grande,1638915,M,100,996.48,0.703,27.73,0,6.32,7.37,100.0,22.49,67.32,77.95,0,85.06,1
4751,2024,Nordeste,PI,Urbana,Pequeno,3364,F,106,407.16,0.66,26.09,1,4.04,3.65,76.46,20.43,75.76,71.89,0,69.69,0
4752,2022,Sudeste,ES,Urbana,Pequeno,13836,F,106,774.55,0.635,18.01,0,4.88,7.15,95.02,23.22,45.53,64.9,1,97.22,1
4753,2023,Centro-Oeste,GO,Urbana,Pequeno,2039,F,85,733.38,0.654,11.77,0,7.38,6.36,86.95,19.24,72.55,66.45,1,99.42,1
4754,2023,Sudeste,SP,Urbana,Pequeno,17446,F,92,934.17,0.791,7.76,0,6.88,7.76,66.6,18.69,68.63,61.59,1,83.05,1
4755,2024,Nordeste,RN,Urbana,Pequeno,18343,M,99,628.47,0.639,31.6,1,6.04,6.65,80.15,21.46,69.19,66.07,1,87.95,1
4756,2024,Centro-Oeste,MS,Rural,Médio,51436,F,103,1233.2,0.654,12.67,0,5.32,3.35,65.18,17.78,22.23,71.03,0,88.78,1
4757,2024,Centro-Oeste,MS,Urbana,Pequeno,7145,F,89,742.72,0.677,24.13,1,3.13,4.67,59.44,23.21,23.3,81.7,0,77.28,0
4758,2022,Nordeste,AL,Urbana,Pequeno,4296,M,104,874.31,0.649,30.88,1,6.3,7.04,70.13,21.26,23.65,72.36,1,75.37,0
4759,2024,Centro-Oeste,DF,Urbana,Grande,10012774,F,105,1082.17,0.691,19.16,0,5.12,6.43,70.53,21.93,62.43,76.85,1,71.92,1
4760,2024,Sudeste,MG,Urbana,Pequeno,14131,F,94,1091.57,0.808,22.61,0,6.46,6.1,58.81,21.84,80.94,71.13,0,100.0,1
4761,2024,Sudeste,SP,Urbana,Médio,197768,M,86,930.03,0.729,19.22,0,5.03,7.43,70.66,21.26,68.56,75.44,0,93.59,0
4762,2022,Nordeste,PI,Rural,Grande,4825382,F,88,1019.74,0.648,32.98,1,4.07,3.44,66.75,20.01,96.7,74.72,1,81.32,1
4763,2023,Centro-Oeste,DF,Urbana,Médio,58319,F,97,1146.71,0.698,18.61,1,4.43,3.91,64.27,17.47,46.23,77.25,0,82.88,0
4764,2024,Sudeste,ES,Urbana,Pequeno,2128,F,95,1023.42,0.728,35.58,1,5.42,5.79,63.08,22.57,53.57,70.12,1,82.94,1
4765,2023,Nordeste,AL,Urbana,Pequeno,13349,F,90,704.93,0.609,24.79,0,5.29,6.94,59.06,26.54,77.04,66.8,1,79.64,0
4766,2024,Sul,RS,Urbana,Médio,109087,M,84,990.33,0.704,27.11,0,5.1,6.44,68.86,23.17,47.0,73.67,0,98.26,0
4767,2024,Norte,AM,Urbana,Grande,4504813,M,103,847.6,0.739,45.04,1,3.5,5.62,68.15,15.88,21.63,61.79,0,82.25,1
4768,2023,Sudeste,RJ,Urbana,Pequeno,13537,M,93,851.97,0.625,29.45,1,5.34,4.82,83.92,19.15,32.89,76.02,0,95.36,0
4769,2023,Centro-Oeste,MS,Urbana,Pequeno,4344,M,102,670.32,0.702,15.58,0,5.02,8.49,93.14,16.68,40.58,72.37,0,94.21,1
4770,2022,Norte,PA,Urbana,Pequeno,2192,F,86,880.02,0.713,24.31,1,5.04,8.41,91.59,26.39,60.17,67.15,0,88.0,1
4771,2023,Centro-Oeste,DF,Urbana,Médio,148491,M,103,1249.28,0.714,11.49,1,4.67,5.24,48.09,16.31,57.23,71.68,1,92.22,0
4772,2023,Norte,AM,Urbana,Médio,97817,M,99,219.7,0.583,26.44,0,,7.79,56.97,31.96,32.53,71.82,0,86.07,0
4773,2023,Sudeste,SP,Urbana,Pequeno,11863,F,85,1448.4,0.77,11.64,0,5.17,4.64,63.06,15.49,76.61,76.87,0,81.44,1
4774,2024,Sul,SC,Urbana,Pequeno,18728,F,101,1068.36,0.673,31.63,0,5.3,4.29,92.98,20.9,45.4,68.01,1,87.29,0
4775,2022,Nordeste,PE,Urbana,Pequeno,11447,M,107,614.05,0.583,28.89,1,5.0,7.43,84.74,21.08,55.42,63.43,1,79.4,0
4776,2022,Nordeste,AL,Urbana,Grande,2295018,M,84,1018.57,0.626,37.11,1,6.52,6.25,83.33,23.93,71.68,68.97,0,87.51,0
4777,2024,Sudeste,ES,Urbana,Pequeno,11568,F,88,528.26,0.699,26.88,1,7.97,7.71,76.99,27.7,57.12,71.67,1,93.93,0
4778,2024,Nordeste,PB,Urbana,Médio,111981,F,90,613.67,0.75,34.73,0,4.34,9.48,61.89,22.19,48.31,74.42,0,90.83,1
4779,2024,Nordeste,RN,Rural,Pequeno,14126,M,85,739.92,0.612,24.44,1,5.37,4.42,41.3,26.95,60.62,67.48,1,80.18,0
4780,2022,Sul,PR,Urbana,Grande,9012362,F,105,1149.4,0.768,21.59,1,1.37,3.72,88.22,22.89,71.62,69.02,1,94.78,0
4781,2024,Sudeste,MG,Urbana,Médio,42517,F,93,,0.689,13.71,0,5.35,8.25,75.54,10.19,100.0,68.58,0,96.12,1
4782,2023,Nordeste,PE,Rural,Grande,7207784,F,105,369.68,0.619,27.36,0,5.95,6.7,100.0,18.32,72.04,70.2,1,96.24,0
4783,2023,Sudeste,ES,Urbana,Pequeno,10434,M,101,1082.38,0.622,13.56,0,4.63,4.73,79.34,19.46,73.57,80.95,0,80.9,1
4784,2022,Sudeste,ES,Urbana,Médio,167957,M,107,1081.5,0.632,30.63,0,6.5,7.05,60.18,22.89,55.77,68.88,0,90.08,0
4785,2023,Nordeste,PB,Rural,Pequeno,14934,M,86,550.12,0.589,33.42,0,7.02,6.59,53.11,18.75,60.64,71.92,1,81.8,0
4786,2024,Sudeste,MG,Rural,Pequeno,13535,M,93,1123.61,0.723,17.35,0,2.88,6.77,56.59,20.44,74.66,69.72,0,79.04,0
4787,2022,Norte,AP,Urbana,Pequeno,8402,M,86,630.97,0.732,20.12,0,3.92,4.32,70.62,25.68,32.79,65.6,1,76.82,0
4788,2024,Nordeste,PE,Rural,Pequeno,11723,F,102,572.33,0.703,30.06,1,4.76,5.86,41.86,19.54,70.51,79.08,0,85.46,0
4789,2023,Centro-Oeste,DF,Urbana,Médio,123926,M,99,910.94,0.695,19.37,0,8.37,10.0,64.6,19.97,46.47,74.74,1,92.85,0
4790,2023,Sudeste,SP,Urbana,Grande,6062940,M,103,896.89,0.806,17.25,1,5.23,7.3,66.1,15.61,83.74,73.27,1,82.93,0
4791,2022,Sudeste,RJ,Rural,Médio,125176,M,97,756.68,0.731,10.26,0,6.63,6.14,43.77,15.73,86.33,74.79,1,96.55,1
4792,2024,Sudeste,RJ,Urbana,Grande,706924,M,101,1342.92,0.703,18.66,0,7.85,3.26,100.0,20.9,66.39,66.63,1,86.43,0
4793,2024,Norte,RO,Urbana,Pequeno,14620,F,104,670.95,0.664,24.41,0,6.11,4.7,89.92,26.69,91.75,75.03,1,90.22,0
4794,2024,Sudeste,SP,Rural,Médio,67193,F,94,1155.27,0.644,24.83,0,5.4,3.45,69.12,19.09,44.35,69.86,1,78.14,0
4795,2023,Nordeste,AL,Urbana,Médio,173667,M,106,737.42,0.703,43.56,1,4.98,4.58,65.41,19.85,55.63,68.59,1,89.71,0
4796,2023,Sudeste,SP,Urbana,Médio,158077,M,98,,0.616,27.75,1,7.79,6.44,97.93,27.53,69.73,75.87,0,87.47,1
4797,2022,Sul,PR,Urbana,Pequeno,9731,F,103,1238.19,0.731,16.67,0,5.31,5.31,62.21,23.78,81.79,78.03,1,81.01,0
4798,2023,Sudeste,ES,Rural,Pequeno,15369,F,104,570.57,0.676,11.71,0,,7.8,75.83,12.65,83.29,65.65,1,90.83,0
4799,2022,Centro-Oeste,GO,Urbana,Pequeno,10867,M,106,976.53,0.622,28.99,0,4.18,7.87,62.29,21.19,60.46,76.13,1,81.38,0
4800,2022,Sudeste,SP,Urbana,Médio,133605,F,101,973.81,0.672,21.95,1,4.66,6.05,58.57,21.93,83.14,63.58,0,85.3,0
4801,2024,Norte,TO,Urbana,Pequeno,4627,M,86,770.83,0.679,4.54,0,4.63,6.33,85.85,31.76,57.99,71.53,0,85.78,1
4802,2024,Centro-Oeste,MS,Urbana,Pequeno,7828,F,97,359.49,0.636,38.79,0,7.07,6.04,66.21,25.93,64.2,69.72,1,99.94,0
4803,2022,Nordeste,AL,Rural,Pequeno,12793,M,101,533.3,0.633,29.25,1,4.18,7.76,66.41,24.78,72.82,80.64,1,93.19,0
4804,2024,Centro-Oeste,MT,Urbana,Pequeno,7523,M,107,1007.13,0.776,22.29,0,4.56,4.38,78.53,22.0,57.12,71.66,0,72.69,1
4805,2022,Sudeste,ES,Urbana,Médio,99687,F,84,736.11,0.639,28.69,0,4.95,6.59,82.28,16.24,74.82,76.45,0,86.64,0
4806,2022,Sudeste,ES,Urbana,Médio,114077,M,90,1055.71,0.681,15.13,0,4.17,5.47,86.17,14.3,62.6,78.61,1,91.76,1
4807,2024,Nordeste,BA,Urbana,Pequeno,5170,M,95,981.56,0.648,22.77,0,,6.62,51.93,21.65,90.34,64.12,1,84.16,1
4808,2023,Nordeste,RN,Rural,Pequeno,13759,F,87,363.84,0.771,30.97,0,3.4,4.67,67.53,22.6,62.1,68.09,0,85.78,0
4809,2023,Sul,PR,Urbana,Médio,169280,F,101,901.08,0.703,26.11,0,5.68,5.07,66.46,24.79,57.12,70.54,0,97.39,0
4810,2023,Sudeste,MG,Urbana,Pequeno,17385,M,96,1157.63,0.878,25.03,0,6.27,5.92,87.62,18.69,43.47,77.02,0,94.11,0
4811,2022,Centro-Oeste,DF,Rural,Pequeno,19768,F,91,1182.46,0.688,43.21,1,5.87,5.01,86.92,24.12,88.12,63.46,0,93.96,1
4812,2023,Sudeste,RJ,Urbana,Médio,26889,F,105,991.89,0.685,23.75,0,4.35,6.42,85.52,23.01,91.27,61.65,1,93.47,1
4813,2024,Sudeste,MG,Urbana,Médio,73177,M,84,886.49,0.772,31.7,1,6.78,6.73,70.42,19.37,60.21,70.77,1,89.54,0
4814,2022,Nordeste,CE,Urbana,Médio,131267,M,105,1215.7,0.655,24.54,0,,7.95,65.13,25.27,24.82,68.65,1,88.48,0
4815,2024,Centro-Oeste,GO,Rural,Médio,187421,M,107,763.63,0.7,8.08,1,5.31,3.87,87.35,23.32,64.44,66.01,0,100.0,0
4816,2024,Sudeste,RJ,Urbana,Pequeno,15262,M,98,,0.752,27.01,0,7.95,7.89,51.78,18.72,95.7,69.34,0,78.75,0
4817,2024,Centro-Oeste,MS,Urbana,Pequeno,6521,M,87,679.81,0.732,24.52,0,4.64,5.21,65.16,18.65,71.12,61.11,1,85.98,0
4818,2022,Sul,PR,Urbana,Pequeno,12842,M,97,1553.34,0.753,19.55,0,6.49,7.49,78.7,17.46,90.42,74.57,1,88.24,1
4819,2022,Sudeste,RJ,Urbana,Pequeno,6556,M,100,817.85,0.758,20.73,1,5.06,5.81,59.17,26.66,78.23,73.9,1,80.2,0
4820,2024,Nordeste,MA,Urbana,Pequeno,10398,F,105,757.69,0.649,29.73,1,3.94,5.37,58.0,22.78,86.9,74.63,1,97.64,1
4821,2022,Nordeste,SE,Urbana,Pequeno,11992,M,97,1316.6,0.675,31.99,0,5.11,6.75,75.01,19.91,57.7,67.52,1,76.61,1
4822,2024,Sul,SC,Rural,Médio,156923,M,92,882.27,0.63,18.24,0,,5.97,97.74,17.58,100.0,73.14,0,84.83,1
4823,2022,Sul,RS,Urbana,Grande,9281575,F,93,1021.36,0.717,33.58,0,2.71,4.63,67.98,24.28,70.02,66.05,0,97.77,0
4824,2022,Sul,SC,Rural,Médio,95656,F,88,935.55,0.703,19.65,0,5.29,5.5,80.59,21.48,56.06,69.3,1,78.34,0
4825,2023,Sudeste,MG,Urbana,Médio,34216,F,102,770.86,0.723,8.59,0,6.61,6.87,55.53,29.53,83.38,69.86,0,76.84,1
4826,2022,Sudeste,RJ,Urbana,Pequeno,5257,M,99,1347.83,0.667,26.62,1,4.87,6.71,73.77,19.15,61.75,71.26,0,92.56,1
4827,2022,Sudeste,MG,Urbana,Pequeno,3902,F,106,691.83,0.786,24.74,1,3.88,2.77,80.41,15.12,57.33,71.32,0,89.56,0
4828,2022,Nordeste,BA,Urbana,Pequeno,10786,M,91,766.73,0.637,21.5,0,4.23,3.24,62.95,22.55,63.98,65.87,1,83.02,0
4829,2023,Nordeste,PE,Urbana,Médio,42465,F,95,746.09,0.701,42.3,0,2.33,5.97,42.75,18.54,92.51,62.96,0,92.8,1
4830,2023,Norte,RO,Urbana,Pequeno,17923,F,90,665.66,0.603,31.21,0,4.93,5.59,70.21,20.15,57.84,67.51,1,86.81,1
4831,2024,Sul,PR,Urbana,Pequeno,3595,M,87,908.15,0.671,24.4,0,6.14,5.97,51.48,25.74,56.78,67.29,0,84.78,0
4832,2024,Nordeste,AL,Urbana,Médio,126199,M,84,958.41,0.677,15.45,0,3.96,8.3,61.53,29.41,30.38,71.57,1,71.77,1
4833,2023,Norte,AM,Urbana,Pequeno,6171,M,84,935.03,0.634,16.05,0,4.33,7.87,86.01,23.19,65.13,77.18,1,80.62,0
4834,2022,Sudeste,SP,Urbana,Pequeno,4196,F,96,1595.73,0.739,32.53,0,7.02,7.38,69.06,26.2,36.78,79.06,1,85.26,0
4835,2024,Nordeste,CE,Urbana,Pequeno,13336,F,89,1121.12,0.555,37.0,0,3.16,4.97,67.34,15.44,51.57,61.16,1,88.34,0
4836,2023,Nordeste,MA,Urbana,Pequeno,18166,M,105,1080.31,0.506,28.45,0,4.17,5.65,62.94,17.01,64.2,65.84,1,94.43,0
4837,2024,Norte,RR,Urbana,Pequeno,19111,F,89,680.97,0.69,26.24,0,5.32,5.93,91.93,28.24,45.7,69.88,1,88.38,0
4838,2023,Sul,SC,Urbana,Pequeno,2470,M,88,1070.23,0.678,15.71,1,3.77,7.74,69.27,17.82,58.49,70.13,1,91.35,1
4839,2024,Sul,SC,Urbana,Pequeno,16663,F,99,782.73,0.853,29.15,1,5.98,6.02,75.7,19.99,75.31,77.96,1,89.38,0
4840,2023,Sudeste,RJ,Urbana,Médio,172538,M,102,1199.73,0.574,2.43,0,3.43,8.9,89.27,27.98,57.89,73.09,0,81.14,0
4841,2022,Sudeste,ES,Urbana,Médio,53635,M,100,1214.93,0.684,29.26,1,6.03,7.02,48.7,28.8,36.6,76.78,0,84.18,1
4842,2023,Nordeste,AL,Rural,Pequeno,10415,F,89,923.61,0.645,20.68,0,5.55,3.58,63.9,25.5,49.2,68.73,1,68.54,0
4843,2023,Sudeste,ES,Urbana,Pequeno,17736,M,89,1033.81,0.797,36.03,0,6.54,4.02,93.71,25.5,94.77,68.94,1,91.98,1
4844,2022,Sudeste,SP,Urbana,Pequeno,15983,F,94,692.86,0.619,19.98,0,3.71,4.87,91.32,23.71,74.35,64.9,1,79.33,0
4845,2022,Sudeste,RJ,Urbana,Médio,35316,F,87,1277.96,0.699,23.29,1,5.97,6.6,89.9,16.44,76.46,69.15,1,,1
4846,2024,Centro-Oeste,MS,Rural,Médio,135838,F,95,1045.52,0.652,36.68,0,2.47,5.36,75.54,17.66,100.0,71.03,1,75.83,0
4847,2023,Sudeste,ES,Rural,Pequeno,11609,F,88,1024.86,0.68,18.89,0,6.29,6.61,64.08,24.39,56.03,78.78,0,89.07,0
4848,2022,Sul,PR,Urbana,Pequeno,2521,M,103,902.31,0.658,12.28,0,4.49,7.78,74.51,13.21,74.7,71.31,1,82.41,1
4849,2024,Sul,PR,Rural,Pequeno,12347,M,107,930.37,0.635,32.36,1,6.47,4.47,60.1,23.57,95.99,78.67,0,80.44,0
4850,2023,Sudeste,MG,Urbana,Pequeno,7125,F,101,1019.98,0.787,18.57,1,5.87,7.85,55.6,18.07,51.24,69.98,1,86.27,0
4851,2024,Nordeste,AL,Urbana,Pequeno,5384,F,97,1049.62,0.576,6.26,0,,6.91,87.49,28.81,91.67,63.09,1,65.87,0
4852,2024,Norte,TO,Rural,Pequeno,6974,M,87,422.6,0.756,30.85,1,6.57,4.35,70.35,15.73,41.42,60.91,1,85.13,1
4853,2023,Norte,RR,Urbana,Pequeno,14113,M,96,648.5,0.612,32.86,1,2.34,6.68,67.95,24.36,56.9,60.98,0,90.6,1
4854,2024,Sudeste,RJ,Rural,Grande,3243367,F,85,1108.74,0.675,30.85,1,5.48,7.51,68.15,16.88,71.5,66.0,0,88.21,1
4855,2023,Sudeste,SP,Urbana,Pequeno,5467,F,101,1105.45,0.695,26.14,1,,7.41,80.41,18.76,38.84,72.36,1,84.99,0
4856,2023,Sudeste,MG,Urbana,Médio,41090,M,106,804.72,0.641,13.24,1,4.51,9.78,65.14,13.5,82.52,72.05,1,99.82,1
4857,2023,Nordeste,PI,Urbana,Grande,11965843,M,102,656.5,0.636,17.06,0,3.84,6.15,62.78,20.31,51.99,65.6,1,97.74,1
4858,2022,Sudeste,MG,Urbana,Grande,842861,M,93,970.11,0.695,15.37,1,6.3,5.47,76.68,18.49,100.0,76.73,0,78.83,0
4859,2023,Sudeste,SP,Urbana,Médio,108948,F,93,1005.54,0.672,23.55,0,4.33,6.76,85.42,22.25,98.73,69.81,1,75.07,0
4860,2024,Nordeste,BA,Urbana,Grande,3640324,F,106,745.11,0.653,35.34,0,4.5,8.09,76.38,26.86,60.88,73.47,1,83.44,0
4861,2023,Sudeste,RJ,Urbana,Pequeno,19868,M,93,873.91,0.678,31.0,1,5.81,5.26,57.36,23.37,69.47,69.86,0,85.0,0
4862,2023,Nordeste,PB,Urbana,Pequeno,15084,F,101,656.28,0.688,18.72,0,,5.7,74.15,17.78,61.95,60.02,1,93.27,1
4863,2023,Sudeste,SP,Urbana,Médio,181970,F,100,861.68,0.813,12.1,0,4.07,4.78,86.52,23.98,49.54,61.19,0,100.0,1
4864,2022,Nordeste,AL,Urbana,Pequeno,16803,F,88,1057.17,0.674,31.74,1,6.12,5.75,79.52,21.03,41.94,60.86,0,78.81,0
4865,2023,Nordeste,BA,Urbana,Pequeno,2131,M,93,527.61,0.67,30.23,0,4.3,4.03,71.14,21.96,74.17,62.35,0,92.5,1
4866,2023,Sudeste,SP,Urbana,Médio,39446,F,85,947.5,0.754,17.5,0,5.73,6.81,74.8,21.27,55.44,67.48,1,89.91,1
4867,2024,Sul,SC,Urbana,Pequeno,18194,F,102,999.06,0.707,22.88,0,5.63,7.71,77.11,27.62,59.49,71.34,1,84.48,0
4868,2023,Sul,RS,Urbana,Médio,51163,M,91,505.57,0.678,16.14,0,7.28,7.81,66.04,16.26,71.42,72.02,1,94.84,0
4869,2024,Sul,SC,Rural,Grande,7235806,M,86,751.67,0.683,9.66,1,6.82,7.56,85.24,18.89,47.63,69.8,1,95.14,0
4870,2023,Sudeste,MG,Urbana,Médio,194733,F,85,1203.19,0.739,33.76,0,5.42,5.12,52.01,20.76,71.15,76.67,1,91.25,1
4871,2022,Sudeste,RJ,Urbana,Pequeno,4054,F,96,,0.749,15.79,0,6.84,7.24,75.85,20.5,57.22,73.27,0,81.75,1
4872,2023,Sudeste,SP,Urbana,Médio,84971,M,102,1088.33,0.638,28.65,1,5.6,6.92,76.96,28.6,62.03,76.42,0,86.73,1
4873,2024,Centro-Oeste,GO,Urbana,Pequeno,7465,F,86,1294.26,0.695,38.19,0,5.67,5.56,63.03,27.14,62.03,69.29,0,98.29,0
4874,2024,Sudeste,SP,Urbana,Pequeno,14231,M,101,1100.82,0.609,27.26,0,,9.15,94.69,18.32,45.59,70.31,1,87.81,0
4875,2022,Sul,SC,Urbana,Médio,35264,M,100,1065.91,0.614,20.34,0,5.14,6.08,61.16,25.2,72.86,70.69,1,78.95,1
4876,2022,Sul,RS,Urbana,Médio,66902,F,89,1448.68,0.63,25.34,0,5.81,4.45,80.56,14.75,57.91,70.66,0,82.1,0
4877,2022,Norte,RO,Urbana,Médio,41898,F,101,946.15,0.738,36.66,1,4.97,5.93,76.11,17.04,44.22,70.05,0,67.77,0
4878,2024,Sul,RS,Urbana,Grande,6612583,F,89,1256.39,0.687,21.66,0,6.41,7.74,75.01,18.11,88.58,71.92,1,92.06,0
4879,2023,Sudeste,SP,Urbana,Pequeno,6825,F,96,581.75,0.671,22.87,1,6.36,4.86,85.35,24.27,27.78,63.83,0,98.34,0
4880,2024,Nordeste,AL,Urbana,Médio,184533,F,86,1020.94,0.734,39.81,0,2.63,6.4,92.82,23.74,55.42,62.61,0,84.85,1
4881,2024,Sudeste,SP,Urbana,Pequeno,12947,F,97,916.36,0.709,13.25,0,3.85,5.96,70.86,27.19,80.41,71.23,0,93.23,1
4882,2024,Nordeste,SE,Urbana,Médio,99654,F,104,554.06,0.676,23.03,1,4.21,5.47,73.17,27.36,69.33,68.98,1,84.78,0
4883,2022,Sudeste,MG,Urbana,Médio,144657,M,100,779.02,0.624,26.4,1,6.32,6.56,100.0,20.77,49.38,72.73,1,86.66,1
4884,2024,Sudeste,SP,Urbana,Médio,144406,F,99,1043.82,0.667,20.6,1,5.67,5.66,76.3,22.27,74.83,66.73,1,100.0,1
4885,2023,Sudeste,RJ,Urbana,Pequeno,5417,F,84,668.13,0.625,24.41,1,3.8,2.83,79.8,23.68,79.38,73.47,1,84.11,0
4886,2024,Nordeste,PI,Rural,Pequeno,3882,F,99,532.4,0.647,38.24,0,6.97,5.31,68.06,26.64,71.26,72.99,1,88.05,1
4887,2023,Nordeste,RN,Urbana,Pequeno,4849,F,97,716.06,0.641,27.61,1,3.66,6.41,82.57,22.22,31.81,69.79,0,92.49,0
4888,2022,Sudeste,MG,Urbana,Grande,2918497,M,93,777.71,0.71,25.51,1,5.02,3.85,69.66,15.14,62.95,73.03,1,80.12,0
4889,2022,Norte,AM,Urbana,Pequeno,14073,F,105,1157.18,0.585,24.78,0,4.53,6.36,67.47,33.92,45.39,73.14,1,95.92,0
4890,2023,Sudeste,MG,Urbana,Grande,6468761,F,107,406.31,0.632,20.21,1,4.66,5.27,66.38,29.71,83.1,70.35,1,81.2,0
4891,2022,Sudeste,ES,Urbana,Pequeno,5129,F,91,766.79,0.791,13.65,0,4.03,4.84,90.48,24.55,86.37,76.78,0,90.55,0
4892,2022,Norte,PA,Rural,Pequeno,19917,M,86,1021.56,0.706,18.2,1,4.95,5.27,72.35,13.67,57.38,66.57,1,82.8,0
4893,2023,Nordeste,RN,Urbana,Médio,193424,M,95,813.49,0.712,11.23,1,5.34,4.65,86.65,18.3,89.16,66.42,0,83.77,0
4894,2024,Sudeste,ES,Urbana,Médio,140176,M,98,,0.724,15.96,0,6.33,4.5,38.46,15.02,50.98,69.67,1,81.09,0
4895,2024,Sudeste,MG,Urbana,Grande,11735443,M,97,893.02,0.83,16.57,0,6.64,9.7,82.04,20.11,39.74,72.86,0,86.61,0
4896,2023,Sudeste,ES,Rural,Médio,145027,M,92,1216.93,0.751,9.32,0,5.08,5.41,65.26,24.47,76.52,75.09,0,87.35,1
4897,2024,Sudeste,RJ,Urbana,Grande,2365266,M,103,1076.77,0.694,19.85,0,7.08,5.97,98.27,20.12,63.04,70.93,0,89.39,1
4898,2024,Nordeste,RN,Urbana,Pequeno,2870,F,90,856.88,0.731,4.55,0,5.42,5.41,54.88,26.26,57.84,60.96,1,98.19,0
4899,2022,Sudeste,SP,Urbana,Grande,2876357,M,86,1242.75,0.644,17.62,0,5.58,6.37,48.58,18.42,59.96,65.68,1,76.59,0
4900,2024,Nordeste,BA,Urbana,Médio,67872,M,102,554.89,0.714,26.17,0,2.96,6.9,72.24,23.57,47.43,65.93,1,,1
4901,2023,Sudeste,SP,Urbana,Médio,145480,M,105,763.75,0.776,11.31,0,5.19,4.63,68.76,15.13,54.51,64.06,1,79.85,0
4902,2023,Sudeste,MG,Urbana,Médio,199524,F,92,705.39,0.706,29.16,1,5.2,6.7,76.92,28.38,64.64,67.08,1,100.0,1
4903,2022,Nordeste,PB,Urbana,Pequeno,19187,F,94,1156.82,0.62,34.17,0,4.7,4.61,79.77,14.44,37.67,75.87,1,90.93,0
4904,2024,Sudeste,RJ,Rural,Grande,3494988,F,85,1333.41,0.787,32.17,1,6.34,7.25,87.93,20.65,66.31,67.85,1,100.0,0
4905,2023,Sudeste,MG,Rural,Pequeno,12812,F,89,519.6,0.751,24.54,0,5.63,7.85,74.32,19.97,99.66,73.6,1,80.53,1
4906,2024,Sul,SC,Urbana,Pequeno,4442,M,103,,0.718,8.39,0,4.47,4.45,51.09,22.36,52.59,74.7,1,100.0,0
4907,2023,Sudeste,RJ,Urbana,Pequeno,3804,F,98,1320.77,0.706,29.63,1,3.27,6.0,67.27,17.55,79.05,71.31,0,90.32,0
4908,2024,Sudeste,ES,Urbana,Pequeno,2462,M,105,1328.23,0.707,22.3,1,,0.64,57.11,21.19,77.07,78.14,0,91.55,0
4909,2024,Sudeste,RJ,Rural,Médio,179080,M,107,942.8,0.741,15.64,0,4.13,6.77,54.18,21.55,85.2,74.72,0,83.15,1
4910,2023,Nordeste,PE,Rural,Médio,176664,F,88,1152.99,0.614,14.27,0,5.42,4.27,62.06,21.22,78.17,71.62,0,84.02,0
4911,2024,Centro-Oeste,DF,Rural,Pequeno,12645,M,103,499.17,0.62,25.09,1,4.35,4.77,58.67,25.07,62.86,71.89,1,88.11,0
4912,2024,Sul,RS,Urbana,Grande,5813473,F,92,990.34,0.69,24.62,0,4.93,6.23,46.45,18.75,65.7,64.24,0,81.99,0
4913,2022,Sudeste,RJ,Urbana,Grande,3257772,F,104,854.03,0.731,13.21,1,2.76,4.69,64.02,14.74,61.24,72.57,0,84.62,0
4914,2024,Centro-Oeste,MT,Urbana,Pequeno,13428,F,98,924.93,0.725,39.8,1,7.03,6.2,43.33,28.09,45.65,74.16,1,90.03,0
4915,2022,Centro-Oeste,GO,Urbana,Pequeno,2375,M,89,1119.14,0.65,17.24,1,4.03,6.83,63.98,18.4,47.66,76.36,0,90.49,1
4916,2022,Sudeste,ES,Urbana,Pequeno,7465,M,86,1080.09,0.736,2.17,0,6.4,8.5,36.44,14.62,74.47,72.43,1,86.77,1
4917,2024,Centro-Oeste,GO,Urbana,Grande,6611111,F,90,699.29,0.577,29.62,1,7.11,6.13,70.63,18.05,92.97,59.3,0,95.13,1
4918,2024,Sudeste,SP,Urbana,Grande,9494421,M,105,1433.78,0.701,19.78,1,5.01,7.37,47.32,15.77,82.49,68.27,0,80.27,0
4919,2023,Nordeste,SE,Urbana,Pequeno,8920,M,87,457.05,0.688,25.33,1,6.24,5.35,66.04,24.6,66.38,68.34,0,88.36,0
4920,2022,Nordeste,PE,Urbana,Médio,24530,F,102,1069.65,0.681,25.66,1,1.87,6.47,59.99,22.69,97.6,71.74,1,80.32,0
4921,2024,Nordeste,CE,Urbana,Pequeno,5884,F,102,736.11,0.629,29.98,0,4.96,5.56,63.23,26.93,59.09,70.1,1,84.81,1
4922,2023,Sul,PR,Urbana,Pequeno,17864,F,92,966.78,0.671,26.67,0,6.08,3.31,61.51,17.6,65.45,66.13,0,90.27,1
4923,2022,Sudeste,ES,Urbana,Grande,753395,M,94,972.03,0.71,7.75,0,5.31,3.37,98.42,20.77,70.53,63.88,0,73.03,0
4924,2023,Centro-Oeste,GO,Rural,Pequeno,11040,M,90,912.62,0.651,21.48,0,2.37,7.55,74.95,27.11,18.31,74.47,1,94.56,0
4925,2023,Sudeste,MG,Urbana,Grande,3193891,F,89,1098.82,0.652,9.55,0,5.55,5.78,74.12,17.13,63.08,71.58,1,78.79,1
4926,2022,Sudeste,ES,Rural,Médio,182608,F,98,1078.1,0.653,20.91,0,3.85,4.91,55.56,22.7,58.08,72.13,1,85.88,0
4927,2023,Sudeste,RJ,Urbana,Médio,135951,M,97,1046.55,0.717,34.49,1,6.23,6.06,85.11,25.24,82.96,75.65,1,,1
4928,2022,Sudeste,SP,Rural,Pequeno,18653,M,90,1061.23,0.8,24.08,0,6.68,7.65,60.95,27.32,51.75,70.13,0,83.56,1
4929,2023,Nordeste,CE,Urbana,Pequeno,3312,F,103,817.26,0.758,36.23,0,5.66,5.62,45.69,32.13,67.25,55.68,0,94.11,0
4930,2022,Nordeste,PI,Urbana,Pequeno,14350,M,96,807.16,0.782,18.42,0,5.6,5.92,68.92,27.32,32.71,66.44,1,89.69,0
4931,2024,Sudeste,ES,Urbana,Médio,101966,F,99,1267.39,0.723,27.54,0,3.96,5.6,58.03,22.99,66.85,80.01,0,91.29,0
4932,2023,Norte,RR,Urbana,Pequeno,12368,F,96,841.65,0.664,24.72,0,5.63,6.34,77.41,23.61,30.54,69.28,1,72.48,0
4933,2024,Sudeste,RJ,Urbana,Pequeno,4844,F,95,1402.87,0.787,27.15,1,5.51,6.55,69.43,17.02,28.7,63.63,1,92.82,1
4934,2023,Nordeste,PI,Urbana,Pequeno,3431,M,86,938.7,0.761,22.99,1,6.75,7.7,56.35,27.49,60.65,62.54,1,87.79,1
4935,2023,Nordeste,AL,Urbana,Pequeno,14230,M,104,,0.638,27.95,1,4.79,4.52,45.56,14.93,57.68,68.21,1,91.14,0
4936,2023,Norte,AP,Urbana,Pequeno,7039,M,91,654.8,0.733,46.33,1,6.67,5.41,52.58,18.54,80.34,71.17,0,83.66,1
4937,2022,Norte,PA,Urbana,Médio,57712,M,106,654.56,0.485,44.56,0,7.07,5.56,85.38,28.88,71.44,69.88,1,76.19,0
4938,2024,Sudeste,ES,Rural,Grande,10367703,M,104,,0.704,16.77,0,5.14,4.01,75.08,14.34,54.52,69.63,0,84.49,1
4939,2023,Nordeste,RN,Urbana,Pequeno,10215,F,94,914.33,0.756,36.43,1,6.11,4.07,72.81,21.49,43.41,64.61,0,94.95,0
4940,2023,Sul,SC,Urbana,Pequeno,10376,M,86,916.51,0.746,20.09,1,6.08,6.35,77.67,19.23,47.68,75.83,1,81.78,0
4941,2023,Sudeste,RJ,Urbana,Médio,61271,F,87,886.93,0.678,10.77,0,6.23,5.62,69.27,25.27,79.15,69.08,1,94.1,0
4942,2024,Sudeste,ES,Rural,Médio,36730,F,103,997.99,0.646,16.76,1,4.83,9.32,66.12,18.52,100.0,78.38,0,71.9,0
4943,2022,Sudeste,ES,Urbana,Grande,6180904,M,106,1044.0,0.691,11.68,1,3.69,6.8,85.58,25.95,63.75,71.73,0,94.48,0
4944,2024,Sudeste,MG,Urbana,Pequeno,14282,F,103,1290.58,0.769,16.7,0,5.03,7.38,79.43,17.34,62.23,78.38,0,100.0,0
4945,2022,Sudeste,SP,Urbana,Pequeno,16037,F,89,975.91,0.627,14.4,0,3.59,6.72,95.49,27.99,65.09,74.36,1,89.84,0
4946,2022,Norte,TO,Urbana,Médio,150965,M,101,1401.88,0.594,22.08,1,6.13,5.17,60.19,30.03,8.36,69.79,0,82.67,1
4947,2024,Sul,SC,Urbana,Pequeno,2179,F,89,1388.21,0.698,17.63,0,6.17,6.79,83.38,17.56,78.72,68.57,1,96.43,1
4948,2023,Nordeste,PB,Urbana,Pequeno,6944,F,86,521.48,0.654,33.28,1,4.3,4.76,50.1,24.07,39.69,78.88,0,81.61,1
4949,2023,Sudeste,RJ,Rural,Pequeno,5806,M,92,709.08,0.68,23.12,0,6.35,4.39,70.89,18.11,76.07,76.28,1,85.15,0
4950,2023,Nordeste,AL,Urbana,Grande,9195291,M,98,853.72,0.687,19.8,0,3.87,6.74,32.38,24.34,32.05,66.2,1,88.6,0
4951,2024,Sudeste,SP,Urbana,Pequeno,2316,F,99,579.19,0.709,16.86,0,6.78,9.22,55.98,26.15,59.07,78.06,0,84.03,0
4952,2024,Norte,TO,Urbana,Grande,2024741,M,105,911.27,0.596,34.34,0,6.55,4.0,48.74,28.57,45.22,75.04,0,84.76,0
4953,2024,Nordeste,RN,Urbana,Pequeno,12483,F,102,588.05,0.595,41.79,1,6.13,5.39,44.97,19.79,51.93,65.36,0,87.43,0
4954,2022,Nordeste,AL,Urbana,Pequeno,15315,F,92,574.45,0.694,15.11,0,3.61,6.43,57.39,24.44,66.82,64.42,1,85.19,0
4955,2024,Sudeste,SP,Urbana,Pequeno,6100,F,103,971.4,0.623,29.25,1,3.34,7.27,81.54,23.0,66.86,71.62,1,84.95,1
4956,2024,Sudeste,ES,Urbana,Pequeno,18926,F,92,1258.13,0.733,26.72,1,5.11,7.84,71.52,16.17,86.61,67.08,0,74.87,0
4957,2024,Nordeste,AL,Urbana,Médio,81142,F,90,,0.55,20.92,1,5.4,2.64,59.26,25.64,43.14,70.07,0,81.66,0
4958,2023,Sul,PR,Rural,Médio,93847,M,96,909.12,0.697,35.54,0,3.96,6.62,52.81,15.72,100.0,71.93,0,96.04,0
4959,2022,Sudeste,ES,Urbana,Médio,91388,F,91,430.22,0.764,21.23,0,5.23,6.81,81.62,24.61,84.94,81.06,1,89.77,0
4960,2022,Sudeste,ES,Urbana,Pequeno,14244,M,103,1275.8,0.736,24.83,1,3.92,7.74,76.56,15.04,68.84,74.7,1,85.94,0
4961,2023,Sudeste,RJ,Urbana,Médio,192302,M,97,1016.33,0.694,26.49,0,4.74,5.96,79.97,17.53,79.18,63.24,1,89.97,1
4962,2023,Centro-Oeste,DF,Rural,Pequeno,7448,F,96,924.46,0.614,6.24,0,5.91,7.2,71.99,17.83,30.87,72.51,1,100.0,1
4963,2023,Nordeste,RN,Urbana,Pequeno,15872,M,99,792.44,0.634,35.52,0,3.97,7.82,84.72,21.12,59.29,66.46,0,78.82,0
4964,2024,Centro-Oeste,DF,Urbana,Pequeno,12049,F,97,735.91,0.644,29.06,0,4.66,5.34,68.08,22.44,56.24,73.27,1,100.0,0
4965,2024,Nordeste,AL,Urbana,Pequeno,4624,M,105,746.17,0.711,24.1,0,5.89,5.34,49.39,29.8,55.72,66.74,1,96.77,0
4966,2022,Centro-Oeste,MS,Rural,Médio,125133,F,84,1022.53,0.672,13.7,0,5.76,6.09,46.82,29.95,73.99,74.11,0,84.36,1
4967,2022,Sul,PR,Urbana,Médio,93720,M,92,973.04,0.739,10.79,0,4.86,6.46,78.33,27.53,57.72,68.26,1,94.4,0
4968,2023,Sudeste,RJ,Urbana,Pequeno,18425,M,84,937.89,0.806,25.72,0,7.17,5.27,71.86,21.51,79.87,75.71,1,83.7,1
4969,2022,Sudeste,MG,Urbana,Pequeno,3516,M,88,1056.84,0.595,26.93,0,5.49,7.82,61.78,24.2,71.8,74.53,0,87.43,0
4970,2024,Norte,AC,Urbana,Pequeno,11919,F,93,616.02,0.6,31.96,0,3.64,6.66,70.95,28.11,86.14,65.19,0,85.08,0
4971,2024,Sudeste,ES,Urbana,Pequeno,17098,F,92,1251.42,0.724,20.15,1,,2.29,68.82,15.14,96.1,80.62,0,80.05,0
4972,2022,Nordeste,CE,Urbana,Médio,69873,M,94,1115.41,0.612,26.17,0,2.97,4.93,84.46,22.89,36.29,66.53,1,74.31,0
4973,2022,Norte,AM,Urbana,Pequeno,15985,M,92,750.58,0.72,43.05,0,3.64,4.4,75.95,26.26,69.65,57.96,1,88.62,0
4974,2024,Sudeste,SP,Rural,Médio,76441,F,99,555.97,0.737,34.24,1,4.53,5.44,70.69,21.77,63.09,73.03,1,72.99,0
4975,2024,Nordeste,MA,Urbana,Grande,331974,F,94,1108.3,0.651,40.12,0,3.3,3.76,56.44,20.74,35.56,72.68,0,84.26,1
4976,2023,Sudeste,MG,Urbana,Pequeno,5147,M,101,1203.03,0.655,14.67,0,,7.76,72.87,23.61,91.77,76.25,0,100.0,0
4977,2022,Sul,RS,Rural,Médio,153050,F,88,1159.56,0.798,10.08,1,4.35,6.97,90.69,21.34,76.33,69.71,1,87.23,0
4978,2024,Sul,PR,Rural,Pequeno,17811,M,89,1170.56,0.622,23.0,1,6.34,5.23,62.13,24.75,74.37,74.79,0,,0
4979,2023,Sudeste,ES,Urbana,Médio,63042,F,92,1145.15,0.724,20.39,0,6.5,8.85,51.54,27.22,76.98,77.86,1,91.98,0
4980,2023,Norte,AP,Urbana,Pequeno,11966,M,86,842.9,0.724,32.07,0,3.29,5.7,55.02,25.27,64.88,72.48,1,88.64,0
4981,2024,Sudeste,SP,Urbana,Médio,70224,M,93,492.95,0.703,28.1,0,4.52,7.06,61.93,16.19,47.62,66.8,0,92.08,1
4982,2023,Sudeste,RJ,Urbana,Pequeno,3928,M,93,524.86,0.723,26.48,0,3.65,8.76,62.16,18.95,48.66,67.79,0,79.66,1
4983,2022,Nordeste,BA,Urbana,Pequeno,14222,F,87,516.48,0.704,31.46,0,3.64,6.95,38.29,26.5,39.56,66.69,0,89.27,0
4984,2022,Centro-Oeste,DF,Urbana,Pequeno,13751,M,89,1047.79,0.676,21.11,0,5.24,5.99,87.12,20.16,79.35,67.88,1,100.0,0
4985,2023,Sudeste,ES,Urbana,Grande,6372736,M,91,880.74,0.735,23.24,1,4.78,7.29,63.5,15.72,40.37,65.42,1,86.59,1
4986,2024,Nordeste,AL,Rural,Pequeno,13408,M,92,904.57,0.613,25.33,1,4.26,6.73,58.58,28.91,36.98,58.89,1,88.7,0
4987,2023,Sudeste,MG,Urbana,Pequeno,16456,F,89,1144.35,0.64,36.91,1,7.01,6.91,74.5,22.22,31.65,66.17,1,81.41,0
4988,2023,Norte,RO,Rural,Pequeno,2103,F,105,1159.86,0.662,24.52,1,4.95,5.84,71.97,19.91,41.31,58.69,0,82.25,1
4989,2024,Sudeste,SP,Urbana,Pequeno,7027,F,97,820.17,0.787,25.12,1,4.35,9.67,73.93,17.88,59.55,70.05,0,87.07,1
4990,2022,Nordeste,RN,Urbana,Grande,1415437,M,100,579.91,0.774,29.69,1,3.82,5.94,58.51,27.11,34.99,63.35,1,90.87,0
4991,2022,Sudeste,RJ,Urbana,Médio,63865,M,102,675.59,0.727,18.53,0,7.19,5.49,54.71,23.18,88.71,66.76,1,100.0,1
4992,2022,Sul,SC,Urbana,Pequeno,12573,F,91,945.34,0.731,6.81,0,4.88,6.4,71.06,23.36,28.33,71.38,1,86.55,1
4993,2023,Sul,PR,Urbana,Pequeno,8499,M,88,604.43,0.862,27.61,0,5.31,6.83,79.34,16.23,71.29,72.42,1,88.51,0
4994,2023,Norte,AC,Urbana,Grande,8791221,M,96,616.32,0.668,30.69,1,4.21,6.59,47.94,24.94,68.8,73.59,1,98.56,0
4995,2023,Sudeste,ES,Urbana,Médio,92907,F,96,1152.21,0.642,10.99,0,4.14,4.48,73.13,20.48,40.03,75.56,1,81.58,1
4996,2023,Sul,PR,Urbana,Médio,136592,M,104,990.33,0.717,12.43,1,6.14,6.73,77.28,21.96,52.71,71.9,1,80.95,1
4997,2024,Sul,PR,Rural,Pequeno,10846,F,101,,0.712,26.76,0,,9.79,89.36,21.74,52.56,67.01,0,85.27,1
4998,2023,Norte,RR,Urbana,Médio,94315,M,102,817.22,0.678,29.82,0,3.36,6.16,73.51,26.15,42.76,73.71,0,74.6,0
4999,2023,Nordeste,MA,Urbana,Pequeno,3285,M,100,1134.83,0.654,22.5,1,5.3,4.78,61.11,22.35,76.62,75.09,1,84.59,1
5000,2024,Nordeste,SE,Urbana,Médio,107032,M,95,829.6,0.802,32.76,0,4.05,5.26,75.97,26.84,28.89,69.9,1,82.9,0
5001,2023,Nordeste,AL,Rural,Médio,59927,M,103,1186.79,0.656,51.34,0,5.17,7.78,53.37,22.8,39.85,69.17,1,93.49,0
5002,2024,Sudeste,RJ,Urbana,Médio,78445,M,94,1375.41,0.666,12.38,0,5.51,5.51,76.64,25.77,96.05,64.04,1,79.6,1
5003,2022,Sudeste,RJ,Urbana,Médio,62223,M,99,1162.4,0.739,12.05,0,,7.62,74.59,17.92,56.59,60.0,0,92.76,1
5004,2023,Nordeste,RN,Urbana,Médio,190701,F,84,333.78,0.649,39.79,1,5.0,6.73,80.73,23.72,47.53,72.81,1,85.54,0
5005,2022,Nordeste,PE,Urbana,Médio,105895,F,96,,0.678,41.85,0,5.45,4.56,73.22,23.14,62.85,61.66,1,86.01,1
5006,2022,Sudeste,SP,Rural,Pequeno,8593,F,92,596.21,0.711,28.94,0,6.89,7.3,57.45,16.28,52.76,69.17,0,84.89,1
5007,2022,Sul,SC,Urbana,Médio,61316,M,98,827.85,0.75,29.49,0,6.02,5.5,63.36,24.03,76.78,75.61,1,88.22,0
5008,2023,Sudeste,ES,Urbana,Grande,8306933,F,100,709.88,0.656,23.3,0,6.55,7.44,83.58,23.07,66.03,67.41,0,77.46,0
5009,2024,Sul,PR,Urbana,Pequeno,19922,M,102,1019.47,0.599,7.33,1,5.31,6.54,77.43,18.71,63.49,73.92,1,94.78,1
5010,2024,Centro-Oeste,GO,Urbana,Médio,127708,F,97,779.36,0.621,21.78,1,4.08,3.39,92.34,16.81,64.54,72.13,1,,0
5011,2024,Nordeste,CE,Rural,Pequeno,13416,F,97,977.65,0.777,19.91,0,2.93,8.29,66.67,21.84,65.95,73.06,0,85.85,0
5012,2023,Sudeste,SP,Rural,Pequeno,19475,M,96,852.09,0.727,27.04,0,6.93,4.29,76.0,20.3,61.35,71.03,1,89.55,0
5013,2023,Sudeste,MG,Rural,Médio,170033,M,105,1330.39,0.607,30.96,0,4.13,7.54,59.25,20.04,46.22,74.17,0,80.93,0
5014,2022,Sul,SC,Urbana,Médio,124539,F,89,1168.7,0.818,17.31,0,5.67,6.94,58.97,21.81,56.17,65.79,1,,0
5015,2023,Sudeste,RJ,Urbana,Médio,182738,M,92,1097.04,0.608,8.83,0,5.04,7.38,94.96,13.76,87.87,75.26,1,89.51,0
5016,2024,Sudeste,MG,Urbana,Grande,1194551,M,95,886.83,0.69,20.58,0,4.19,7.75,67.79,21.08,35.38,66.21,0,80.95,0
5017,2023,Nordeste,PE,Urbana,Pequeno,19025,F,89,778.3,0.612,17.96,1,5.65,8.75,85.91,24.41,53.61,62.95,0,93.68,1
5018,2023,Sul,RS,Urbana,Grande,775692,M,94,1051.14,0.698,32.19,1,6.66,4.53,54.38,21.5,77.71,72.73,0,85.31,0
5019,2022,Sul,SC,Rural,Médio,181118,F,87,1152.93,0.677,26.59,0,2.02,5.1,72.98,19.41,33.49,71.75,1,85.04,0
5020,2022,Sudeste,MG,Urbana,Médio,156818,F,96,1020.53,0.759,20.12,1,5.7,6.67,67.41,22.18,83.46,67.94,0,83.53,1
5021,2023,Nordeste,SE,Urbana,Grande,8097083,F,96,692.62,0.705,32.81,0,6.35,7.98,66.0,18.1,45.59,67.3,0,98.72,0
5022,2024,Sudeste,RJ,Urbana,Grande,11606567,M,99,1187.17,0.605,9.76,0,4.0,6.1,99.77,27.87,73.72,68.5,1,94.62,0
5023,2024,Nordeste,AL,Urbana,Médio,103288,F,107,1156.05,0.646,30.74,0,4.33,6.65,81.26,22.01,52.06,68.33,0,89.19,0
5024,2023,Sudeste,SP,Urbana,Pequeno,10876,M,95,1227.16,0.74,29.9,0,5.6,6.37,45.08,24.36,58.13,72.05,1,100.0,0
5025,2022,Nordeste,SE,Urbana,Pequeno,13705,F,98,969.9,0.704,38.39,1,5.75,5.66,39.99,20.69,51.56,67.24,1,92.08,0
5026,2023,Sudeste,MG,Urbana,Pequeno,4023,F,92,1099.03,0.789,24.43,1,5.96,6.14,89.24,22.39,44.01,71.5,1,91.78,1
5027,2024,Norte,RO,Rural,Médio,133656,M,89,524.36,0.594,39.17,1,5.06,4.25,64.3,21.84,62.9,67.77,0,85.38,1
5028,2023,Sudeste,RJ,Urbana,Médio,96711,M,87,,0.745,23.12,0,4.55,6.06,66.36,18.24,52.57,70.66,1,88.29,0
5029,2024,Nordeste,BA,Urbana,Médio,183347,F,98,776.02,0.745,29.93,0,4.13,3.69,71.24,18.82,74.73,63.67,1,75.37,0
5030,2022,Sudeste,ES,Urbana,Pequeno,10309,F,85,1367.09,0.656,11.18,0,4.61,5.66,59.08,21.93,59.5,77.02,0,87.84,1
5031,2023,Centro-Oeste,DF,Urbana,Pequeno,6315,M,107,483.56,0.7,33.32,1,4.95,6.57,66.43,24.1,31.78,63.73,1,100.0,0
5032,2022,Norte,AC,Urbana,Médio,97314,M,90,692.05,0.746,33.08,0,6.01,6.26,29.7,27.87,35.53,68.45,1,78.81,0
5033,2023,Nordeste,AL,Urbana,Grande,4237226,F,107,272.1,0.688,21.68,0,5.09,9.01,45.84,22.87,47.44,58.18,1,87.15,0
5034,2024,Sudeste,RJ,Urbana,Pequeno,13272,M,104,1021.83,0.739,31.79,0,6.45,5.88,79.75,16.58,46.77,79.11,0,99.53,0
5035,2023,Sudeste,RJ,Urbana,Pequeno,6025,M,97,,0.681,22.98,1,4.37,3.11,89.44,22.7,79.0,66.32,0,,0
5036,2024,Sudeste,RJ,Rural,Pequeno,17556,F,85,643.3,0.819,37.62,0,4.94,6.87,80.29,19.07,67.47,73.95,1,100.0,0
5037,2022,Sudeste,RJ,Urbana,Pequeno,2259,M,96,1392.79,0.823,35.94,0,7.0,6.71,65.12,20.29,40.22,71.42,1,82.58,0
5038,2024,Sudeste,SP,Urbana,Médio,129949,M,95,1185.41,0.761,26.49,0,3.36,8.01,56.28,22.91,45.4,67.12,1,70.29,0
5039,2024,Sudeste,MG,Urbana,Médio,192991,M,90,1045.55,0.806,18.91,1,5.8,5.55,69.29,18.92,36.63,53.04,1,80.9,1
5040,2023,Norte,PA,Urbana,Grande,7989830,F,106,747.4,0.672,34.97,0,3.58,8.63,52.43,21.96,75.44,63.01,1,88.21,0
5041,2024,Sudeste,RJ,Urbana,Pequeno,4281,M,106,643.53,0.642,16.73,0,5.2,7.41,78.88,24.21,38.16,72.0,1,88.9,0
5042,2023,Sudeste,ES,Urbana,Médio,138974,F,102,961.56,0.664,25.05,0,4.83,5.74,89.6,17.92,53.61,68.13,1,83.65,1
5043,2022,Nordeste,PB,Urbana,Médio,137728,M,101,881.23,0.724,33.61,0,6.17,5.91,53.89,21.82,78.29,68.36,1,75.66,0
5044,2023,Nordeste,PB,Urbana,Pequeno,2760,F,100,740.85,0.626,27.07,1,2.53,6.0,72.18,29.09,32.47,65.54,1,73.66,1
5045,2023,Sudeste,SP,Urbana,Pequeno,11931,M,103,1327.73,0.669,17.82,0,5.71,6.45,67.81,18.57,51.3,75.67,0,95.25,0
5046,2022,Sul,SC,Urbana,Pequeno,5084,F,86,788.31,0.661,23.51,0,3.15,4.71,98.56,21.53,26.68,74.25,1,93.2,0
5047,2022,Nordeste,BA,Urbana,Pequeno,9266,M,100,316.44,0.741,23.17,0,3.98,8.11,58.11,23.66,40.79,71.99,1,74.32,0
5048,2023,Nordeste,SE,Urbana,Médio,147347,M,89,779.26,0.814,34.62,1,4.95,4.74,52.51,27.29,46.78,69.91,1,91.94,1
5049,2024,Sul,SC,Urbana,Pequeno,15230,M,85,593.24,0.725,29.2,1,5.34,7.39,81.64,23.27,82.59,74.24,0,100.0,1
5050,2024,Sudeste,RJ,Urbana,Pequeno,13922,F,84,901.18,0.8,14.85,1,5.88,10.0,70.35,25.34,56.95,64.98,0,100.0,1
5051,2022,Centro-Oeste,DF,Urbana,Pequeno,10149,M,99,1436.2,0.728,33.05,1,6.09,5.46,80.2,21.48,58.93,70.33,1,97.44,0
5052,2023,Sul,SC,Urbana,Pequeno,13494,F,92,1038.13,0.724,25.21,1,6.03,8.01,63.78,18.69,36.53,73.86,0,89.15,1
5053,2024,Nordeste,PB,Rural,Pequeno,12865,M,99,452.44,0.476,40.43,1,5.42,4.32,65.87,16.15,50.2,72.8,1,75.84,0
5054,2024,Sudeste,MG,Rural,Pequeno,3077,M,93,1141.23,0.701,25.98,1,6.83,7.37,68.17,19.42,55.47,66.86,0,90.95,1
5055,2022,Nordeste,AL,Urbana,Médio,81086,F,93,582.54,0.713,31.47,0,4.62,6.85,59.84,23.78,66.01,77.67,1,,0
5056,2023,Sudeste,MG,Urbana,Grande,3561922,F,93,953.39,0.679,25.18,0,3.92,8.0,77.83,23.34,60.03,74.25,1,,0
5057,2024,Nordeste,SE,Urbana,Médio,129680,M,98,447.77,0.687,41.76,0,,4.63,99.35,22.29,38.26,60.28,0,72.79,1
5058,2023,Sudeste,ES,Urbana,Médio,179054,M,84,,0.775,18.79,0,4.69,6.43,78.89,26.36,43.4,69.43,1,94.28,1
5059,2022,Sudeste,ES,Urbana,Pequeno,8727,M,93,1322.81,0.676,28.07,1,5.49,6.77,70.67,18.14,77.59,73.04,0,84.31,1
5060,2023,Norte,PA,Urbana,Pequeno,12878,F,85,1119.49,0.593,44.09,0,6.44,5.73,78.17,18.19,24.17,74.95,1,100.0,0
5061,2024,Norte,AM,Rural,Grande,10915840,F,93,766.71,0.663,19.59,1,3.71,7.02,63.87,26.38,87.26,67.47,1,88.8,1
5062,2024,Sudeste,MG,Urbana,Pequeno,6341,F,98,808.89,0.751,16.38,0,4.87,7.21,62.24,23.34,70.41,72.47,0,98.28,1
5063,2023,Nordeste,BA,Rural,Médio,101143,F,89,611.31,0.687,26.7,0,5.05,3.13,59.67,21.27,58.3,61.57,0,96.19,1
5064,2024,Sudeste,RJ,Urbana,Grande,4823911,M,106,968.25,0.694,23.0,0,4.75,6.89,54.55,25.34,86.43,67.22,1,91.0,0
5065,2022,Nordeste,PB,Rural,Médio,88871,M,107,251.47,0.603,23.18,1,4.38,5.54,49.91,22.1,66.65,73.54,0,74.85,0
5066,2024,Sudeste,ES,Urbana,Pequeno,4879,M,100,823.0,0.772,8.15,0,4.9,9.99,49.56,17.15,79.72,67.45,1,83.31,0
5067,2024,Nordeste,PB,Urbana,Pequeno,9540,M,87,630.06,0.745,31.67,1,5.2,3.54,72.28,27.93,58.38,79.25,0,84.39,0
5068,2023,Sudeste,ES,Urbana,Pequeno,15636,F,106,914.61,0.641,18.05,0,5.38,3.43,95.16,15.05,86.27,71.03,1,94.46,0
5069,2023,Centro-Oeste,MT,Rural,Médio,21615,M,107,784.15,0.643,37.97,0,5.43,4.29,77.24,20.56,62.31,68.15,1,90.4,1
5070,2024,Sudeste,RJ,Urbana,Grande,3195952,F,103,,0.716,10.23,1,5.4,6.11,79.04,16.95,68.6,71.05,0,96.08,0
5071,2022,Sudeste,ES,Urbana,Médio,197208,F,101,1104.63,0.804,11.79,0,8.54,2.87,72.43,26.16,88.72,73.0,0,85.43,0
5072,2022,Centro-Oeste,MT,Rural,Grande,9445308,F,95,790.86,0.747,40.4,0,6.31,3.97,55.75,18.44,63.2,79.84,1,98.04,1
5073,2022,Sudeste,ES,Urbana,Pequeno,8726,M,91,1255.39,0.738,20.15,0,6.17,5.45,76.44,15.86,51.34,72.76,1,94.39,1
5074,2023,Nordeste,MA,Rural,Pequeno,17933,F,89,327.8,0.71,16.4,0,7.57,3.25,66.38,18.37,44.86,63.49,1,86.93,0
5075,2023,Nordeste,PI,Rural,Pequeno,11168,M,92,601.62,0.615,22.2,0,5.31,6.99,69.52,26.99,34.73,73.78,1,77.42,0
5076,2023,Nordeste,AL,Urbana,Pequeno,14637,F,101,913.86,0.583,29.19,0,3.22,6.06,52.89,31.71,36.66,56.57,1,88.08,0
5077,2024,Sudeste,ES,Urbana,Médio,85453,M,95,1259.83,0.597,13.68,0,4.75,8.61,48.88,10.0,85.41,64.07,1,99.25,1
5078,2024,Norte,PA,Urbana,Médio,119745,F,93,1153.86,0.689,30.33,1,2.12,4.67,50.15,21.63,38.85,61.13,1,100.0,0
5079,2022,Centro-Oeste,MT,Urbana,Médio,128752,F,98,1398.4,0.659,8.78,1,4.72,6.0,79.79,25.15,45.89,70.75,0,95.33,1
5080,2023,Sudeste,ES,Urbana,Pequeno,9784,M,96,,0.706,28.13,0,4.59,5.66,70.09,23.21,35.54,68.79,1,85.99,0
5081,2023,Sudeste,SP,Urbana,Médio,83046,F,99,1343.21,0.647,22.66,0,4.9,8.21,67.96,22.4,96.01,75.07,0,97.85,0
5082,2024,Norte,AC,Rural,Médio,145707,M,99,506.14,0.681,25.7,1,6.27,8.08,49.13,21.61,73.74,76.73,1,88.16,1
5083,2023,Nordeste,PE,Urbana,Médio,122164,F,100,1497.85,0.638,45.88,0,4.58,6.72,26.64,20.42,95.8,75.98,1,74.74,1
5084,2024,Sudeste,SP,Urbana,Médio,171159,M,87,839.19,0.751,18.62,0,4.59,7.83,35.96,31.68,78.26,73.34,0,88.91,1
5085,2022,Sudeste,MG,Urbana,Pequeno,11401,M,103,1166.49,0.666,6.73,0,6.4,7.14,85.97,19.84,72.68,81.95,1,86.39,0
5086,2022,Sul,PR,Urbana,Grande,3393337,M,87,1055.45,0.69,21.06,1,6.68,5.26,53.72,22.27,47.49,78.4,0,88.74,0
5087,2023,Sul,PR,Urbana,Médio,158577,F,92,994.41,0.772,31.5,1,6.83,6.6,76.82,25.34,60.32,72.04,0,74.11,1
5088,2023,Nordeste,PE,Urbana,Pequeno,8560,F,101,740.27,0.576,32.54,0,5.1,5.93,58.43,12.72,17.12,63.99,0,87.98,0
5089,2024,Sudeste,RJ,Urbana,Pequeno,14289,F,93,1213.31,0.754,11.19,0,4.86,8.35,87.68,22.7,72.3,72.06,0,84.49,1
5090,2022,Sudeste,MG,Rural,Pequeno,9187,F,87,1038.34,0.793,17.93,0,6.99,5.49,66.91,14.6,90.38,76.06,1,95.05,1
5091,2023,Sudeste,SP,Rural,Médio,195903,M,105,945.28,0.729,20.67,0,4.96,8.29,84.48,18.7,39.29,72.34,0,83.33,0
5092,2022,Centro-Oeste,DF,Urbana,Médio,42438,M,91,854.01,0.63,25.59,0,5.13,5.08,81.22,27.26,40.76,65.2,1,95.53,1
5093,2023,Sudeste,ES,Urbana,Pequeno,14970,F,93,1243.99,0.697,34.09,0,7.3,8.01,60.63,28.06,94.32,64.77,0,92.23,1
5094,2024,Sudeste,MG,Urbana,Grande,7099445,F,95,1136.0,0.705,21.5,1,3.54,6.77,67.65,19.96,55.7,70.06,0,96.13,0
5095,2022,Sudeste,RJ,Rural,Pequeno,3360,M,86,1013.3,0.708,23.38,1,6.49,9.16,69.89,20.87,70.51,67.38,1,79.05,0
5096,2022,Nordeste,MA,Urbana,Pequeno,10004,F,85,915.47,0.735,20.84,1,4.04,6.32,64.27,21.04,52.57,71.32,1,84.21,0
5097,2024,Sul,SC,Urbana,Médio,50027,M,97,1383.55,0.666,30.59,1,6.85,5.34,73.07,19.75,86.45,71.25,0,76.18,1
5098,2023,Sul,SC,Urbana,Médio,185824,F,101,,0.638,20.65,0,7.53,7.41,67.68,20.87,79.8,69.8,0,79.95,1
5099,2024,Nordeste,PB,Urbana,Médio,76599,M,101,261.11,0.574,15.69,0,4.53,4.81,29.96,21.56,54.19,71.93,1,65.36,0
5100,2023,Norte,AC,Urbana,Grande,420274,M,100,1183.25,0.688,30.93,0,2.95,5.51,47.18,27.59,92.36,61.99,1,96.18,0
5101,2024,Nordeste,MA,Urbana,Pequeno,10529,F,91,1460.32,0.673,27.51,1,4.23,4.78,65.06,30.23,67.6,70.2,1,89.34,0
5102,2022,Nordeste,MA,Urbana,Pequeno,11514,M,107,725.12,0.723,17.8,0,4.8,3.4,76.05,25.25,59.59,70.59,1,94.26,1
5103,2022,Nordeste,MA,Urbana,Grande,1720187,F,105,530.49,0.641,34.77,0,3.42,2.53,51.96,21.19,96.87,64.91,0,86.35,0
5104,2022,Sudeste,RJ,Urbana,Pequeno,17670,F,84,1086.87,0.638,26.63,1,4.77,7.76,87.01,18.03,69.26,72.04,1,89.25,0
5105,2023,Sudeste,RJ,Rural,Pequeno,15819,F,100,627.95,0.738,32.05,0,6.26,10.0,77.43,23.07,83.66,69.09,1,86.94,1
5106,2023,Sudeste,RJ,Urbana,Pequeno,12253,F,85,915.46,0.688,28.19,0,7.35,3.53,63.28,25.03,100.0,79.42,1,84.35,0
5107,2023,Nordeste,MA,Urbana,Médio,84924,M,101,779.28,0.67,34.32,1,5.96,7.12,77.66,24.2,32.52,73.37,0,,1
5108,2023,Nordeste,AL,Urbana,Médio,189309,F,87,558.59,0.67,34.95,0,4.05,6.58,68.34,21.23,36.35,67.33,1,84.11,1
5109,2023,Sudeste,ES,Rural,Grande,3707093,F,87,569.62,0.576,26.4,0,4.47,7.95,74.54,16.63,67.41,75.81,1,98.37,0
5110,2022,Sul,SC,Urbana,Pequeno,8265,F,88,877.66,0.702,25.92,1,5.28,4.11,33.17,20.47,47.79,69.84,1,100.0,0
5111,2024,Norte,AC,Urbana,Pequeno,4223,F,95,695.34,0.617,24.43,0,5.21,6.36,47.11,24.66,30.56,60.33,0,71.77,0
5112,2023,Norte,AC,Urbana,Pequeno,19834,F,104,635.82,0.645,37.86,1,5.96,3.72,66.34,16.73,47.07,73.38,1,94.46,0
5113,2024,Centro-Oeste,MS,Urbana,Médio,149947,M,104,772.71,0.691,23.82,0,2.98,6.31,92.78,26.4,49.35,71.99,0,89.63,1
5114,2023,Sudeste,ES,Rural,Pequeno,6386,F,97,799.69,0.565,12.16,0,4.0,6.71,60.82,21.46,57.8,67.61,1,79.69,0
5115,2023,Sudeste,ES,Urbana,Pequeno,15483,F,89,,0.657,22.45,0,3.22,6.09,71.87,27.11,66.52,75.86,1,80.18,0
5116,2022,Sul,SC,Urbana,Grande,8249079,F,90,734.76,0.778,26.61,1,7.6,6.7,52.18,23.0,69.22,76.82,1,86.39,1
5117,2024,Centro-Oeste,GO,Urbana,Médio,148464,M,95,1146.2,0.686,44.58,0,4.71,3.48,90.12,29.45,67.38,77.69,1,92.95,1
5118,2022,Sul,RS,Rural,Pequeno,12510,M,89,1289.31,0.641,20.76,0,7.87,5.54,63.38,25.94,68.35,74.41,1,87.53,1
5119,2022,Sudeste,SP,Urbana,Pequeno,10497,M,106,794.77,0.794,32.09,0,6.57,5.56,75.64,16.17,51.42,64.54,0,100.0,0
5120,2024,Sul,SC,Urbana,Pequeno,5689,F,95,1373.68,0.739,24.46,0,5.84,5.71,46.53,19.5,61.08,76.12,1,88.21,0
5121,2022,Centro-Oeste,MS,Urbana,Médio,123506,F,96,612.65,0.69,19.7,1,4.69,2.76,69.61,16.31,68.29,74.78,1,90.2,0
5122,2024,Nordeste,RN,Urbana,Pequeno,13785,F,86,1190.85,0.659,31.87,1,3.97,5.63,82.01,24.06,60.05,66.69,0,82.43,0
5123,2024,Centro-Oeste,MS,Urbana,Pequeno,16543,F,84,720.25,0.792,31.79,1,5.59,6.93,52.79,17.55,78.03,73.56,0,94.06,1
5124,2024,Sul,PR,Urbana,Pequeno,3915,F,88,1049.73,0.818,23.94,0,6.26,8.0,70.14,17.07,99.01,71.66,1,94.38,1
5125,2022,Sudeste,MG,Urbana,Pequeno,7426,F,94,1082.88,0.767,27.0,0,3.76,6.37,60.61,23.13,71.46,69.29,0,92.19,1
5126,2022,Sudeste,ES,Urbana,Médio,192284,M,94,1403.82,0.573,27.05,1,5.39,2.05,62.55,16.57,87.86,68.39,0,97.04,1
5127,2022,Centro-Oeste,MS,Urbana,Grande,1036337,F,89,1190.47,0.64,21.31,0,3.41,4.8,42.89,30.31,54.7,73.27,1,87.25,1
5128,2022,Sudeste,ES,Urbana,Grande,2147354,M,102,1160.96,0.757,19.93,0,4.5,5.86,81.42,21.47,52.08,75.83,0,92.59,0
5129,2024,Norte,AP,Urbana,Pequeno,6251,F,90,681.23,0.651,27.79,0,,6.91,69.76,19.62,23.95,74.26,0,94.79,1
5130,2022,Nordeste,PE,Rural,Grande,10567861,M,94,759.94,0.551,26.79,1,3.66,7.22,59.19,20.74,54.2,70.18,0,88.05,0
5131,2024,Sudeste,ES,Urbana,Pequeno,13605,M,104,1375.5,0.724,10.18,0,4.71,3.45,53.04,28.65,57.74,70.52,0,92.41,0
5132,2024,Sudeste,SP,Urbana,Médio,164954,F,98,901.73,0.643,27.6,0,5.35,4.21,56.86,23.74,47.07,75.53,0,84.76,0
5133,2022,Sudeste,SP,Rural,Grande,1421506,M,90,707.12,0.676,4.79,0,4.1,7.41,63.24,24.84,57.68,70.36,0,75.77,1
5134,2024,Nordeste,AL,Urbana,Grande,6614517,M,95,913.72,0.647,28.65,1,5.07,4.04,50.46,29.02,45.24,71.28,0,97.88,0
5135,2024,Nordeste,BA,Rural,Médio,177518,F,92,1224.36,0.682,22.91,0,4.5,7.34,84.0,32.16,52.49,74.42,0,82.84,1
5136,2024,Nordeste,PI,Urbana,Pequeno,11385,M,97,648.57,0.667,29.18,1,2.53,5.87,73.18,25.42,24.92,69.69,1,83.37,0
5137,2022,Sudeste,RJ,Urbana,Médio,53367,M,93,702.56,0.61,8.1,0,4.34,6.1,67.44,24.55,71.05,72.17,0,87.37,1
5138,2023,Sudeste,ES,Urbana,Médio,116443,F,103,1325.32,0.79,25.49,1,7.03,6.73,52.01,17.21,64.92,74.5,1,96.11,0
5139,2023,Sudeste,RJ,Rural,Médio,51969,M,91,,0.782,32.01,1,5.87,8.75,54.54,26.7,79.39,72.8,0,95.08,1
5140,2023,Nordeste,PB,Urbana,Grande,329455,M,91,728.03,0.629,24.41,0,3.01,7.63,70.56,23.46,62.53,66.45,1,82.69,0
5141,2024,Sudeste,SP,Urbana,Pequeno,14520,M,91,1114.12,0.709,22.73,0,5.41,4.67,78.8,23.18,60.92,68.21,0,83.38,1
5142,2024,Nordeste,AL,Rural,Pequeno,19406,F,85,720.17,0.703,24.26,0,3.88,6.4,70.79,25.79,18.54,73.26,0,94.54,0
5143,2023,Sudeste,ES,Urbana,Médio,34491,F,86,807.25,0.607,12.49,0,5.01,5.98,81.31,19.68,45.4,66.57,1,100.0,0
5144,2024,Sudeste,MG,Urbana,Pequeno,11614,F,106,1058.8,0.674,23.34,1,2.44,6.8,72.51,26.43,57.78,71.91,0,85.33,0
5145,2022,Sudeste,RJ,Urbana,Pequeno,19612,M,101,427.84,0.756,22.39,0,4.71,7.41,89.3,23.63,79.46,80.84,0,94.71,1
5146,2023,Centro-Oeste,GO,Urbana,Pequeno,18411,F,93,1202.12,0.706,25.32,0,4.48,6.38,39.52,20.64,71.99,69.74,1,80.1,1
5147,2022,Centro-Oeste,MT,Urbana,Grande,11424329,F,98,887.5,0.634,34.53,0,6.14,5.9,84.67,24.15,25.61,65.11,0,96.4,0
5148,2023,Sudeste,ES,Rural,Grande,10104872,F,85,831.93,0.744,20.2,0,5.57,7.48,73.76,24.02,48.72,78.91,1,88.22,0
5149,2022,Sul,RS,Urbana,Médio,176304,M,86,1086.5,0.683,17.69,0,3.97,4.25,76.46,19.02,71.21,72.09,0,93.73,0
5150,2022,Sudeste,ES,Rural,Pequeno,12731,M,97,1517.69,0.621,22.87,0,3.82,6.78,79.69,24.44,62.01,77.44,1,94.92,1
5151,2023,Nordeste,AL,Urbana,Grande,10712806,M,95,915.18,0.514,27.32,0,2.3,7.11,65.9,24.52,48.23,72.53,1,88.0,0
5152,2023,Centro-Oeste,MS,Urbana,Médio,31221,M,87,811.1,0.671,30.06,1,6.29,5.68,76.37,25.84,59.47,60.35,1,90.62,0
5153,2024,Sudeste,MG,Urbana,Médio,85871,M,89,920.53,0.782,20.15,0,5.11,8.28,81.48,18.42,73.36,69.78,0,93.18,1
5154,2022,Sudeste,SP,Urbana,Grande,912353,M,105,909.37,0.752,18.04,0,5.01,3.88,64.56,21.05,63.23,75.78,1,85.95,0
5155,2024,Sudeste,SP,Urbana,Médio,110602,F,87,964.58,0.679,23.24,0,5.03,4.08,70.02,16.75,51.26,77.46,1,93.91,0
5156,2024,Sul,PR,Urbana,Pequeno,15543,M,94,906.24,0.716,17.68,1,4.4,8.37,72.63,23.11,18.02,79.23,0,83.82,0
5157,2024,Nordeste,PB,Urbana,Pequeno,17048,M,103,1083.04,0.77,37.4,1,6.49,4.92,89.11,22.91,55.92,68.75,1,80.9,0
5158,2024,Sudeste,MG,Urbana,Pequeno,2681,F,101,1210.44,0.764,23.94,0,4.3,8.84,93.0,26.73,75.09,66.6,1,85.33,1
5159,2022,Centro-Oeste,MS,Urbana,Médio,181002,F,104,909.93,0.635,23.59,0,4.63,3.94,82.98,23.78,55.67,77.33,1,70.49,1
5160,2024,Sul,PR,Urbana,Médio,118066,M,85,1237.79,0.72,21.4,1,6.53,5.84,64.53,24.52,84.24,79.07,0,94.26,0
5161,2023,Sudeste,MG,Urbana,Pequeno,3809,F,100,965.71,0.653,11.06,0,4.59,5.97,92.14,18.38,78.39,65.2,1,84.47,1
5162,2022,Sudeste,MG,Urbana,Médio,96760,M,98,1434.87,0.741,20.81,0,6.38,9.71,67.96,18.17,60.56,64.63,1,90.73,0
5163,2024,Sudeste,SP,Urbana,Pequeno,19600,M,101,1308.35,0.634,28.75,0,7.45,6.46,91.05,22.14,92.19,78.96,1,75.58,0
5164,2024,Sudeste,MG,Urbana,Pequeno,16454,M,88,1227.9,0.688,3.57,0,5.65,8.43,57.77,28.48,55.16,82.74,0,75.09,1
5165,2023,Norte,PA,Urbana,Médio,127774,F,96,781.99,0.643,30.77,0,7.0,4.78,52.07,23.6,33.75,66.3,1,80.64,1
5166,2023,Nordeste,PE,Urbana,Pequeno,12642,M,90,605.39,0.678,23.88,0,6.44,7.39,52.53,24.63,30.94,75.73,1,75.99,1
5167,2023,Norte,TO,Urbana,Médio,193125,F,104,426.44,0.605,21.45,0,4.51,6.77,94.0,24.92,85.07,62.31,1,100.0,1
5168,2022,Sudeste,SP,Urbana,Pequeno,2382,M,90,886.62,0.68,19.52,0,5.78,7.56,64.19,23.8,34.33,72.49,1,93.33,1
5169,2024,Sudeste,RJ,Urbana,Médio,166577,F,99,878.87,0.743,21.06,1,6.12,7.2,73.69,22.27,49.36,79.05,0,89.37,0
5170,2024,Nordeste,PI,Rural,Grande,2713382,M,84,614.08,0.629,39.85,0,5.21,2.92,70.82,19.15,67.06,78.32,0,92.34,1
5171,2022,Sudeste,ES,Rural,Pequeno,19194,F,97,964.05,0.717,10.55,1,,9.5,58.01,16.78,40.78,77.64,1,76.58,1
5172,2024,Sul,RS,Urbana,Médio,118787,F,103,791.08,0.619,27.23,0,4.04,5.16,60.15,24.43,84.54,76.26,0,78.73,0
5173,2023,Sudeste,MG,Urbana,Grande,2472346,M,89,952.08,0.742,26.67,0,3.94,8.27,88.44,26.54,97.57,72.3,0,88.14,0
5174,2024,Norte,TO,Urbana,Pequeno,15845,F,101,686.8,0.661,23.42,0,5.51,4.24,67.18,18.35,84.06,70.31,0,89.49,0
5175,2024,Sudeste,SP,Urbana,Pequeno,5659,F,105,,0.662,7.59,0,5.08,5.91,25.41,16.95,61.44,68.08,0,88.26,0
5176,2022,Nordeste,BA,Urbana,Médio,71467,F,95,827.66,0.675,32.95,1,5.5,5.68,61.36,21.94,49.54,68.92,1,96.76,0
5177,2024,Nordeste,RN,Urbana,Médio,157542,F,99,937.5,0.755,16.55,0,4.36,6.58,55.57,23.09,46.9,70.6,0,83.55,0
5178,2022,Nordeste,PI,Urbana,Grande,2402916,M,100,392.83,0.757,24.71,0,5.83,1.25,35.09,22.49,63.7,71.55,1,74.95,0
5179,2023,Sudeste,ES,Rural,Pequeno,7295,M,85,916.04,0.743,17.01,0,4.86,6.98,73.43,25.93,50.65,75.25,1,83.46,0
5180,2023,Norte,AC,Urbana,Médio,101515,M,105,645.52,0.655,39.18,0,3.49,5.03,80.5,29.8,68.0,80.29,0,89.14,0
5181,2023,Sudeste,SP,Urbana,Pequeno,17958,M,89,704.38,0.631,30.01,0,4.87,4.67,81.89,24.98,72.59,62.77,0,85.5,1
5182,2023,Nordeste,PI,Urbana,Grande,10381026,F,88,338.52,0.648,40.73,1,4.41,4.94,49.81,29.75,28.74,62.63,1,84.8,0
5183,2023,Sudeste,MG,Urbana,Grande,2255165,M,100,474.01,0.677,18.9,0,5.38,5.28,57.61,21.54,82.31,80.33,1,85.96,1
5184,2022,Norte,AC,Urbana,Pequeno,11342,M,104,539.98,0.73,31.34,0,4.69,5.86,60.46,27.91,40.87,68.49,1,94.75,0
5185,2023,Sudeste,ES,Urbana,Médio,185478,M,103,955.02,0.733,22.09,0,4.42,8.99,67.82,23.23,53.86,67.89,1,82.02,0
5186,2024,Sudeste,MG,Urbana,Pequeno,3438,M,95,1030.06,0.653,20.25,0,4.85,8.53,77.65,17.25,75.45,68.42,1,94.62,0
5187,2023,Sul,SC,Urbana,Pequeno,7207,M,103,1306.23,0.74,26.94,0,5.89,8.42,77.85,19.13,64.32,74.75,0,93.07,1
5188,2023,Sudeste,MG,Urbana,Pequeno,9795,M,86,1190.57,0.771,18.59,0,4.63,7.06,76.53,22.97,73.23,83.23,1,84.82,1
5189,2024,Nordeste,BA,Urbana,Pequeno,10887,F,97,342.85,0.641,26.96,0,3.88,3.39,60.7,27.5,17.15,62.6,0,77.56,1
5190,2024,Sudeste,SP,Urbana,Pequeno,19295,F,100,1328.64,0.666,28.99,0,5.09,4.87,65.0,18.72,97.08,76.9,1,85.25,0
5191,2023,Sudeste,RJ,Urbana,Pequeno,18183,M,105,,0.652,27.56,1,2.39,4.81,81.71,29.15,34.37,67.08,1,100.0,0
5192,2024,Sudeste,MG,Urbana,Pequeno,7456,M,89,666.79,0.806,12.6,0,3.55,7.05,100.0,21.89,88.61,66.93,0,82.78,1
5193,2023,Sul,SC,Urbana,Médio,82098,F,91,986.64,0.78,7.94,0,5.85,5.62,37.47,29.0,57.53,74.4,0,80.32,0
5194,2024,Sudeste,MG,Rural,Grande,7884090,M,97,764.89,0.698,17.69,0,3.07,7.06,85.01,12.54,94.6,81.32,1,86.95,0
5195,2023,Sul,RS,Urbana,Médio,44408,F,93,956.01,0.69,22.05,0,4.83,6.6,58.94,20.63,65.25,62.34,1,93.93,1
5196,2023,Sudeste,MG,Urbana,Médio,28821,F,96,1435.32,0.607,6.63,0,4.74,5.28,65.52,28.03,53.47,76.09,1,92.19,0
5197,2022,Sudeste,RJ,Urbana,Pequeno,16971,F,103,934.99,0.663,12.39,0,6.52,8.47,86.17,17.82,53.29,73.2,0,89.06,1
5198,2024,Sudeste,MG,Rural,Pequeno,19725,M,98,1427.18,0.697,20.39,0,4.11,6.02,63.64,21.62,23.17,76.92,0,70.06,0
5199,2024,Centro-Oeste,GO,Rural,Grande,8728544,F,87,989.59,0.545,20.49,1,4.93,5.55,71.65,18.08,89.45,69.65,1,100.0,0
5200,2023,Sudeste,SP,Urbana,Pequeno,4666,M,96,942.14,0.629,23.57,0,5.07,6.1,85.67,22.64,72.96,70.66,1,98.62,0
5201,2024,Sudeste,SP,Urbana,Pequeno,16634,M,99,1107.39,0.688,20.35,0,4.08,8.21,75.65,13.85,78.14,73.04,1,88.0,1
5202,2024,Sudeste,MG,Rural,Pequeno,4950,F,86,891.65,0.711,23.68,1,5.9,6.42,92.31,24.0,60.19,77.01,0,84.71,0
5203,2023,Nordeste,CE,Urbana,Pequeno,11239,M,94,412.81,0.589,30.85,0,2.92,6.22,49.88,25.25,72.89,74.18,0,95.66,0
5204,2022,Norte,AP,Rural,Pequeno,6515,M,94,406.29,0.652,36.84,0,4.16,5.36,55.65,25.56,70.43,64.09,1,89.38,0
5205,2024,Sudeste,MG,Urbana,Médio,90998,M,99,996.17,0.648,23.99,0,,4.21,78.15,24.45,65.35,75.68,1,79.97,0
5206,2022,Sul,RS,Urbana,Pequeno,19339,M,96,1390.43,0.662,25.96,0,,4.88,37.13,16.81,63.97,65.96,0,96.48,1
5207,2022,Sul,RS,Urbana,Pequeno,15941,M,95,1615.48,0.681,23.35,0,6.95,7.82,80.77,23.86,79.78,76.38,1,82.78,0
5208,2023,Nordeste,CE,Urbana,Grande,3737850,F,102,839.38,0.673,40.67,1,5.23,5.1,39.81,18.36,36.19,66.44,0,93.1,1
5209,2022,Norte,AC,Urbana,Médio,191476,M,95,429.44,0.568,44.57,1,5.4,3.93,64.25,16.79,43.84,60.35,1,81.42,1
5210,2022,Centro-Oeste,GO,Urbana,Médio,163432,M,100,912.79,0.719,39.36,1,5.25,5.4,54.34,24.0,54.82,67.81,0,79.44,0
5211,2022,Sudeste,SP,Rural,Grande,5992279,M,91,1498.29,0.685,19.41,0,1.7,4.57,57.85,24.47,52.04,68.8,0,89.32,0
5212,2023,Sudeste,MG,Urbana,Médio,35226,F,98,873.05,0.733,19.75,0,6.12,5.46,88.06,31.85,80.18,67.3,0,70.88,1
5213,2024,Norte,AC,Urbana,Médio,145074,F,93,570.8,0.703,21.32,0,7.12,4.04,78.71,24.99,34.33,81.79,1,83.8,1
5214,2023,Nordeste,AL,Rural,Médio,82998,F,99,800.65,0.669,24.44,0,5.36,5.95,56.82,26.39,20.66,71.7,0,96.08,1
5215,2022,Sudeste,RJ,Urbana,Pequeno,11679,M,105,,0.714,25.89,0,6.62,6.7,56.92,20.08,57.37,71.83,0,95.83,0
5216,2023,Nordeste,RN,Urbana,Pequeno,16850,F,106,525.31,0.669,30.06,0,6.71,5.55,100.0,20.04,56.95,68.59,1,,1
5217,2024,Nordeste,PI,Urbana,Grande,3872038,M,96,1019.36,0.625,37.77,1,5.39,4.0,62.43,22.98,100.0,62.41,1,87.08,0
5218,2022,Norte,TO,Urbana,Médio,47687,F,91,838.12,0.651,41.18,0,3.97,6.4,71.08,19.89,44.97,64.41,1,70.48,1
5219,2023,Sudeste,MG,Urbana,Médio,79618,M,93,1227.11,0.783,7.78,0,8.48,7.89,81.28,20.9,86.88,69.91,0,88.36,1
5220,2024,Sudeste,MG,Urbana,Pequeno,4196,F,99,1319.54,0.753,5.93,0,4.78,5.58,70.4,21.02,38.94,74.25,1,97.38,1
5221,2023,Nordeste,SE,Urbana,Pequeno,5821,F,106,1090.21,0.554,31.59,0,4.4,4.02,100.0,25.5,51.55,65.18,0,89.8,0
5222,2024,Sudeste,MG,Urbana,Grande,6123756,F,96,1614.34,0.624,11.45,0,7.2,3.8,62.44,19.53,54.14,73.46,1,100.0,0
5223,2022,Nordeste,RN,Rural,Pequeno,2689,F,99,654.95,0.636,34.87,0,6.69,2.17,83.02,23.62,88.2,80.33,1,83.82,1
5224,2022,Nordeste,SE,Urbana,Grande,3829429,F,87,378.5,0.666,30.36,1,,6.53,85.88,19.31,53.28,61.08,0,,0
5225,2023,Sul,PR,Urbana,Pequeno,5645,M,101,872.22,0.629,25.51,1,6.89,6.87,81.94,23.96,67.5,80.41,1,96.02,0
5226,2024,Sul,SC,Urbana,Médio,96862,M,94,963.67,0.58,18.37,0,6.32,5.39,79.11,21.78,78.97,77.06,0,96.83,1
5227,2022,Nordeste,MA,Urbana,Médio,20127,M,94,602.16,0.73,41.21,1,4.23,5.14,72.25,24.97,19.12,64.02,0,80.5,0
5228,2023,Sudeste,RJ,Urbana,Pequeno,15440,F,93,1317.1,0.666,12.6,0,6.2,9.83,68.15,23.81,54.99,69.48,1,84.1,1
5229,2022,Norte,RR,Urbana,Pequeno,7739,F,101,759.54,0.662,31.65,0,4.34,7.48,87.57,15.02,50.71,73.83,0,83.47,1
5230,2024,Sudeste,SP,Rural,Médio,41210,F,102,1366.21,0.747,15.94,0,6.56,6.68,59.21,14.12,76.26,66.08,1,81.39,0
5231,2023,Nordeste,CE,Urbana,Pequeno,7758,F,99,994.17,0.574,31.47,0,6.72,4.95,67.08,22.88,66.28,74.4,1,84.74,0
5232,2023,Sul,SC,Urbana,Pequeno,5421,F,90,918.03,0.715,12.84,0,5.88,5.45,84.92,21.09,57.47,76.95,1,,1
5233,2024,Nordeste,PE,Urbana,Médio,29930,M,90,745.94,0.629,32.54,0,4.42,7.8,65.03,15.37,85.39,68.49,1,84.12,0
5234,2024,Sul,PR,Urbana,Médio,159469,M,90,852.04,0.604,26.39,1,3.42,5.17,63.29,17.1,64.25,81.91,0,89.48,0
5235,2023,Nordeste,SE,Urbana,Médio,198658,F,105,807.7,0.67,27.78,0,5.25,5.84,88.44,29.95,71.3,66.26,0,67.71,0
5236,2022,Sul,SC,Urbana,Médio,141966,M,103,467.88,0.666,30.35,0,7.84,4.35,57.77,18.79,46.36,66.94,1,80.93,1
5237,2024,Sudeste,ES,Urbana,Pequeno,11229,F,97,1181.26,0.742,39.38,0,3.18,5.85,41.17,22.83,69.1,69.92,1,84.83,0
5238,2024,Sudeste,MG,Urbana,Pequeno,5981,F,97,1213.43,0.702,13.85,1,4.41,8.53,78.26,15.77,65.52,74.03,0,88.33,1
5239,2022,Sudeste,MG,Urbana,Grande,4488905,M,96,776.1,0.64,23.12,0,4.01,8.32,100.0,18.74,51.02,76.12,0,90.41,1
5240,2023,Norte,PA,Urbana,Pequeno,10653,M,85,634.93,0.688,43.71,0,5.94,5.01,62.42,27.94,45.59,66.1,1,91.16,0
5241,2023,Sudeste,ES,Urbana,Pequeno,3319,F,91,,0.754,31.57,0,5.82,8.63,82.27,20.83,61.27,67.3,1,83.65,1
5242,2024,Norte,AP,Rural,Pequeno,2402,F,87,737.62,0.606,36.93,1,5.88,5.62,86.29,22.11,28.35,68.9,1,88.79,0
5243,2024,Sudeste,SP,Rural,Pequeno,3566,M,84,1216.97,0.604,21.24,0,7.07,4.1,98.99,20.42,100.0,79.69,1,87.7,0
5244,2022,Sudeste,RJ,Rural,Pequeno,5313,F,96,1099.8,0.786,22.06,0,7.03,4.78,64.67,17.22,67.99,69.55,0,76.43,0
5245,2023,Nordeste,BA,Urbana,Pequeno,17270,F,87,492.18,0.675,16.7,0,3.81,6.53,41.45,26.22,57.37,72.79,0,82.17,0
5246,2022,Norte,TO,Urbana,Médio,114927,M,100,777.22,0.71,59.37,0,4.76,5.3,85.21,25.45,73.14,66.12,1,82.16,0
5247,2022,Centro-Oeste,MS,Urbana,Médio,161027,F,97,532.27,0.658,13.77,0,5.03,6.11,83.68,25.65,51.71,72.52,1,88.46,1
5248,2022,Sul,RS,Urbana,Médio,135893,F,95,841.1,0.659,30.26,1,4.74,7.41,66.03,20.57,58.76,76.97,0,99.76,0
5249,2022,Nordeste,BA,Rural,Pequeno,14481,F,102,373.24,0.58,29.91,1,4.86,3.89,72.92,20.11,47.0,71.91,1,87.34,0
5250,2023,Sudeste,ES,Rural,Médio,120859,M,93,,0.705,13.0,0,7.7,6.26,81.31,24.27,48.59,64.5,1,89.28,1
5251,2024,Norte,RO,Urbana,Médio,45218,M,88,344.51,0.607,21.22,1,2.34,7.37,60.06,25.91,42.95,64.51,0,83.74,1
5252,2022,Nordeste,PI,Urbana,Grande,6320592,M,97,608.66,0.66,6.48,0,3.77,3.43,76.41,19.66,64.54,72.26,0,81.76,0
5253,2024,Nordeste,PE,Rural,Pequeno,18395,M,102,775.47,0.541,15.87,0,2.79,4.84,78.14,26.44,62.7,65.87,1,88.97,0
5254,2024,Sudeste,ES,Urbana,Pequeno,11047,M,104,1007.89,0.619,15.16,0,5.38,7.3,83.53,27.12,42.04,75.95,0,100.0,1
5255,2024,Nordeste,PI,Urbana,Médio,180755,M,87,556.13,0.6,43.36,1,4.11,5.6,56.82,26.53,66.42,70.37,1,85.52,0
5256,2024,Sul,SC,Rural,Pequeno,18658,F,101,1293.22,0.697,37.75,0,6.27,7.61,55.44,27.95,66.84,71.35,0,89.1,1
5257,2023,Sudeste,MG,Rural,Médio,122480,F,103,985.89,0.663,22.23,0,4.09,6.15,72.84,25.56,44.85,76.69,1,96.11,0
5258,2023,Sudeste,SP,Urbana,Pequeno,4393,F,103,943.58,0.818,10.64,0,7.48,5.06,88.14,28.98,100.0,61.31,0,100.0,1
5259,2024,Nordeste,MA,Urbana,Pequeno,19548,F,102,858.99,0.505,22.61,1,3.32,7.59,60.22,20.8,42.31,71.97,0,93.4,1
5260,2024,Centro-Oeste,DF,Rural,Grande,9545269,F,87,759.82,0.608,23.26,0,3.67,5.45,66.66,18.02,28.21,66.19,1,88.11,0
5261,2022,Norte,PA,Urbana,Médio,21182,F,94,792.37,0.632,24.14,0,2.01,4.63,72.98,19.42,72.48,68.12,1,80.4,0
5262,2022,Nordeste,BA,Urbana,Pequeno,4373,F,85,319.56,0.714,30.01,0,5.23,3.98,49.93,26.22,44.08,67.09,1,73.37,0
5263,2023,Sudeste,RJ,Urbana,Pequeno,11609,M,102,1239.2,0.685,20.86,0,6.08,10.0,87.91,21.73,69.57,74.98,1,75.61,1
5264,2024,Nordeste,PE,Urbana,Médio,28511,F,86,376.32,0.64,16.37,0,5.53,6.02,65.24,18.56,68.5,77.84,0,83.9,0
5265,2024,Centro-Oeste,MT,Urbana,Pequeno,12449,M,94,863.21,0.636,16.2,0,3.69,6.08,86.43,21.92,88.01,63.39,0,87.15,0
5266,2022,Norte,RO,Rural,Pequeno,11202,F,93,913.65,0.533,28.41,1,6.02,3.03,64.83,20.75,76.65,60.52,1,92.78,1
5267,2024,Centro-Oeste,MS,Rural,Pequeno,13577,F,101,809.39,0.553,20.03,0,4.4,8.17,54.86,23.88,76.13,71.75,0,92.92,1
5268,2023,Nordeste,MA,Urbana,Pequeno,8362,M,86,378.41,0.675,23.78,0,3.0,5.84,60.96,22.02,57.98,67.4,1,90.45,0
5269,2024,Sul,SC,Rural,Pequeno,17415,M,87,1312.29,0.691,17.39,1,9.0,2.23,73.17,25.95,71.5,73.38,1,87.14,1
5270,2024,Nordeste,PE,Urbana,Grande,1347334,F,104,827.32,0.601,34.28,0,5.22,4.29,58.57,24.64,26.7,70.17,0,74.01,0
5271,2022,Sul,PR,Urbana,Médio,149071,M,89,1472.51,0.646,23.09,0,5.17,5.81,98.77,16.52,31.23,66.1,0,87.46,1
5272,2024,Sudeste,ES,Urbana,Grande,6094726,M,100,963.66,0.635,8.65,0,5.85,3.64,96.87,14.51,49.21,65.64,0,86.1,0
5273,2024,Sudeste,MG,Urbana,Médio,132939,M,90,1181.4,0.698,25.78,0,6.98,6.34,76.54,17.23,51.9,69.22,0,90.59,0
5274,2022,Sudeste,RJ,Urbana,Médio,103948,F,103,891.25,0.72,24.53,1,4.28,6.49,83.19,15.35,59.37,76.54,1,78.59,0
5275,2024,Sudeste,SP,Urbana,Pequeno,19051,M,104,896.36,0.805,19.18,1,5.46,7.18,89.64,24.23,71.78,67.31,1,95.76,1
5276,2023,Sudeste,RJ,Urbana,Pequeno,11699,M,93,1158.68,0.644,21.87,0,6.18,7.51,64.64,18.19,89.49,79.75,1,84.58,1
5277,2022,Sul,PR,Urbana,Pequeno,6688,F,85,797.82,0.606,29.94,1,5.05,6.25,57.08,22.76,68.86,72.58,0,91.52,0
5278,2023,Nordeste,AL,Urbana,Médio,167407,M,91,611.1,0.672,27.5,1,3.13,7.31,95.89,24.78,52.47,69.55,0,99.36,0
5279,2024,Sudeste,ES,Urbana,Pequeno,14326,M,103,1174.76,0.716,20.72,0,6.24,7.63,57.97,24.07,92.15,63.23,1,92.55,0
5280,2024,Sudeste,MG,Urbana,Grande,10907108,M,91,415.09,0.702,11.78,0,7.47,8.86,76.5,13.32,52.32,80.59,0,90.31,0
5281,2023,Sul,RS,Urbana,Pequeno,9225,F,102,,0.708,24.76,0,3.99,6.14,81.02,21.73,62.26,78.39,1,83.7,0
5282,2024,Sudeste,RJ,Rural,Médio,94515,M,92,1140.12,0.794,20.49,0,6.03,5.56,81.88,24.08,43.26,72.65,0,95.22,0
5283,2024,Sudeste,MG,Rural,Pequeno,7289,M,87,991.7,0.756,22.79,0,7.03,8.0,74.58,27.76,51.86,71.19,0,96.31,1
5284,2022,Sudeste,SP,Urbana,Médio,124887,F,98,648.27,0.754,18.83,0,5.57,6.85,68.17,21.01,83.23,71.79,0,89.61,1
5285,2024,Nordeste,AL,Urbana,Pequeno,17660,M,85,588.8,0.727,22.44,0,5.7,5.43,60.7,21.22,21.45,73.19,0,68.12,0
5286,2024,Sudeste,SP,Rural,Pequeno,8300,F,90,1283.89,0.568,21.59,0,4.23,7.87,71.36,21.45,69.29,80.14,0,97.74,1
5287,2023,Sudeste,MG,Urbana,Pequeno,2100,F,87,1000.86,0.735,16.56,0,3.73,4.91,77.65,26.12,49.57,78.5,1,92.18,1
5288,2023,Sudeste,RJ,Rural,Pequeno,2908,M,96,1158.58,0.673,34.9,1,6.14,7.59,47.86,14.29,52.66,71.27,1,80.82,0
5289,2022,Sudeste,SP,Urbana,Pequeno,14717,F,105,1193.0,0.693,28.96,0,,5.97,87.15,21.25,81.32,76.35,0,91.99,1
5290,2023,Centro-Oeste,DF,Rural,Médio,99810,M,106,963.51,0.554,34.58,1,4.6,6.34,84.22,26.55,58.03,76.97,0,75.47,1
5291,2023,Sudeste,RJ,Urbana,Pequeno,12751,M,93,1303.08,0.7,11.39,1,5.29,7.09,71.76,18.32,60.59,82.0,0,97.22,0
5292,2023,Nordeste,BA,Urbana,Pequeno,16021,F,87,1169.82,0.6,24.2,0,4.05,7.43,62.23,26.48,64.11,68.75,1,83.76,0
5293,2022,Nordeste,CE,Urbana,Pequeno,13237,M,94,791.55,0.658,42.44,1,4.66,4.23,69.61,20.42,58.58,66.66,1,70.73,0
5294,2024,Sul,PR,Urbana,Médio,178610,F,88,744.77,0.576,26.21,1,7.5,8.16,68.61,20.96,47.94,70.38,1,85.28,0
5295,2024,Nordeste,RN,Urbana,Médio,141350,M,96,849.33,0.769,32.22,1,2.83,5.34,89.6,22.11,41.51,62.55,1,83.5,0
5296,2022,Sudeste,ES,Urbana,Grande,11217038,M,88,1146.52,0.701,22.95,0,4.18,5.03,69.98,18.23,94.35,68.25,0,95.01,1
5297,2022,Nordeste,CE,Rural,Médio,172371,M,105,,0.666,20.48,0,5.51,3.05,49.92,24.83,40.78,67.79,0,94.08,0
5298,2023,Sudeste,MG,Urbana,Pequeno,8986,F,101,1015.51,0.691,15.01,0,4.47,6.64,36.57,17.17,58.58,61.21,0,85.6,0
5299,2024,Sudeste,RJ,Urbana,Médio,101186,M,93,1201.81,0.631,21.46,1,4.93,8.3,64.18,16.61,69.05,70.83,0,96.81,1
5300,2023,Norte,AC,Urbana,Pequeno,8864,M,94,1182.4,0.61,20.77,0,5.36,5.09,89.43,17.07,50.11,81.22,1,73.28,0
5301,2024,Sudeste,SP,Urbana,Médio,75926,M,102,1128.22,0.7,11.29,1,6.1,8.46,76.2,19.61,72.45,67.49,1,80.76,1
5302,2022,Centro-Oeste,MS,Urbana,Médio,108868,F,87,990.29,0.656,33.98,0,5.64,8.07,80.03,16.5,93.0,69.72,1,97.79,1
5303,2024,Sudeste,MG,Urbana,Pequeno,19811,M,103,1332.21,0.685,13.75,0,4.2,6.65,87.9,15.96,78.49,75.93,1,100.0,0
5304,2024,Sudeste,RJ,Rural,Pequeno,15416,M,93,928.36,0.733,24.07,0,5.71,6.81,69.31,14.29,100.0,69.21,0,86.0,0
5305,2024,Sudeste,ES,Urbana,Pequeno,7819,M,102,798.86,0.693,22.37,1,3.7,7.17,84.11,18.76,54.36,67.93,1,100.0,0
5306,2022,Sudeste,SP,Urbana,Médio,141757,M,94,1265.18,0.583,25.78,0,5.23,6.6,62.15,19.47,69.24,70.3,0,87.59,1
5307,2023,Sul,PR,Urbana,Médio,43640,M,93,653.16,0.733,26.89,0,5.01,8.86,80.78,22.12,69.97,81.25,1,90.28,0
5308,2023,Nordeste,RN,Urbana,Pequeno,15948,M,105,513.03,0.638,42.95,1,6.17,2.99,69.98,27.49,27.87,64.67,1,85.14,0
5309,2024,Nordeste,BA,Urbana,Médio,45467,F,96,520.33,0.612,30.15,1,4.51,7.13,94.4,27.18,47.67,67.0,1,87.13,0
5310,2024,Sudeste,ES,Urbana,Médio,182120,F,105,338.51,0.784,19.26,0,3.93,6.46,30.01,26.46,49.89,77.99,1,95.33,0
5311,2022,Centro-Oeste,MS,Urbana,Pequeno,12176,F,89,784.17,0.594,24.63,0,5.58,5.14,43.71,24.67,72.15,72.81,0,87.2,1
5312,2024,Sudeste,SP,Urbana,Pequeno,9160,M,104,493.31,0.77,12.22,0,6.53,6.69,100.0,25.02,54.41,68.33,1,96.65,1
5313,2022,Sudeste,ES,Rural,Pequeno,4110,M,90,944.37,0.674,21.98,1,6.42,10.0,71.23,19.44,49.7,63.31,1,88.37,0
5314,2022,Nordeste,SE,Rural,Pequeno,5220,M,89,808.8,0.648,35.27,0,2.65,4.73,100.0,27.55,61.96,64.92,1,90.13,0
5315,2022,Sul,PR,Urbana,Pequeno,16387,F,85,812.15,0.744,24.37,0,4.96,7.42,43.25,21.41,52.53,65.0,1,91.87,1
5316,2024,Nordeste,CE,Urbana,Pequeno,14201,F,84,1040.61,0.606,28.63,0,5.09,6.31,44.5,19.28,80.83,71.48,0,80.34,0
5317,2022,Sudeste,MG,Urbana,Médio,91123,F,93,1259.4,0.667,15.01,1,7.78,7.74,67.38,21.47,69.52,65.4,1,94.99,0
5318,2023,Sudeste,ES,Rural,Médio,62284,F,100,629.19,0.699,10.96,0,6.94,5.16,62.8,23.94,100.0,69.33,1,94.9,0
5319,2023,Sul,SC,Urbana,Pequeno,4628,F,87,1132.85,0.673,18.43,0,5.68,4.7,69.51,21.4,45.23,79.46,1,79.59,0
5320,2024,Centro-Oeste,MS,Urbana,Pequeno,11552,M,91,1432.8,0.697,27.57,1,5.2,7.93,80.55,22.14,33.8,75.37,1,70.51,0
5321,2022,Sul,SC,Urbana,Pequeno,2779,M,90,595.0,0.602,12.17,1,5.91,5.1,56.58,21.36,59.98,70.0,1,93.92,0
5322,2022,Sul,RS,Urbana,Grande,2083857,M,100,994.12,0.64,25.53,0,2.74,7.84,82.45,15.15,51.11,67.9,1,84.86,0
5323,2022,Sudeste,SP,Urbana,Pequeno,19895,F,90,,0.662,22.19,0,5.03,7.21,86.65,24.32,62.62,70.2,0,80.79,0
5324,2022,Sudeste,ES,Urbana,Pequeno,7570,M,98,,0.748,18.83,0,6.49,7.81,84.05,20.67,98.3,66.2,1,90.44,0
5325,2022,Sudeste,MG,Urbana,Pequeno,19053,M,91,1600.08,0.745,6.46,0,4.01,7.12,88.32,15.62,86.22,67.24,0,84.98,0
5326,2023,Nordeste,AL,Urbana,Pequeno,3111,M,103,848.14,0.591,37.82,1,4.51,4.8,60.59,19.65,76.21,69.36,1,80.11,0
5327,2024,Nordeste,CE,Rural,Grande,5858981,F,88,826.67,0.669,23.62,0,3.93,6.13,35.33,19.42,45.49,66.97,0,86.27,0
5328,2024,Sul,PR,Urbana,Pequeno,15284,M,95,849.34,0.674,24.55,0,4.84,7.85,92.84,22.13,55.13,71.17,0,88.46,1
5329,2023,Sudeste,SP,Rural,Grande,2798648,F,104,1045.34,0.733,9.45,0,,6.25,68.29,18.36,79.14,69.63,0,81.59,0
5330,2024,Sudeste,ES,Urbana,Pequeno,9040,F,106,1172.62,0.811,10.04,1,4.88,6.93,78.72,20.91,100.0,75.61,0,86.22,0
5331,2024,Norte,AP,Urbana,Pequeno,10727,F,98,397.41,0.636,35.54,1,4.15,4.54,28.64,19.63,60.64,68.03,1,86.6,1
5332,2024,Nordeste,PB,Rural,Pequeno,19679,M,104,1068.61,0.647,19.93,0,2.85,5.67,74.69,23.45,75.6,69.1,1,90.1,1
5333,2023,Sudeste,MG,Urbana,Pequeno,12522,M,100,906.0,0.804,14.6,0,6.18,10.0,60.65,19.5,67.4,69.91,1,99.24,1
5334,2023,Sul,RS,Urbana,Grande,7240708,F,94,1551.35,0.751,6.29,0,5.22,5.69,78.35,16.48,31.54,66.5,0,84.51,1
5335,2022,Norte,RO,Urbana,Pequeno,15940,F,98,510.66,0.503,31.62,1,3.43,6.45,58.95,19.54,40.52,70.75,1,93.48,1
5336,2022,Sudeste,MG,Urbana,Pequeno,3224,M,91,1050.79,0.712,24.72,0,6.45,8.14,84.83,24.44,100.0,79.53,0,75.66,0
5337,2023,Centro-Oeste,GO,Rural,Pequeno,6301,F,91,364.74,0.601,23.79,0,5.39,4.35,59.61,17.57,39.92,69.78,0,84.65,0
5338,2023,Nordeste,PE,Urbana,Pequeno,7404,F,97,1085.23,0.635,35.65,0,3.01,5.98,49.46,24.08,73.16,63.55,1,94.29,0
5339,2022,Nordeste,MA,Rural,Pequeno,11988,M,87,911.31,0.63,33.56,0,3.8,6.75,46.97,25.0,49.2,64.81,1,100.0,0
5340,2022,Sudeste,MG,Urbana,Pequeno,5804,M,87,1285.49,0.844,17.96,1,5.41,5.77,44.17,27.12,74.51,74.52,1,80.17,0
5341,2024,Sudeste,ES,Urbana,Pequeno,4192,M,87,951.14,0.748,13.19,0,5.15,6.93,76.11,21.02,63.87,69.32,1,90.28,1
5342,2022,Sudeste,ES,Rural,Médio,179108,F,107,1149.7,0.673,21.24,0,9.0,8.77,83.04,27.35,25.32,64.14,0,93.71,1
5343,2024,Nordeste,PB,Urbana,Médio,58559,F,106,851.11,0.772,38.22,0,4.07,6.29,43.51,14.11,58.19,68.01,0,93.26,0
5344,2023,Sudeste,ES,Urbana,Pequeno,4880,M,101,1267.38,0.75,10.19,1,4.55,7.52,50.3,21.42,70.56,79.16,0,79.5,0
5345,2022,Sudeste,ES,Urbana,Pequeno,7108,F,105,921.45,0.632,23.71,1,5.53,3.07,78.68,26.5,53.45,67.01,1,69.37,0
5346,2024,Nordeste,BA,Rural,Pequeno,19464,F,91,714.66,0.656,26.19,0,4.84,5.99,60.0,16.13,67.58,66.82,0,75.47,0
5347,2024,Sudeste,SP,Rural,Pequeno,13653,F,85,1081.47,0.695,14.6,0,5.72,2.72,82.35,27.76,39.62,80.31,1,89.98,0
5348,2023,Sudeste,ES,Rural,Pequeno,3301,M,93,896.0,0.653,23.12,0,5.99,4.63,88.43,11.5,42.78,75.48,0,98.28,1
5349,2024,Sudeste,RJ,Urbana,Médio,155605,F,103,1247.04,0.696,33.67,0,3.14,3.25,58.43,21.3,84.89,69.8,1,100.0,0
5350,2023,Sudeste,MG,Urbana,Médio,48804,M,97,853.86,0.711,17.38,0,4.45,8.47,76.92,21.84,49.95,64.31,0,77.69,1
5351,2024,Centro-Oeste,DF,Urbana,Pequeno,18793,F,92,1122.67,0.7,23.08,0,4.86,6.08,88.68,23.61,22.94,78.52,0,87.75,1
5352,2022,Nordeste,RN,Urbana,Grande,4911528,M,84,880.04,0.669,35.36,1,4.17,9.3,45.53,13.28,77.5,68.93,0,83.53,1
5353,2024,Sudeste,ES,Urbana,Grande,11502484,M,105,1051.09,0.669,12.64,1,4.27,6.9,80.42,24.62,56.49,76.64,1,90.1,0
5354,2022,Sudeste,RJ,Urbana,Pequeno,18067,F,87,915.86,0.601,28.71,0,4.89,9.68,38.81,16.98,59.71,74.74,0,,1
5355,2022,Nordeste,RN,Urbana,Pequeno,10331,M,87,298.67,0.663,29.62,1,3.43,2.11,55.11,24.8,52.53,72.07,0,73.12,0
5356,2022,Centro-Oeste,DF,Urbana,Médio,67756,M,93,863.26,0.769,23.88,1,4.32,4.94,83.14,26.27,30.18,67.71,0,85.82,1
5357,2022,Sul,PR,Urbana,Pequeno,4438,M,87,1492.11,0.631,20.3,0,4.47,6.03,76.0,29.24,70.1,71.6,0,98.94,0
5358,2023,Centro-Oeste,GO,Urbana,Pequeno,17778,M,94,918.03,0.685,25.45,0,8.04,7.16,83.09,22.34,65.57,72.61,1,83.03,1
5359,2022,Sudeste,MG,Urbana,Pequeno,2459,M,84,,0.685,19.93,1,5.65,8.64,59.57,22.03,62.84,84.92,1,92.18,0
5360,2023,Sul,RS,Urbana,Pequeno,15235,F,97,722.22,0.713,13.98,0,5.36,6.09,59.23,16.04,67.76,77.64,1,86.06,1
5361,2023,Nordeste,PB,Urbana,Pequeno,11774,M,94,437.13,0.734,28.85,0,5.94,5.57,74.08,19.04,90.25,64.57,0,76.97,1
5362,2024,Norte,RR,Rural,Pequeno,11301,F,84,850.68,0.561,22.41,0,5.28,5.04,68.89,17.69,41.5,71.79,1,92.86,0
5363,2023,Norte,PA,Urbana,Médio,123936,F,100,628.34,0.697,22.37,0,5.42,6.22,72.8,16.71,61.87,64.5,0,94.5,1
5364,2024,Sudeste,ES,Urbana,Grande,637412,F,93,1126.12,0.758,19.23,0,8.4,6.0,82.74,17.9,58.47,67.83,1,100.0,1
5365,2024,Nordeste,PB,Urbana,Pequeno,4754,F,99,806.94,0.63,26.29,0,6.89,5.11,86.55,20.08,43.24,73.08,1,71.78,1
5366,2022,Nordeste,BA,Urbana,Médio,27893,M,87,730.18,0.699,26.37,1,2.97,2.01,46.16,22.48,78.76,70.58,1,89.44,0
5367,2023,Nordeste,PB,Urbana,Médio,118255,M,107,730.97,0.57,29.3,0,6.07,2.89,80.57,29.09,80.78,74.53,1,88.02,0
5368,2023,Nordeste,MA,Rural,Pequeno,9386,F,100,1105.7,0.759,27.02,1,4.73,2.43,80.7,24.18,41.63,67.25,1,86.86,0
5369,2023,Nordeste,PE,Urbana,Pequeno,16414,F,107,1017.04,0.704,20.52,0,6.76,4.84,79.16,26.04,36.33,66.31,1,75.19,1
5370,2024,Nordeste,PB,Urbana,Pequeno,2107,F,92,860.14,0.694,30.19,0,5.21,7.54,78.58,14.59,70.91,67.82,1,87.12,1
5371,2022,Sudeste,MG,Urbana,Pequeno,2047,M,95,1112.25,0.648,16.58,1,5.48,6.27,89.67,24.33,69.2,75.28,1,97.5,1
5372,2022,Sul,PR,Urbana,Médio,127455,F,107,1510.3,0.794,24.65,0,5.72,4.93,72.39,26.04,97.58,70.35,1,88.85,0
5373,2023,Sul,SC,Rural,Pequeno,19980,M,97,1205.23,0.81,27.33,1,4.78,3.56,61.24,20.22,78.13,67.85,0,84.56,0
5374,2023,Nordeste,MA,Urbana,Pequeno,8682,F,106,465.02,0.587,40.47,0,5.46,7.17,74.3,22.7,69.53,69.4,1,84.95,0
5375,2023,Sul,PR,Urbana,Pequeno,14467,F,85,737.83,0.645,13.91,0,5.49,6.89,58.81,16.88,54.16,75.06,0,98.97,0
5376,2022,Sudeste,ES,Urbana,Pequeno,18238,F,84,1092.51,0.687,27.01,0,3.52,5.52,99.63,21.88,86.0,66.52,1,88.98,0
5377,2023,Sudeste,ES,Urbana,Pequeno,14161,M,86,1178.95,0.715,8.46,0,4.77,6.36,78.5,24.33,74.84,59.48,0,90.58,1
5378,2023,Nordeste,CE,Urbana,Pequeno,15718,M,90,692.69,0.759,22.17,1,5.42,4.76,58.45,19.77,37.58,75.7,0,79.6,0
5379,2022,Centro-Oeste,GO,Rural,Pequeno,16036,F,88,688.55,0.662,33.22,1,7.08,9.12,70.08,30.43,54.44,71.46,0,96.91,1
5380,2023,Centro-Oeste,MT,Urbana,Pequeno,18072,M,98,717.15,0.691,13.51,0,5.82,4.62,64.79,28.67,69.37,68.41,0,100.0,1
5381,2023,Sul,RS,Urbana,Grande,8114032,F,102,1172.95,0.701,19.13,1,2.93,5.63,60.95,23.45,52.16,74.79,0,88.91,1
5382,2023,Nordeste,MA,Urbana,Grande,5038650,M,96,1152.48,0.597,49.95,1,5.13,7.98,61.12,24.2,77.75,63.68,1,77.42,0
5383,2022,Nordeste,CE,Urbana,Pequeno,10717,M,89,376.37,0.65,23.29,0,4.08,5.66,49.89,20.7,86.64,68.8,0,82.6,1
5384,2022,Sul,RS,Urbana,Pequeno,2327,F,97,861.82,0.81,16.48,1,5.91,6.05,96.21,15.97,42.57,81.06,1,86.63,0
5385,2022,Sudeste,MG,Urbana,Pequeno,11213,M,90,1042.53,0.703,16.46,0,6.98,7.15,56.62,21.47,52.8,65.99,0,94.47,1
5386,2023,Sudeste,ES,Rural,Pequeno,19337,F,94,1154.33,0.619,26.36,0,4.14,4.95,79.95,21.72,73.79,66.35,0,86.58,1
5387,2022,Sudeste,MG,Rural,Grande,7157712,F,89,899.35,0.765,32.07,0,4.2,5.7,81.68,18.73,55.81,67.86,0,84.78,1
5388,2024,Sul,SC,Rural,Pequeno,3070,F,95,880.95,0.643,11.74,0,5.84,5.26,51.48,19.6,72.18,71.15,0,,0
5389,2024,Nordeste,RN,Urbana,Pequeno,2782,M,90,,0.647,38.87,1,5.66,6.66,42.78,17.12,83.71,63.72,0,83.76,1
5390,2022,Nordeste,MA,Rural,Pequeno,15901,F,85,962.27,0.658,37.91,1,,2.64,64.58,20.07,63.29,77.83,0,82.91,1
5391,2024,Sudeste,ES,Urbana,Pequeno,4811,M,88,949.8,0.611,6.25,0,5.1,8.42,73.3,26.14,44.36,74.89,1,100.0,1
5392,2023,Sudeste,RJ,Rural,Pequeno,5008,M,93,1335.39,0.762,17.71,0,5.94,4.77,91.41,18.96,61.95,73.31,1,73.43,0
5393,2023,Sudeste,MG,Urbana,Pequeno,19773,M,96,1213.6,0.811,18.75,1,4.58,5.97,73.42,21.4,53.41,65.98,0,82.08,0
5394,2024,Sudeste,SP,Urbana,Pequeno,11027,F,85,1047.21,0.687,25.12,0,2.32,7.01,80.18,28.49,77.11,72.44,0,92.33,1
5395,2024,Sul,SC,Urbana,Pequeno,15949,F,98,1049.12,0.628,13.43,1,5.33,2.15,80.33,21.71,67.17,71.13,0,70.37,0
5396,2023,Sudeste,MG,Urbana,Médio,99436,M,103,974.78,0.752,28.65,1,4.52,3.84,89.58,22.89,71.35,71.53,1,91.93,0
5397,2023,Sudeste,MG,Urbana,Médio,78621,M,104,978.34,0.627,30.44,0,6.78,6.7,48.23,24.36,77.02,66.71,1,83.42,0
5398,2024,Centro-Oeste,MS,Rural,Pequeno,9230,M,97,559.94,0.674,34.94,0,6.65,5.78,80.54,22.72,43.43,76.1,0,86.86,0
5399,2022,Sudeste,MG,Urbana,Grande,4443324,F,87,1536.67,0.76,15.27,0,5.91,8.26,67.08,14.2,49.62,65.61,0,96.01,0
5400,2023,Sudeste,RJ,Urbana,Pequeno,10175,F,100,824.58,0.66,31.27,0,5.8,4.34,70.42,17.24,53.08,67.42,1,82.09,1
5401,2023,Norte,AC,Rural,Pequeno,11077,F,88,785.84,0.596,35.68,0,4.12,5.3,68.0,26.59,36.94,70.97,0,85.52,0
5402,2024,Nordeste,MA,Urbana,Pequeno,5766,F,84,541.21,0.786,34.06,1,2.69,3.22,60.96,24.94,56.01,65.42,1,90.94,0
5403,2023,Sul,PR,Urbana,Pequeno,7600,F,101,942.31,0.736,23.15,0,3.84,6.12,72.86,23.88,70.33,67.72,1,84.41,1
5404,2024,Sudeste,MG,Urbana,Pequeno,6591,M,92,1036.86,0.638,29.69,0,3.61,6.07,73.51,19.81,81.78,75.57,0,83.24,1
5405,2022,Sudeste,ES,Rural,Grande,921718,M,103,1041.43,0.702,32.95,0,4.69,9.2,94.22,21.57,61.27,76.14,0,100.0,1
5406,2023,Nordeste,CE,Urbana,Médio,196926,F,84,629.95,0.641,25.92,1,2.74,6.86,75.73,25.05,60.48,64.17,1,80.98,0
5407,2023,Nordeste,PI,Urbana,Médio,149314,M,104,517.84,0.683,16.96,1,,7.92,56.64,23.28,32.04,73.8,0,94.87,0
5408,2022,Nordeste,CE,Urbana,Pequeno,8167,M,104,,0.582,25.91,1,6.98,6.97,72.89,20.89,46.44,71.05,0,76.85,0
5409,2022,Sudeste,MG,Rural,Grande,9193499,M,93,1194.89,0.704,13.72,0,5.27,6.46,95.25,19.1,69.17,62.25,0,86.36,0
5410,2024,Sul,PR,Urbana,Grande,1413651,F,86,944.48,0.777,26.13,0,5.39,8.25,68.92,23.24,71.22,71.94,1,100.0,0
5411,2024,Sul,RS,Urbana,Pequeno,11986,M,91,1332.3,0.69,17.39,0,4.43,8.58,88.5,29.33,55.54,66.57,0,81.57,1
5412,2023,Sul,SC,Urbana,Médio,175114,F,89,763.62,0.789,27.22,0,5.9,6.33,68.99,20.31,88.25,66.82,0,78.98,0
5413,2024,Nordeste,CE,Urbana,Pequeno,4296,F,86,900.97,0.513,26.2,0,4.58,3.73,81.63,24.95,41.43,61.8,1,63.36,0
5414,2024,Sudeste,ES,Urbana,Grande,9245126,M,104,569.17,0.687,18.08,1,,7.61,60.73,17.51,79.32,65.97,1,85.77,0
5415,2022,Sudeste,ES,Urbana,Médio,75484,M,90,1017.57,0.648,33.0,0,3.74,5.48,63.82,20.58,97.4,69.15,0,90.21,0
5416,2022,Norte,TO,Urbana,Pequeno,13887,F,91,795.51,0.69,39.95,1,4.18,4.67,62.14,19.26,46.49,70.81,1,,0
5417,2023,Nordeste,CE,Rural,Médio,89535,M,100,704.79,0.635,25.59,1,2.89,4.61,64.56,24.63,34.84,71.6,1,82.01,0
5418,2023,Sudeste,RJ,Urbana,Pequeno,16389,F,89,1099.86,0.705,13.29,0,,8.17,100.0,21.64,97.22,72.12,1,88.73,0
5419,2023,Sudeste,RJ,Urbana,Pequeno,4377,M,96,1059.85,0.716,16.49,0,5.53,5.52,75.84,13.33,66.42,71.22,1,93.04,0
5420,2023,Sudeste,SP,Urbana,Pequeno,19206,M,105,1280.69,0.672,26.42,0,6.87,5.52,64.05,22.56,46.99,77.75,1,81.24,1
5421,2022,Norte,AC,Urbana,Médio,37969,M,104,,0.689,31.5,0,3.98,7.22,77.33,27.31,34.74,65.0,1,100.0,1
5422,2022,Norte,PA,Urbana,Médio,31611,F,107,433.05,0.639,41.59,0,4.66,5.61,77.76,11.44,65.64,62.16,1,87.48,0
5423,2024,Centro-Oeste,GO,Urbana,Pequeno,12630,M,91,959.01,0.726,28.27,0,5.32,5.75,72.61,26.72,65.6,67.58,1,96.1,0
5424,2024,Nordeste,BA,Rural,Grande,4445653,F,87,530.93,0.62,25.05,0,4.04,6.89,64.03,29.06,38.92,72.4,1,84.73,1
5425,2024,Nordeste,MA,Rural,Médio,94161,M,98,880.71,0.691,22.59,0,6.15,6.64,71.61,25.92,15.01,59.49,0,88.84,0
5426,2024,Centro-Oeste,MT,Urbana,Grande,3543113,F,100,809.66,0.601,23.09,0,,5.89,47.12,20.15,36.58,74.89,1,93.44,0
5427,2023,Sul,PR,Urbana,Médio,110824,F,88,1121.1,0.715,13.87,0,4.9,4.58,80.42,23.2,30.04,70.34,0,100.0,1
5428,2022,Nordeste,PB,Urbana,Médio,109037,M,105,392.61,0.65,22.04,1,6.2,3.93,56.96,21.88,36.57,65.78,0,85.87,1
5429,2024,Norte,AP,Rural,Pequeno,2328,M,88,333.18,0.657,16.69,0,5.78,6.06,53.63,26.97,41.28,69.23,1,84.27,1
5430,2022,Sudeste,ES,Urbana,Médio,21082,M,106,965.67,0.74,43.01,1,2.7,8.11,74.33,26.75,44.26,81.55,0,90.03,1
5431,2022,Sudeste,ES,Urbana,Médio,94363,F,104,1065.68,0.689,19.42,1,4.18,5.71,84.61,22.22,44.87,72.71,1,85.75,0
5432,2023,Sul,PR,Urbana,Grande,1772283,F,88,1010.11,0.677,21.35,1,3.5,6.04,84.16,30.17,98.14,72.96,0,86.9,1
5433,2023,Sudeste,ES,Urbana,Médio,137870,M,86,1234.01,0.642,15.67,1,5.37,9.61,54.5,21.95,48.17,67.37,0,69.99,1
5434,2022,Norte,RO,Rural,Médio,82392,M,97,698.0,0.574,28.77,0,5.36,8.5,71.97,26.39,37.89,69.21,0,85.41,1
5435,2023,Sudeste,SP,Rural,Médio,23940,M,106,761.28,0.709,21.13,1,6.66,5.92,93.19,17.19,20.57,68.74,0,90.02,0
5436,2022,Nordeste,PI,Urbana,Pequeno,6823,M,101,793.09,0.582,45.73,1,6.32,7.79,43.8,25.78,75.54,69.5,0,100.0,0
5437,2023,Norte,RR,Urbana,Pequeno,9873,M,86,650.15,0.633,17.35,0,5.2,8.13,62.84,31.28,37.71,70.15,1,84.21,1
5438,2022,Sudeste,RJ,Urbana,Pequeno,7226,F,99,1145.19,0.708,17.06,0,6.38,5.75,64.49,33.99,57.3,68.63,1,100.0,0
5439,2022,Sudeste,ES,Urbana,Pequeno,17636,F,107,876.07,0.692,21.56,0,4.81,4.08,82.76,19.63,60.63,66.24,0,86.73,1
5440,2023,Sudeste,RJ,Urbana,Grande,8939397,F,94,743.59,0.737,12.25,1,4.85,4.4,89.75,24.39,62.15,79.84,1,83.38,1
5441,2022,Sudeste,SP,Urbana,Pequeno,18801,F,104,1110.88,0.762,3.71,0,5.58,6.08,88.28,24.7,54.76,71.93,1,82.36,0
5442,2023,Sudeste,RJ,Urbana,Pequeno,15395,F,103,1175.01,0.63,27.02,0,3.38,4.12,65.51,25.71,51.41,72.47,1,80.78,0
5443,2023,Sudeste,SP,Urbana,Médio,50149,M,86,1367.73,0.66,24.96,1,5.65,7.11,61.75,21.92,32.98,66.01,0,100.0,1
5444,2024,Sudeste,RJ,Urbana,Pequeno,12125,M,93,1150.79,0.777,20.35,0,4.8,4.79,77.03,17.29,72.28,65.75,1,100.0,0
5445,2022,Sudeste,MG,Urbana,Médio,38047,F,105,1483.94,0.809,6.4,0,6.08,7.95,88.64,25.3,83.73,71.61,0,95.22,0
5446,2024,Sul,SC,Urbana,Grande,9129731,M,89,762.38,0.749,23.23,0,6.25,1.69,73.54,19.8,50.67,68.67,0,99.07,0
5447,2022,Sudeste,ES,Urbana,Médio,58594,F,100,1111.59,0.703,30.24,0,5.86,7.3,78.53,21.75,58.89,73.25,1,75.38,1
5448,2023,Norte,AC,Rural,Pequeno,12192,M,107,507.32,0.597,38.83,1,5.78,5.49,41.71,20.72,85.65,63.29,0,83.84,0
5449,2022,Centro-Oeste,DF,Urbana,Pequeno,9816,M,88,1059.13,0.791,28.47,0,5.47,7.71,73.25,19.06,83.22,69.69,1,95.47,1
5450,2023,Centro-Oeste,GO,Urbana,Pequeno,19608,F,99,528.27,0.687,22.42,1,6.23,7.48,71.37,21.15,43.78,71.97,1,,1
5451,2024,Sudeste,SP,Urbana,Pequeno,12613,F,95,800.25,0.687,18.03,0,5.91,10.0,54.36,23.57,55.14,72.91,1,,1
5452,2022,Norte,RR,Urbana,Grande,10244401,F,87,619.34,0.637,30.53,0,5.18,8.48,58.05,26.24,80.35,61.99,1,100.0,1
5453,2024,Sudeste,ES,Urbana,Médio,143138,M,106,874.09,0.69,19.95,1,5.7,8.33,67.16,20.7,43.19,69.36,1,91.83,0
5454,2024,Norte,AP,Urbana,Médio,91737,M,87,790.1,0.614,54.56,1,5.12,2.64,56.44,22.8,31.82,66.15,1,81.23,0
5455,2022,Sul,PR,Urbana,Médio,78757,F,105,1020.49,0.634,16.23,0,5.66,7.45,94.51,28.13,57.16,72.08,1,80.21,1
5456,2024,Norte,RO,Rural,Grande,7104540,M,97,421.16,0.63,17.58,1,4.91,5.88,85.08,22.55,25.27,66.26,0,87.7,0
5457,2022,Sudeste,MG,Urbana,Grande,1972268,F,97,1030.01,0.68,12.41,1,4.91,6.32,95.03,21.48,83.79,68.34,0,86.59,1
5458,2023,Centro-Oeste,DF,Urbana,Médio,83392,F,89,1140.54,0.671,27.52,0,4.49,7.17,69.1,19.0,86.33,70.43,1,86.04,1
5459,2024,Sudeste,MG,Urbana,Pequeno,12036,F,93,900.8,0.559,18.72,1,6.05,5.65,76.18,18.73,97.74,76.11,1,94.87,0
5460,2024,Sudeste,SP,Rural,Pequeno,14466,M,101,703.36,0.6,27.63,0,6.23,8.1,54.54,20.68,64.39,73.24,1,84.23,0
5461,2023,Sudeste,RJ,Urbana,Pequeno,18978,F,87,959.01,0.679,18.13,0,4.2,7.1,91.87,24.78,46.68,77.55,1,99.38,0
5462,2022,Nordeste,PI,Rural,Pequeno,7736,F,89,435.72,0.629,27.75,1,4.53,4.36,72.5,22.62,46.2,62.19,1,86.74,1
5463,2023,Sudeste,SP,Urbana,Grande,3002897,F,84,1019.93,0.718,24.33,1,4.61,6.24,61.53,15.02,85.29,69.8,0,99.3,0
5464,2024,Sudeste,SP,Urbana,Médio,101193,M,107,924.78,0.762,20.11,0,4.5,5.75,55.1,23.1,79.16,75.88,1,86.66,0
5465,2023,Nordeste,SE,Urbana,Médio,87016,M,89,1025.51,0.756,32.78,0,3.5,5.53,85.6,28.37,78.0,65.75,1,68.27,0
5466,2022,Sul,SC,Rural,Médio,197017,F,84,1114.08,0.744,13.63,0,4.93,4.95,76.97,16.27,57.38,73.24,1,79.52,1
5467,2023,Nordeste,RN,Rural,Grande,8934105,M,86,636.15,0.657,40.98,1,5.99,6.93,86.8,20.2,45.89,59.76,1,96.32,0
5468,2024,Norte,RO,Urbana,Pequeno,2466,M,102,924.09,0.705,35.08,1,4.56,6.23,46.67,20.96,52.78,69.55,1,76.26,1
5469,2024,Nordeste,CE,Urbana,Pequeno,4338,F,107,875.85,0.763,19.25,1,4.58,4.54,70.18,29.41,45.76,67.18,0,85.77,0
5470,2023,Sudeste,MG,Urbana,Grande,1637390,F,84,840.78,0.695,21.52,0,,6.49,98.8,22.94,71.72,65.99,0,94.87,1
5471,2022,Sul,PR,Urbana,Pequeno,2126,F,86,904.33,0.74,21.1,1,5.06,3.94,72.72,24.09,75.38,69.98,0,83.69,0
5472,2022,Sul,PR,Urbana,Médio,137005,F,98,1083.82,0.717,21.06,1,5.87,4.79,55.1,23.65,70.29,69.94,1,84.09,1
5473,2022,Nordeste,PB,Urbana,Pequeno,7740,F,101,894.02,0.706,36.07,0,4.61,5.7,92.56,15.62,52.82,69.29,1,81.99,0
5474,2024,Sudeste,SP,Urbana,Pequeno,19253,M,103,818.75,0.767,10.57,0,4.33,8.21,70.74,21.57,60.6,73.49,1,87.23,0
5475,2022,Norte,AC,Rural,Médio,40906,F,107,728.81,0.623,28.65,0,5.31,8.26,60.96,25.2,44.67,51.2,0,100.0,0
5476,2022,Nordeste,CE,Urbana,Pequeno,11724,M,87,451.32,0.658,27.42,0,5.73,6.85,60.4,23.31,42.91,62.43,0,90.05,1
5477,2024,Sudeste,RJ,Rural,Pequeno,5518,F,100,1003.99,0.666,27.69,0,7.26,6.17,71.8,23.81,68.56,65.76,1,78.48,1
5478,2024,Sul,PR,Urbana,Médio,160602,M,95,1366.49,0.656,20.11,0,5.03,6.28,100.0,20.79,61.02,74.16,0,,0
5479,2023,Sul,PR,Urbana,Pequeno,13625,M,100,,0.661,21.56,1,6.93,8.46,70.21,21.39,40.22,68.94,0,73.61,0
5480,2022,Sudeste,ES,Urbana,Pequeno,19665,M,104,,0.635,1.0,0,4.5,6.3,71.68,18.95,17.89,66.1,1,83.8,0
5481,2023,Sudeste,ES,Urbana,Médio,88187,F,92,1143.97,0.59,16.84,0,,5.06,71.06,19.94,77.75,70.05,1,92.06,1
5482,2024,Sul,PR,Urbana,Médio,30528,M,104,824.8,0.736,24.56,1,6.38,7.25,63.27,16.24,71.56,74.85,1,81.04,0
5483,2022,Sudeste,RJ,Urbana,Pequeno,10779,M,92,1428.62,0.681,22.09,0,4.6,5.4,48.19,21.27,69.75,69.61,1,82.46,0
5484,2023,Nordeste,SE,Urbana,Pequeno,19486,F,101,890.75,0.703,20.79,1,3.59,5.63,53.87,22.39,59.21,72.13,0,77.62,0
5485,2023,Centro-Oeste,GO,Urbana,Pequeno,10361,M,86,1015.07,0.767,22.0,1,4.22,6.88,92.54,14.93,69.4,69.63,0,95.71,1
5486,2022,Norte,TO,Urbana,Grande,11472440,M,102,919.84,0.67,41.91,0,,7.6,70.09,23.18,16.27,71.15,0,84.05,0
5487,2024,Nordeste,SE,Urbana,Pequeno,9189,F,85,1272.21,0.625,43.57,0,5.46,7.08,20.0,29.26,64.94,64.93,0,84.05,1
5488,2022,Centro-Oeste,MS,Urbana,Pequeno,14283,M,85,542.34,0.742,10.47,0,3.03,5.68,75.26,20.75,46.77,73.6,0,90.63,0
5489,2024,Sudeste,SP,Rural,Médio,51485,M,84,1237.72,0.87,12.51,0,6.11,6.69,77.77,20.03,37.81,76.56,0,89.42,1
5490,2023,Nordeste,PB,Rural,Pequeno,7316,M,84,918.46,0.689,21.76,0,5.33,4.46,68.0,21.64,46.93,71.23,1,93.11,0
5491,2022,Nordeste,SE,Urbana,Médio,132106,M,84,1185.93,0.66,26.9,0,5.65,2.16,64.32,24.11,70.74,74.33,1,81.49,1
5492,2022,Sul,RS,Urbana,Pequeno,5266,F,91,1017.17,0.497,18.2,0,7.43,7.94,68.66,14.28,63.72,65.36,0,85.9,1
5493,2022,Sul,SC,Rural,Médio,119561,F,88,1161.91,0.688,29.34,0,5.64,3.64,39.01,16.0,100.0,78.59,0,96.13,0
5494,2022,Nordeste,PI,Urbana,Grande,4734202,F,85,875.18,0.626,43.79,0,4.26,4.42,36.66,23.5,40.61,59.54,1,85.04,0
5495,2023,Norte,AP,Urbana,Pequeno,8751,F,89,1040.64,0.636,33.92,1,1.0,5.43,66.67,13.45,30.87,66.99,1,98.75,0
5496,2023,Norte,RR,Rural,Pequeno,18465,F,105,609.51,0.756,39.04,1,4.53,3.42,58.6,30.92,61.81,67.71,0,86.28,0
5497,2022,Nordeste,MA,Urbana,Pequeno,8711,M,92,487.36,0.604,34.76,0,4.33,2.1,65.84,23.4,57.46,60.25,1,99.28,0
5498,2024,Sudeste,RJ,Urbana,Pequeno,17587,F,84,1222.69,0.706,28.26,0,4.26,4.1,100.0,19.7,66.53,80.22,0,89.67,0
5499,2024,Sudeste,ES,Urbana,Pequeno,9872,M,85,1064.68,0.693,28.3,1,5.78,6.04,44.6,25.84,51.24,72.24,1,100.0,0
5500,2024,Sudeste,ES,Urbana,Pequeno,5769,M,92,1056.72,0.747,9.12,0,,7.04,53.22,28.19,70.8,63.49,0,84.6,0
5501,2022,Nordeste,PE,Urbana,Médio,131845,F,101,260.92,0.701,28.1,0,5.22,6.63,91.05,24.88,55.73,71.06,0,81.64,0
5502,2023,Sudeste,MG,Urbana,Médio,188690,M,106,,0.631,1.89,0,4.56,5.82,56.62,26.53,55.89,73.94,1,82.65,1
5503,2024,Nordeste,RN,Urbana,Médio,116152,F,92,363.72,0.585,18.17,0,3.31,4.99,66.13,16.79,46.43,81.14,0,82.84,1
5504,2022,Sudeste,MG,Urbana,Médio,147389,M,94,1011.56,0.781,27.83,0,4.04,3.81,100.0,15.19,60.51,73.44,1,100.0,1
5505,2024,Sul,SC,Urbana,Pequeno,9683,M,88,1083.81,0.675,26.65,0,4.03,5.31,76.92,14.27,42.63,65.66,1,80.14,1
5506,2024,Sudeste,SP,Rural,Pequeno,7826,M,94,1042.79,0.658,23.34,0,5.77,6.13,76.19,21.81,89.26,67.71,1,,1
5507,2022,Sudeste,RJ,Urbana,Médio,183123,F,107,1045.77,0.643,26.51,1,6.85,5.16,57.61,19.23,73.42,73.96,0,94.17,0
5508,2023,Sudeste,SP,Urbana,Pequeno,5135,F,104,1122.05,0.744,36.74,0,7.19,8.22,73.57,16.93,73.43,83.72,1,95.0,1
5509,2023,Sudeste,RJ,Urbana,Pequeno,6538,F,107,876.5,0.681,21.76,0,4.24,5.6,74.18,20.89,65.86,66.21,0,91.84,0
5510,2022,Centro-Oeste,MS,Urbana,Médio,177976,M,103,1214.13,0.748,20.96,0,5.83,4.27,91.05,19.14,57.87,68.97,0,90.85,1
5511,2022,Sudeste,RJ,Rural,Médio,74721,M,95,1024.45,0.64,19.99,0,6.29,8.16,67.69,18.68,63.61,70.76,0,100.0,0
5512,2024,Nordeste,SE,Urbana,Pequeno,8689,M,107,867.66,0.643,23.26,0,4.96,6.73,79.96,15.36,38.86,75.54,0,72.17,1
5513,2024,Sudeste,SP,Urbana,Pequeno,6949,F,95,1576.01,0.714,17.92,0,4.57,7.94,57.17,22.6,63.9,70.22,1,85.58,1
5514,2023,Nordeste,AL,Urbana,Pequeno,19635,F,89,150.0,0.694,33.22,0,,5.01,91.47,19.76,51.17,58.65,1,91.18,1
5515,2023,Sudeste,MG,Urbana,Pequeno,3724,M,102,903.72,0.704,14.18,0,4.69,6.81,77.27,21.59,45.01,68.15,1,77.7,0
5516,2023,Sudeste,MG,Rural,Pequeno,8693,M,94,882.98,0.68,13.17,0,5.63,3.65,77.89,22.53,36.81,73.42,1,84.53,0
5517,2024,Sudeste,MG,Urbana,Médio,96268,F,89,1238.13,0.702,12.4,1,7.89,6.26,73.09,24.06,40.98,79.14,1,93.28,1
5518,2022,Sudeste,SP,Urbana,Médio,176056,F,103,1189.42,0.714,24.52,0,5.6,4.95,100.0,22.72,63.55,74.53,0,,1
5519,2023,Centro-Oeste,MT,Urbana,Médio,55306,F,84,918.79,0.715,30.41,1,3.93,3.52,73.76,15.01,91.43,75.75,0,100.0,1
5520,2022,Nordeste,PI,Urbana,Médio,92958,M,95,955.23,0.746,41.84,1,3.46,4.71,77.8,22.63,60.97,60.96,1,90.11,0
5521,2022,Norte,AP,Urbana,Pequeno,14817,M,89,731.76,0.677,34.44,1,5.19,7.76,76.1,22.74,55.79,75.95,1,90.64,1
5522,2022,Sudeste,RJ,Urbana,Pequeno,16541,F,84,657.42,0.617,18.6,0,3.66,4.7,48.56,22.01,40.86,65.27,1,89.97,1
5523,2023,Nordeste,CE,Urbana,Pequeno,5266,F,100,329.71,0.621,20.11,0,,5.5,91.73,15.36,58.64,66.42,1,90.2,1
5524,2023,Sudeste,MG,Urbana,Médio,121590,M,100,1078.34,0.69,9.69,0,4.2,7.73,87.02,21.47,55.84,74.24,0,81.08,0
5525,2024,Sul,PR,Urbana,Médio,81439,F,90,1001.47,0.587,5.85,1,5.67,5.32,67.33,19.51,80.25,68.89,1,82.15,0
5526,2023,Sul,RS,Rural,Pequeno,5870,F,89,834.24,0.842,10.32,0,4.88,8.64,82.16,24.29,74.67,67.36,1,100.0,1
5527,2022,Nordeste,BA,Urbana,Pequeno,17758,F,104,813.27,0.703,21.23,0,5.74,6.15,76.29,27.67,53.61,77.63,1,92.07,0
5528,2022,Nordeste,AL,Urbana,Médio,52914,F,101,808.59,0.671,35.21,1,6.31,5.33,75.3,22.11,69.99,61.88,0,97.15,0
5529,2024,Sudeste,SP,Urbana,Pequeno,13261,F,87,1216.36,0.701,20.31,1,3.99,6.03,86.68,20.22,5.0,72.34,1,93.19,0
5530,2024,Sul,PR,Urbana,Médio,110470,M,98,872.05,0.735,23.48,0,4.89,8.55,65.36,15.5,55.75,65.08,1,84.01,1
5531,2023,Nordeste,BA,Urbana,Pequeno,17345,M,84,1065.6,0.688,13.74,1,6.31,4.5,61.24,22.46,47.79,74.65,0,93.14,0
5532,2023,Nordeste,AL,Urbana,Pequeno,16575,F,94,694.8,0.699,26.69,1,6.16,8.34,66.09,19.08,7.31,63.31,1,82.16,0
5533,2024,Sul,SC,Urbana,Grande,9765445,M,102,1258.12,0.705,17.19,1,5.74,6.93,62.99,21.23,100.0,78.36,1,100.0,1
5534,2022,Sul,PR,Urbana,Grande,11895338,M,93,1279.28,0.612,16.49,0,4.56,7.52,46.95,17.7,49.34,69.71,1,95.04,1
5535,2022,Centro-Oeste,MS,Urbana,Médio,51217,M,86,1034.33,0.697,26.25,0,1.52,6.26,86.06,23.55,71.22,71.72,1,84.71,1
5536,2024,Sudeste,ES,Rural,Pequeno,15937,M,89,923.15,0.724,12.66,0,4.36,5.25,64.71,24.53,89.43,74.42,0,95.37,0
5537,2023,Sudeste,ES,Urbana,Pequeno,13048,M,96,,0.766,20.49,0,5.38,5.41,44.57,18.59,64.87,67.95,0,92.04,0
5538,2022,Sudeste,SP,Rural,Pequeno,17859,F,102,736.79,0.766,17.38,0,4.17,4.29,58.72,17.85,56.01,75.99,0,85.25,0
5539,2023,Centro-Oeste,MT,Urbana,Grande,8120034,M,89,1561.5,0.764,26.5,0,8.11,4.77,49.66,26.53,57.5,64.99,0,79.45,0
5540,2023,Sudeste,RJ,Urbana,Pequeno,7935,M,95,1032.05,0.764,20.73,1,5.75,8.5,78.91,16.39,68.72,76.98,1,84.57,1
5541,2024,Norte,RO,Urbana,Pequeno,9109,F,96,945.63,0.711,35.81,0,,5.01,45.13,21.53,44.27,80.29,1,96.0,0
5542,2022,Sudeste,RJ,Urbana,Pequeno,13757,F,103,1024.91,0.617,22.27,1,6.16,7.0,89.86,18.75,77.59,69.8,0,80.22,1
5543,2023,Nordeste,PE,Rural,Pequeno,17017,F,87,986.78,0.637,34.17,0,5.82,7.49,56.63,26.46,60.25,63.71,0,73.14,0
5544,2022,Sudeste,MG,Urbana,Pequeno,7300,F,94,1372.05,0.728,26.54,1,4.5,8.19,82.08,16.42,45.1,60.64,1,96.89,0
5545,2024,Norte,RR,Urbana,Médio,46854,F,103,385.82,0.648,30.83,0,3.88,7.1,87.42,27.83,75.47,69.59,1,,1
5546,2024,Sudeste,ES,Urbana,Médio,58341,M,100,841.21,0.751,25.93,0,5.3,5.45,100.0,18.38,47.77,67.26,1,80.44,1
5547,2023,Sudeste,SP,Urbana,Médio,91470,M,90,883.93,0.686,13.04,1,7.48,6.49,71.51,20.99,66.63,58.94,1,100.0,1
5548,2023,Sudeste,RJ,Urbana,Pequeno,4831,M,99,1304.1,0.631,27.08,1,8.51,6.62,73.52,20.46,67.28,82.51,1,75.76,0
5549,2023,Sul,RS,Urbana,Pequeno,5699,M,84,1426.01,0.668,15.76,1,4.74,6.56,57.87,22.06,30.16,66.57,0,88.96,0
5550,2022,Nordeste,MA,Urbana,Pequeno,14831,M,100,704.98,0.577,11.06,0,5.91,6.37,67.9,26.07,47.01,56.06,1,90.64,0
5551,2024,Sudeste,MG,Urbana,Pequeno,13193,F,103,1300.38,0.697,6.59,0,5.55,5.74,61.52,22.76,52.3,78.07,0,86.34,0
5552,2023,Nordeste,BA,Urbana,Pequeno,16867,M,94,740.19,0.611,27.46,0,5.64,4.92,59.09,24.67,77.31,79.65,1,79.3,1
5553,2024,Sudeste,ES,Rural,Médio,106802,F,96,1020.08,0.677,31.94,0,4.8,7.65,90.43,24.12,55.18,73.14,1,86.69,1
5554,2024,Centro-Oeste,MT,Urbana,Pequeno,2812,F,87,543.25,0.789,26.52,1,4.56,4.03,69.64,22.95,82.64,68.16,1,85.61,0
5555,2022,Sudeste,ES,Urbana,Médio,81632,F,92,923.19,0.761,23.66,0,8.37,5.75,76.35,22.26,72.27,69.56,1,88.85,0
5556,2022,Centro-Oeste,GO,Urbana,Grande,7745746,F,104,1505.44,0.635,19.82,0,3.5,3.62,53.59,21.3,62.7,73.45,0,88.67,1
5557,2022,Nordeste,BA,Urbana,Pequeno,3647,F,98,438.01,0.646,21.6,1,5.46,7.17,62.28,22.33,66.18,66.65,1,97.73,1
5558,2022,Nordeste,AL,Urbana,Pequeno,16966,F,85,761.49,0.611,42.83,1,4.65,5.71,40.69,19.95,82.58,65.52,0,90.59,1
5559,2023,Nordeste,PE,Urbana,Grande,11874593,F,105,700.63,0.603,29.36,0,4.44,4.0,67.45,20.71,56.98,66.48,0,91.76,0
5560,2023,Sul,RS,Rural,Médio,190009,M,84,860.78,0.711,16.0,1,4.07,7.66,54.47,23.08,27.97,70.74,0,,1
5561,2024,Nordeste,AL,Urbana,Grande,3726292,M,85,932.84,0.682,3.9,0,4.2,6.52,82.98,16.41,51.58,72.27,1,95.87,0
5562,2024,Norte,PA,Urbana,Médio,50143,F,86,1109.06,0.724,20.71,0,3.28,6.02,82.75,25.81,56.5,59.34,1,84.17,0
5563,2024,Sul,PR,Rural,Médio,150190,M,93,959.61,0.666,28.96,0,6.04,5.0,96.94,31.03,70.96,73.88,1,82.46,1
5564,2022,Sudeste,MG,Urbana,Médio,164256,M,103,1202.85,0.648,20.12,0,6.19,7.13,81.2,22.35,66.11,69.74,1,96.95,1
5565,2022,Sul,RS,Urbana,Médio,75694,M,92,,0.814,30.61,0,3.73,7.88,59.95,26.01,55.94,70.76,1,,0
5566,2024,Nordeste,SE,Urbana,Pequeno,11020,M,90,1094.7,0.603,42.34,1,6.32,6.79,100.0,25.75,90.67,66.16,1,87.84,1
5567,2024,Nordeste,SE,Urbana,Pequeno,2791,F,104,899.8,0.721,27.62,0,4.08,4.2,86.66,22.39,54.99,64.58,1,95.08,0
5568,2023,Sul,SC,Urbana,Pequeno,18098,M,86,978.44,0.716,29.46,1,4.23,6.2,87.59,24.06,92.76,68.07,0,83.47,0
5569,2024,Centro-Oeste,MS,Rural,Médio,198999,F,84,783.45,0.683,19.69,1,6.01,8.7,74.03,21.12,62.7,72.38,1,93.97,0
5570,2024,Sudeste,SP,Urbana,Pequeno,15367,F,88,811.61,0.797,24.5,0,5.57,6.58,73.6,21.59,61.7,73.83,1,92.83,1
5571,2022,Nordeste,RN,Rural,Grande,5021247,M,100,894.94,0.704,34.03,0,5.59,5.82,69.76,19.5,75.25,71.99,1,76.86,1
5572,2024,Sul,SC,Rural,Grande,11754302,F,105,1003.16,0.64,22.94,0,4.6,6.4,69.82,23.04,60.2,72.37,0,86.2,0
5573,2022,Nordeste,PI,Urbana,Médio,64885,F,88,685.52,0.676,29.91,0,3.5,7.63,82.22,21.06,46.22,70.5,1,88.23,1
5574,2022,Sudeste,RJ,Urbana,Pequeno,6216,M,103,1135.86,0.74,24.3,0,,4.76,99.19,17.46,82.94,73.9,1,86.05,1
5575,2023,Norte,PA,Urbana,Pequeno,8344,F,103,543.54,0.586,37.6,1,3.77,4.74,63.15,24.59,34.73,67.23,1,82.81,0
5576,2023,Sudeste,ES,Urbana,Pequeno,4724,F,87,797.72,0.721,17.43,1,5.18,8.47,48.93,25.22,52.39,71.34,1,91.63,0
5577,2023,Sudeste,SP,Urbana,Pequeno,17284,F,106,1251.65,0.781,26.18,0,6.65,6.92,80.0,13.51,53.88,66.07,1,81.07,1
5578,2024,Nordeste,PE,Urbana,Grande,2109521,M,93,629.55,0.678,40.81,0,3.85,6.68,54.27,19.82,53.19,70.65,0,75.24,0
5579,2022,Sudeste,SP,Urbana,Grande,5712712,M,95,945.7,0.716,28.2,0,6.5,5.87,90.2,22.72,47.55,81.27,0,86.23,1
5580,2024,Centro-Oeste,MT,Urbana,Pequeno,15269,M,98,1021.8,0.649,35.62,0,3.88,7.71,43.41,19.73,14.53,72.92,0,97.23,0
5581,2023,Centro-Oeste,MS,Urbana,Pequeno,4992,M,89,906.22,0.728,16.47,0,7.31,4.84,52.33,28.62,68.18,76.49,1,60.01,1
5582,2024,Nordeste,PE,Urbana,Médio,181234,M,89,1004.16,0.545,26.27,0,,5.28,89.86,20.86,34.95,70.7,1,84.06,0
5583,2024,Nordeste,SE,Urbana,Pequeno,12284,M,105,916.59,0.599,16.07,0,5.6,5.01,55.81,21.04,65.66,76.54,1,89.55,0
5584,2023,Sudeste,SP,Urbana,Grande,1785252,F,105,1102.23,0.686,19.04,0,4.58,7.44,84.63,15.76,37.52,70.07,1,58.06,0
5585,2022,Nordeste,MA,Urbana,Médio,165629,M,98,951.57,0.666,35.8,1,6.37,5.18,80.2,22.9,82.97,70.33,1,85.22,0
5586,2022,Sudeste,SP,Rural,Médio,81241,F,98,1025.07,0.784,30.71,0,6.19,6.33,100.0,23.59,36.61,69.55,0,91.14,1
5587,2023,Nordeste,PI,Urbana,Grande,2166103,F,100,745.96,0.797,35.12,1,4.21,4.84,68.29,24.94,57.52,65.19,1,96.65,0
5588,2023,Nordeste,MA,Urbana,Médio,190248,F,95,1170.05,0.633,44.21,0,3.82,6.31,52.15,14.75,18.09,74.1,1,89.69,0
5589,2022,Nordeste,AL,Urbana,Grande,6423811,F,105,740.38,0.669,43.42,0,3.7,3.36,76.02,17.51,62.89,72.19,0,93.25,0
5590,2024,Sudeste,SP,Urbana,Médio,25342,F,105,798.05,0.705,18.81,0,3.96,6.31,63.3,21.0,66.03,80.22,1,87.64,0
5591,2024,Sudeste,ES,Urbana,Médio,199351,F,95,880.59,0.74,19.47,0,4.04,9.0,80.7,17.17,60.24,68.54,1,82.32,1
5592,2022,Sudeste,RJ,Rural,Pequeno,2373,M,89,856.71,0.728,29.17,0,8.22,7.27,68.56,10.17,65.79,79.02,1,88.1,0
5593,2023,Nordeste,BA,Urbana,Pequeno,16106,M,103,680.14,0.759,34.8,1,6.43,6.61,77.75,13.39,67.44,68.24,1,90.25,1
5594,2022,Sudeste,SP,Urbana,Pequeno,6377,M,105,946.84,0.754,14.37,1,3.69,7.96,73.14,19.84,68.33,72.95,0,,0
5595,2023,Sudeste,RJ,Urbana,Pequeno,13431,F,102,1205.59,0.723,2.77,1,3.18,4.77,100.0,21.94,32.81,70.64,0,73.14,1
5596,2024,Centro-Oeste,MS,Urbana,Médio,117467,F,84,886.47,0.787,9.29,0,6.97,6.17,54.41,24.01,59.2,67.3,0,70.36,1
5597,2023,Sudeste,MG,Rural,Pequeno,13122,M,95,1272.07,0.751,20.87,1,4.6,6.21,84.42,17.45,68.52,66.26,1,100.0,0
5598,2023,Sudeste,RJ,Urbana,Médio,33174,F,86,1202.5,0.629,19.61,1,1.6,6.83,76.16,29.92,64.47,78.91,1,91.88,0
5599,2024,Sudeste,SP,Urbana,Grande,2964676,M,94,1010.87,0.78,23.91,1,4.9,4.32,90.04,25.9,57.55,73.68,1,92.2,0
5600,2022,Sudeste,SP,Urbana,Médio,25070,M,88,1015.96,0.738,10.57,1,7.69,3.86,100.0,18.54,91.61,78.59,1,89.15,1
5601,2022,Norte,AP,Urbana,Pequeno,12215,F,107,974.4,0.628,37.38,1,4.2,6.81,58.6,26.49,71.5,73.85,0,84.4,0
5602,2024,Norte,RR,Urbana,Pequeno,8019,F,89,981.8,0.614,29.14,0,1.48,5.66,62.68,22.01,47.08,65.84,0,87.36,0
5603,2024,Sudeste,MG,Urbana,Pequeno,8672,M,86,1203.39,0.688,24.83,1,4.81,4.39,89.45,21.97,68.06,71.43,1,91.36,0
5604,2024,Sul,SC,Urbana,Médio,124295,F,100,1229.04,0.616,25.81,0,5.36,6.73,70.37,24.23,56.05,65.21,1,90.84,1
5605,2024,Sul,SC,Urbana,Pequeno,13674,M,91,1056.42,0.772,7.03,1,5.55,7.36,79.48,18.98,72.42,76.37,1,85.06,1
5606,2024,Nordeste,PB,Urbana,Grande,9883127,M,98,807.34,0.592,26.49,0,2.28,5.98,63.7,16.39,44.66,72.29,0,88.78,1
5607,2024,Sudeste,RJ,Urbana,Grande,8198788,M,103,755.3,0.787,21.08,0,5.92,7.94,78.56,24.9,90.04,75.4,1,92.9,1
5608,2023,Sudeste,MG,Urbana,Pequeno,4890,F,98,1000.28,0.723,33.74,0,,5.96,70.5,14.86,63.65,69.6,0,81.66,1
5609,2023,Sul,RS,Rural,Pequeno,4609,M,88,919.55,0.666,17.05,0,4.17,5.86,78.96,26.89,48.76,78.39,0,85.25,1
5610,2022,Sudeste,SP,Urbana,Médio,45096,F,103,824.14,0.723,33.41,0,4.09,5.33,76.61,18.8,70.58,74.27,1,88.92,0
5611,2022,Sudeste,RJ,Rural,Pequeno,19036,F,88,838.02,0.685,20.66,0,4.76,3.17,88.53,20.36,60.51,75.36,0,89.4,0
5612,2024,Sul,PR,Urbana,Pequeno,9838,F,96,1027.58,0.839,27.84,0,4.62,4.71,61.92,26.49,54.57,72.49,1,88.18,1
5613,2024,Nordeste,AL,Urbana,Médio,192366,F,103,810.55,0.679,28.81,0,3.63,4.3,47.83,16.97,77.8,67.77,1,87.92,0
5614,2023,Sudeste,RJ,Urbana,Pequeno,5694,M,85,945.4,0.671,32.91,0,5.86,6.8,61.4,18.4,74.25,65.72,1,97.71,1
5615,2024,Nordeste,SE,Rural,Grande,9981540,F,98,371.82,0.638,20.05,0,6.85,4.58,40.86,18.71,33.87,55.98,0,82.09,1
5616,2022,Sudeste,RJ,Urbana,Pequeno,18414,F,106,645.47,0.785,1.0,0,7.81,5.93,66.82,20.87,85.66,63.66,0,100.0,1
5617,2022,Sul,PR,Rural,Médio,190933,F,85,1188.44,0.671,20.18,0,6.63,5.79,69.69,13.32,72.02,60.58,1,97.29,1
5618,2023,Centro-Oeste,MT,Rural,Grande,8939212,M,96,750.71,0.718,28.12,0,4.85,4.6,46.62,25.32,48.72,72.61,1,100.0,0
5619,2023,Nordeste,SE,Urbana,Pequeno,6016,F,104,975.14,0.572,31.23,0,3.13,7.95,84.68,23.73,52.71,72.77,1,75.59,0
5620,2024,Sudeste,SP,Rural,Pequeno,8103,M,94,967.72,0.687,5.89,0,3.7,6.64,58.64,14.67,75.05,67.74,1,84.01,1
5621,2024,Nordeste,PB,Urbana,Médio,185827,M,95,1104.7,0.618,29.28,1,4.45,4.68,59.92,30.51,45.94,54.97,1,89.4,0
5622,2022,Sul,SC,Urbana,Pequeno,9877,M,98,907.96,0.719,23.77,0,4.18,6.2,87.43,19.06,72.6,66.75,1,96.55,0
5623,2022,Sudeste,SP,Urbana,Médio,54807,F,89,1338.7,0.76,17.92,1,5.82,4.66,46.49,32.97,51.59,74.14,0,66.38,0
5624,2023,Nordeste,BA,Urbana,Pequeno,13859,M,94,632.7,0.68,29.17,1,3.01,6.21,51.57,24.58,27.09,64.91,0,82.99,0
5625,2022,Sudeste,SP,Urbana,Pequeno,16013,M,104,1295.86,0.62,32.63,1,4.76,6.74,52.59,21.29,56.05,77.4,1,90.11,0
5626,2023,Sul,SC,Urbana,Médio,54755,F,102,1219.03,0.801,17.58,0,5.05,7.7,82.74,21.04,73.93,64.02,1,73.02,1
5627,2024,Sul,PR,Urbana,Médio,82983,F,104,1677.45,0.703,10.34,0,4.77,4.66,45.9,19.21,61.02,76.4,1,79.65,0
5628,2024,Sudeste,SP,Rural,Pequeno,10215,F,104,,0.768,21.96,0,3.67,7.13,91.44,22.82,54.15,70.63,0,76.65,1
5629,2023,Sul,PR,Urbana,Médio,195622,F,93,1200.44,0.8,17.04,0,6.46,6.14,80.16,18.2,78.32,68.23,1,90.95,0
5630,2024,Sudeste,SP,Urbana,Médio,150870,M,88,1151.48,0.66,23.27,1,5.55,5.19,52.33,26.67,55.74,68.17,1,91.14,1
5631,2024,Sudeste,MG,Urbana,Grande,1498727,M,106,1089.24,0.716,28.54,0,4.33,5.79,39.48,22.39,45.21,77.69,1,81.27,1
5632,2022,Sul,PR,Urbana,Grande,11542733,F,85,961.75,0.753,35.7,0,4.47,7.89,57.41,19.39,66.3,76.9,0,80.64,0
5633,2022,Nordeste,AL,Rural,Pequeno,9057,F,89,1039.56,0.608,34.77,1,4.44,6.68,66.48,24.12,75.93,66.36,1,86.12,0
5634,2024,Sudeste,RJ,Rural,Pequeno,11161,M,92,1060.62,0.772,38.32,1,6.24,7.68,71.11,21.09,77.22,63.2,1,87.32,1
5635,2024,Sudeste,ES,Urbana,Pequeno,8451,M,88,955.07,0.646,20.71,0,,8.85,87.05,15.53,79.01,67.95,1,87.71,1
5636,2023,Sudeste,SP,Urbana,Médio,137623,F,88,1272.66,0.614,30.11,1,1.88,7.49,74.28,26.65,82.51,74.35,1,77.0,0
5637,2022,Nordeste,AL,Urbana,Pequeno,16792,F,84,918.75,0.741,23.38,0,4.43,6.25,55.97,18.27,40.62,72.61,1,98.33,1
5638,2023,Nordeste,PB,Urbana,Médio,192515,F,97,284.19,0.681,26.71,0,3.84,6.65,69.91,21.02,55.12,67.43,1,85.3,0
5639,2022,Norte,AP,Rural,Pequeno,4200,F,101,783.5,0.593,13.71,0,4.76,5.97,56.36,22.8,63.68,72.84,0,,0
5640,2024,Nordeste,MA,Rural,Pequeno,15800,M,86,788.65,0.656,30.04,0,3.27,3.62,83.32,23.39,42.83,62.49,1,85.98,0
5641,2023,Sudeste,RJ,Rural,Médio,35537,M,93,1067.24,0.655,33.27,0,4.33,7.11,44.47,21.87,24.71,67.34,0,88.83,0
5642,2022,Sudeste,ES,Urbana,Pequeno,13744,M,89,721.11,0.689,18.03,0,4.51,6.29,84.61,21.19,75.42,76.5,1,85.63,1
5643,2023,Nordeste,PE,Rural,Grande,1747667,F,94,1158.72,0.569,29.22,1,4.24,8.17,55.18,20.98,66.18,66.65,0,83.6,0
5644,2024,Sul,SC,Urbana,Pequeno,17676,M,96,1460.04,0.648,14.87,0,6.15,4.58,61.75,19.55,52.69,65.69,1,91.25,1
5645,2024,Nordeste,PB,Urbana,Médio,138676,F,107,672.81,0.707,45.94,1,3.26,8.48,63.65,25.03,59.15,70.34,0,84.6,0
5646,2022,Centro-Oeste,DF,Urbana,Grande,8187947,F,106,794.57,0.754,30.49,0,5.02,7.42,71.09,18.28,43.17,54.83,0,93.72,0
5647,2022,Centro-Oeste,MT,Rural,Pequeno,13837,F,86,1450.24,0.698,25.26,0,6.1,4.05,84.39,20.45,100.0,59.3,1,89.82,0
5648,2022,Norte,RR,Urbana,Pequeno,15476,M,88,,0.666,24.77,1,6.45,4.89,51.79,23.32,47.66,74.29,1,86.2,0
5649,2023,Centro-Oeste,MT,Urbana,Pequeno,12569,F,84,580.67,0.67,27.2,0,5.08,3.51,55.37,15.03,47.29,56.49,1,86.91,0
5650,2022,Sul,RS,Urbana,Pequeno,16908,F,98,857.9,0.572,15.83,1,6.88,8.66,68.9,23.55,66.98,70.28,0,90.28,0
5651,2024,Nordeste,MA,Urbana,Pequeno,18036,M,103,983.83,0.656,32.36,0,6.39,7.58,67.26,26.3,57.31,70.14,0,95.01,0
5652,2022,Sudeste,ES,Urbana,Grande,7430606,M,106,,0.686,11.77,0,4.5,8.32,33.34,19.32,31.63,72.46,1,100.0,0
5653,2022,Nordeste,PI,Urbana,Pequeno,9139,M,94,546.96,0.794,21.1,0,6.95,4.86,88.78,24.97,81.58,77.49,1,70.72,0
5654,2023,Sudeste,MG,Urbana,Pequeno,9177,M,104,1163.09,0.537,14.54,0,3.74,6.84,81.76,18.93,55.64,66.41,0,83.64,1
5655,2024,Nordeste,RN,Urbana,Pequeno,7573,F,96,621.02,0.677,34.39,0,5.26,5.46,27.75,22.26,69.72,71.12,0,86.97,1
5656,2023,Centro-Oeste,DF,Urbana,Médio,67041,M,102,1011.52,0.76,20.27,1,6.83,6.72,62.14,14.84,100.0,69.05,1,79.48,1
5657,2022,Sudeste,SP,Urbana,Médio,199190,F,85,786.77,0.659,33.78,1,4.63,7.48,84.17,17.02,60.55,59.02,1,94.32,0
5658,2023,Sul,PR,Urbana,Pequeno,6703,M,96,1017.35,0.712,7.44,1,5.42,4.77,91.53,19.16,59.05,79.84,0,80.89,0
5659,2022,Nordeste,BA,Urbana,Pequeno,5706,M,107,642.38,0.73,37.29,1,5.27,7.11,66.31,19.67,67.31,67.83,0,96.26,0
5660,2022,Sudeste,SP,Rural,Grande,2983971,M,92,751.21,0.725,24.39,1,4.99,7.8,56.55,26.65,16.37,71.36,1,95.65,0
5661,2023,Nordeste,SE,Rural,Pequeno,11969,M,104,516.8,0.776,33.85,1,3.38,4.85,63.88,21.6,76.83,78.94,1,84.05,0
5662,2022,Sudeste,MG,Rural,Pequeno,11804,M,105,1093.27,0.595,10.14,0,4.64,7.91,79.86,22.05,76.0,74.91,1,100.0,0
5663,2024,Sudeste,SP,Urbana,Grande,4211877,M,101,1402.43,0.669,22.01,1,5.14,3.75,86.4,14.99,36.79,72.36,1,78.13,1
5664,2023,Norte,RR,Rural,Pequeno,9414,F,90,1145.65,0.656,22.32,0,4.29,5.54,33.83,22.76,68.75,61.24,1,82.32,1
5665,2024,Nordeste,BA,Urbana,Médio,89603,M,102,912.05,0.673,23.84,0,4.59,4.27,86.21,29.98,84.59,62.09,1,81.25,0
5666,2023,Sudeste,ES,Rural,Médio,150722,F,91,1048.39,0.729,21.11,0,4.45,6.07,97.91,22.48,84.05,64.9,0,,1
5667,2023,Nordeste,RN,Rural,Médio,170478,F,106,,0.749,42.37,1,4.2,6.18,90.2,24.48,60.8,69.7,0,87.0,0
5668,2023,Sul,RS,Urbana,Pequeno,11480,M,84,1142.69,0.738,24.12,1,6.4,5.47,72.93,23.29,22.04,69.87,0,72.89,1
5669,2024,Sudeste,ES,Urbana,Pequeno,10349,F,95,,0.692,14.09,0,5.72,6.16,64.39,27.98,76.37,68.98,1,81.13,1
5670,2022,Nordeste,CE,Urbana,Grande,3741045,M,94,871.69,0.649,31.42,0,4.78,6.37,91.38,26.45,24.6,60.0,0,88.14,0
5671,2022,Norte,RO,Urbana,Pequeno,19221,F,96,951.31,0.65,36.55,0,5.56,3.92,78.56,19.88,34.06,68.96,1,86.74,1
5672,2024,Sudeste,ES,Urbana,Grande,269758,M,101,909.1,0.656,11.28,0,4.92,7.63,86.89,27.37,41.19,68.52,1,81.55,0
5673,2023,Centro-Oeste,MT,Urbana,Pequeno,9790,F,103,676.42,0.75,34.49,0,5.2,6.96,47.18,14.78,59.22,69.53,1,95.9,0
5674,2024,Nordeste,BA,Rural,Grande,7780534,F,97,731.07,0.66,35.86,0,5.02,5.35,74.36,24.25,38.38,70.91,1,96.44,1
5675,2024,Sudeste,RJ,Rural,Médio,117988,M,103,,0.761,17.84,0,,6.76,56.39,23.69,66.87,70.44,1,100.0,0
5676,2023,Sul,PR,Urbana,Médio,199529,M,86,1099.82,0.69,5.86,0,5.25,4.67,77.15,27.24,91.52,70.03,0,77.93,1
5677,2022,Sudeste,MG,Rural,Médio,160916,F,104,1262.1,0.665,28.11,0,5.73,8.22,70.27,24.43,61.86,73.52,1,91.15,0
5678,2024,Nordeste,PI,Urbana,Pequeno,4813,M,91,1034.41,0.631,26.8,1,4.55,7.41,49.55,26.25,92.16,73.01,1,77.96,0
5679,2023,Sudeste,RJ,Urbana,Pequeno,6628,M,92,782.54,0.617,19.95,0,6.22,5.3,77.84,25.27,39.38,73.55,0,76.23,1
5680,2023,Nordeste,RN,Urbana,Pequeno,2341,F,90,892.18,0.754,21.22,0,4.95,4.32,58.95,30.14,75.6,70.69,1,93.17,0
5681,2022,Sudeste,ES,Rural,Pequeno,10832,M,102,1468.54,0.753,35.78,0,3.95,6.63,52.18,31.84,88.83,67.85,0,88.96,0
5682,2023,Norte,AC,Urbana,Médio,58527,M,99,661.59,0.595,31.89,0,6.46,4.78,25.79,26.82,84.47,67.42,1,100.0,0
5683,2022,Sul,PR,Urbana,Grande,11004853,M,85,,0.843,16.79,0,6.84,7.7,63.96,30.19,54.31,70.04,0,89.72,1
5684,2022,Sudeste,MG,Urbana,Pequeno,12674,M,86,945.59,0.764,17.15,0,5.35,7.9,57.98,17.1,49.13,79.87,1,87.58,0
5685,2022,Norte,PA,Urbana,Médio,92132,F,102,661.58,0.573,27.72,1,6.47,6.33,38.51,20.02,65.04,65.71,0,87.01,0
5686,2022,Sudeste,SP,Urbana,Pequeno,4383,F,105,,0.654,2.47,0,4.85,9.72,67.72,27.18,51.56,75.28,1,89.35,1
5687,2022,Nordeste,PE,Rural,Médio,91582,F,100,811.19,0.76,40.11,0,5.02,5.19,77.68,22.43,35.4,74.3,0,83.54,0
5688,2022,Nordeste,PE,Urbana,Pequeno,7981,M,104,278.97,0.699,27.96,1,1.48,4.75,63.63,23.17,73.97,65.32,1,84.03,1
5689,2024,Nordeste,RN,Urbana,Médio,102148,F,95,546.93,0.7,37.83,1,4.46,3.78,82.18,20.43,72.81,69.43,0,100.0,0
5690,2022,Sudeste,MG,Urbana,Pequeno,11356,M,91,927.63,0.675,9.18,0,5.28,6.18,67.6,27.56,63.6,73.15,0,87.05,1
5691,2023,Sul,RS,Urbana,Médio,192015,M,105,1086.98,0.789,26.31,0,4.17,5.66,50.43,20.66,41.78,69.55,1,98.23,0
5692,2023,Sudeste,RJ,Rural,Pequeno,5871,F,97,1071.18,0.663,10.21,1,3.97,5.6,79.78,18.86,55.84,70.23,0,,1
5693,2022,Sul,SC,Urbana,Grande,11665408,M,100,1205.51,0.718,20.2,1,3.91,7.41,72.11,23.07,53.71,74.1,1,90.87,1
5694,2022,Nordeste,SE,Urbana,Médio,51131,F,98,,0.618,24.21,0,6.48,4.31,81.74,26.28,27.86,65.22,1,80.87,0
5695,2024,Sudeste,MG,Urbana,Médio,36617,F,101,937.21,0.683,20.39,0,3.11,7.08,75.27,22.17,38.38,67.33,1,95.81,0
5696,2024,Nordeste,AL,Rural,Pequeno,18958,F,101,998.96,0.679,31.25,0,2.88,6.16,100.0,12.25,72.08,62.97,0,91.82,0
5697,2022,Sudeste,ES,Urbana,Médio,38211,M,101,933.14,0.741,26.21,1,5.81,4.13,82.09,22.9,83.19,62.32,1,79.85,0
5698,2023,Sudeste,RJ,Urbana,Médio,146038,F,104,,0.656,22.0,0,3.46,4.66,75.04,16.9,86.18,66.51,1,78.4,0
5699,2023,Sul,SC,Urbana,Pequeno,14114,F,84,771.45,0.761,5.25,0,6.44,6.43,64.78,20.38,69.01,67.89,1,93.47,1
5700,2022,Sudeste,MG,Urbana,Pequeno,10790,F,99,1447.48,0.707,23.91,0,4.0,5.46,78.43,22.07,59.17,73.46,1,84.85,1
5701,2022,Centro-Oeste,MT,Urbana,Pequeno,3402,F,97,765.22,0.651,22.41,0,4.87,7.04,65.91,20.17,58.57,71.42,0,87.83,0
5702,2024,Norte,RO,Urbana,Pequeno,10376,F,88,715.57,0.62,20.3,1,4.58,5.74,76.28,24.79,45.9,65.93,1,83.31,0
5703,2024,Norte,RR,Rural,Grande,1602594,F,87,578.69,0.644,29.08,0,4.23,6.8,58.95,19.57,43.29,65.94,1,97.2,0
5704,2024,Sudeste,RJ,Urbana,Médio,118025,M,100,1263.55,0.773,17.39,0,7.1,6.67,54.74,19.53,38.15,77.77,1,82.17,1
5705,2022,Sudeste,ES,Urbana,Pequeno,18018,F,101,1080.15,0.63,22.31,0,6.56,7.63,96.21,23.96,59.65,72.2,1,73.32,0
5706,2024,Sudeste,SP,Rural,Pequeno,7770,F,88,,0.744,13.78,0,4.52,7.82,69.82,24.48,69.28,76.29,0,85.12,0
5707,2022,Nordeste,PI,Urbana,Médio,140145,F,100,1187.83,0.661,32.61,0,4.08,8.79,62.85,24.09,26.46,74.06,0,79.0,0
5708,2022,Norte,TO,Urbana,Médio,151500,M,85,1074.82,0.596,29.58,1,,7.78,76.82,19.47,59.2,72.6,0,95.46,1
5709,2022,Sul,SC,Urbana,Grande,8266914,F,87,729.93,0.674,16.21,1,,4.57,39.45,26.73,69.33,67.75,1,100.0,0
5710,2024,Norte,AP,Urbana,Pequeno,10991,M,85,782.87,0.705,23.83,0,4.52,6.73,41.82,18.82,41.72,61.65,0,89.26,0
5711,2022,Sul,SC,Urbana,Grande,8190573,F,91,1126.66,0.755,12.82,0,4.1,5.78,74.48,22.65,63.07,66.48,1,91.5,1
5712,2022,Nordeste,RN,Urbana,Médio,106021,M,91,510.18,0.709,30.42,0,3.18,5.51,72.69,20.39,64.19,65.98,1,89.69,0
5713,2022,Norte,RR,Urbana,Médio,93808,M,107,295.97,0.743,36.29,1,3.95,8.8,77.77,26.17,39.45,70.95,1,90.42,1
5714,2022,Sudeste,SP,Urbana,Pequeno,3876,F,103,,0.684,18.42,1,2.31,5.64,75.89,23.07,39.93,73.25,0,96.08,1
5715,2023,Sudeste,ES,Urbana,Pequeno,8157,M,107,840.37,0.691,11.54,1,4.08,5.88,70.04,18.96,79.72,83.14,1,88.53,0
5716,2024,Sudeste,SP,Urbana,Médio,54428,M,85,1063.87,0.786,24.31,0,6.72,3.61,65.1,14.49,87.72,70.34,0,75.82,0
5717,2023,Nordeste,BA,Rural,Grande,11885084,M,92,1179.22,0.633,19.86,0,5.23,5.26,63.11,23.0,48.0,65.0,1,85.55,1
5718,2022,Nordeste,PB,Urbana,Pequeno,13144,F,89,684.41,0.808,15.55,0,5.05,6.47,69.51,20.29,48.69,72.27,1,87.34,0
5719,2023,Sudeste,SP,Rural,Pequeno,7595,F,95,876.46,0.65,24.77,1,6.21,5.21,75.32,28.04,73.51,71.03,1,87.41,0
5720,2024,Nordeste,CE,Urbana,Pequeno,15168,F,84,786.7,0.6,27.81,0,5.48,8.28,79.42,18.58,18.92,71.17,1,99.48,1
5721,2023,Sul,SC,Urbana,Médio,187721,M,90,1118.22,0.686,15.08,1,7.07,6.39,67.08,25.85,47.96,73.4,0,97.84,0
5722,2024,Sudeste,RJ,Urbana,Pequeno,2405,F,98,,0.727,27.19,1,6.34,4.5,59.71,18.45,91.89,60.48,1,89.99,1
5723,2023,Sudeste,ES,Urbana,Grande,1976544,F,85,1173.38,0.672,24.2,0,5.07,7.03,83.07,21.87,64.23,73.92,1,97.24,1
5724,2022,Nordeste,RN,Urbana,Pequeno,3405,F,103,1341.51,0.787,41.93,0,4.55,8.7,76.3,21.69,73.75,62.78,1,88.58,1
5725,2022,Norte,AC,Urbana,Médio,198040,F,105,852.53,0.714,47.68,0,6.2,5.14,64.68,24.23,57.52,70.52,1,82.31,0
5726,2023,Nordeste,BA,Urbana,Pequeno,11041,M,104,1085.99,0.628,36.81,0,3.61,4.66,67.09,25.04,60.45,67.02,0,72.44,0
5727,2024,Sudeste,RJ,Urbana,Médio,188349,M,104,833.65,0.595,25.42,0,6.72,8.07,100.0,26.02,70.25,71.0,0,81.38,0
5728,2023,Nordeste,BA,Urbana,Pequeno,19716,M,104,,0.661,34.26,0,5.32,5.24,57.23,18.17,61.8,72.8,1,79.1,0
5729,2022,Sudeste,RJ,Urbana,Médio,160398,M,106,830.02,0.666,20.37,0,5.41,4.77,26.68,26.01,57.73,76.12,1,84.29,0
5730,2022,Norte,RR,Urbana,Pequeno,3074,F,97,803.43,0.666,32.05,0,3.88,6.13,65.53,23.65,65.27,72.98,1,86.21,0
5731,2024,Nordeste,AL,Urbana,Pequeno,19832,F,88,583.47,0.766,20.98,0,6.82,4.94,62.95,23.1,65.8,81.32,1,90.29,1
5732,2022,Sul,PR,Urbana,Médio,36217,M,88,805.48,0.62,24.28,1,5.82,8.77,88.52,25.1,41.92,66.74,1,80.03,0
5733,2024,Norte,AP,Rural,Médio,57731,M,104,1193.35,0.657,37.2,1,5.03,4.38,49.56,14.66,87.67,74.97,1,92.45,0
5734,2022,Sudeste,RJ,Rural,Pequeno,7459,F,97,798.62,0.891,17.06,0,2.9,2.18,95.58,22.5,80.81,74.43,1,97.95,0
5735,2022,Sul,RS,Rural,Grande,1305338,F,92,1443.46,0.606,21.15,0,6.05,5.81,97.54,24.17,85.9,64.81,1,88.53,1
5736,2024,Nordeste,PI,Urbana,Pequeno,7401,F,99,561.37,0.671,25.73,0,5.54,6.31,62.3,32.15,65.5,63.81,0,,0
5737,2022,Sudeste,MG,Urbana,Pequeno,9231,F,103,1006.09,0.843,15.39,1,6.37,7.57,68.08,17.29,72.29,72.0,1,95.95,1
5738,2022,Sudeste,SP,Urbana,Médio,29822,M,107,1240.13,0.648,22.06,1,,7.12,60.23,16.63,54.88,65.76,1,87.59,1
5739,2023,Norte,RR,Urbana,Pequeno,19433,F,93,650.21,0.618,33.26,1,5.7,4.86,32.58,18.37,48.8,72.61,1,90.04,0
5740,2024,Nordeste,SE,Urbana,Pequeno,14477,F,91,192.98,0.749,37.84,0,5.52,3.9,65.38,19.58,34.59,73.0,1,92.49,0
5741,2022,Nordeste,BA,Urbana,Médio,130104,F,92,1354.49,0.655,33.76,1,2.64,5.28,64.71,12.88,61.22,59.45,1,79.74,0
5742,2023,Sul,SC,Urbana,Pequeno,17838,F,100,875.68,0.809,37.34,1,5.2,8.08,65.26,20.94,88.54,72.06,0,95.28,0
5743,2023,Nordeste,PE,Urbana,Médio,114537,F,105,1159.11,0.606,25.99,0,3.35,5.02,73.22,27.33,58.78,67.18,0,80.19,1
5744,2024,Sudeste,ES,Urbana,Pequeno,15575,F,107,1082.17,0.682,17.79,0,4.79,7.4,41.73,19.82,71.86,71.34,1,93.14,1
5745,2024,Sudeste,MG,Urbana,Pequeno,4168,M,96,1095.37,0.783,32.01,1,3.76,5.68,65.05,29.25,72.5,75.26,1,91.78,0
5746,2023,Sudeste,RJ,Urbana,Pequeno,15518,M,86,553.03,0.754,28.39,0,4.69,7.14,69.53,19.08,37.65,72.94,1,100.0,1
5747,2024,Sudeste,ES,Urbana,Pequeno,8635,M,101,809.53,0.717,10.54,1,3.48,7.47,46.93,14.58,50.02,63.64,0,,1
5748,2022,Sudeste,MG,Urbana,Médio,39087,M,105,1202.25,0.666,14.81,0,3.39,6.68,67.86,18.36,59.74,69.66,0,81.34,1
5749,2022,Sudeste,MG,Urbana,Grande,6336470,F,86,1248.76,0.696,20.72,0,7.58,5.98,100.0,25.89,72.7,75.48,1,73.7,1
5750,2023,Sudeste,RJ,Urbana,Médio,69322,F,93,674.09,0.612,19.22,0,5.07,5.45,93.78,24.16,62.2,68.16,1,82.02,0
5751,2022,Sudeste,SP,Urbana,Médio,140855,M,101,1042.93,0.769,15.57,0,7.58,6.02,84.9,20.84,58.25,75.82,1,71.77,1
5752,2022,Nordeste,AL,Rural,Grande,3476479,F,105,1165.16,0.514,21.79,0,3.7,6.58,55.43,18.25,64.78,62.18,1,100.0,0
5753,2022,Sudeste,SP,Urbana,Grande,2290691,M,100,855.3,0.791,18.94,0,5.57,6.24,87.6,20.1,67.11,65.02,1,78.74,0
5754,2022,Nordeste,AL,Urbana,Grande,9659097,F,93,,0.678,21.69,0,5.28,6.13,81.88,19.42,38.57,69.16,1,78.39,1
5755,2023,Centro-Oeste,DF,Urbana,Médio,67212,M,87,998.89,0.683,25.36,0,5.46,4.67,74.24,20.42,76.41,73.76,1,90.0,1
5756,2022,Centro-Oeste,MS,Urbana,Pequeno,13396,F,99,660.65,0.7,11.6,0,4.17,7.6,62.23,25.0,60.36,61.6,1,90.55,0
5757,2022,Sudeste,MG,Urbana,Médio,107764,M,91,979.62,0.677,24.13,1,6.32,4.71,65.69,28.26,94.37,71.02,0,100.0,1
5758,2022,Sudeste,RJ,Urbana,Pequeno,14700,F,84,1086.45,0.633,16.74,0,6.26,7.35,88.7,27.33,34.13,72.99,0,79.25,1
5759,2022,Nordeste,SE,Urbana,Médio,86969,F,104,865.57,0.573,37.91,0,4.8,6.71,74.35,24.91,34.62,54.82,1,77.05,1
5760,2023,Sudeste,RJ,Urbana,Médio,62991,M,97,1274.99,0.651,24.91,0,6.35,8.61,49.23,28.59,94.31,66.67,1,91.92,1
5761,2022,Sudeste,MG,Urbana,Pequeno,11079,F,106,989.36,0.708,15.03,0,4.23,6.72,63.04,18.22,55.75,69.18,0,89.5,1
5762,2022,Sul,PR,Urbana,Pequeno,4083,F,97,1060.05,0.722,24.99,0,4.94,6.5,89.81,19.04,54.81,68.54,0,100.0,1
5763,2024,Sudeste,ES,Urbana,Médio,127360,F,98,742.18,0.687,8.34,1,6.36,6.74,69.95,20.66,51.18,71.04,1,83.3,0
5764,2024,Nordeste,CE,Rural,Médio,92720,F,84,508.38,0.695,41.15,1,3.75,4.05,56.41,20.97,51.73,77.61,0,88.73,0
5765,2023,Nordeste,MA,Urbana,Pequeno,5598,M,98,997.59,0.564,28.3,0,2.42,7.22,45.25,28.81,63.87,69.18,1,95.34,0
5766,2022,Sudeste,RJ,Urbana,Pequeno,8688,F,107,964.0,0.668,23.25,1,5.52,6.04,82.32,24.29,81.05,70.9,0,79.08,1
5767,2023,Nordeste,RN,Urbana,Pequeno,11602,M,102,226.2,0.606,26.68,1,4.65,5.69,54.14,22.32,55.84,66.99,1,93.34,0
5768,2024,Sul,RS,Urbana,Pequeno,8613,M,90,671.85,0.736,25.69,1,6.48,2.47,68.63,20.49,54.2,71.32,0,74.3,0
5769,2023,Nordeste,MA,Rural,Pequeno,9054,F,105,792.33,0.528,50.2,0,5.8,5.2,64.2,25.09,50.75,71.25,0,94.61,0
5770,2023,Nordeste,AL,Urbana,Grande,7502655,M,105,828.85,0.574,27.64,1,7.21,5.17,70.61,19.02,51.06,74.25,0,85.56,0
5771,2023,Nordeste,CE,Urbana,Pequeno,10176,M,96,587.27,0.669,34.79,0,4.38,8.35,76.24,28.04,59.12,65.22,1,76.33,0
5772,2023,Nordeste,PE,Urbana,Pequeno,9577,M,84,833.47,0.684,38.12,1,4.87,3.85,77.84,28.99,67.05,63.56,0,,0
5773,2023,Sudeste,SP,Rural,Grande,7058132,F,85,1000.38,0.704,14.91,0,5.52,6.85,72.65,21.38,58.24,70.57,1,95.5,0
5774,2022,Nordeste,RN,Urbana,Pequeno,10828,M,95,986.45,0.57,35.93,1,6.56,6.41,54.43,24.24,37.24,67.65,1,100.0,0
5775,2023,Nordeste,PE,Urbana,Médio,183733,M,100,686.36,0.576,35.46,0,4.64,1.9,76.98,26.9,68.55,72.3,1,91.13,0
5776,2024,Centro-Oeste,MS,Urbana,Pequeno,19082,M,91,1160.03,0.637,11.81,0,7.06,8.55,21.49,24.25,69.36,63.05,0,91.14,0
5777,2024,Nordeste,BA,Urbana,Pequeno,3926,F,103,253.1,0.713,15.7,0,5.78,7.04,72.56,26.46,60.68,67.58,0,87.34,1
5778,2024,Sudeste,SP,Urbana,Pequeno,16894,F,103,943.07,0.637,20.33,0,4.2,6.57,74.81,18.29,59.17,70.84,0,99.02,1
5779,2022,Centro-Oeste,GO,Urbana,Pequeno,17110,F,103,870.53,0.739,26.35,1,5.98,7.31,63.05,15.96,57.67,67.18,0,96.71,0
5780,2024,Sudeste,ES,Rural,Médio,146314,M,106,1085.78,0.743,27.23,1,4.57,4.7,71.33,28.14,59.36,83.98,1,100.0,1
5781,2023,Sul,PR,Urbana,Pequeno,5257,F,97,1151.08,0.667,41.31,0,,7.41,67.67,13.44,72.17,72.99,0,93.73,0
5782,2024,Sudeste,SP,Urbana,Pequeno,2092,M,101,1032.3,0.775,27.84,1,4.93,8.35,86.13,16.85,67.88,72.11,1,81.64,1
5783,2023,Norte,RO,Urbana,Médio,22856,F,93,820.11,0.648,18.0,0,1.36,4.89,67.12,26.37,100.0,69.21,0,85.17,1
5784,2022,Sudeste,RJ,Urbana,Pequeno,6829,F,89,1094.14,0.825,32.53,0,3.3,7.39,89.5,21.37,53.61,70.88,1,100.0,0
5785,2024,Sul,PR,Urbana,Grande,10711133,F,91,1050.63,0.622,13.64,0,5.63,6.52,76.32,21.65,71.19,69.14,0,83.09,1
5786,2024,Sudeste,RJ,Urbana,Grande,5774657,M,106,1412.78,0.75,21.25,0,4.57,6.0,71.46,22.38,62.1,64.68,0,82.37,0
5787,2023,Centro-Oeste,MS,Urbana,Pequeno,18030,F,107,914.51,0.667,14.16,0,5.89,6.05,68.59,23.22,42.46,60.42,0,72.21,1
5788,2023,Nordeste,PB,Urbana,Pequeno,9765,M,87,959.7,0.642,41.93,0,2.79,3.48,53.1,23.27,49.98,78.5,1,87.91,0
5789,2023,Nordeste,BA,Urbana,Pequeno,17989,M,85,815.64,0.686,29.12,0,6.11,8.36,84.06,28.38,40.09,73.15,0,81.74,0
5790,2023,Sudeste,ES,Urbana,Pequeno,15245,F,89,,0.704,10.59,0,4.22,8.4,84.88,26.41,60.43,79.19,0,97.74,1
5791,2022,Sul,RS,Rural,Pequeno,13845,M,89,958.24,0.717,19.25,1,5.25,5.8,100.0,25.07,40.25,69.11,1,75.56,1
5792,2024,Centro-Oeste,MT,Urbana,Médio,32153,F,84,800.05,0.775,4.58,0,4.78,6.57,76.28,18.74,58.58,73.01,1,95.66,1
5793,2023,Nordeste,SE,Urbana,Pequeno,4582,M,96,788.49,0.627,27.12,1,5.6,6.03,61.45,21.28,66.5,77.11,1,94.34,0
5794,2022,Sul,SC,Urbana,Pequeno,14267,M,96,918.13,0.683,28.34,1,1.45,2.77,88.49,22.61,60.05,71.4,1,94.75,1
5795,2024,Sudeste,ES,Urbana,Pequeno,18531,F,87,908.49,0.605,25.24,0,6.5,6.83,80.43,16.21,47.39,70.18,1,81.1,1
5796,2024,Norte,AC,Urbana,Médio,181732,M,89,678.42,0.659,27.1,1,4.16,3.69,92.8,24.03,86.8,71.43,1,86.4,0
5797,2023,Sudeste,SP,Urbana,Médio,94703,F,96,535.99,0.658,13.43,0,4.69,6.42,65.22,20.81,96.74,83.11,0,90.98,0
5798,2023,Sul,RS,Urbana,Pequeno,12536,F,97,1241.42,0.751,21.93,0,5.98,7.86,47.81,25.16,83.93,72.37,0,95.84,1
5799,2024,Nordeste,RN,Urbana,Pequeno,14904,F,98,182.84,0.707,17.28,0,5.7,5.45,93.08,23.55,39.49,69.89,1,71.57,0
5800,2022,Nordeste,CE,Urbana,Pequeno,5486,M,96,927.82,0.692,34.29,0,3.95,6.52,87.66,23.62,63.25,64.32,1,83.61,0
5801,2022,Norte,RR,Urbana,Pequeno,10950,M,100,964.55,0.707,31.31,1,5.12,4.46,68.36,22.02,64.48,81.25,1,75.93,0
5802,2024,Sudeste,SP,Urbana,Pequeno,3271,F,89,858.92,0.638,18.76,0,4.9,7.74,53.4,14.2,85.75,68.21,1,91.36,0
5803,2024,Sul,SC,Urbana,Pequeno,10173,M,85,779.23,0.658,22.81,1,5.33,6.45,67.44,24.07,72.06,66.93,1,93.43,0
5804,2022,Norte,RO,Urbana,Pequeno,15642,M,97,752.17,0.706,30.39,0,4.66,4.74,54.81,25.0,92.13,64.37,0,100.0,0
5805,2022,Nordeste,CE,Urbana,Grande,4603149,M,107,1029.86,0.666,39.62,1,5.86,6.07,60.4,19.73,51.26,60.3,0,79.95,1
5806,2024,Sudeste,MG,Urbana,Médio,136368,F,88,1300.06,0.734,26.23,0,5.87,8.56,62.32,24.44,64.28,79.29,0,97.04,0
5807,2022,Sul,RS,Rural,Grande,4099212,M,86,698.63,0.56,19.35,0,4.07,5.63,56.61,22.81,61.86,67.31,1,95.88,0
5808,2024,Sudeste,MG,Urbana,Pequeno,6659,M,101,1455.31,0.633,31.14,0,4.78,6.5,75.12,15.31,79.76,68.66,1,88.92,0
5809,2023,Sudeste,MG,Urbana,Grande,6864023,F,96,957.85,0.785,11.13,0,,9.55,81.97,21.08,69.47,69.39,1,86.48,0
5810,2022,Centro-Oeste,GO,Urbana,Pequeno,13284,F,102,1177.3,0.582,15.34,0,2.4,6.81,61.26,19.59,60.47,64.18,1,74.42,1
5811,2023,Nordeste,CE,Urbana,Pequeno,12855,M,104,1293.4,0.615,26.79,0,6.07,3.48,82.99,13.57,62.78,63.22,1,88.55,1
5812,2022,Sudeste,RJ,Urbana,Pequeno,17901,F,86,1211.76,0.736,38.37,1,6.22,5.33,72.76,20.07,65.63,75.2,0,,0
5813,2022,Sudeste,RJ,Urbana,Pequeno,13473,F,105,978.99,0.75,7.8,0,6.61,5.83,86.53,23.14,78.79,70.22,0,93.25,1
5814,2024,Sudeste,SP,Urbana,Pequeno,5276,F,104,1091.36,0.696,12.05,0,7.09,6.82,75.91,27.48,84.78,70.02,1,83.79,1
5815,2024,Sudeste,MG,Urbana,Pequeno,10077,M,87,1035.69,0.719,28.06,0,9.0,8.14,70.12,18.86,80.92,70.36,0,87.63,1
5816,2024,Sul,RS,Rural,Médio,124492,M,100,1391.4,0.569,9.23,1,3.91,7.66,82.35,24.59,86.43,65.93,0,95.25,0
5817,2024,Sudeste,ES,Urbana,Grande,11869422,F,99,1279.12,0.761,18.8,0,4.98,5.9,56.41,19.25,87.63,74.86,0,81.57,1
5818,2022,Sudeste,MG,Urbana,Grande,2334609,M,98,1255.92,0.716,21.3,1,7.02,8.49,90.22,20.33,100.0,72.14,1,83.88,0
5819,2022,Sudeste,SP,Urbana,Médio,94264,F,96,1046.05,0.725,21.54,0,,5.63,34.45,27.78,100.0,80.8,1,91.98,0
5820,2024,Centro-Oeste,DF,Urbana,Pequeno,6622,M,88,976.17,0.648,24.94,1,4.34,5.64,42.94,30.15,38.35,74.11,0,95.97,0
5821,2022,Sudeste,RJ,Urbana,Pequeno,18714,M,89,1159.59,0.749,16.81,1,5.12,6.51,43.68,20.15,52.37,68.04,0,78.96,0
5822,2023,Nordeste,PI,Urbana,Pequeno,2264,M,85,972.42,0.665,29.59,0,3.47,6.24,65.26,18.31,46.65,75.05,1,93.37,0
5823,2024,Sudeste,MG,Urbana,Pequeno,19741,F,98,1054.32,0.674,23.79,0,6.82,6.08,61.71,18.76,71.45,75.86,1,92.89,0
5824,2022,Centro-Oeste,GO,Rural,Pequeno,6215,M,100,631.93,0.695,37.63,1,5.08,6.18,58.17,24.59,42.98,77.32,1,90.92,0
5825,2024,Nordeste,PE,Urbana,Médio,192229,F,106,689.07,0.708,21.24,1,,7.1,75.47,19.44,73.01,66.32,1,87.21,1
5826,2024,Sul,SC,Urbana,Pequeno,5881,M,86,1358.42,0.811,37.24,0,2.83,4.85,74.46,24.18,54.15,75.08,1,,0
5827,2023,Sudeste,ES,Urbana,Pequeno,3493,F,92,1134.31,0.747,29.35,1,6.45,7.37,64.8,17.76,45.35,64.12,0,83.14,0
5828,2022,Norte,PA,Urbana,Grande,9066802,M,93,414.38,0.62,26.81,1,6.27,7.15,62.72,24.15,48.9,67.96,1,82.87,0
5829,2024,Sudeste,ES,Urbana,Pequeno,14188,M,99,699.62,0.705,19.09,0,6.6,6.43,70.21,20.18,45.83,68.6,1,84.77,1
5830,2022,Sudeste,SP,Urbana,Pequeno,19548,F,100,819.62,0.705,9.56,0,2.15,8.26,72.15,31.35,64.21,70.8,1,100.0,1
5831,2023,Nordeste,PE,Urbana,Grande,11996729,F,96,908.77,0.616,16.26,0,5.46,5.42,64.98,23.57,61.34,80.52,1,91.77,0
5832,2024,Sudeste,MG,Urbana,Médio,84459,F,97,767.37,0.621,17.98,0,6.91,6.1,76.21,17.62,39.22,66.19,0,88.39,1
5833,2022,Sudeste,MG,Urbana,Pequeno,15109,M,99,1375.51,0.694,26.46,0,3.89,8.02,76.71,19.5,40.48,73.43,1,82.57,0
5834,2024,Sudeste,ES,Urbana,Pequeno,5517,M,101,1344.65,0.727,21.64,0,6.25,7.81,81.66,21.2,57.35,72.82,0,92.81,0
5835,2023,Nordeste,RN,Urbana,Médio,149352,M,85,446.51,0.594,48.21,0,5.0,5.74,39.35,15.72,35.63,65.07,1,94.91,0
5836,2022,Norte,AC,Urbana,Médio,180601,F,103,150.0,0.661,35.59,1,6.04,2.36,38.42,22.94,8.89,68.43,1,80.82,0
5837,2022,Sudeste,SP,Urbana,Pequeno,17788,F,97,939.48,0.667,14.88,0,6.57,4.15,77.08,19.48,67.66,58.88,0,94.85,1
5838,2022,Sul,PR,Urbana,Médio,159590,F,92,928.22,0.595,24.17,0,3.49,7.87,66.52,26.45,68.2,67.74,1,95.27,0
5839,2023,Nordeste,SE,Rural,Pequeno,8662,M,94,870.83,0.639,25.41,0,3.89,4.34,69.15,23.61,61.9,64.07,0,87.14,1
5840,2022,Centro-Oeste,DF,Rural,Pequeno,11796,F,90,965.71,0.603,22.41,1,5.27,5.49,88.78,13.63,83.4,62.68,1,91.64,1
5841,2022,Sudeste,RJ,Rural,Pequeno,12789,M,85,971.51,0.683,29.24,1,4.16,1.98,47.96,26.92,93.98,69.5,0,89.18,0
5842,2022,Centro-Oeste,GO,Urbana,Médio,81007,F,97,721.7,0.752,34.1,0,4.38,5.96,100.0,24.71,54.67,65.03,1,81.98,1
5843,2022,Norte,AC,Urbana,Médio,66906,M,85,240.67,0.682,41.94,1,5.32,7.88,67.98,34.27,39.9,70.13,1,87.67,0
5844,2024,Nordeste,AL,Urbana,Pequeno,19262,F,98,1097.37,0.693,33.45,0,,8.28,39.95,16.59,57.62,69.05,0,90.48,0
5845,2022,Nordeste,RN,Urbana,Grande,712019,M,92,751.5,0.652,25.31,1,5.34,5.77,63.41,23.65,67.64,70.41,1,91.96,1
5846,2024,Sudeste,SP,Urbana,Médio,101310,F,86,918.76,0.856,10.24,1,2.83,6.33,62.87,20.7,81.19,81.01,1,100.0,0
5847,2023,Nordeste,PE,Urbana,Médio,118148,F,98,832.44,0.571,40.74,0,3.41,6.08,100.0,23.3,55.98,61.42,0,91.75,1
5848,2023,Sudeste,SP,Urbana,Médio,143502,M,95,1175.78,0.645,20.23,0,,6.71,84.01,21.65,78.19,66.47,1,76.68,1
5849,2023,Sudeste,ES,Urbana,Grande,4319225,F,107,1064.11,0.712,8.58,0,4.13,5.24,50.67,24.41,55.75,78.69,1,90.1,0
5850,2024,Nordeste,PI,Urbana,Pequeno,19487,F,95,1267.81,0.637,40.0,0,2.62,6.03,64.13,28.91,37.38,65.59,0,86.6,0
5851,2023,Sudeste,SP,Urbana,Pequeno,4108,M,100,1230.53,0.707,22.24,1,5.44,5.69,57.64,19.54,58.72,74.1,1,93.61,1
5852,2022,Sul,PR,Urbana,Médio,146034,F,97,1370.86,0.708,23.37,0,6.07,4.47,77.54,22.84,51.47,73.45,0,92.61,1
5853,2022,Sul,PR,Rural,Pequeno,11532,F,104,569.07,0.77,28.96,0,6.53,5.59,61.16,18.58,55.52,77.17,1,93.53,0
5854,2024,Sudeste,MG,Urbana,Pequeno,11244,M,105,782.72,0.716,18.96,1,3.71,5.28,87.74,20.42,61.21,65.01,1,91.74,0
5855,2022,Sudeste,MG,Urbana,Pequeno,11853,F,95,722.07,0.755,23.47,1,4.85,8.59,72.44,17.34,85.38,75.59,0,72.16,0
5856,2022,Nordeste,PE,Urbana,Pequeno,2130,M,106,1185.81,0.588,31.79,0,6.45,3.29,50.62,23.85,19.16,58.51,0,74.39,0
5857,2022,Nordeste,PB,Urbana,Pequeno,10383,F,101,,0.653,36.25,1,5.1,5.18,53.11,24.23,81.59,72.38,1,82.65,0
5858,2022,Nordeste,PB,Urbana,Pequeno,4418,M,90,876.03,0.675,24.31,0,7.0,6.3,61.42,23.68,68.55,66.87,1,89.59,0
5859,2024,Centro-Oeste,MS,Rural,Pequeno,15498,M,101,479.59,0.674,18.5,1,5.79,5.39,60.52,21.86,68.64,65.33,1,94.26,0
5860,2024,Sul,SC,Urbana,Grande,10691730,M,84,,0.659,26.74,0,3.86,7.82,74.71,20.73,48.24,65.43,1,86.57,1
5861,2024,Sudeste,RJ,Urbana,Grande,4889186,F,94,972.84,0.665,6.79,0,4.95,5.94,58.37,17.8,77.03,64.35,1,92.77,1
5862,2024,Sul,RS,Urbana,Grande,914085,M,102,1143.19,0.727,24.96,0,6.12,6.45,67.1,21.96,97.34,71.57,1,,0
5863,2022,Sudeste,SP,Urbana,Médio,43930,M,100,1023.07,0.861,27.76,1,3.54,5.73,43.33,13.49,63.29,66.73,1,80.35,0
5864,2023,Sul,RS,Urbana,Pequeno,19701,M,101,897.68,0.7,28.13,0,5.11,6.84,100.0,21.26,70.5,68.98,0,88.62,1
5865,2023,Sul,SC,Urbana,Pequeno,3634,M,94,1090.41,0.783,27.26,0,6.03,8.17,58.06,23.09,84.32,75.16,0,86.54,0
5866,2023,Sul,PR,Urbana,Médio,73713,M,96,1119.71,0.653,20.61,0,4.82,6.25,85.09,21.2,78.18,74.6,1,87.12,0
5867,2024,Sul,RS,Urbana,Pequeno,10038,F,100,762.26,0.663,19.28,0,5.6,4.2,89.62,18.36,32.49,71.84,0,85.02,1
5868,2023,Sudeste,RJ,Urbana,Médio,74435,F,90,1014.71,0.678,18.08,0,5.5,6.02,47.15,17.87,20.3,77.01,1,89.36,0
5869,2023,Sudeste,RJ,Urbana,Pequeno,13197,F,107,1231.98,0.751,3.51,0,5.95,7.62,71.17,21.72,68.51,76.87,0,100.0,0
5870,2024,Sudeste,ES,Urbana,Pequeno,17754,M,101,1180.14,0.741,24.85,0,4.04,9.41,60.82,22.97,51.02,68.93,1,92.83,1
5871,2022,Sul,SC,Urbana,Médio,57044,F,90,779.05,0.749,24.53,0,4.78,5.19,89.11,21.54,40.91,74.91,1,89.12,1
5872,2024,Nordeste,RN,Urbana,Pequeno,14871,F,91,1065.54,0.663,16.89,0,,4.73,77.05,24.12,59.9,69.31,1,88.77,0
5873,2022,Sudeste,MG,Urbana,Grande,7860370,F,104,1170.08,0.588,35.07,0,6.76,8.05,59.06,18.41,61.87,69.96,1,75.77,0
5874,2023,Sul,RS,Urbana,Pequeno,19568,M,100,1076.11,0.717,29.48,0,6.16,4.38,52.42,11.28,53.83,66.65,1,83.09,0
5875,2023,Norte,RO,Urbana,Pequeno,3020,F,99,800.65,0.714,24.37,1,5.5,6.42,68.39,24.86,46.89,67.52,1,,0
5876,2024,Sul,SC,Urbana,Médio,103006,F,95,667.17,0.777,11.3,0,,4.81,60.0,26.64,15.44,78.38,0,78.2,1
5877,2022,Sudeste,ES,Rural,Pequeno,10607,M,85,1084.1,0.7,24.28,1,2.94,6.91,65.69,17.39,42.57,67.21,1,93.76,0
5878,2022,Nordeste,MA,Urbana,Grande,4302548,M,99,536.03,0.638,22.17,1,,5.98,60.14,28.38,74.72,64.22,0,87.56,0
5879,2024,Sul,SC,Urbana,Pequeno,9269,M,93,826.35,0.759,16.47,1,6.62,9.14,100.0,24.23,68.27,76.16,1,100.0,1
5880,2022,Sudeste,MG,Urbana,Pequeno,15238,F,105,678.51,0.722,26.5,0,5.29,5.75,70.48,28.18,48.21,71.17,1,84.98,0
5881,2023,Sudeste,RJ,Urbana,Pequeno,18638,F,104,986.74,0.657,25.71,1,5.99,5.74,71.56,27.82,34.52,72.5,1,73.76,1
5882,2022,Sudeste,MG,Urbana,Médio,151624,F,92,975.13,0.774,22.12,0,4.34,7.83,85.87,26.26,68.85,65.39,0,85.73,1
5883,2024,Sudeste,RJ,Urbana,Grande,1389368,F,93,1035.86,0.847,14.46,1,4.65,4.38,37.19,25.66,69.86,58.3,1,100.0,0
5884,2022,Sul,RS,Urbana,Pequeno,6532,F,91,573.51,0.681,20.88,0,2.76,3.24,90.26,24.69,39.34,76.46,0,58.36,0
5885,2023,Sudeste,ES,Rural,Pequeno,19195,F,105,929.84,0.736,11.46,0,4.84,5.4,74.44,20.6,74.95,73.21,1,97.67,1
5886,2023,Sudeste,ES,Urbana,Pequeno,18365,F,88,972.58,0.656,18.64,0,6.95,3.91,74.05,20.51,71.53,73.6,1,85.54,1
5887,2023,Norte,TO,Urbana,Pequeno,2415,M,84,815.19,0.657,26.67,0,6.97,7.06,59.14,18.47,60.72,72.86,1,83.33,0
5888,2022,Norte,RO,Urbana,Pequeno,17979,M,104,631.64,0.65,38.3,0,4.55,4.16,63.39,25.66,7.64,72.5,1,83.08,0
5889,2024,Sudeste,ES,Rural,Pequeno,7231,F,94,,0.696,3.19,0,3.68,6.0,67.51,24.12,55.11,78.32,0,100.0,1
5890,2024,Nordeste,CE,Rural,Pequeno,12310,F,85,841.8,0.722,25.97,1,6.37,7.49,60.7,23.92,48.01,62.8,1,88.32,0
5891,2022,Sudeste,RJ,Urbana,Grande,649424,F,102,876.23,0.72,18.54,0,4.83,9.95,83.9,19.21,46.18,70.98,1,83.78,1
5892,2022,Sudeste,RJ,Urbana,Pequeno,3270,F,106,1164.63,0.787,30.55,1,5.08,4.73,98.2,23.11,62.33,71.51,0,87.03,0
5893,2022,Sudeste,SP,Urbana,Pequeno,6351,F,85,1648.12,0.654,19.07,0,7.51,6.1,54.67,27.51,75.9,71.34,1,97.85,1
5894,2022,Sul,SC,Urbana,Médio,65655,M,106,688.69,0.789,24.3,0,5.53,7.8,67.76,24.1,58.16,67.85,0,75.62,0
5895,2022,Sudeste,MG,Urbana,Médio,116147,M,85,912.97,0.495,21.57,1,7.17,4.15,72.34,26.56,47.1,72.81,1,83.37,0
5896,2024,Sudeste,RJ,Urbana,Pequeno,8879,M,95,1126.91,0.649,20.7,0,6.05,8.25,100.0,19.76,31.97,67.53,0,84.22,0
5897,2022,Nordeste,CE,Urbana,Grande,3221845,F,84,872.23,0.603,27.15,1,6.76,5.41,70.03,29.13,68.78,69.35,0,95.67,1
5898,2022,Sudeste,SP,Urbana,Grande,10133855,F,100,,0.791,25.05,0,6.78,5.66,73.64,31.29,56.37,72.3,0,97.56,0
5899,2024,Sul,RS,Urbana,Médio,187181,M,104,987.34,0.723,19.31,0,4.57,6.75,69.39,22.34,73.37,67.88,0,79.55,0
5900,2022,Sudeste,RJ,Rural,Médio,158663,M,107,809.1,0.761,33.22,1,6.4,5.67,67.59,10.0,84.33,75.19,0,92.93,1
5901,2022,Nordeste,RN,Rural,Pequeno,8061,F,89,919.12,0.694,17.53,0,5.2,8.0,89.26,27.26,52.44,66.39,0,93.87,0
5902,2022,Norte,AC,Urbana,Pequeno,19721,M,84,905.48,0.558,34.59,1,5.03,5.31,62.9,27.62,67.43,58.91,0,97.42,0
5903,2023,Norte,AM,Urbana,Médio,175065,F,95,875.6,0.686,32.0,0,4.02,4.0,39.41,24.92,59.55,62.3,0,92.1,1
5904,2022,Sul,SC,Urbana,Pequeno,3963,M,90,402.04,0.713,32.92,1,6.94,6.75,100.0,29.5,99.73,74.66,0,78.11,0
5905,2022,Norte,RR,Rural,Grande,1118904,M,100,628.52,0.651,32.54,0,2.7,3.22,51.57,16.74,78.02,65.94,1,80.54,0
5906,2024,Nordeste,BA,Urbana,Médio,53350,M,95,689.65,0.629,24.63,1,,6.88,65.73,18.0,66.52,67.94,0,81.72,1
5907,2024,Norte,TO,Urbana,Pequeno,2565,M,100,1687.44,0.64,41.84,0,3.91,5.84,36.51,21.35,65.98,66.53,1,,1
5908,2024,Nordeste,CE,Urbana,Médio,39280,M,91,959.17,0.574,23.48,0,6.83,4.97,73.07,21.84,47.73,75.09,0,88.12,0
5909,2023,Sudeste,ES,Urbana,Grande,7396477,F,88,1234.58,0.722,12.86,0,5.38,9.42,63.83,25.1,81.85,64.86,1,81.24,1
5910,2022,Norte,RO,Urbana,Pequeno,18056,M,89,656.21,0.688,34.3,1,5.13,6.63,66.21,24.42,61.14,76.83,0,74.95,0
5911,2023,Nordeste,AL,Urbana,Médio,125501,F,107,609.0,0.634,43.46,1,4.79,5.57,79.17,27.39,63.49,74.29,0,82.24,0
5912,2024,Sudeste,SP,Urbana,Pequeno,3862,F,100,806.96,0.688,22.52,1,6.63,8.27,96.04,20.9,33.91,76.05,1,82.13,0
5913,2022,Sudeste,ES,Rural,Médio,110326,F,102,1156.61,0.651,16.61,0,3.29,7.0,73.93,21.93,52.47,72.92,0,93.56,1
5914,2023,Sul,RS,Rural,Pequeno,17336,F,96,1081.78,0.834,24.36,0,5.04,8.41,62.24,21.39,74.73,75.55,1,79.18,1
5915,2022,Nordeste,RN,Rural,Pequeno,3207,F,91,488.28,0.746,26.76,0,6.08,3.43,75.26,14.19,68.58,68.35,1,85.84,0
5916,2022,Sudeste,SP,Urbana,Grande,9254273,M,93,950.51,0.815,19.77,0,3.25,3.56,75.27,29.35,84.12,76.35,1,98.22,1
5917,2023,Nordeste,BA,Urbana,Pequeno,4447,F,105,993.71,0.577,43.78,1,4.72,5.62,73.97,19.08,54.44,78.84,1,79.34,0
5918,2023,Sudeste,SP,Rural,Grande,11628803,M,85,886.31,0.654,33.01,1,6.04,9.55,42.69,23.49,48.51,75.69,0,84.62,0
5919,2022,Centro-Oeste,GO,Urbana,Pequeno,2448,F,97,954.61,0.765,24.96,0,4.72,5.78,77.73,23.78,39.28,77.27,1,87.27,0
5920,2022,Centro-Oeste,GO,Rural,Pequeno,4408,F,97,,0.659,25.96,0,5.21,5.54,64.31,27.96,86.1,68.09,0,100.0,1
5921,2023,Sudeste,ES,Urbana,Pequeno,10652,M,95,865.2,0.627,8.69,1,5.69,7.24,70.86,29.54,66.78,70.35,1,100.0,1
5922,2023,Sudeste,SP,Urbana,Pequeno,9265,M,86,1168.48,0.729,10.38,0,4.29,6.09,78.46,23.72,67.69,66.29,0,93.75,0
5923,2022,Sul,PR,Urbana,Pequeno,17313,F,97,1070.35,0.634,21.63,0,4.36,5.53,44.97,21.99,55.4,68.62,1,85.65,0
5924,2023,Norte,RR,Rural,Pequeno,2629,F,100,,0.644,41.55,0,4.93,8.85,64.15,17.59,67.82,62.78,0,85.16,1
5925,2024,Nordeste,RN,Urbana,Médio,169103,F,91,592.37,0.647,26.24,0,5.17,4.86,42.56,25.2,64.53,74.5,1,93.18,0
5926,2024,Nordeste,BA,Rural,Médio,90143,F,88,432.51,0.621,34.32,0,4.51,5.29,83.53,25.42,62.67,62.33,0,90.37,1
5927,2023,Sudeste,ES,Rural,Pequeno,17233,F,96,1126.49,0.724,20.12,0,5.41,6.43,61.69,21.92,86.33,73.79,0,73.7,1
5928,2023,Sudeste,SP,Urbana,Pequeno,4707,M,104,629.07,0.84,22.07,0,5.48,9.21,92.67,25.16,45.75,67.95,1,100.0,1
5929,2023,Sudeste,MG,Rural,Médio,106752,F,97,837.62,0.717,13.02,0,6.82,5.95,82.5,18.02,33.74,75.28,1,,1
5930,2023,Sudeste,MG,Rural,Médio,81416,F,96,869.65,0.618,10.47,1,6.06,6.7,87.5,19.14,49.11,72.21,0,78.68,0
5931,2024,Sudeste,SP,Urbana,Pequeno,17751,F,95,1213.64,0.621,33.75,1,5.04,6.34,59.69,18.82,84.7,75.92,1,85.38,0
5932,2023,Centro-Oeste,DF,Urbana,Médio,61687,M,90,435.07,0.84,27.45,0,6.08,4.29,63.61,22.08,100.0,71.94,1,99.71,1
5933,2022,Sul,RS,Urbana,Pequeno,7744,F,91,303.84,0.645,13.14,0,4.46,5.51,76.13,13.77,31.72,75.37,1,91.97,0
5934,2022,Sudeste,MG,Rural,Pequeno,15568,M,86,1274.17,0.743,17.5,0,3.51,6.61,59.19,19.11,78.12,59.61,0,68.21,0
5935,2024,Sudeste,SP,Urbana,Pequeno,6388,F,98,898.9,0.672,35.05,0,5.63,4.15,76.77,22.76,82.2,65.77,1,77.06,1
5936,2023,Sudeste,MG,Urbana,Médio,136864,M,94,1105.44,0.689,18.61,1,4.86,5.85,52.56,18.48,35.78,76.72,0,85.18,0
5937,2022,Norte,RR,Urbana,Grande,6113491,F,100,236.77,0.717,31.1,0,4.45,7.6,63.35,22.87,41.36,75.21,1,70.31,0
5938,2022,Sudeste,RJ,Urbana,Médio,104736,M,92,249.62,0.642,10.46,0,5.86,4.61,63.23,21.27,64.28,79.07,0,83.56,1
5939,2024,Sudeste,SP,Urbana,Pequeno,9627,F,107,873.94,0.661,6.6,0,5.26,5.24,52.8,18.43,69.28,77.17,0,100.0,1
5940,2022,Nordeste,PE,Urbana,Médio,25243,F,96,892.69,0.619,47.27,0,5.73,5.28,57.33,16.06,50.46,69.7,1,83.82,0
5941,2023,Nordeste,CE,Urbana,Pequeno,19738,F,85,391.88,0.685,21.77,1,3.91,5.38,72.98,20.04,63.61,69.38,0,82.2,1
5942,2024,Sudeste,RJ,Urbana,Pequeno,19945,M,92,981.72,0.698,18.26,0,5.77,3.8,100.0,20.47,92.21,69.17,1,,0
5943,2022,Centro-Oeste,MT,Urbana,Pequeno,5957,M,91,804.2,0.694,42.14,1,8.28,7.6,69.41,17.09,24.8,75.18,0,86.42,0
5944,2024,Sudeste,MG,Urbana,Grande,3222026,F,87,1110.15,0.716,28.99,0,3.45,9.28,60.17,20.08,63.09,63.17,1,92.66,0
5945,2022,Sudeste,SP,Urbana,Grande,5232923,M,92,762.17,0.685,22.62,0,6.67,5.99,89.18,18.3,85.44,65.78,1,76.64,0
5946,2022,Sudeste,SP,Urbana,Pequeno,12104,F,90,1429.18,0.67,12.47,0,4.81,2.69,88.38,23.74,33.11,65.37,0,97.9,0
5947,2024,Sul,SC,Urbana,Pequeno,8966,M,86,1233.13,0.698,10.8,0,4.44,4.92,100.0,14.32,42.23,73.04,0,90.6,1
5948,2024,Nordeste,CE,Urbana,Médio,71783,M,104,918.29,0.665,29.48,1,6.56,6.12,47.02,19.95,73.33,64.9,1,88.45,0
5949,2024,Sudeste,RJ,Urbana,Grande,8440604,M,92,555.32,0.657,12.14,1,4.24,6.07,76.43,19.05,73.82,68.45,0,74.37,0
5950,2024,Nordeste,PE,Rural,Pequeno,5012,F,84,904.82,0.583,32.31,1,4.62,8.08,38.18,24.8,76.44,70.99,0,86.54,0
5951,2024,Nordeste,PB,Urbana,Pequeno,11112,F,102,826.67,0.68,26.32,1,5.51,6.13,79.64,17.87,67.2,63.67,0,86.47,0
5952,2024,Nordeste,CE,Rural,Médio,155809,M,86,1019.33,0.612,32.71,1,3.7,5.05,51.93,26.96,61.16,72.24,1,91.31,0
5953,2023,Nordeste,BA,Rural,Médio,169979,M,104,801.46,0.74,31.57,1,5.6,8.44,67.69,29.19,65.94,78.39,1,83.75,1
5954,2024,Sul,RS,Urbana,Pequeno,9583,M,90,804.56,0.766,14.64,0,5.36,4.37,54.77,18.64,73.14,73.09,1,86.14,1
5955,2022,Sudeste,RJ,Urbana,Médio,119328,F,89,1165.65,0.61,11.21,0,4.17,8.47,82.19,19.57,63.63,66.9,0,90.09,0
5956,2024,Nordeste,PB,Urbana,Médio,93806,F,88,764.72,0.646,42.64,1,4.61,7.09,92.04,16.7,49.0,64.34,0,85.23,0
5957,2023,Sul,PR,Urbana,Pequeno,11861,M,100,1122.98,0.659,30.42,1,3.13,1.4,69.98,21.61,68.57,78.9,0,96.13,0
5958,2022,Nordeste,PI,Urbana,Médio,171234,M,107,879.75,0.708,17.15,1,5.06,5.94,70.77,20.87,45.94,77.91,0,78.18,1
5959,2024,Centro-Oeste,MS,Urbana,Pequeno,4195,F,85,669.15,0.647,12.6,0,5.9,6.21,83.43,21.68,53.63,74.1,1,89.67,1
5960,2024,Nordeste,CE,Urbana,Pequeno,17528,F,88,619.31,0.545,43.01,1,,3.15,62.5,22.22,34.79,66.65,1,80.91,0
5961,2023,Nordeste,AL,Urbana,Grande,391308,M,91,1139.71,0.731,44.08,1,3.58,3.44,80.22,27.17,11.45,74.31,1,95.25,0
5962,2024,Sudeste,MG,Urbana,Médio,78348,M,87,1509.56,0.664,10.02,0,4.54,6.83,72.93,23.3,58.19,68.83,1,96.2,1
5963,2022,Sudeste,RJ,Rural,Pequeno,3926,M,102,675.76,0.685,33.51,0,4.73,5.9,64.42,19.88,76.95,68.09,0,93.73,0
5964,2022,Sudeste,SP,Urbana,Pequeno,13086,M,88,977.9,0.709,21.38,1,4.96,6.6,74.66,19.8,64.27,80.41,0,90.34,0
5965,2024,Sul,SC,Rural,Pequeno,3701,M,96,719.78,0.666,20.48,0,6.2,8.59,57.81,20.33,81.38,82.11,1,,1
5966,2024,Sul,PR,Urbana,Pequeno,4673,M,89,1079.47,0.622,27.98,0,6.7,6.0,58.03,21.69,80.62,77.08,0,,0
5967,2023,Sudeste,RJ,Urbana,Pequeno,7306,M,84,1117.62,0.595,10.65,0,4.42,6.66,51.44,20.23,71.78,75.04,1,95.75,1
5968,2024,Norte,PA,Urbana,Pequeno,15773,M,85,751.83,0.679,37.98,0,4.68,6.53,67.45,29.18,39.76,68.38,0,88.8,1
5969,2024,Sudeste,SP,Urbana,Pequeno,17818,M,92,1341.3,0.741,16.11,0,6.12,7.02,100.0,18.36,76.52,70.36,1,87.53,0
5970,2022,Norte,RR,Rural,Pequeno,6992,M,90,1067.49,0.521,27.52,1,6.59,7.08,61.01,24.85,100.0,69.92,1,86.06,0
5971,2022,Norte,AC,Rural,Médio,28684,M,92,855.87,0.703,40.38,0,,3.03,66.87,15.84,62.43,75.46,1,81.63,1
5972,2023,Centro-Oeste,MT,Urbana,Médio,178421,F,84,1199.69,0.641,8.69,0,3.6,5.94,77.14,13.07,41.21,75.86,0,79.84,0
5973,2023,Nordeste,PI,Urbana,Grande,4605962,F,91,739.05,0.69,30.98,0,3.73,6.12,60.55,21.68,82.53,67.03,1,82.2,0
5974,2022,Norte,PA,Rural,Pequeno,18904,F,87,435.14,0.705,35.89,1,4.2,4.36,92.08,23.58,54.55,69.3,1,69.61,0
5975,2022,Sudeste,MG,Urbana,Pequeno,8084,M,88,1130.01,0.647,17.53,1,5.26,3.62,79.48,23.71,76.79,70.45,1,86.05,1
5976,2022,Centro-Oeste,DF,Urbana,Pequeno,10130,M,102,933.54,0.698,17.13,0,2.42,4.02,84.31,20.33,72.44,72.91,0,95.12,1
5977,2022,Nordeste,PB,Urbana,Médio,159933,M,99,620.93,0.625,30.04,0,6.0,4.43,54.31,17.51,60.87,62.6,0,82.72,1
5978,2023,Centro-Oeste,GO,Rural,Grande,1619137,F,97,302.54,0.814,20.39,1,5.76,4.92,82.97,18.47,95.53,66.97,1,87.68,0
5979,2023,Sudeste,ES,Urbana,Grande,5921596,F,90,1207.65,0.592,17.73,0,5.52,4.87,64.38,16.43,92.15,62.73,1,84.52,0
5980,2022,Sul,RS,Urbana,Pequeno,11726,M,106,488.58,0.701,18.71,0,5.67,7.18,90.34,10.38,73.82,67.44,0,87.15,1
5981,2024,Sul,SC,Urbana,Pequeno,12558,F,101,945.92,0.652,20.23,0,3.99,7.01,52.64,23.37,66.44,72.82,1,89.45,1
5982,2023,Sudeste,MG,Urbana,Pequeno,5443,M,98,948.61,0.718,21.6,0,5.34,8.12,32.35,18.83,65.73,64.48,1,100.0,0
5983,2024,Sul,PR,Urbana,Pequeno,19503,M,100,1096.57,0.656,23.27,0,6.47,6.88,63.01,20.11,63.95,69.74,1,82.91,1
5984,2022,Sudeste,RJ,Urbana,Grande,9276841,M,84,,0.694,10.08,0,5.35,6.62,58.37,21.42,48.2,60.42,1,90.65,0
5985,2022,Nordeste,SE,Urbana,Grande,5339104,F,100,837.42,0.739,34.12,1,7.04,3.84,67.46,17.76,53.36,63.8,0,81.16,0
5986,2022,Nordeste,PI,Rural,Grande,4202788,F,105,1132.07,0.665,28.35,0,4.88,7.41,58.8,29.09,54.89,72.02,1,100.0,0
5987,2022,Nordeste,CE,Urbana,Pequeno,16059,M,92,765.18,0.69,25.39,0,6.43,4.29,100.0,25.83,48.08,64.81,0,88.34,1
5988,2023,Nordeste,PI,Urbana,Pequeno,7439,M,101,611.24,0.642,28.98,0,4.37,6.24,72.05,24.26,46.35,65.74,0,90.1,1
5989,2022,Nordeste,PB,Urbana,Pequeno,7066,M,96,1066.16,0.568,9.12,0,4.75,7.24,65.28,18.39,54.95,67.45,0,91.49,0
5990,2023,Sudeste,ES,Urbana,Médio,178865,M,90,1089.4,0.736,36.77,1,6.67,5.83,77.95,13.62,21.41,83.72,1,93.37,1
5991,2023,Centro-Oeste,MS,Urbana,Pequeno,2677,M,106,738.49,0.666,25.25,0,4.43,6.61,57.72,16.23,94.66,66.35,1,80.91,0
5992,2023,Sudeste,SP,Urbana,Médio,184408,F,94,1024.53,0.7,10.19,1,3.63,5.98,59.74,24.88,34.8,73.09,1,90.82,0
5993,2022,Nordeste,RN,Rural,Médio,61060,M,86,731.93,0.636,20.82,1,,8.38,81.34,20.59,45.41,76.72,1,84.95,1
5994,2023,Nordeste,PB,Urbana,Grande,2182976,F,86,1182.27,0.622,21.52,1,5.42,4.94,48.22,28.0,30.72,61.4,0,77.56,1
5995,2022,Centro-Oeste,MS,Urbana,Médio,79025,F,106,731.22,0.687,19.18,0,4.72,7.15,49.36,19.28,82.22,67.88,1,83.46,0
5996,2022,Nordeste,AL,Urbana,Pequeno,19349,M,105,347.64,0.606,33.8,0,4.15,4.8,86.1,30.97,70.51,67.65,0,92.14,1
5997,2023,Nordeste,PI,Urbana,Pequeno,17890,M,100,360.1,0.689,24.69,0,,6.86,78.91,26.81,59.79,63.6,1,93.46,1
5998,2023,Nordeste,RN,Rural,Pequeno,18961,M,84,858.9,0.66,33.51,1,3.65,5.23,62.49,26.63,49.52,62.07,1,89.84,0
5999,2023,Sul,RS,Urbana,Pequeno,10674,F,100,917.48,0.7,24.13,0,5.31,5.61,69.51,24.62,54.29,70.81,1,93.96,1
6000,2022,Sudeste,MG,Urbana,Grande,8618478,M,89,592.57,0.68,33.16,0,6.56,5.53,56.02,23.25,95.36,70.6,0,86.13,0
6001,2024,Norte,PA,Urbana,Médio,75464,M,100,658.51,0.735,33.83,1,3.71,4.81,78.15,20.62,74.26,62.53,1,72.06,0
6002,2024,Sul,SC,Urbana,Pequeno,4326,F,103,963.03,0.681,15.37,0,6.81,7.01,68.49,23.29,70.46,76.49,1,89.6,1
6003,2023,Nordeste,PI,Urbana,Médio,40839,F,90,1070.53,0.759,40.5,0,3.42,6.06,56.18,13.73,54.98,65.89,1,,0
6004,2023,Sul,PR,Urbana,Pequeno,10387,F,105,711.24,0.677,6.04,0,5.87,5.15,42.19,20.14,80.37,64.64,1,89.56,0
6005,2023,Nordeste,MA,Urbana,Pequeno,18885,F,85,465.44,0.649,17.24,0,5.02,8.57,81.49,16.02,64.92,67.53,0,93.5,0
6006,2024,Sudeste,SP,Urbana,Médio,49411,F,91,660.52,0.712,29.14,0,5.44,6.7,65.57,21.61,46.18,79.83,1,94.16,0
6007,2022,Sudeste,ES,Urbana,Pequeno,16751,F,89,1004.82,0.661,18.61,1,7.2,3.44,84.32,20.26,72.47,71.14,1,78.38,1
6008,2023,Nordeste,PE,Urbana,Grande,7077859,F,101,1312.51,0.73,36.41,0,3.04,4.79,69.22,29.04,52.61,68.99,1,73.24,0
6009,2024,Sudeste,ES,Urbana,Pequeno,11163,M,102,538.07,0.764,14.38,0,4.96,6.43,87.15,26.7,71.44,75.77,1,100.0,1
6010,2024,Sudeste,RJ,Rural,Médio,85015,M,88,1052.45,0.697,27.9,0,4.76,4.91,99.03,30.11,90.31,70.32,0,84.09,1
6011,2024,Sudeste,RJ,Urbana,Pequeno,18231,F,104,1130.0,0.752,23.9,1,7.52,6.69,71.78,26.66,65.14,70.61,1,76.13,0
6012,2024,Nordeste,PE,Urbana,Médio,154528,M,89,838.8,0.666,37.78,1,2.44,7.97,52.42,18.58,44.73,62.53,1,94.41,0
6013,2024,Sudeste,ES,Rural,Médio,97637,M,100,887.25,0.706,17.24,0,5.94,3.93,86.83,22.9,24.57,67.83,0,99.62,0
6014,2023,Norte,TO,Urbana,Pequeno,6273,F,87,654.94,0.653,16.5,0,4.2,6.09,56.46,28.89,30.6,55.64,0,78.71,0
6015,2024,Sudeste,ES,Urbana,Médio,190090,F,88,838.93,0.707,21.63,0,5.6,6.76,62.25,23.1,57.56,74.31,0,87.39,1
6016,2024,Sul,RS,Urbana,Pequeno,8034,M,85,1080.55,0.641,29.93,0,7.97,7.03,59.04,24.43,65.52,71.42,1,93.04,1
6017,2024,Nordeste,CE,Urbana,Pequeno,13196,F,105,998.89,0.73,36.55,0,3.83,1.67,66.26,28.53,56.57,62.85,1,82.93,0
6018,2023,Nordeste,SE,Urbana,Médio,191497,F,88,1022.92,0.704,27.21,1,4.74,6.84,63.54,21.22,63.83,69.87,1,91.61,0
6019,2023,Norte,RR,Urbana,Pequeno,12690,F,85,613.14,0.664,33.38,0,4.86,4.2,24.0,23.23,62.45,72.9,0,69.85,0
6020,2022,Sul,SC,Urbana,Médio,97400,M,91,839.49,0.79,36.84,1,3.07,6.91,54.77,16.45,48.85,68.36,1,87.06,0
6021,2022,Nordeste,MA,Urbana,Pequeno,3739,M,86,1059.95,0.701,36.66,0,3.65,5.37,67.02,26.8,40.9,74.0,1,93.05,1
6022,2023,Centro-Oeste,DF,Urbana,Grande,7890769,F,107,976.89,0.653,22.06,1,3.09,7.06,93.29,23.85,46.06,69.99,1,88.74,0
6023,2023,Nordeste,RN,Urbana,Grande,9718319,F,85,1046.71,0.521,44.6,0,2.55,3.09,74.82,18.77,41.47,65.64,1,76.23,0
6024,2024,Nordeste,PI,Urbana,Pequeno,8479,F,91,1157.08,0.676,29.0,0,2.94,3.39,54.96,26.05,43.99,66.53,1,93.88,0
6025,2024,Nordeste,BA,Urbana,Pequeno,10401,F,107,878.31,0.54,30.59,1,5.33,7.73,57.18,21.14,65.18,68.69,0,91.05,1
6026,2023,Norte,AC,Urbana,Pequeno,13013,F,103,912.35,0.555,45.33,1,5.71,5.49,53.78,19.05,50.17,71.54,1,83.26,0
6027,2024,Sudeste,ES,Rural,Médio,125788,M,105,,0.653,15.67,0,5.91,7.19,67.79,21.96,100.0,66.21,1,99.91,0
6028,2024,Norte,AC,Urbana,Médio,22118,M,103,670.69,0.72,25.52,1,4.47,5.07,93.06,22.85,29.95,68.88,1,73.54,0
6029,2022,Centro-Oeste,GO,Urbana,Pequeno,7941,F,107,,0.689,26.4,0,6.3,7.39,80.46,16.94,78.96,72.72,1,83.16,1
6030,2022,Centro-Oeste,MT,Urbana,Pequeno,8914,F,97,1152.01,0.697,22.16,0,6.65,7.76,69.8,25.07,72.34,78.88,1,94.53,1
6031,2023,Sudeste,ES,Urbana,Médio,157339,F,102,842.06,0.751,15.25,0,5.71,4.8,93.18,23.26,65.13,71.51,1,98.55,1
6032,2022,Nordeste,PE,Urbana,Pequeno,19810,F,87,686.63,0.561,18.6,0,6.6,2.16,72.92,17.78,96.88,63.01,0,91.63,0
6033,2024,Nordeste,PI,Urbana,Pequeno,11227,F,107,602.09,0.726,33.09,1,6.31,4.91,92.97,25.25,72.25,69.97,0,86.56,0
6034,2022,Norte,AC,Urbana,Médio,113659,F,96,,0.619,22.32,0,1.51,4.62,65.81,20.71,59.59,64.06,1,70.69,0
6035,2022,Sudeste,RJ,Urbana,Médio,144346,M,105,1100.2,0.688,12.42,1,,6.4,78.9,25.92,79.57,68.86,0,82.22,0
6036,2024,Nordeste,PI,Urbana,Pequeno,11051,F,84,616.18,0.605,15.89,0,5.75,5.98,52.38,20.27,44.74,67.2,1,,0
6037,2022,Sudeste,SP,Urbana,Médio,189075,M,89,1170.91,0.681,20.05,1,5.49,6.83,80.41,26.73,65.49,67.86,1,95.33,1
6038,2022,Sudeste,RJ,Rural,Médio,180031,M,103,1152.01,0.555,26.9,1,4.36,8.23,71.28,19.55,69.82,72.35,0,71.15,1
6039,2023,Nordeste,MA,Urbana,Médio,49974,M,106,1191.28,0.669,31.87,1,4.2,3.19,68.63,20.06,39.61,67.47,1,89.7,0
6040,2023,Sudeste,MG,Urbana,Grande,3852590,F,101,1234.28,0.719,29.09,1,5.15,7.38,52.46,17.94,38.24,66.95,1,85.52,0
6041,2024,Norte,AC,Urbana,Médio,150981,F,97,735.63,0.748,38.99,0,3.48,7.74,29.01,22.3,46.53,64.82,0,95.14,0
6042,2022,Sudeste,RJ,Rural,Pequeno,8745,F,96,734.88,0.665,20.62,1,3.74,5.89,50.31,24.06,66.83,78.1,0,95.29,0
6043,2022,Nordeste,CE,Urbana,Pequeno,7952,M,87,827.16,0.655,39.99,1,5.15,7.15,92.7,22.6,84.37,68.63,1,88.46,0
6044,2024,Sudeste,ES,Urbana,Pequeno,16461,F,98,939.5,0.613,25.0,1,4.42,7.06,67.22,21.72,100.0,70.23,0,95.16,0
6045,2023,Nordeste,MA,Urbana,Grande,11843793,M,91,662.45,0.674,14.25,0,5.01,3.41,65.78,26.42,45.58,65.9,0,92.29,1
6046,2023,Sudeste,RJ,Urbana,Grande,5760257,M,95,815.15,0.865,15.92,0,5.41,7.09,65.3,20.43,77.68,62.91,0,85.27,0
6047,2023,Norte,TO,Urbana,Grande,4867518,M,104,562.68,0.552,15.05,1,3.26,8.06,80.89,12.17,63.12,64.71,0,84.7,0
6048,2023,Sudeste,ES,Urbana,Pequeno,8518,M,95,1210.73,0.687,25.09,1,4.36,5.82,74.54,18.05,93.22,70.25,1,92.88,0
6049,2024,Sudeste,ES,Urbana,Pequeno,15799,F,94,1377.76,0.683,25.08,0,5.19,6.98,81.26,19.64,79.19,65.5,0,93.68,0
6050,2024,Centro-Oeste,MT,Rural,Pequeno,15703,F,91,815.83,0.596,24.96,0,3.81,5.04,58.45,16.78,88.23,73.25,0,97.16,1
6051,2023,Sudeste,MG,Urbana,Médio,158928,F,98,766.53,0.71,18.23,0,4.82,4.81,60.61,22.51,41.27,68.79,0,83.14,1
6052,2022,Centro-Oeste,MS,Urbana,Pequeno,3636,F,98,1147.58,0.773,28.31,0,4.94,5.86,77.22,21.5,79.2,68.88,0,,0
6053,2024,Sul,PR,Urbana,Pequeno,11361,M,96,889.81,0.663,15.89,0,4.46,5.45,85.09,20.28,82.8,76.35,0,81.18,0
6054,2023,Sudeste,ES,Urbana,Médio,133990,F,107,1056.55,0.741,21.74,0,6.11,6.63,63.68,22.7,49.39,72.6,1,100.0,0
6055,2022,Sul,SC,Urbana,Médio,116776,M,87,1019.81,0.542,21.46,0,4.68,7.53,61.11,32.49,69.76,70.81,1,87.43,0
6056,2022,Nordeste,BA,Urbana,Médio,193538,M,101,502.85,0.525,49.8,1,4.37,5.55,74.15,15.56,65.88,74.8,0,78.4,1
6057,2024,Sudeste,MG,Urbana,Pequeno,7866,F,91,496.12,0.726,11.54,0,4.02,7.69,90.7,27.13,86.91,67.48,1,93.1,1
6058,2023,Sul,SC,Urbana,Pequeno,12372,M,84,698.42,0.687,13.46,0,4.28,3.44,69.41,23.45,44.18,77.46,1,83.1,0
6059,2024,Sul,SC,Urbana,Médio,196728,F,88,642.86,0.72,15.77,1,4.79,2.16,68.51,19.95,75.53,75.58,1,92.7,0
6060,2022,Nordeste,PI,Urbana,Pequeno,6094,M,107,509.27,0.633,25.49,1,6.62,4.83,49.52,27.26,61.84,76.5,1,88.34,1
6061,2024,Nordeste,PB,Urbana,Pequeno,6336,M,97,987.77,0.615,32.24,0,7.09,6.96,53.39,22.48,50.71,76.72,0,77.35,0
6062,2024,Sul,PR,Urbana,Grande,8282789,M,87,1468.92,0.71,5.16,0,5.13,7.28,54.31,20.67,47.42,74.51,1,85.22,1
6063,2024,Sudeste,MG,Urbana,Pequeno,8964,F,101,1478.86,0.825,10.71,0,5.4,7.85,67.11,19.79,61.0,72.14,0,83.92,1
6064,2022,Sul,SC,Urbana,Pequeno,9422,M,88,1152.9,0.713,25.5,0,5.64,7.02,76.65,19.35,63.68,81.82,0,85.06,0
6065,2023,Sudeste,RJ,Urbana,Pequeno,6878,M,105,793.09,0.678,20.29,0,5.55,9.24,65.84,17.46,72.93,73.07,0,75.18,1
6066,2022,Nordeste,CE,Urbana,Pequeno,18133,F,95,955.89,0.651,17.31,0,3.29,6.13,44.68,20.66,58.19,69.8,1,99.36,0
6067,2022,Sudeste,ES,Urbana,Grande,5280198,F,97,705.55,0.663,34.09,0,5.62,5.49,55.78,19.21,79.14,76.79,0,100.0,1
6068,2024,Sudeste,ES,Urbana,Médio,104836,M,103,1125.59,0.784,11.25,0,5.0,6.16,88.71,23.57,41.66,70.35,0,97.39,1
6069,2022,Centro-Oeste,MS,Urbana,Grande,10277632,M,94,1364.9,0.614,30.95,0,4.01,6.56,71.32,21.32,42.14,68.43,1,100.0,0
6070,2022,Nordeste,BA,Urbana,Médio,48438,M,84,937.39,0.633,33.24,1,4.06,5.76,43.43,18.08,27.81,71.44,1,82.79,1
6071,2022,Norte,AP,Urbana,Grande,6598820,M,103,800.54,0.684,32.59,1,3.62,5.14,76.22,24.63,24.57,69.64,1,75.67,1
6072,2022,Nordeste,BA,Urbana,Pequeno,6135,M,100,764.73,0.718,40.68,1,4.1,5.83,61.08,21.09,65.81,70.47,1,98.4,1
6073,2022,Norte,AP,Urbana,Pequeno,5767,F,105,1341.77,0.707,34.38,1,5.48,6.93,58.42,28.01,37.17,65.15,1,88.07,1
6074,2023,Sudeste,SP,Urbana,Médio,51446,F,94,1269.08,0.714,17.54,0,3.8,7.78,82.87,15.41,86.48,83.44,0,88.5,1
6075,2023,Sudeste,RJ,Urbana,Pequeno,14380,F,91,892.45,0.784,24.33,1,6.44,5.72,100.0,24.43,73.97,65.61,0,80.87,1
6076,2023,Sudeste,RJ,Urbana,Médio,139548,F,86,1012.64,0.557,24.8,0,5.49,5.97,87.55,18.52,59.59,74.47,1,83.2,1
6077,2024,Nordeste,SE,Urbana,Pequeno,8485,M,85,529.86,0.587,22.55,0,2.31,4.04,71.06,24.02,78.53,69.76,0,83.75,1
6078,2023,Sul,RS,Rural,Grande,5657939,M,97,990.75,0.598,22.04,0,,6.56,92.41,21.61,60.03,68.19,1,80.16,0
6079,2024,Sudeste,ES,Urbana,Pequeno,4523,M,95,485.13,0.625,22.34,0,7.0,7.17,62.75,21.95,79.16,67.48,0,93.41,0
6080,2023,Sul,PR,Urbana,Médio,64985,M,100,776.31,0.715,22.37,0,4.94,6.62,60.24,15.52,82.09,70.39,1,79.81,0
6081,2022,Sudeste,SP,Urbana,Pequeno,11186,F,103,796.79,0.872,10.62,0,4.55,4.98,66.87,17.88,71.25,71.36,1,74.04,0
6082,2023,Sudeste,MG,Urbana,Médio,150705,F,97,1151.14,0.672,18.09,0,4.51,7.8,90.19,19.32,48.14,76.81,1,90.86,1
6083,2022,Centro-Oeste,MT,Urbana,Pequeno,5889,F,89,925.9,0.794,35.34,1,2.97,8.12,82.92,18.98,66.03,68.83,0,92.29,0
6084,2024,Centro-Oeste,DF,Rural,Médio,177053,F,104,760.09,0.705,22.89,0,7.51,7.49,77.67,25.93,66.99,74.64,1,88.06,1
6085,2023,Sudeste,MG,Urbana,Pequeno,5927,M,89,489.26,0.69,30.08,0,5.5,6.07,72.87,19.48,61.95,66.66,1,87.33,1
6086,2023,Norte,AP,Rural,Médio,112789,M,100,778.69,0.682,34.47,1,3.96,5.55,66.53,18.34,43.88,66.9,1,95.58,0
6087,2023,Sul,PR,Rural,Grande,10401965,F,94,766.89,0.745,10.43,0,,8.29,78.38,27.11,70.24,67.23,1,89.26,1
6088,2022,Nordeste,BA,Urbana,Grande,6374859,M,86,703.19,0.561,38.38,1,5.61,3.72,60.77,20.23,46.92,76.23,1,83.84,1
6089,2023,Sudeste,ES,Urbana,Médio,158880,F,85,1083.13,0.663,22.95,0,,4.29,74.2,20.37,83.12,67.58,1,94.93,1
6090,2023,Sudeste,MG,Urbana,Grande,8581130,M,94,870.66,0.664,18.84,1,4.9,8.42,87.64,19.87,85.05,84.33,0,85.54,0
6091,2024,Sul,PR,Urbana,Pequeno,5737,F,90,785.35,0.691,24.54,0,6.02,4.28,86.66,19.07,84.3,76.96,1,86.04,0
6092,2022,Sudeste,ES,Urbana,Pequeno,6842,F,93,1025.99,0.695,19.5,0,4.66,5.88,100.0,17.96,14.95,79.57,1,86.51,0
6093,2022,Centro-Oeste,MT,Urbana,Pequeno,7993,M,98,775.69,0.678,32.86,0,5.99,5.51,79.4,26.26,55.57,79.38,1,86.05,1
6094,2023,Sudeste,MG,Urbana,Pequeno,7059,M,88,722.4,0.695,22.85,0,5.06,6.75,51.73,17.26,67.15,77.23,1,75.09,1
6095,2024,Nordeste,RN,Urbana,Pequeno,16102,F,100,1124.02,0.576,23.61,0,3.42,6.71,65.14,24.68,32.37,73.84,0,91.9,0
6096,2023,Nordeste,PB,Rural,Médio,169880,F,105,1258.2,0.636,32.4,1,5.54,6.53,82.8,15.96,65.71,74.66,0,70.96,0
6097,2024,Sudeste,MG,Urbana,Médio,86511,M,91,561.57,0.767,26.1,0,6.36,6.34,44.17,25.89,68.3,75.83,0,86.46,0
6098,2023,Sudeste,RJ,Urbana,Médio,52993,M,104,876.72,0.738,27.77,1,6.15,4.54,61.22,23.14,57.16,68.05,1,87.2,1
6099,2022,Sudeste,MG,Urbana,Pequeno,15413,M,100,1345.62,0.675,25.96,1,6.97,6.72,73.68,23.53,85.03,75.57,0,78.85,0
6100,2024,Sudeste,SP,Urbana,Pequeno,10928,F,87,905.51,0.723,17.95,1,3.97,4.23,61.87,21.12,66.02,63.0,0,100.0,1
6101,2024,Sudeste,RJ,Urbana,Grande,5156336,M,95,1189.86,0.692,13.47,1,4.22,6.22,64.04,24.29,41.76,63.39,1,90.23,1
6102,2023,Nordeste,RN,Urbana,Grande,1662390,M,91,792.15,0.574,36.74,1,5.76,4.09,54.2,24.1,74.91,71.56,1,82.73,1
6103,2024,Nordeste,BA,Urbana,Médio,186293,F,97,827.8,0.753,36.93,0,6.57,4.56,71.38,21.74,57.06,72.65,1,66.5,1
6104,2022,Norte,PA,Urbana,Pequeno,18891,M,89,710.9,0.671,21.22,0,4.3,6.78,68.21,21.12,41.95,59.83,0,67.22,0
6105,2022,Norte,RO,Urbana,Médio,134504,F,102,216.32,0.663,32.05,0,1.77,7.15,69.69,27.66,82.18,59.11,0,92.6,0
6106,2024,Sudeste,RJ,Urbana,Pequeno,15297,M,87,1239.15,0.727,23.3,0,6.17,3.43,78.24,28.88,79.53,64.02,1,100.0,1
6107,2024,Nordeste,CE,Urbana,Pequeno,8699,F,91,1005.76,0.661,46.38,1,3.48,5.59,74.36,21.9,67.27,64.2,1,74.77,1
6108,2023,Sudeste,MG,Urbana,Pequeno,4499,M,88,1279.43,0.64,20.71,0,,6.06,83.27,22.57,70.8,66.71,1,100.0,1
6109,2022,Nordeste,CE,Urbana,Pequeno,11940,F,94,1246.43,0.665,33.45,0,3.25,8.13,70.57,22.65,50.2,69.9,1,88.27,1
6110,2024,Nordeste,PI,Urbana,Pequeno,4753,F,101,585.82,0.647,32.07,0,5.73,4.62,64.7,18.87,70.52,70.17,1,100.0,0
6111,2023,Nordeste,PI,Urbana,Pequeno,19776,M,88,942.52,0.512,30.05,0,4.43,7.12,100.0,19.05,42.91,69.31,0,92.74,0
6112,2023,Norte,AM,Urbana,Médio,199480,F,104,792.34,0.666,27.7,0,3.47,3.84,71.32,18.69,50.5,76.41,1,89.87,0
6113,2023,Centro-Oeste,MT,Urbana,Médio,47372,F,106,596.19,0.574,19.91,1,6.33,8.3,87.44,20.87,59.49,68.81,0,93.82,0
6114,2022,Sudeste,RJ,Urbana,Médio,57337,M,105,678.98,0.693,12.87,0,7.55,8.1,80.47,22.92,72.32,71.36,1,89.72,0
6115,2022,Sudeste,MG,Urbana,Pequeno,9426,M,107,1044.81,0.723,20.51,0,4.37,9.0,70.46,21.25,58.04,79.26,0,94.93,0
6116,2022,Nordeste,RN,Urbana,Médio,96907,M,91,1205.99,0.698,40.74,1,,5.5,82.32,31.92,63.38,67.25,0,75.94,0
6117,2024,Nordeste,PB,Urbana,Pequeno,10270,M,90,1086.41,0.589,21.94,0,5.52,5.57,65.33,29.92,51.67,74.65,0,79.5,0
6118,2023,Centro-Oeste,GO,Rural,Médio,120871,F,97,190.52,0.648,28.46,0,4.3,6.23,64.58,22.08,85.98,74.66,0,93.46,0
6119,2023,Nordeste,BA,Urbana,Pequeno,5530,F,106,459.98,0.528,26.57,0,5.19,6.84,71.23,24.82,50.02,73.11,0,87.64,0
6120,2024,Sudeste,ES,Urbana,Pequeno,10721,F,107,1035.46,0.656,29.38,0,4.05,8.03,85.92,27.78,80.73,73.23,1,75.75,0
6121,2023,Sudeste,MG,Urbana,Médio,39877,M,103,592.4,0.84,21.07,1,,6.53,52.58,14.97,86.96,69.3,0,80.04,0
6122,2023,Sudeste,RJ,Urbana,Médio,171408,M,100,1362.87,0.62,19.87,0,6.06,5.08,85.1,23.62,51.15,68.09,0,87.49,0
6123,2023,Sudeste,MG,Urbana,Pequeno,16917,F,87,890.33,0.643,19.81,0,4.5,5.53,74.13,26.05,44.7,76.56,0,100.0,0
6124,2024,Nordeste,PB,Urbana,Médio,102415,M,95,1244.84,0.673,36.07,1,5.82,3.61,73.72,21.81,61.27,68.05,0,80.71,0
6125,2024,Nordeste,PI,Rural,Grande,10663574,F,86,1162.11,0.619,31.14,0,,8.0,59.61,21.34,72.39,64.53,0,89.32,0
6126,2023,Sudeste,SP,Urbana,Grande,7600550,M,84,1223.84,0.708,31.57,1,5.84,6.03,73.46,20.4,78.94,76.16,1,88.57,0
6127,2023,Sudeste,MG,Urbana,Pequeno,16483,F,89,1227.95,0.671,19.31,0,6.98,7.58,100.0,21.38,62.68,74.98,0,90.53,0
6128,2022,Sudeste,MG,Urbana,Pequeno,3404,M,107,833.79,0.742,23.5,0,4.73,6.63,58.99,26.02,55.34,75.88,0,81.05,1
6129,2022,Nordeste,RN,Rural,Pequeno,19279,F,101,541.89,0.665,23.72,0,6.28,6.96,74.36,24.94,40.64,76.59,0,97.62,1
6130,2024,Sudeste,ES,Urbana,Médio,115342,M,88,1207.29,0.712,42.89,1,4.39,6.11,100.0,19.5,100.0,72.82,0,77.5,1
6131,2023,Nordeste,MA,Urbana,Grande,3396355,M,94,817.67,0.664,28.07,1,3.69,4.55,56.39,35.41,70.56,79.04,1,77.19,0
6132,2024,Sudeste,ES,Urbana,Pequeno,19917,F,95,1283.08,0.725,21.43,0,7.91,6.68,71.37,20.2,70.56,65.7,0,85.13,1
6133,2022,Sudeste,SP,Urbana,Grande,6276942,F,98,1073.34,0.683,21.87,1,4.31,7.75,84.85,14.04,48.11,75.48,1,89.59,0
6134,2024,Sudeste,MG,Urbana,Médio,105471,F,93,738.74,0.774,11.61,0,7.09,5.5,86.7,27.98,35.29,67.27,1,94.14,1
6135,2023,Nordeste,SE,Urbana,Pequeno,9357,F,88,711.89,0.628,30.01,1,5.96,3.99,57.29,19.8,21.92,72.84,1,92.89,0
6136,2024,Nordeste,AL,Urbana,Pequeno,14972,F,87,985.23,0.66,31.79,0,4.81,5.21,55.79,26.48,90.34,72.91,0,75.67,1
6137,2024,Nordeste,PE,Rural,Pequeno,6022,F,92,1032.98,0.578,19.31,0,5.24,3.94,69.58,21.77,60.31,75.96,0,100.0,0
6138,2022,Centro-Oeste,DF,Urbana,Médio,180188,M,103,1203.91,0.717,16.62,0,7.0,7.41,85.07,16.72,42.55,73.49,0,98.65,1
6139,2024,Sudeste,ES,Urbana,Pequeno,19258,F,102,986.16,0.672,19.3,0,4.34,8.11,99.77,15.35,67.28,72.28,1,88.48,1
6140,2023,Sudeste,RJ,Urbana,Pequeno,12946,M,89,1094.1,0.715,5.69,1,5.08,3.54,65.84,24.72,72.54,68.79,1,84.07,0
6141,2024,Sudeste,MG,Urbana,Grande,9074226,F,87,648.36,0.717,9.51,0,6.25,6.91,63.45,20.82,58.53,68.32,1,86.88,1
6142,2023,Sudeste,SP,Urbana,Médio,163665,F,102,631.15,0.776,19.24,0,5.13,7.82,80.42,25.75,77.06,70.73,1,86.96,0
6143,2024,Norte,AM,Urbana,Médio,113378,M,104,764.73,0.66,39.06,1,6.58,4.2,55.74,25.29,66.56,73.02,1,84.11,0
6144,2022,Sudeste,SP,Urbana,Pequeno,9311,F,106,1291.16,0.685,20.84,1,3.02,1.8,75.65,24.52,100.0,70.81,0,80.8,1
6145,2022,Nordeste,CE,Urbana,Pequeno,16473,F,107,272.93,0.65,19.24,0,4.67,7.0,39.41,23.37,100.0,71.89,0,82.63,1
6146,2024,Nordeste,MA,Urbana,Pequeno,17360,F,92,493.92,0.571,41.48,1,5.95,5.91,69.55,21.96,48.51,62.25,1,77.48,1
6147,2023,Sudeste,SP,Urbana,Grande,919784,F,89,506.87,0.795,22.37,0,4.85,6.79,72.0,25.46,77.55,70.19,1,85.06,0
6148,2022,Nordeste,RN,Urbana,Pequeno,3935,F,85,1003.7,0.642,24.82,0,,4.73,55.94,20.52,23.15,60.02,1,82.32,0
6149,2024,Nordeste,AL,Rural,Pequeno,19628,M,103,706.17,0.65,25.53,0,4.75,6.49,46.42,27.17,63.3,76.55,0,77.43,1
6150,2023,Nordeste,MA,Urbana,Pequeno,11121,F,105,590.77,0.616,30.79,0,4.48,5.76,81.6,24.84,67.59,68.55,1,74.85,0
6151,2024,Sul,RS,Urbana,Pequeno,6385,F,84,1398.41,0.665,12.19,1,3.62,5.96,50.28,31.19,47.04,74.53,0,,0
6152,2023,Sudeste,ES,Urbana,Pequeno,8122,M,84,796.26,0.769,9.95,0,7.43,5.42,64.89,20.37,78.62,63.47,1,92.27,0
6153,2024,Norte,AM,Urbana,Pequeno,6491,M,84,477.63,0.592,33.89,0,1.89,5.17,69.36,17.78,70.17,57.57,0,84.79,0
6154,2024,Sudeste,SP,Urbana,Médio,89715,M,95,1374.07,0.691,31.96,1,5.07,6.35,72.25,21.29,64.49,66.08,1,76.98,0
6155,2023,Sul,RS,Urbana,Pequeno,14721,F,106,1008.23,0.629,19.73,0,3.86,4.58,50.92,16.48,75.84,69.89,0,83.41,0
6156,2024,Sudeste,ES,Urbana,Pequeno,19759,F,89,1221.38,0.737,16.28,0,6.92,4.73,55.53,23.13,44.21,71.76,0,87.26,0
6157,2022,Nordeste,PB,Urbana,Pequeno,14244,F,96,814.29,0.763,48.97,1,6.6,6.38,68.03,18.77,67.63,69.01,0,84.08,0
6158,2024,Sudeste,RJ,Urbana,Grande,11337376,M,88,457.47,0.726,32.13,1,4.64,7.61,95.69,24.59,23.48,75.04,1,100.0,0
6159,2022,Nordeste,CE,Rural,Pequeno,6526,F,87,803.5,0.585,27.25,0,4.76,3.48,63.44,25.33,42.99,71.21,1,86.23,0
6160,2023,Sul,PR,Urbana,Pequeno,16086,F,89,844.43,0.658,27.34,0,3.75,3.69,63.53,22.69,27.43,81.9,1,79.29,1
6161,2024,Centro-Oeste,GO,Urbana,Pequeno,5590,M,85,762.32,0.705,17.87,0,5.09,6.53,54.78,21.32,80.84,82.0,1,85.86,0
6162,2023,Sudeste,ES,Urbana,Pequeno,18473,F,103,1332.53,0.732,26.12,0,4.85,6.8,77.5,16.95,69.5,72.54,1,83.06,1
6163,2022,Nordeste,SE,Rural,Médio,153076,F,84,1190.91,0.503,17.21,0,3.99,3.96,74.79,18.54,59.09,76.52,1,77.4,0
6164,2023,Sul,RS,Urbana,Médio,86020,F,94,1093.66,0.824,31.67,1,5.79,4.09,41.52,25.42,56.07,75.73,0,80.66,0
6165,2024,Sudeste,MG,Urbana,Médio,56724,M,84,1075.58,0.719,28.46,0,4.46,5.34,89.91,21.72,93.97,72.73,0,88.19,0
6166,2023,Sudeste,SP,Urbana,Pequeno,3431,F,88,855.62,0.737,19.36,1,5.04,7.28,59.58,19.67,100.0,81.71,0,96.76,0
6167,2022,Nordeste,PB,Urbana,Médio,43905,M,101,913.79,0.778,34.94,0,4.07,7.98,70.27,23.89,32.42,65.57,0,93.59,0
6168,2022,Sudeste,SP,Urbana,Pequeno,7389,F,103,864.83,0.622,9.56,0,3.85,5.55,87.75,11.18,46.17,82.23,0,93.29,0
6169,2022,Sudeste,ES,Urbana,Médio,51101,F,85,992.12,0.795,16.76,0,,8.49,73.8,24.11,23.64,69.16,1,95.3,0
6170,2023,Norte,AC,Urbana,Pequeno,7731,M,104,956.76,0.74,34.2,0,3.44,5.54,67.01,22.4,18.04,69.79,1,76.45,0
6171,2022,Nordeste,PB,Urbana,Médio,26888,M,100,346.44,0.77,23.59,0,3.15,4.4,20.0,25.66,65.68,69.5,1,84.27,0
6172,2024,Sudeste,RJ,Rural,Pequeno,10955,M,105,,0.716,19.3,0,7.94,6.92,58.26,19.54,73.67,72.78,1,86.6,0
6173,2023,Sudeste,ES,Urbana,Médio,109921,M,93,1264.24,0.64,14.52,0,4.71,7.26,66.61,20.85,42.69,78.3,1,90.24,1
6174,2022,Sudeste,ES,Urbana,Pequeno,19654,F,88,694.64,0.647,15.39,0,6.68,4.49,64.85,22.58,70.28,78.9,0,89.86,0
6175,2024,Centro-Oeste,GO,Urbana,Pequeno,12874,M,85,1112.82,0.727,4.57,0,4.74,4.42,74.84,23.76,45.9,74.71,0,95.22,1
6176,2024,Sudeste,RJ,Urbana,Pequeno,15627,F,86,688.39,0.7,12.7,1,4.11,5.94,78.62,21.18,45.05,67.62,1,83.86,0
6177,2024,Sudeste,ES,Rural,Pequeno,17221,M,106,820.74,0.792,26.01,0,5.41,6.09,88.75,18.85,54.7,70.0,1,74.93,1
6178,2024,Sul,RS,Urbana,Pequeno,6523,F,99,991.42,0.782,13.47,0,6.62,5.77,100.0,14.98,57.5,67.36,1,100.0,1
6179,2023,Centro-Oeste,MS,Urbana,Pequeno,7591,F,97,756.19,0.745,24.15,1,,6.4,100.0,19.08,62.93,66.5,0,91.18,0
6180,2023,Sudeste,RJ,Urbana,Médio,162394,M,91,858.37,0.614,17.16,0,3.46,6.48,74.13,16.72,36.79,71.47,0,93.93,1
6181,2022,Sudeste,RJ,Urbana,Pequeno,12939,M,91,1186.16,0.648,15.18,0,5.36,5.79,75.86,24.09,45.36,68.09,0,99.45,1
6182,2023,Nordeste,MA,Rural,Médio,84566,M,98,742.82,0.641,22.36,1,2.2,5.1,77.07,25.14,79.9,73.39,0,82.86,0
6183,2023,Sul,SC,Urbana,Pequeno,10156,M,93,1452.64,0.764,22.88,0,4.83,7.05,82.78,28.06,78.12,64.17,0,,1
6184,2022,Norte,RR,Urbana,Pequeno,16881,F,89,849.65,0.613,23.68,0,3.68,6.3,37.36,23.29,64.22,63.98,1,90.54,0
6185,2023,Sul,PR,Urbana,Pequeno,5955,F,88,989.54,0.679,27.25,0,4.76,7.59,57.99,18.55,55.49,70.25,0,85.19,0
6186,2022,Sudeste,MG,Urbana,Pequeno,15714,M,94,1044.98,0.646,31.22,1,7.04,6.19,80.4,19.09,68.66,75.4,0,87.72,0
6187,2022,Sudeste,SP,Urbana,Pequeno,8002,F,103,1389.6,0.727,30.64,1,7.13,5.57,85.33,19.58,63.57,57.04,1,89.86,0
6188,2023,Sudeste,SP,Urbana,Grande,754034,M,104,1483.14,0.695,16.63,0,6.95,3.9,83.77,25.33,63.56,69.59,1,80.47,0
6189,2024,Sudeste,RJ,Urbana,Pequeno,17417,M,94,710.68,0.768,9.43,1,6.4,7.68,45.58,20.96,51.49,80.75,0,84.16,0
6190,2024,Norte,RR,Rural,Pequeno,8386,F,106,934.79,0.73,38.43,1,3.41,4.87,56.64,11.66,61.75,61.83,0,93.8,0
6191,2022,Sul,PR,Urbana,Grande,7924440,F,95,593.72,0.641,33.64,0,5.67,3.6,95.18,27.29,35.26,76.88,1,85.76,1
6192,2023,Sudeste,ES,Urbana,Grande,11648102,M,85,986.38,0.769,16.8,0,4.9,6.14,71.79,25.71,78.36,72.12,0,88.1,0
6193,2024,Sudeste,SP,Urbana,Pequeno,16817,F,94,704.93,0.646,16.22,0,3.48,6.61,79.61,23.64,83.07,77.17,1,91.33,0
6194,2023,Centro-Oeste,GO,Urbana,Pequeno,4441,M,98,552.13,0.794,37.2,1,6.12,5.79,68.77,20.96,44.6,64.45,1,84.15,1
6195,2024,Nordeste,PE,Urbana,Pequeno,3576,F,91,620.73,0.585,34.03,1,3.03,3.14,85.77,12.47,95.56,73.46,1,87.57,0
6196,2022,Nordeste,SE,Urbana,Pequeno,6918,F,99,617.21,0.69,34.85,0,5.9,5.76,74.49,27.29,71.17,71.68,1,94.72,1
6197,2024,Centro-Oeste,MT,Urbana,Médio,89398,F,86,1272.84,0.7,20.75,0,5.18,7.0,74.57,16.55,59.68,74.72,0,85.89,1
6198,2023,Sul,SC,Urbana,Grande,6105573,F,94,795.46,0.617,19.84,0,6.14,5.99,63.73,27.07,48.23,72.05,0,87.84,1
6199,2022,Sudeste,SP,Urbana,Pequeno,5668,F,101,781.74,0.704,18.62,0,6.8,5.86,100.0,20.29,77.13,79.77,1,97.36,1
6200,2022,Sul,SC,Rural,Pequeno,10644,F,86,1151.08,0.686,5.72,0,4.13,6.64,68.41,17.92,72.61,63.85,1,88.66,0
6201,2024,Nordeste,RN,Urbana,Médio,123177,M,101,774.13,0.638,30.51,0,4.74,3.86,56.13,23.8,57.08,64.43,1,89.85,0
6202,2023,Sudeste,MG,Urbana,Médio,27852,M,90,1077.67,0.736,23.11,1,4.28,5.47,100.0,25.03,83.01,63.6,1,75.31,0
6203,2022,Sudeste,ES,Urbana,Pequeno,18142,M,89,826.65,0.783,26.8,1,5.16,5.82,86.08,24.37,39.58,70.06,1,98.23,1
6204,2024,Sudeste,RJ,Urbana,Pequeno,14297,F,98,1079.1,0.655,24.55,0,3.29,7.25,63.56,23.36,88.99,62.27,1,81.23,0
6205,2023,Centro-Oeste,GO,Urbana,Pequeno,18408,F,97,764.65,0.734,26.63,0,3.61,7.62,80.43,13.58,75.64,72.79,1,90.13,0
6206,2024,Sudeste,SP,Urbana,Médio,151404,F,85,701.37,0.707,12.93,0,2.91,9.63,100.0,18.51,51.77,74.85,0,85.07,0
6207,2023,Nordeste,BA,Rural,Grande,9937852,M,87,825.78,0.653,32.95,1,5.04,6.91,55.51,23.04,37.05,62.79,0,91.33,0
6208,2022,Norte,AP,Urbana,Pequeno,19569,F,104,950.03,0.612,13.11,0,,5.34,98.43,17.01,54.83,65.45,0,79.47,1
6209,2022,Sudeste,SP,Urbana,Pequeno,4593,M,105,1059.1,0.8,25.63,0,4.01,5.64,86.66,16.11,58.7,74.86,1,93.92,0
6210,2022,Nordeste,AL,Urbana,Pequeno,9818,M,101,593.11,0.621,42.24,0,4.79,6.63,69.46,18.17,53.14,54.77,1,77.92,1
6211,2024,Sul,SC,Urbana,Grande,608590,M,97,1079.66,0.71,28.49,1,5.46,6.89,83.05,15.72,57.2,64.38,0,87.16,0
6212,2024,Nordeste,PE,Urbana,Médio,108635,F,90,663.39,0.749,28.79,0,4.97,7.07,75.01,24.24,53.96,66.38,1,100.0,0
6213,2022,Sudeste,MG,Rural,Pequeno,10381,F,100,1095.56,0.598,16.58,1,4.85,4.48,85.49,17.56,38.64,69.01,0,99.73,0
6214,2024,Sul,PR,Urbana,Pequeno,11702,M,97,1291.89,0.645,21.92,0,5.21,6.98,65.0,20.68,65.83,72.47,1,,0
6215,2022,Norte,TO,Urbana,Grande,3541343,F,101,640.28,0.68,30.11,1,6.47,3.39,60.86,32.47,64.64,72.4,1,67.79,0
6216,2022,Sul,RS,Urbana,Médio,22513,M,102,883.27,0.705,29.63,1,5.3,8.37,60.61,25.65,58.82,80.38,0,,0
6217,2022,Centro-Oeste,MT,Urbana,Pequeno,19541,M,90,478.15,0.585,28.49,1,4.85,6.33,64.68,26.63,64.23,82.4,0,,0
6218,2024,Sudeste,MG,Urbana,Médio,102878,M,85,1058.51,0.65,28.51,0,4.37,5.71,89.76,20.64,48.58,74.91,0,86.07,0
6219,2023,Sudeste,ES,Urbana,Médio,189451,M,90,1299.36,0.779,31.85,0,4.8,8.26,64.36,15.76,43.33,67.42,1,87.51,1
6220,2024,Sudeste,MG,Urbana,Pequeno,16785,M,101,1419.05,0.745,9.34,0,5.41,6.7,66.3,22.21,25.66,66.94,0,82.43,1
6221,2023,Nordeste,SE,Urbana,Pequeno,9923,M,91,636.47,0.681,25.74,1,4.71,4.98,82.71,22.04,87.9,65.77,0,91.9,0
6222,2022,Norte,RO,Rural,Médio,196613,F,96,,0.601,37.33,1,4.58,5.99,99.4,28.4,37.55,69.94,0,83.05,0
6223,2023,Nordeste,SE,Urbana,Grande,8559598,F,91,1329.92,0.643,22.27,1,5.41,5.18,97.32,21.04,74.01,67.24,1,98.42,0
6224,2022,Sudeste,SP,Urbana,Grande,4835024,M,84,1537.38,0.765,23.64,0,5.88,6.82,84.05,31.37,71.15,71.35,1,81.27,1
6225,2024,Nordeste,PB,Rural,Médio,197562,M,95,874.18,0.63,41.99,1,2.44,7.2,68.96,27.36,38.52,78.72,1,86.79,0
6226,2022,Sudeste,ES,Rural,Pequeno,5050,F,93,1206.05,0.691,32.25,0,5.87,8.47,79.91,25.06,70.83,75.62,0,87.4,1
6227,2024,Sudeste,MG,Urbana,Pequeno,7904,M,85,1093.93,0.645,14.99,0,6.81,5.29,68.73,27.4,66.18,73.1,1,100.0,1
6228,2024,Sudeste,ES,Urbana,Pequeno,19606,F,105,1219.17,0.699,24.78,0,4.82,6.2,84.4,20.76,56.03,73.66,1,92.63,0
6229,2022,Norte,TO,Urbana,Pequeno,11944,F,100,494.54,0.609,31.68,0,6.32,7.11,49.42,20.38,54.56,61.97,1,89.57,0
6230,2024,Sudeste,RJ,Urbana,Pequeno,10001,M,90,531.0,0.685,26.31,0,,7.05,98.9,20.36,64.77,70.13,1,94.18,1
6231,2022,Sudeste,ES,Urbana,Pequeno,7085,F,88,929.98,0.634,36.22,1,7.28,8.94,65.52,23.8,78.0,71.7,1,83.61,0
6232,2023,Sudeste,MG,Urbana,Médio,79796,M,87,1046.94,0.575,26.23,0,3.98,9.79,63.45,13.04,58.91,68.43,0,88.74,0
6233,2024,Sudeste,SP,Urbana,Pequeno,17375,M,89,,0.664,10.14,0,4.16,5.55,80.85,22.05,68.44,66.87,1,95.17,0
6234,2022,Sul,SC,Urbana,Médio,36568,M,102,,0.696,20.13,0,7.17,8.87,67.83,27.58,53.64,65.71,0,93.93,0
6235,2024,Sudeste,SP,Urbana,Médio,85811,M,99,832.05,0.682,5.72,0,3.49,5.54,78.28,17.8,43.38,68.17,1,86.26,0
6236,2023,Nordeste,AL,Urbana,Médio,155430,M,106,937.31,0.567,37.89,1,2.35,6.6,94.34,24.0,46.89,63.94,0,78.49,0
6237,2024,Norte,RO,Urbana,Grande,5216169,M,98,638.93,0.713,24.53,0,5.02,7.66,67.32,24.41,54.29,75.03,0,79.01,0
6238,2022,Nordeste,PE,Urbana,Pequeno,18588,M,86,1093.43,0.668,24.65,0,3.6,6.13,35.65,24.0,71.02,71.91,1,92.56,0
6239,2023,Nordeste,BA,Rural,Médio,98524,M,107,733.54,0.635,22.47,0,3.71,5.5,79.37,16.58,58.12,79.83,0,99.68,0
6240,2023,Centro-Oeste,MS,Urbana,Pequeno,18225,M,107,807.92,0.564,22.11,0,5.06,9.34,90.47,17.52,63.11,67.35,1,78.35,0
6241,2022,Nordeste,PE,Urbana,Médio,69158,F,90,675.08,0.608,20.03,1,6.31,6.26,51.11,18.9,69.03,65.3,0,75.54,0
6242,2022,Sudeste,SP,Urbana,Grande,7638415,F,106,1610.89,0.678,32.18,0,7.1,5.29,70.4,19.89,42.43,66.27,1,96.54,0
6243,2022,Sul,SC,Urbana,Pequeno,12682,M,105,841.56,0.668,20.38,0,5.9,6.76,88.39,16.35,46.13,75.77,1,78.77,0
6244,2022,Sudeste,ES,Urbana,Pequeno,8195,F,85,1229.81,0.703,28.04,0,3.99,4.91,70.77,20.52,63.7,79.4,0,92.78,0
6245,2022,Sudeste,MG,Urbana,Pequeno,2837,M,90,876.45,0.648,9.51,0,,4.11,76.09,29.66,54.59,73.35,1,92.14,1
6246,2022,Sudeste,RJ,Urbana,Grande,4581396,M,91,1100.2,0.662,31.96,0,4.94,6.09,59.18,19.72,68.35,72.59,0,90.42,0
6247,2024,Nordeste,PE,Urbana,Médio,185773,F,84,886.81,0.701,24.44,0,2.62,5.45,64.35,26.74,50.87,61.75,1,81.28,1
6248,2022,Nordeste,RN,Rural,Grande,11009934,F,96,,0.657,30.67,0,5.37,3.22,84.69,23.34,33.1,61.35,0,84.51,0
6249,2022,Sul,SC,Urbana,Pequeno,15734,F,90,875.04,0.669,22.12,0,4.27,6.64,55.95,26.25,43.39,66.58,0,77.0,0
6250,2024,Nordeste,MA,Urbana,Grande,3237615,M,97,366.71,0.57,21.77,1,6.26,5.76,56.43,25.85,60.89,70.18,1,82.57,0
6251,2023,Nordeste,MA,Urbana,Pequeno,18748,M,99,1147.05,0.679,19.95,1,6.85,6.51,60.2,28.59,34.23,65.75,0,91.75,0
6252,2024,Sudeste,MG,Urbana,Pequeno,14523,F,86,1208.09,0.591,12.27,0,5.85,7.54,60.17,19.15,57.95,73.53,0,90.27,0
6253,2024,Centro-Oeste,GO,Rural,Pequeno,18594,F,100,796.28,0.667,17.33,0,6.49,6.25,80.49,18.1,74.58,72.0,1,90.53,0
6254,2022,Sudeste,RJ,Urbana,Pequeno,15932,M,91,1314.41,0.542,19.2,0,6.29,7.1,32.37,26.32,46.41,67.14,0,92.74,0
6255,2023,Sudeste,SP,Urbana,Grande,6528302,M,87,1260.67,0.705,28.73,1,7.39,7.04,62.04,25.35,70.06,68.77,0,83.11,0
6256,2024,Nordeste,AL,Urbana,Pequeno,7455,F,104,1158.12,0.817,38.13,1,5.39,6.59,55.55,20.12,40.82,66.5,1,92.05,0
6257,2024,Sudeste,SP,Urbana,Pequeno,18694,F,104,1023.6,0.678,21.23,0,6.3,4.26,70.04,21.55,48.15,63.67,0,82.11,0
6258,2024,Nordeste,RN,Urbana,Grande,7634679,M,86,542.34,0.62,17.25,0,8.97,5.27,74.62,19.97,52.54,69.01,1,95.19,1
6259,2022,Nordeste,RN,Urbana,Grande,10826986,M,90,630.71,0.651,39.94,1,6.45,4.1,80.37,19.21,62.93,67.12,0,85.1,0
6260,2023,Sudeste,SP,Urbana,Pequeno,10655,F,91,1332.45,0.669,16.1,0,4.77,8.39,100.0,16.88,78.85,77.21,1,99.06,0
6261,2024,Sudeste,RJ,Urbana,Pequeno,4528,M,96,821.48,0.725,8.57,0,4.05,7.04,70.9,20.72,39.34,77.1,1,86.77,0
6262,2022,Sudeste,SP,Rural,Pequeno,8029,M,105,1127.81,0.729,18.89,0,6.5,5.99,84.73,30.1,79.74,71.25,1,82.86,1
6263,2023,Nordeste,PB,Urbana,Pequeno,12772,M,97,1300.61,0.674,36.28,1,5.49,7.52,56.13,24.46,61.32,68.86,1,93.45,0
6264,2024,Sudeste,SP,Rural,Pequeno,14343,M,85,734.82,0.658,26.21,1,6.75,7.04,81.07,18.19,50.73,71.3,0,92.78,1
6265,2022,Sudeste,MG,Rural,Grande,3989747,F,93,1079.81,0.752,19.15,1,4.05,6.68,66.16,19.26,100.0,77.68,1,85.59,1
6266,2022,Sudeste,SP,Urbana,Pequeno,3026,F,93,768.18,0.721,9.97,0,7.25,8.29,93.69,23.35,78.22,84.28,1,100.0,1
6267,2024,Sudeste,ES,Rural,Pequeno,12806,M,87,1384.95,0.677,26.69,0,5.52,3.96,100.0,16.93,84.44,75.78,0,100.0,1
6268,2023,Sudeste,MG,Rural,Pequeno,12928,M,102,1631.26,0.644,22.54,1,6.24,5.46,79.69,27.05,99.58,74.04,1,76.19,0
6269,2022,Sudeste,SP,Urbana,Pequeno,3063,M,91,1221.66,0.735,13.01,1,3.81,8.29,100.0,14.13,39.13,79.45,1,,1
6270,2022,Nordeste,MA,Urbana,Pequeno,12993,M,85,932.15,0.705,37.85,0,5.34,4.62,79.2,27.24,61.98,66.79,1,80.69,0
6271,2023,Sudeste,ES,Urbana,Pequeno,14205,F,99,1048.21,0.711,35.9,1,5.72,6.53,88.94,16.31,81.34,69.63,0,86.65,1
6272,2022,Norte,AP,Urbana,Pequeno,5903,M,106,602.91,0.655,24.07,0,5.15,3.63,75.1,24.94,74.26,74.76,1,77.29,1
6273,2023,Sudeste,RJ,Urbana,Médio,166083,M,88,1205.54,0.673,13.22,0,5.49,5.73,51.68,22.32,57.96,65.71,0,81.96,0
6274,2022,Sul,SC,Urbana,Médio,135201,F,89,1294.01,0.628,9.51,1,5.87,5.03,81.6,20.42,46.69,77.97,1,100.0,1
6275,2024,Sudeste,RJ,Urbana,Pequeno,6821,F,100,612.05,0.758,28.65,0,4.85,3.23,68.33,13.99,68.07,79.26,1,92.26,1
6276,2022,Sudeste,RJ,Rural,Pequeno,4999,M,102,,0.661,19.06,0,4.72,5.44,79.72,18.85,58.88,69.05,1,71.55,1
6277,2024,Nordeste,AL,Urbana,Pequeno,3733,M,101,448.11,0.596,37.83,0,3.48,6.99,89.45,19.96,37.01,69.48,0,93.95,0
6278,2022,Sudeste,ES,Rural,Pequeno,5460,F,96,1456.45,0.723,25.73,0,,7.86,75.34,16.51,73.81,73.86,1,90.13,0
6279,2024,Sul,SC,Urbana,Médio,114374,F,95,1134.7,0.661,23.52,0,5.68,5.09,90.07,26.7,61.01,68.19,1,92.68,0
6280,2024,Norte,AC,Urbana,Pequeno,11529,M,93,683.02,0.565,33.65,0,4.66,6.46,50.24,16.8,69.59,69.31,0,88.64,0
6281,2024,Sul,PR,Urbana,Médio,54385,M,90,1137.41,0.728,17.45,0,6.96,4.09,84.12,18.6,68.46,77.93,1,90.32,0
6282,2024,Sul,RS,Urbana,Pequeno,17011,F,94,844.65,0.59,3.33,0,5.29,5.18,77.41,23.93,56.34,67.51,1,89.74,0
6283,2023,Sul,SC,Urbana,Grande,5973799,M,94,682.76,0.781,23.0,1,6.33,8.12,76.97,20.67,29.42,71.16,0,85.08,0
6284,2022,Sul,PR,Rural,Pequeno,16537,M,94,1241.13,0.688,9.0,0,6.8,6.79,67.48,21.72,47.6,62.03,1,96.03,1
6285,2022,Sudeste,MG,Urbana,Médio,88306,M,88,737.37,0.706,17.19,0,6.9,7.83,77.66,24.2,50.48,65.48,1,87.07,1
6286,2024,Norte,AC,Urbana,Pequeno,16041,M,99,625.26,0.638,30.51,1,,4.18,81.04,26.27,58.97,65.97,1,96.46,0
6287,2022,Sudeste,SP,Urbana,Grande,10654730,F,99,800.09,0.686,18.45,0,,8.18,46.51,23.85,68.07,76.48,0,98.03,1
6288,2024,Sudeste,RJ,Rural,Pequeno,18384,F,86,980.65,0.709,1.71,0,2.91,4.67,69.75,22.48,58.59,70.88,1,79.73,1
6289,2022,Nordeste,PI,Urbana,Médio,55413,F,96,1067.13,0.69,19.95,0,5.32,1.63,43.83,18.56,66.79,73.67,1,85.39,1
6290,2022,Sudeste,RJ,Urbana,Grande,7736129,M,107,667.01,0.728,22.79,1,3.81,5.31,87.49,23.4,71.86,74.05,0,100.0,1
6291,2023,Nordeste,PE,Urbana,Médio,102712,M,90,1230.06,0.517,34.61,0,5.74,4.54,59.78,25.97,57.18,72.1,1,100.0,1
6292,2023,Norte,TO,Urbana,Grande,4443396,F,106,1031.85,0.656,37.68,1,3.76,5.14,62.05,24.18,59.44,66.1,1,92.35,0
6293,2022,Sudeste,ES,Rural,Grande,8676006,F,94,1016.54,0.669,23.98,0,6.31,6.81,60.36,15.83,83.04,70.6,0,100.0,1
6294,2023,Nordeste,CE,Urbana,Pequeno,18090,M,98,559.74,0.658,33.74,0,2.86,4.73,61.31,21.49,84.34,58.48,1,78.17,0
6295,2024,Nordeste,AL,Urbana,Grande,3412169,M,91,571.09,0.568,28.68,0,4.9,5.84,66.82,20.48,76.67,71.01,0,81.51,1
6296,2024,Sul,PR,Urbana,Pequeno,4601,M,86,968.93,0.626,20.02,0,5.14,6.28,75.4,30.43,45.06,70.7,1,89.67,0
6297,2024,Sudeste,ES,Urbana,Grande,5450145,F,99,1142.36,0.747,10.52,1,6.11,8.61,58.31,21.0,65.85,72.73,1,82.45,0
6298,2024,Nordeste,BA,Urbana,Médio,73118,F,95,861.48,0.655,34.59,0,5.49,5.25,75.76,15.07,46.99,62.66,0,90.62,0
6299,2022,Sudeste,ES,Urbana,Médio,121963,M,91,1059.02,0.578,15.22,1,4.41,6.87,40.09,23.94,48.65,74.34,0,84.95,0
6300,2023,Sudeste,SP,Urbana,Pequeno,3748,F,90,1201.9,0.707,15.17,0,4.87,7.98,69.39,23.89,59.97,74.71,1,95.65,0
6301,2023,Norte,AP,Urbana,Grande,5564919,F,86,,0.665,27.43,0,5.23,3.38,62.24,25.43,53.58,66.63,0,78.09,1
6302,2024,Norte,TO,Urbana,Médio,158891,M,95,969.35,0.628,37.34,0,3.83,6.12,75.15,22.68,84.13,71.51,1,91.19,0
6303,2024,Sul,RS,Urbana,Médio,149396,M,88,1124.64,0.744,28.31,0,5.47,10.0,91.96,17.67,59.04,84.49,0,80.26,1
6304,2024,Nordeste,PE,Urbana,Pequeno,18261,M,90,464.71,0.622,28.91,0,4.35,6.68,40.19,25.22,43.58,62.56,1,77.06,1
6305,2023,Nordeste,CE,Rural,Médio,97811,M,96,643.52,0.691,31.48,0,5.1,6.39,78.32,15.49,39.25,70.56,1,85.22,0
6306,2022,Nordeste,MA,Urbana,Médio,118569,F,96,778.04,0.537,28.09,1,4.38,5.08,59.99,21.2,42.44,66.98,1,84.38,0
6307,2024,Sudeste,RJ,Urbana,Pequeno,3252,F,102,585.49,0.707,11.53,1,3.81,8.58,69.61,22.58,70.02,63.61,0,76.34,0
6308,2023,Sul,PR,Urbana,Pequeno,17740,M,89,809.01,0.754,15.45,1,5.23,5.31,78.61,18.73,84.19,71.06,1,82.66,0
6309,2023,Sudeste,MG,Urbana,Pequeno,8485,F,105,1107.64,0.703,11.91,0,5.28,7.0,40.76,22.15,85.99,71.06,0,72.25,0
6310,2024,Centro-Oeste,MT,Urbana,Pequeno,2021,F,97,811.69,0.703,22.11,0,3.05,5.52,79.61,20.93,22.26,70.76,0,95.41,1
6311,2024,Sul,RS,Urbana,Médio,157812,F,92,1252.89,0.818,27.9,0,,6.89,64.89,17.33,55.26,69.27,1,100.0,1
6312,2023,Sudeste,MG,Urbana,Grande,4578268,M,90,916.4,0.646,26.63,0,5.34,3.7,74.08,18.81,67.53,67.75,1,73.52,1
6313,2022,Nordeste,SE,Urbana,Grande,2160459,F,105,723.57,0.676,30.09,1,5.87,6.1,56.16,22.3,82.72,67.16,1,,1
6314,2022,Norte,RO,Urbana,Médio,69863,F,91,435.71,0.621,39.23,0,4.81,6.23,63.73,18.01,54.11,68.72,1,90.79,0
6315,2024,Sul,PR,Urbana,Pequeno,11323,F,107,1087.43,0.775,10.51,0,5.65,4.95,54.44,22.33,47.81,69.95,1,86.24,1
6316,2023,Nordeste,SE,Rural,Pequeno,19138,F,87,1165.02,0.668,47.37,0,4.29,3.69,67.64,20.5,46.51,71.4,0,97.29,0
6317,2022,Centro-Oeste,DF,Urbana,Pequeno,6764,M,90,,0.7,23.45,0,5.18,5.81,42.13,18.8,64.05,62.5,1,100.0,1
6318,2022,Sul,PR,Urbana,Grande,5078497,M,92,1068.16,0.801,17.09,0,4.06,7.13,80.2,18.51,74.05,64.6,1,99.31,1
6319,2023,Nordeste,PB,Rural,Médio,53295,F,103,1184.87,0.651,26.85,1,5.62,3.68,88.17,26.85,51.76,58.54,0,87.45,0
6320,2022,Sul,PR,Urbana,Pequeno,18401,F,88,,0.709,15.13,1,6.78,6.45,72.71,25.59,95.47,69.15,0,87.62,1
6321,2024,Sudeste,RJ,Urbana,Grande,617646,F,100,617.16,0.697,18.03,1,5.58,4.4,78.87,23.2,56.85,70.28,0,100.0,1
6322,2024,Sul,RS,Urbana,Pequeno,2357,M,104,843.72,0.678,30.02,0,3.9,7.47,81.54,18.39,47.99,69.87,1,89.52,0
6323,2024,Norte,AP,Urbana,Pequeno,14842,M,85,902.9,0.725,34.16,0,5.02,6.06,49.55,21.35,67.64,65.99,1,80.68,0
6324,2022,Sudeste,ES,Urbana,Médio,136181,M,102,1043.57,0.622,15.85,0,4.91,6.33,73.06,26.23,49.09,63.6,1,78.15,0
6325,2024,Norte,RO,Urbana,Pequeno,18665,M,96,602.05,0.606,39.27,1,3.03,5.12,32.93,21.17,54.56,72.65,0,87.71,0
6326,2023,Nordeste,MA,Urbana,Grande,8297899,M,101,,0.583,20.05,0,3.31,4.57,79.7,21.1,50.69,67.88,0,70.19,1
6327,2023,Sudeste,MG,Urbana,Pequeno,8502,M,93,839.8,0.749,23.34,0,5.28,7.78,73.96,18.97,65.94,77.58,0,93.6,0
6328,2023,Sudeste,ES,Urbana,Médio,180157,F,91,981.61,0.717,12.02,0,4.68,8.16,66.09,23.1,50.14,81.05,1,95.9,1
6329,2022,Sudeste,SP,Urbana,Médio,163959,F,86,781.69,0.648,14.83,0,4.14,6.87,89.74,19.7,66.09,71.02,0,78.47,0
6330,2022,Sudeste,RJ,Rural,Médio,86753,M,96,1018.57,0.732,31.87,0,3.86,4.69,61.73,21.81,45.79,71.27,1,100.0,1
6331,2024,Sudeste,SP,Urbana,Pequeno,7114,M,92,,0.667,31.04,0,5.29,4.65,56.56,28.55,89.97,77.17,0,92.13,1
6332,2022,Sudeste,SP,Urbana,Médio,164042,F,96,813.31,0.661,1.0,0,4.84,6.54,72.66,23.85,94.3,66.91,0,85.37,0
6333,2023,Sul,RS,Urbana,Pequeno,11791,M,104,1139.83,0.733,6.03,0,4.69,3.21,68.05,23.18,22.68,73.89,1,76.48,0
6334,2024,Sudeste,SP,Urbana,Médio,172772,F,98,497.42,0.733,12.56,1,5.09,7.18,37.73,19.78,79.87,68.49,1,79.05,0
6335,2022,Sudeste,ES,Rural,Grande,4071322,M,103,1124.65,0.65,6.35,0,4.2,3.06,100.0,22.14,70.09,74.27,1,77.56,1
6336,2022,Norte,AM,Rural,Grande,7090206,F,98,981.56,0.602,36.98,1,3.77,4.15,43.51,17.34,82.09,79.2,0,90.17,0
6337,2022,Centro-Oeste,MT,Urbana,Pequeno,5022,F,106,1181.73,0.718,38.85,1,5.46,5.08,26.71,28.39,66.14,69.83,0,75.68,0
6338,2024,Sudeste,RJ,Urbana,Médio,63480,M,96,1015.01,0.754,32.01,0,5.63,4.8,68.95,23.34,74.68,72.71,1,85.49,0
6339,2023,Sul,PR,Rural,Pequeno,7731,F,88,973.2,0.717,17.35,0,4.78,6.7,93.45,19.7,68.95,77.42,0,88.68,0
6340,2023,Sul,PR,Urbana,Médio,20181,F,95,751.72,0.649,17.14,1,2.71,10.0,68.84,18.19,86.98,69.81,0,91.96,1
6341,2022,Sudeste,SP,Urbana,Pequeno,3323,F,94,1008.53,0.749,15.87,0,6.41,7.79,57.39,18.41,89.62,68.3,0,87.32,1
6342,2023,Sudeste,SP,Urbana,Grande,8664758,M,106,968.89,0.788,22.08,0,6.0,7.53,75.93,18.26,100.0,71.0,0,94.42,1
6343,2024,Sudeste,MG,Rural,Pequeno,19712,M,85,979.67,0.778,16.22,1,6.51,5.42,57.41,23.45,57.3,74.3,0,86.3,1
6344,2024,Nordeste,MA,Urbana,Pequeno,11183,F,104,714.99,0.57,37.22,1,4.64,9.46,65.61,16.39,43.92,72.78,1,84.54,1
6345,2022,Sudeste,SP,Urbana,Médio,164859,M,88,1094.32,0.814,26.3,1,6.28,5.82,69.29,20.64,36.24,64.5,0,86.96,1
6346,2022,Nordeste,PE,Urbana,Médio,24473,M,106,736.8,0.654,37.2,0,5.1,4.67,54.08,24.83,61.76,65.84,1,80.99,0
6347,2023,Nordeste,PB,Urbana,Grande,10802824,M,102,1020.03,0.693,32.95,1,6.63,5.85,76.33,28.89,60.78,59.11,1,77.22,0
6348,2022,Norte,AC,Urbana,Pequeno,10970,M,87,,0.684,12.77,0,6.53,4.42,52.49,22.91,80.49,61.89,0,73.4,0
6349,2023,Centro-Oeste,DF,Urbana,Pequeno,10997,F,105,,0.641,8.26,0,4.4,7.45,56.19,25.17,49.74,69.89,1,81.55,0
6350,2024,Sudeste,MG,Urbana,Pequeno,16130,M,91,885.81,0.762,24.31,1,4.01,2.81,74.9,18.98,70.44,73.76,1,89.25,1
6351,2023,Centro-Oeste,GO,Urbana,Médio,29593,F,94,972.03,0.625,21.07,1,5.18,6.94,93.93,20.16,87.39,68.49,1,84.43,1
6352,2023,Nordeste,SE,Urbana,Médio,20111,F,88,886.43,0.723,26.33,0,7.43,6.92,77.69,17.67,59.25,74.27,0,84.56,1
6353,2022,Sudeste,ES,Rural,Pequeno,18544,F,106,956.98,0.676,10.06,0,4.82,7.11,43.83,23.13,24.73,71.24,0,88.33,0
6354,2023,Norte,PA,Rural,Pequeno,8016,M,92,612.58,0.665,22.52,0,2.32,5.26,65.07,14.65,28.15,64.49,1,67.61,0
6355,2024,Nordeste,SE,Urbana,Pequeno,9625,M,100,564.43,0.625,18.34,0,,4.47,74.18,20.7,54.93,63.82,1,91.47,0
6356,2024,Sudeste,SP,Urbana,Grande,9987747,M,97,870.93,0.722,19.64,1,3.23,7.06,96.88,26.66,60.81,80.94,0,100.0,0
6357,2022,Nordeste,MA,Urbana,Médio,145211,M,92,862.73,0.605,36.35,1,5.77,3.46,70.79,22.53,58.9,67.28,0,87.86,0
6358,2023,Centro-Oeste,DF,Urbana,Pequeno,17823,M,91,915.66,0.744,30.77,1,3.22,7.5,56.42,22.36,88.09,66.72,0,75.85,1
6359,2024,Sudeste,MG,Urbana,Grande,915636,M,103,1025.24,0.725,28.15,0,9.0,6.93,59.11,22.04,56.74,66.2,0,86.95,0
6360,2022,Norte,RR,Urbana,Grande,10669569,M,95,751.55,0.666,51.46,0,4.91,7.11,59.66,20.08,68.84,66.61,1,87.2,1
6361,2024,Sudeste,MG,Urbana,Pequeno,9537,M,93,1386.85,0.707,8.75,0,5.76,4.31,59.73,20.59,72.67,55.95,1,100.0,1
6362,2023,Nordeste,CE,Urbana,Grande,2082003,M,102,662.98,0.702,32.51,1,5.96,3.82,78.89,22.13,55.03,68.92,1,87.75,0
6363,2022,Nordeste,BA,Urbana,Grande,1977725,F,105,,0.646,18.43,0,5.42,7.08,57.68,24.08,73.21,70.42,1,97.65,0
6364,2024,Sul,SC,Urbana,Médio,69500,M,99,1647.55,0.671,8.49,0,3.41,7.07,94.3,18.37,56.29,68.72,0,83.64,0
6365,2024,Sudeste,MG,Urbana,Grande,6616784,F,90,844.94,0.658,27.12,1,4.77,6.68,81.12,23.23,76.64,76.8,1,86.71,0
6366,2024,Sudeste,ES,Rural,Médio,121223,M,87,1434.57,0.699,25.84,1,5.52,4.98,82.68,30.07,82.19,77.79,0,73.01,0
6367,2022,Nordeste,MA,Urbana,Médio,110927,F,104,1074.6,0.607,30.57,1,4.49,5.98,84.76,22.28,64.28,74.05,1,98.53,0
6368,2022,Nordeste,PE,Rural,Grande,8223304,M,91,550.63,0.632,40.59,0,5.76,4.89,93.34,24.87,49.29,65.62,1,100.0,0
6369,2023,Norte,AC,Urbana,Médio,171724,F,97,692.11,0.632,26.4,1,5.65,7.87,78.75,31.04,70.4,68.79,0,94.58,0
6370,2024,Centro-Oeste,MS,Urbana,Médio,140522,M,84,864.95,0.645,24.38,0,4.01,6.61,30.49,20.23,73.4,66.85,0,78.97,1
6371,2022,Sul,RS,Urbana,Médio,101956,M,93,585.13,0.571,20.3,0,5.48,6.65,80.46,24.9,55.39,76.42,0,86.43,1
6372,2022,Sudeste,SP,Urbana,Médio,157417,F,98,1172.09,0.778,14.94,1,5.31,6.94,77.99,26.37,53.0,72.2,0,,0
6373,2022,Sudeste,SP,Urbana,Médio,36739,M,92,1023.8,0.626,16.2,1,5.15,6.1,56.24,21.46,42.02,63.66,1,91.02,1
6374,2023,Sudeste,ES,Urbana,Médio,55643,F,88,1035.95,0.669,29.03,0,5.38,5.93,77.25,27.42,48.53,73.5,1,72.02,0
6375,2024,Nordeste,SE,Urbana,Pequeno,16213,M,91,889.63,0.637,31.65,0,2.45,5.74,75.04,26.67,58.77,71.11,0,87.57,0
6376,2023,Nordeste,CE,Urbana,Pequeno,10116,M,99,593.15,0.641,46.36,0,5.36,3.82,70.22,22.17,66.69,67.59,0,,1
6377,2022,Nordeste,BA,Urbana,Médio,90195,M,99,720.81,0.669,31.78,0,3.54,4.23,97.5,21.71,76.37,74.43,1,91.92,1
6378,2023,Nordeste,PI,Urbana,Pequeno,10042,M,100,847.46,0.648,26.11,0,5.08,3.41,94.15,27.14,12.61,76.13,0,83.75,0
6379,2022,Nordeste,MA,Urbana,Pequeno,2812,M,91,741.06,0.698,30.97,1,4.94,4.91,38.12,20.03,34.44,71.54,1,92.15,0
6380,2022,Centro-Oeste,MS,Urbana,Pequeno,2733,F,89,896.74,0.648,25.9,0,4.87,10.0,52.64,22.45,69.85,61.86,0,82.61,0
6381,2022,Sudeste,ES,Rural,Pequeno,3467,F,85,920.96,0.718,34.84,1,5.66,4.5,92.6,22.03,72.43,66.6,0,94.06,1
6382,2024,Nordeste,AL,Urbana,Médio,143881,F,98,1000.92,0.705,23.92,0,5.46,5.97,87.39,26.61,68.83,60.96,0,86.81,0
6383,2023,Centro-Oeste,DF,Rural,Pequeno,16987,M,96,1042.79,0.678,14.97,0,4.48,4.79,61.36,20.71,77.98,75.53,1,100.0,0
6384,2022,Nordeste,SE,Urbana,Pequeno,19690,F,91,813.66,0.517,30.16,0,7.48,5.85,62.55,23.01,66.15,68.4,0,73.6,1
6385,2022,Nordeste,CE,Urbana,Pequeno,3105,M,95,758.8,0.649,31.44,0,6.97,4.91,54.5,18.45,37.41,72.42,1,82.88,0
6386,2024,Nordeste,CE,Urbana,Grande,10419139,F,101,663.93,0.675,39.63,1,6.7,4.26,77.19,33.12,43.5,68.02,0,,0
6387,2023,Sul,SC,Urbana,Médio,180210,F,85,1097.06,0.797,11.73,0,5.74,7.5,66.67,26.27,28.13,71.95,1,85.71,0
6388,2023,Sudeste,ES,Urbana,Pequeno,10518,M,100,1208.87,0.696,29.74,0,6.5,7.62,62.13,26.68,77.72,57.92,1,91.24,0
6389,2022,Sudeste,RJ,Urbana,Pequeno,18016,F,102,676.95,0.7,31.82,0,5.05,8.35,44.67,17.19,59.64,69.7,0,93.68,0
6390,2022,Sudeste,SP,Rural,Médio,30737,F,86,1538.57,0.765,21.05,0,6.73,6.42,73.74,16.81,85.17,68.96,0,100.0,1
6391,2024,Norte,AP,Urbana,Pequeno,10875,M,104,1184.05,0.745,24.1,1,3.87,5.28,73.42,18.86,58.57,61.93,0,82.86,0
6392,2022,Sul,RS,Rural,Grande,11413668,M,86,1303.26,0.672,23.8,0,5.87,5.18,73.13,18.56,51.94,67.42,1,96.05,0
6393,2022,Nordeste,MA,Rural,Pequeno,16671,M,94,865.09,0.66,35.32,1,6.21,5.13,75.16,22.2,43.55,62.84,1,95.5,0
6394,2022,Nordeste,PI,Urbana,Médio,151584,F,94,902.69,0.635,27.18,0,6.97,4.83,49.8,24.51,20.44,64.0,1,83.12,0
6395,2024,Nordeste,PB,Urbana,Pequeno,15982,M,92,1118.6,0.644,23.86,0,5.51,5.92,54.12,21.36,57.17,70.23,1,88.34,1
6396,2023,Sudeste,MG,Urbana,Pequeno,11090,M,96,899.2,0.675,24.23,0,5.78,8.01,64.15,25.34,45.95,81.35,1,97.48,0
6397,2024,Sul,SC,Urbana,Pequeno,2633,M,94,765.35,0.714,17.52,1,5.45,5.5,71.56,18.44,40.6,62.28,1,82.65,0
6398,2023,Nordeste,AL,Urbana,Médio,191570,F,91,752.72,0.668,38.35,1,4.84,4.24,71.3,25.05,46.07,62.3,1,88.41,0
6399,2024,Sudeste,RJ,Urbana,Pequeno,4200,M,85,827.07,0.811,6.52,0,5.86,7.18,89.07,22.78,72.34,66.01,0,98.27,1
6400,2024,Sul,PR,Urbana,Pequeno,9035,F,90,871.76,0.719,27.78,0,6.39,2.95,71.2,15.09,47.8,74.91,1,82.52,0
6401,2024,Sudeste,RJ,Urbana,Pequeno,10168,M,87,795.84,0.814,17.89,0,5.97,7.1,87.28,19.94,40.53,71.84,1,83.25,1
6402,2024,Sul,PR,Urbana,Grande,8874095,F,103,1270.73,0.714,33.52,1,4.64,3.85,36.1,16.81,90.34,70.33,1,87.84,0
6403,2023,Norte,PA,Rural,Pequeno,3881,F,96,894.29,0.709,18.6,0,3.62,6.55,84.84,23.49,60.24,66.88,1,70.89,0
6404,2023,Sudeste,ES,Urbana,Médio,20875,F,86,1348.99,0.619,25.04,0,6.01,7.23,78.26,27.1,100.0,52.76,1,96.83,1
6405,2024,Sudeste,SP,Urbana,Grande,3706974,M,95,1293.72,0.642,29.52,0,6.27,4.83,74.0,20.92,20.68,69.81,0,85.02,0
6406,2024,Sudeste,RJ,Urbana,Médio,113805,M,90,1383.3,0.785,20.58,0,7.1,7.8,61.33,22.83,59.0,75.96,1,92.5,1
6407,2022,Sul,RS,Urbana,Médio,150686,F,100,856.33,0.711,24.9,0,5.39,9.09,60.77,23.03,58.37,71.05,0,93.47,0
6408,2023,Sudeste,SP,Urbana,Pequeno,12008,M,99,817.95,0.651,16.31,1,,8.18,53.8,22.57,70.64,80.11,1,100.0,0
6409,2024,Nordeste,AL,Urbana,Pequeno,4353,F,94,839.49,0.669,36.3,1,4.7,6.21,70.69,17.79,42.47,63.55,0,84.44,1
6410,2022,Nordeste,MA,Urbana,Médio,162264,M,89,794.41,0.683,19.07,0,3.29,4.98,96.6,21.35,37.73,61.86,1,92.05,0
6411,2022,Sudeste,ES,Urbana,Pequeno,2210,M,107,642.51,0.865,14.47,1,5.43,6.27,78.52,21.98,29.19,72.6,0,81.95,0
6412,2022,Nordeste,BA,Rural,Médio,115913,F,95,942.23,0.66,32.61,1,5.33,5.81,36.93,20.08,55.4,60.4,1,72.63,0
6413,2024,Sudeste,ES,Urbana,Pequeno,12524,M,98,1220.19,0.749,18.26,0,6.4,5.4,94.45,19.26,100.0,74.97,0,79.19,1
6414,2023,Nordeste,RN,Urbana,Médio,94567,F,96,734.81,0.619,28.6,0,4.21,7.1,53.12,22.33,30.56,67.36,1,78.34,0
6415,2022,Sul,SC,Urbana,Pequeno,18670,F,90,1071.69,0.705,25.92,0,3.6,6.86,76.72,27.71,66.02,67.16,0,98.07,0
6416,2024,Nordeste,BA,Urbana,Pequeno,13476,F,107,360.21,0.651,28.46,1,4.79,8.09,61.27,23.34,56.68,68.81,1,83.59,1
6417,2024,Sudeste,ES,Urbana,Pequeno,11262,M,92,1279.26,0.698,2.07,0,4.88,6.07,63.08,17.42,42.08,72.88,0,81.81,0
6418,2022,Nordeste,AL,Urbana,Pequeno,7667,F,100,1118.99,0.643,35.44,1,3.34,5.84,70.45,25.79,55.84,68.59,0,77.46,0
6419,2024,Nordeste,BA,Urbana,Pequeno,9385,M,107,803.89,0.686,13.23,0,3.21,8.22,72.84,25.21,29.49,72.89,1,92.85,1
6420,2022,Norte,RR,Urbana,Pequeno,14716,M,94,,0.757,24.21,1,4.34,5.59,51.07,22.36,57.84,69.23,0,100.0,1
6421,2023,Sudeste,RJ,Urbana,Pequeno,16830,F,89,1130.08,0.653,34.99,1,3.33,4.92,70.7,20.24,69.6,81.71,1,83.75,0
6422,2024,Nordeste,PE,Urbana,Pequeno,4800,F,90,805.67,0.634,31.4,0,7.5,5.35,59.19,19.22,55.02,70.53,1,81.94,0
6423,2024,Sudeste,ES,Urbana,Pequeno,10834,M,102,1083.35,0.781,21.75,1,4.02,4.71,76.87,23.71,84.9,73.54,0,85.02,0
6424,2023,Sul,PR,Urbana,Pequeno,3503,M,87,1061.07,0.712,7.65,0,,4.79,68.1,18.68,24.31,73.53,1,73.84,1
6425,2024,Norte,TO,Urbana,Médio,54296,F,98,737.05,0.697,27.85,1,4.22,5.15,64.69,24.81,57.11,72.03,1,85.51,0
6426,2024,Sudeste,SP,Urbana,Médio,142793,F,99,481.65,0.743,26.0,0,4.32,8.69,68.31,22.02,69.6,75.15,1,90.07,1
6427,2022,Nordeste,PI,Urbana,Médio,163243,F,106,1358.61,0.717,39.53,0,6.04,5.12,86.39,16.65,37.36,75.39,1,72.31,0
6428,2024,Norte,AC,Urbana,Pequeno,13575,M,94,780.86,0.729,23.94,1,3.79,6.64,46.85,23.97,26.83,65.89,0,87.26,0
6429,2024,Sudeste,MG,Urbana,Pequeno,3717,F,90,,0.725,20.65,0,4.78,7.0,85.66,15.14,82.84,71.99,0,97.89,0
6430,2022,Sudeste,SP,Urbana,Médio,70985,F,95,1197.26,0.689,27.63,1,3.7,6.18,72.15,21.74,23.55,71.97,1,72.21,1
6431,2024,Sudeste,SP,Urbana,Médio,26334,M,96,1158.79,0.786,25.59,0,5.74,5.21,86.31,13.65,87.13,69.1,0,77.57,0
6432,2024,Centro-Oeste,DF,Urbana,Médio,182599,F,95,844.39,0.649,13.98,0,,6.75,71.45,22.4,77.81,70.1,1,92.63,0
6433,2023,Sudeste,RJ,Urbana,Pequeno,9340,F,93,1309.85,0.702,11.78,0,5.31,4.92,100.0,23.75,76.05,64.21,0,100.0,0
6434,2023,Nordeste,AL,Urbana,Pequeno,6380,F,98,823.9,0.744,45.98,1,6.88,5.95,65.42,20.69,35.29,71.4,0,93.45,0
6435,2024,Sul,SC,Urbana,Médio,32729,F,92,785.64,0.73,24.4,0,5.85,2.73,100.0,19.01,42.94,66.7,1,92.77,1
6436,2024,Sudeste,RJ,Urbana,Pequeno,7727,M,90,1094.31,0.716,25.29,0,3.57,6.54,63.14,28.67,60.92,77.55,0,75.55,0
6437,2023,Sudeste,ES,Urbana,Pequeno,13758,M,103,1128.24,0.678,13.08,1,6.12,5.38,73.2,20.23,42.83,69.95,0,97.95,0
6438,2023,Sudeste,RJ,Urbana,Pequeno,17434,F,95,1385.85,0.767,27.85,0,,5.73,82.22,19.56,50.72,70.34,0,87.79,1
6439,2024,Sudeste,SP,Urbana,Pequeno,16774,F,86,603.55,0.748,20.57,0,4.7,5.0,66.03,20.76,38.54,64.27,0,80.16,1
6440,2023,Sudeste,RJ,Urbana,Pequeno,16012,M,86,1501.38,0.707,13.06,0,3.33,6.79,47.59,12.51,53.17,64.38,0,,0
6441,2023,Sudeste,RJ,Urbana,Pequeno,5318,M,90,804.79,0.725,31.57,0,6.05,7.91,94.76,24.66,70.7,69.16,0,92.98,1
6442,2023,Sudeste,SP,Urbana,Médio,197397,M,87,968.2,0.658,24.22,0,3.75,5.38,73.66,18.62,58.82,60.5,1,82.94,1
6443,2022,Sudeste,MG,Urbana,Médio,123266,F,101,1366.95,0.661,23.9,0,4.4,4.1,96.75,26.48,100.0,75.6,1,98.45,0
6444,2023,Sudeste,MG,Urbana,Pequeno,4487,F,85,1170.27,0.726,28.58,0,5.06,3.9,65.38,21.85,84.34,79.37,1,93.62,0
6445,2024,Norte,AM,Urbana,Pequeno,2647,F,87,1061.07,0.659,37.97,0,5.05,6.51,91.47,15.15,73.38,69.03,1,75.07,1
6446,2023,Centro-Oeste,GO,Rural,Pequeno,15378,F,95,1166.31,0.67,34.79,0,2.98,7.19,81.45,17.45,34.48,69.81,1,99.25,0
6447,2023,Nordeste,AL,Rural,Médio,183510,F,86,905.0,0.7,35.73,0,3.85,4.79,72.43,22.8,42.18,69.78,1,80.61,0
6448,2024,Nordeste,AL,Rural,Médio,181227,M,95,445.0,0.564,36.68,0,4.96,6.63,61.75,18.24,35.95,67.08,0,100.0,0
6449,2023,Sudeste,RJ,Rural,Pequeno,18577,M,101,1033.31,0.693,25.75,1,5.76,5.42,55.5,21.06,70.13,66.87,1,86.02,1
6450,2023,Sudeste,MG,Urbana,Médio,132516,M,98,1106.23,0.636,19.41,0,6.03,5.73,77.38,19.21,68.27,67.59,1,99.53,0
6451,2022,Nordeste,SE,Rural,Médio,98260,F,107,524.13,0.628,17.04,0,6.07,4.11,38.31,22.44,16.01,74.75,0,85.35,0
6452,2022,Nordeste,BA,Urbana,Pequeno,18790,F,84,594.56,0.752,37.41,1,6.5,6.01,70.83,24.81,59.55,71.92,0,100.0,0
6453,2022,Sudeste,RJ,Urbana,Pequeno,8029,F,84,1220.1,0.711,27.08,0,4.6,5.1,85.57,17.37,61.69,65.56,0,87.42,1
6454,2024,Sul,RS,Urbana,Médio,118534,M,88,604.83,0.63,21.59,0,2.84,8.68,72.89,25.1,86.6,67.77,1,95.48,0
6455,2024,Nordeste,MA,Urbana,Médio,130670,F,84,828.09,0.669,32.84,0,5.75,5.43,76.79,20.69,24.45,75.78,0,93.51,0
6456,2022,Norte,AC,Rural,Pequeno,3070,F,88,787.35,0.581,39.79,1,3.57,7.96,73.64,15.63,48.07,67.11,1,85.02,0
6457,2024,Sul,RS,Urbana,Grande,9699897,F,87,1039.84,0.808,17.92,0,3.72,3.72,69.31,27.4,57.86,70.61,0,85.39,0
6458,2024,Sul,PR,Urbana,Pequeno,19111,F,86,821.96,0.716,22.57,0,6.88,7.1,100.0,18.04,66.49,76.83,1,73.85,0
6459,2022,Sul,PR,Urbana,Pequeno,2850,M,85,1020.88,0.73,31.68,0,5.1,4.67,68.18,17.5,64.77,79.53,1,100.0,0
6460,2022,Nordeste,MA,Rural,Médio,85452,M,92,663.56,0.681,16.76,1,4.76,6.4,61.98,22.13,59.55,70.57,1,90.26,1
6461,2024,Nordeste,AL,Urbana,Pequeno,9536,F,107,362.71,0.773,20.98,0,4.91,2.66,68.37,21.41,22.8,66.73,1,80.19,0
6462,2023,Sudeste,MG,Rural,Pequeno,9380,M,97,1057.3,0.652,13.35,0,6.83,6.21,88.77,27.3,42.0,80.82,1,95.5,1
6463,2022,Sudeste,SP,Urbana,Pequeno,17271,F,88,1029.04,0.612,15.67,0,2.99,5.51,74.51,25.58,92.54,74.25,1,92.98,0
6464,2024,Sul,SC,Urbana,Grande,6953498,M,90,991.79,0.644,12.18,0,3.01,6.39,84.02,25.29,68.12,70.85,1,98.37,0
6465,2023,Nordeste,PI,Urbana,Pequeno,16055,F,86,758.38,0.506,31.76,0,4.55,4.02,89.58,24.57,48.79,71.51,1,90.88,1
6466,2022,Sudeste,SP,Urbana,Pequeno,6784,F,100,1272.77,0.654,13.55,0,4.92,6.22,88.28,20.3,47.38,76.29,0,100.0,1
6467,2023,Centro-Oeste,DF,Urbana,Pequeno,17983,M,92,1091.15,0.655,23.69,0,7.19,5.38,55.16,23.0,51.01,68.49,1,78.25,1
6468,2024,Nordeste,PE,Urbana,Pequeno,5274,F,103,632.08,0.592,35.57,1,3.46,2.67,61.67,19.36,48.99,74.15,1,78.88,0
6469,2024,Sudeste,RJ,Urbana,Grande,4135491,M,102,1524.6,0.78,3.03,0,2.88,7.45,65.65,21.72,50.02,74.39,1,,0
6470,2024,Sul,PR,Urbana,Pequeno,18350,M,95,1004.66,0.741,19.16,0,6.01,7.65,71.85,18.52,70.99,69.76,0,92.08,1
6471,2024,Sudeste,MG,Urbana,Pequeno,14217,F,101,948.91,0.741,14.18,0,4.98,9.3,94.71,26.54,83.14,70.64,0,95.68,0
6472,2024,Sudeste,MG,Rural,Pequeno,6895,M,89,1328.76,0.687,24.55,0,5.73,3.45,61.48,18.4,60.38,66.39,1,93.07,0
6473,2024,Sudeste,SP,Urbana,Médio,44205,M,106,992.1,0.76,18.89,0,6.51,9.3,77.3,18.14,49.86,79.65,1,93.23,1
6474,2023,Sul,PR,Urbana,Pequeno,13323,F,87,1067.73,0.723,21.74,0,4.46,6.03,74.56,13.9,84.67,66.08,1,92.34,0
6475,2023,Nordeste,PB,Urbana,Pequeno,5148,F,107,942.83,0.618,22.96,0,5.78,8.23,66.12,20.01,33.77,67.56,0,83.0,1
6476,2023,Sul,SC,Urbana,Grande,11922445,F,100,923.89,0.769,25.8,0,4.49,8.36,51.01,13.38,58.87,68.18,0,90.38,1
6477,2022,Sudeste,RJ,Urbana,Pequeno,18164,F,96,1248.1,0.676,27.93,1,4.97,7.6,54.73,26.88,60.17,74.02,1,85.51,1
6478,2024,Sudeste,SP,Urbana,Grande,2843512,M,105,707.91,0.644,24.78,1,3.3,5.98,70.86,22.91,32.03,71.13,0,93.56,1
6479,2023,Sudeste,MG,Urbana,Pequeno,13009,M,101,1311.55,0.785,31.65,0,5.41,6.27,77.3,21.4,61.62,64.54,1,90.79,1
6480,2023,Sudeste,SP,Urbana,Pequeno,4952,F,107,848.68,0.624,19.5,0,5.12,7.66,73.31,23.11,64.82,69.73,0,94.65,0
6481,2023,Nordeste,MA,Urbana,Pequeno,9033,F,86,472.62,0.634,38.05,1,5.02,4.88,73.24,22.61,48.14,71.63,0,90.14,0
6482,2023,Nordeste,PB,Rural,Médio,179794,F,84,1168.19,0.6,35.44,0,4.88,5.02,57.91,21.51,79.06,67.96,1,99.32,0
6483,2024,Nordeste,AL,Urbana,Pequeno,8169,F,107,834.56,0.712,29.99,1,3.44,3.02,46.75,23.61,69.33,73.26,0,88.67,0
6484,2022,Sudeste,RJ,Urbana,Pequeno,19036,F,93,867.27,0.766,31.08,0,3.45,8.3,55.43,15.15,73.02,68.7,1,85.71,0
6485,2023,Sul,RS,Rural,Pequeno,18913,F,100,1029.45,0.623,20.19,0,4.96,7.43,57.78,29.66,70.24,64.33,1,84.24,1
6486,2024,Sudeste,RJ,Urbana,Pequeno,18317,M,97,1217.3,0.73,23.58,1,3.04,6.69,57.24,24.75,46.46,85.28,0,72.97,1
6487,2023,Sudeste,RJ,Rural,Pequeno,6111,F,104,1287.56,0.752,7.47,0,4.0,6.19,68.98,21.75,82.21,71.67,0,91.17,1
6488,2024,Sudeste,ES,Urbana,Pequeno,5882,F,101,869.63,0.696,13.29,0,5.02,7.75,85.67,22.54,70.52,66.83,1,82.68,1
6489,2024,Sudeste,SP,Urbana,Médio,111954,F,95,1183.92,0.662,4.38,0,6.01,3.87,75.11,17.88,50.59,67.17,0,95.72,1
6490,2023,Sudeste,ES,Urbana,Médio,123282,F,100,1063.08,0.764,35.73,0,4.98,7.65,79.72,20.29,100.0,75.76,1,91.17,1
6491,2023,Sudeste,MG,Urbana,Pequeno,12021,M,87,926.78,0.79,23.12,0,,5.54,67.94,19.93,72.73,72.79,1,93.02,1
6492,2024,Sudeste,ES,Urbana,Pequeno,18682,M,85,,0.676,13.6,0,7.9,6.14,97.02,22.58,56.37,78.88,0,80.57,1
6493,2022,Sudeste,ES,Urbana,Médio,63362,F,99,640.79,0.755,42.08,0,5.65,6.3,82.74,19.78,70.99,65.37,1,100.0,0
6494,2024,Sudeste,RJ,Urbana,Pequeno,8820,M,98,1316.53,0.727,26.92,1,5.79,3.3,86.06,22.29,64.28,68.41,1,91.82,1
6495,2024,Centro-Oeste,MT,Urbana,Pequeno,15446,F,84,1017.1,0.774,18.01,1,6.46,4.89,61.12,22.83,41.17,64.16,1,84.57,0
6496,2024,Centro-Oeste,MS,Urbana,Pequeno,11776,M,101,1309.78,0.631,25.89,0,4.32,7.87,63.09,18.57,42.53,74.44,0,88.55,0
6497,2022,Sudeste,MG,Urbana,Médio,172154,M,103,1219.84,0.741,23.23,0,,5.45,94.95,17.67,76.87,68.72,1,94.14,0
6498,2022,Norte,AC,Urbana,Médio,90984,M,96,861.78,0.613,21.4,0,4.69,5.26,60.18,21.14,24.28,74.45,1,87.57,0
6499,2023,Sudeste,RJ,Urbana,Grande,8961823,F,96,814.97,0.783,24.12,0,6.31,5.35,67.2,18.25,85.2,67.88,0,70.29,0
6500,2024,Sul,PR,Urbana,Pequeno,7053,M,102,1375.74,0.735,42.08,1,4.97,8.14,87.38,24.84,74.88,71.5,1,92.27,1
6501,2022,Norte,AM,Urbana,Pequeno,4656,M,107,579.65,0.619,23.08,0,3.02,5.03,63.5,26.16,28.05,63.6,1,,1
6502,2022,Nordeste,MA,Rural,Pequeno,11908,F,88,792.0,0.641,24.18,1,4.02,4.45,52.36,23.24,23.36,72.57,1,84.65,0
6503,2024,Sul,RS,Urbana,Grande,4148559,M,99,1213.98,0.748,19.24,0,4.44,6.42,86.62,25.67,37.93,69.46,1,88.86,1
6504,2023,Sudeste,MG,Urbana,Médio,57565,M,97,,0.695,16.63,0,3.27,6.58,73.98,23.92,86.94,63.3,1,100.0,0
6505,2024,Norte,AC,Urbana,Médio,45183,M,102,1226.49,0.465,35.1,0,4.26,4.32,55.85,16.08,71.41,66.23,0,92.66,0
6506,2024,Sul,SC,Urbana,Pequeno,19410,M,101,885.78,0.681,22.25,1,6.71,7.92,70.95,24.13,66.85,67.82,1,97.15,1
6507,2023,Sudeste,SP,Urbana,Pequeno,19985,F,90,708.61,0.759,15.38,0,,5.28,93.41,20.65,73.79,71.64,1,79.47,0
6508,2023,Sudeste,MG,Urbana,Médio,62786,M,98,925.21,0.784,12.05,0,6.16,8.0,60.94,20.26,91.78,78.92,0,91.39,1
6509,2022,Sul,PR,Urbana,Pequeno,9108,M,93,897.27,0.662,15.21,0,3.75,3.26,60.26,21.71,39.82,62.93,1,90.45,0
6510,2023,Sudeste,ES,Urbana,Grande,11733074,F,107,1223.21,0.759,26.3,1,4.8,5.62,95.52,26.54,53.1,69.77,1,100.0,0
6511,2024,Sul,RS,Urbana,Grande,6010753,M,106,1209.74,0.795,8.97,0,3.6,8.43,46.48,24.35,74.64,70.79,1,93.14,0
6512,2024,Centro-Oeste,MS,Rural,Grande,6835147,M,89,1217.75,0.731,15.13,1,7.76,6.12,82.38,20.58,14.47,66.96,1,95.92,0
6513,2022,Centro-Oeste,GO,Urbana,Médio,183125,F,88,743.44,0.737,25.99,0,5.43,7.88,86.02,26.24,61.67,68.34,0,86.27,0
6514,2022,Sudeste,MG,Urbana,Pequeno,11200,F,102,905.5,0.727,21.79,0,6.52,4.46,50.2,17.98,64.46,72.17,0,83.18,0
6515,2024,Sudeste,SP,Urbana,Grande,1145529,M,84,737.55,0.864,19.91,0,5.47,6.76,84.46,24.77,50.31,71.01,0,99.85,1
6516,2022,Sudeste,RJ,Urbana,Pequeno,13856,M,88,717.19,0.722,14.12,1,4.35,4.86,79.54,23.42,100.0,72.83,0,72.99,1
6517,2024,Nordeste,PE,Urbana,Pequeno,16842,F,84,,0.776,38.65,0,6.34,6.26,43.26,27.35,47.12,66.4,0,88.38,0
6518,2023,Nordeste,CE,Urbana,Pequeno,19038,M,88,424.75,0.587,42.32,0,3.19,7.93,64.73,18.0,36.8,82.07,0,93.48,0
6519,2022,Nordeste,PE,Rural,Médio,161651,F,98,,0.566,26.85,0,5.28,5.65,79.68,30.2,17.43,57.95,1,79.84,0
6520,2023,Sudeste,RJ,Rural,Médio,50646,M,95,1463.08,0.729,18.3,0,4.97,6.88,80.56,15.06,86.89,80.16,0,95.02,0
6521,2023,Sudeste,ES,Urbana,Grande,4046331,F,92,1075.69,0.774,15.43,1,6.82,9.25,90.21,16.59,41.64,75.04,0,87.92,1
6522,2023,Sudeste,SP,Urbana,Médio,177584,M,101,1225.9,0.689,25.13,0,5.94,7.38,84.78,29.86,89.85,68.06,1,100.0,0
6523,2024,Sudeste,SP,Rural,Pequeno,5077,M,95,1131.15,0.635,5.91,0,5.1,8.69,86.25,28.92,76.94,77.49,0,100.0,1
6524,2024,Sul,SC,Rural,Médio,45961,M,102,821.17,0.624,16.22,0,3.98,6.51,88.76,21.74,53.57,74.28,0,83.8,1
6525,2023,Sudeste,RJ,Urbana,Pequeno,19375,F,105,1068.08,0.677,8.47,1,6.43,9.2,93.83,18.34,80.46,68.69,1,83.33,1
6526,2022,Sul,PR,Urbana,Grande,11096830,M,86,1050.54,0.706,26.06,1,3.5,6.1,69.65,24.93,22.69,80.11,1,74.02,0
6527,2022,Nordeste,CE,Rural,Grande,10837619,M,91,881.22,0.708,30.31,0,5.79,6.15,69.43,19.36,42.83,69.83,0,,0
6528,2024,Sudeste,SP,Urbana,Médio,31546,M,92,634.14,0.713,8.03,0,6.41,7.67,64.9,25.71,16.04,68.43,1,83.49,1
6529,2023,Sul,SC,Urbana,Pequeno,15262,M,101,1434.66,0.663,31.99,0,5.73,3.17,62.25,24.51,95.53,70.53,1,77.66,0
6530,2022,Sudeste,ES,Urbana,Pequeno,9237,M,106,1068.79,0.721,22.23,0,6.44,7.36,91.28,18.8,42.69,70.11,0,74.04,0
6531,2022,Sudeste,SP,Urbana,Grande,9083603,F,98,1084.57,0.687,16.03,1,7.92,5.07,98.43,24.07,51.29,71.51,1,79.8,1
6532,2022,Sudeste,SP,Urbana,Médio,72138,F,95,824.69,0.664,8.62,0,4.69,6.16,77.03,20.85,71.27,68.95,1,94.48,1
6533,2023,Sudeste,MG,Urbana,Pequeno,8280,M,85,1054.16,0.715,23.6,0,6.5,6.83,58.38,26.59,100.0,66.48,1,96.78,0
6534,2024,Sudeste,ES,Urbana,Grande,2021656,F,85,895.99,0.626,12.88,0,5.01,3.89,67.41,22.52,63.61,78.17,1,83.86,0
6535,2024,Sul,SC,Urbana,Pequeno,18379,M,99,982.49,0.749,38.46,0,4.64,7.66,81.24,25.21,71.97,72.38,1,95.43,0
6536,2024,Sul,SC,Urbana,Pequeno,15530,M,101,1354.05,0.644,15.61,0,5.15,6.84,54.9,20.63,79.33,72.95,0,77.59,1
6537,2023,Norte,RO,Rural,Pequeno,18595,F,94,676.7,0.646,37.52,1,4.68,6.73,73.81,30.94,86.17,68.75,0,88.18,0
6538,2023,Sul,PR,Rural,Médio,192816,F,94,1047.62,0.668,25.22,1,5.95,5.62,100.0,23.8,72.63,67.7,1,95.36,0
6539,2022,Centro-Oeste,MS,Urbana,Grande,8454327,F,107,1129.93,0.707,29.87,1,6.71,6.49,70.87,27.41,44.9,67.04,0,82.56,1
6540,2024,Nordeste,PI,Urbana,Médio,48555,F,101,709.32,0.65,20.09,0,1.9,4.96,52.89,23.56,48.38,75.86,1,78.54,0
6541,2023,Nordeste,RN,Urbana,Pequeno,17331,F,84,972.47,0.719,24.92,0,3.31,2.12,67.1,22.51,42.45,74.41,1,82.18,0
6542,2022,Sudeste,RJ,Urbana,Pequeno,13475,M,103,1130.85,0.741,19.11,0,5.27,7.03,100.0,26.67,48.62,74.64,1,85.8,0
6543,2024,Sudeste,MG,Urbana,Pequeno,10136,F,100,1044.71,0.659,7.99,0,7.16,7.03,67.3,25.08,76.24,69.6,0,99.96,0
6544,2024,Sudeste,SP,Urbana,Pequeno,18765,M,106,1002.69,0.639,11.26,0,3.93,3.07,100.0,18.83,46.22,75.42,1,87.85,0
6545,2022,Sudeste,MG,Urbana,Médio,80756,M,97,1038.52,0.556,23.6,0,5.62,7.05,87.72,18.31,48.08,74.96,0,91.74,1
6546,2024,Sul,SC,Urbana,Médio,124093,M,87,1438.92,0.791,32.7,0,4.81,5.55,65.91,22.25,60.4,71.61,0,78.22,0
6547,2022,Nordeste,CE,Urbana,Pequeno,19098,M,95,724.69,0.695,21.54,0,2.69,7.69,68.46,17.87,38.04,69.94,1,84.05,0
6548,2022,Norte,TO,Rural,Pequeno,12664,M,98,827.78,0.762,37.43,0,4.95,6.42,40.97,24.0,98.56,64.93,0,82.56,0
6549,2022,Nordeste,PB,Urbana,Médio,152104,M,99,846.57,0.695,8.03,0,5.5,7.88,59.99,20.65,48.4,73.97,0,89.35,1
6550,2022,Centro-Oeste,GO,Urbana,Pequeno,17706,F,102,1339.54,0.62,31.75,1,6.49,6.35,66.48,18.51,68.66,70.56,0,93.58,0
6551,2024,Sudeste,RJ,Urbana,Médio,146493,M,88,900.67,0.729,10.96,1,5.49,6.81,93.48,26.03,50.86,74.84,0,90.24,0
6552,2023,Sul,PR,Urbana,Pequeno,16883,M,104,766.64,0.773,16.43,1,4.71,5.66,78.92,11.52,67.07,72.26,1,91.1,0
6553,2024,Centro-Oeste,DF,Urbana,Grande,8534685,F,96,956.29,0.695,22.71,0,3.19,7.49,77.82,30.69,78.97,65.16,0,87.67,0
6554,2022,Sudeste,MG,Urbana,Grande,5309811,M,92,1332.05,0.696,14.89,0,4.11,6.86,70.61,21.06,59.57,82.06,0,85.84,1
6555,2022,Sudeste,MG,Urbana,Pequeno,16040,M,86,,0.75,16.64,0,3.57,6.55,72.07,19.98,88.27,71.88,1,84.22,0
6556,2024,Nordeste,PE,Urbana,Pequeno,4761,F,100,758.41,0.609,23.63,0,7.2,5.65,91.17,16.69,63.79,67.94,0,82.68,1
6557,2023,Centro-Oeste,GO,Urbana,Pequeno,3757,M,106,543.72,0.649,25.81,1,4.77,6.54,74.06,23.2,37.41,72.29,1,88.38,0
6558,2022,Nordeste,PE,Urbana,Pequeno,9710,M,86,615.04,0.709,17.67,0,4.77,6.0,70.58,29.96,82.89,70.15,0,82.59,0
6559,2023,Nordeste,PE,Urbana,Grande,1255327,F,94,906.05,0.589,42.66,0,6.95,5.42,52.56,18.05,28.92,72.45,0,80.04,0
6560,2023,Norte,AP,Urbana,Pequeno,12848,F,85,910.45,0.562,21.76,1,4.05,2.88,71.81,21.74,31.34,68.92,1,100.0,0
6561,2024,Centro-Oeste,MT,Urbana,Pequeno,11729,M,104,1028.63,0.651,22.79,0,6.67,4.13,73.39,15.95,65.37,66.92,1,97.27,0
6562,2023,Centro-Oeste,GO,Rural,Pequeno,17755,F,100,452.39,0.823,14.65,0,3.85,5.94,80.39,31.48,45.37,77.79,0,79.47,1
6563,2022,Nordeste,SE,Urbana,Pequeno,14321,M,91,861.26,0.619,31.12,1,2.65,4.77,66.97,19.26,63.76,63.1,1,80.4,0
6564,2022,Centro-Oeste,MT,Urbana,Grande,2113652,M,99,640.23,0.673,17.63,0,3.92,3.11,77.0,21.86,75.17,77.84,1,94.67,0
6565,2022,Centro-Oeste,GO,Rural,Pequeno,14885,M,107,734.08,0.58,40.63,0,5.27,4.84,86.25,26.01,62.64,65.49,1,95.11,1
6566,2022,Sul,PR,Rural,Pequeno,5808,F,86,424.55,0.707,19.85,0,5.62,7.76,91.43,27.24,64.73,79.86,1,92.91,0
6567,2023,Sudeste,SP,Urbana,Pequeno,5089,M,96,1257.88,0.723,21.63,0,5.43,8.36,70.15,17.5,58.78,71.39,0,91.41,0
6568,2023,Sudeste,SP,Rural,Grande,1755255,F,85,693.04,0.665,31.44,0,3.97,4.96,100.0,16.65,64.34,72.46,0,94.02,1
6569,2022,Centro-Oeste,MT,Urbana,Pequeno,17261,M,93,535.02,0.708,20.1,0,4.83,3.87,63.57,22.63,24.28,73.45,1,100.0,0
6570,2024,Sudeste,SP,Urbana,Médio,181076,F,106,1137.21,0.706,23.43,1,5.68,9.26,80.22,22.12,89.14,76.25,0,77.29,1
6571,2023,Sudeste,RJ,Urbana,Médio,89281,F,85,1032.82,0.82,22.42,0,5.99,6.56,56.76,17.95,66.35,78.61,1,87.99,0
6572,2022,Sul,RS,Rural,Pequeno,15357,M,86,673.16,0.655,19.89,0,3.93,6.73,65.68,23.47,75.45,68.44,1,98.91,0
6573,2024,Nordeste,RN,Urbana,Pequeno,4670,F,84,1007.28,0.703,29.74,1,3.59,7.53,40.28,18.69,72.12,63.63,0,96.52,1
6574,2023,Sudeste,SP,Urbana,Grande,5598680,F,84,647.32,0.714,26.17,0,7.12,5.27,60.37,19.91,79.06,64.6,1,84.83,1
6575,2024,Sul,SC,Urbana,Grande,958992,F,90,,0.651,41.49,0,4.93,10.0,87.34,28.7,70.8,75.99,1,88.07,0
6576,2022,Sudeste,RJ,Urbana,Pequeno,6427,F,97,926.93,0.649,18.65,0,4.45,4.88,79.3,18.35,30.91,70.09,1,92.26,1
6577,2023,Nordeste,RN,Urbana,Pequeno,11869,F,93,773.09,0.73,31.75,1,4.84,3.44,90.25,20.27,34.7,72.78,0,88.82,0
6578,2023,Sul,SC,Urbana,Médio,48621,F,94,1388.18,0.72,13.71,0,8.58,4.29,75.35,14.91,88.86,70.0,0,87.31,1
6579,2022,Sudeste,ES,Urbana,Pequeno,10993,M,99,975.87,0.803,16.94,0,4.67,6.44,84.04,21.08,46.86,69.44,0,100.0,1
6580,2024,Sudeste,MG,Rural,Médio,63260,M,102,938.55,0.595,18.26,0,4.75,4.51,97.91,26.47,94.54,65.95,1,90.76,0
6581,2023,Nordeste,PI,Urbana,Grande,7747594,M,88,692.97,0.632,30.92,1,4.94,6.57,69.68,21.41,36.87,69.99,0,84.82,1
6582,2022,Norte,PA,Urbana,Médio,151463,M,96,766.44,0.53,34.81,1,5.08,4.98,62.16,18.38,40.41,57.05,0,82.91,0
6583,2023,Sul,RS,Urbana,Grande,2881535,F,96,1009.98,0.777,22.39,0,6.81,7.71,100.0,25.73,65.42,71.75,0,91.1,0
6584,2023,Sul,RS,Urbana,Pequeno,2794,F,93,1002.6,0.676,31.43,0,4.15,5.92,68.97,22.73,100.0,65.79,0,95.83,0
6585,2022,Centro-Oeste,MT,Urbana,Pequeno,8212,M,94,1152.03,0.731,33.0,1,3.87,5.37,65.81,22.6,79.74,71.57,1,91.33,0
6586,2022,Nordeste,RN,Urbana,Pequeno,10648,M,106,642.71,0.721,31.4,1,5.16,6.93,90.41,17.08,65.29,75.41,0,86.19,1
6587,2023,Sudeste,ES,Rural,Pequeno,2076,F,88,996.24,0.752,30.9,0,3.53,4.98,75.75,19.31,65.92,65.18,1,94.17,1
6588,2024,Nordeste,BA,Rural,Pequeno,15626,F,100,635.25,0.628,26.65,0,4.13,6.79,48.15,22.91,44.93,65.38,1,89.13,0
6589,2022,Sudeste,MG,Urbana,Grande,5095203,F,95,,0.726,32.97,0,5.79,6.36,100.0,23.15,46.32,74.0,1,83.82,0
6590,2023,Sudeste,RJ,Urbana,Grande,4765175,M,104,825.69,0.578,27.9,0,3.8,7.23,49.94,18.72,79.36,73.76,0,82.75,0
6591,2024,Centro-Oeste,MT,Urbana,Pequeno,9902,F,105,324.28,0.644,12.86,0,3.63,10.0,81.96,23.14,51.33,68.04,1,94.33,0
6592,2024,Norte,AC,Urbana,Médio,136484,M,102,1156.72,0.632,31.21,0,3.23,7.47,78.69,22.79,61.68,70.58,0,73.33,0
6593,2024,Centro-Oeste,GO,Urbana,Pequeno,10983,M,85,804.46,0.656,28.35,1,4.52,5.08,59.38,20.36,61.06,73.01,1,96.1,1
6594,2022,Norte,TO,Urbana,Pequeno,14364,M,87,943.06,0.618,28.32,1,3.85,7.6,77.42,17.28,67.59,69.12,0,88.48,0
6595,2023,Sudeste,SP,Rural,Médio,82048,F,96,1148.91,0.727,19.36,0,3.73,7.77,69.11,14.58,59.87,70.2,0,85.31,0
6596,2023,Nordeste,PI,Urbana,Médio,103083,F,103,873.49,0.634,38.44,1,5.71,4.59,63.9,25.53,52.16,66.46,1,87.79,0
6597,2022,Nordeste,PB,Urbana,Grande,4282778,F,84,164.66,0.632,15.98,0,3.91,1.82,55.17,18.28,58.8,64.68,1,98.69,1
6598,2023,Sudeste,ES,Urbana,Grande,6329075,M,85,868.73,0.702,13.62,0,5.59,2.16,92.29,26.86,61.17,69.65,1,75.96,1
6599,2022,Sudeste,RJ,Urbana,Pequeno,13311,F,107,1033.39,0.702,18.33,0,6.15,4.33,86.28,19.43,73.44,67.78,0,97.14,1
6600,2022,Sul,RS,Urbana,Grande,6988190,M,105,1207.83,0.772,7.95,0,5.77,7.18,56.83,24.31,78.32,72.41,1,92.96,0
6601,2024,Norte,RO,Rural,Pequeno,16986,F,87,674.23,0.664,39.34,1,3.19,4.19,53.33,33.65,23.25,66.69,0,84.38,0
6602,2023,Sudeste,SP,Urbana,Médio,75803,M,101,1205.66,0.669,28.01,1,4.66,6.6,91.56,19.65,55.48,77.4,0,86.76,0
6603,2023,Nordeste,PB,Urbana,Médio,152502,F,98,688.01,0.813,15.11,0,4.71,6.67,80.53,27.19,69.21,70.1,0,84.61,1
6604,2022,Nordeste,AL,Urbana,Pequeno,5839,F,84,1141.41,0.67,23.76,0,6.53,4.88,65.37,20.14,66.18,70.98,1,76.92,1
6605,2022,Centro-Oeste,MS,Rural,Pequeno,13403,M,92,1296.64,0.698,26.65,0,3.82,3.94,57.16,20.34,70.13,64.3,1,,0
6606,2023,Centro-Oeste,DF,Urbana,Médio,126629,F,91,754.9,0.625,29.94,0,5.79,4.78,83.99,23.66,49.05,71.05,1,88.54,0
6607,2024,Nordeste,PE,Urbana,Pequeno,11602,M,103,543.67,0.669,27.88,1,4.0,5.35,76.36,14.62,75.31,79.5,1,82.81,0
6608,2022,Sudeste,SP,Urbana,Pequeno,13973,F,94,1022.8,0.742,33.18,1,5.73,5.88,57.38,23.37,84.17,62.62,0,77.69,1
6609,2024,Sudeste,SP,Urbana,Médio,30280,F,85,,0.702,15.69,1,5.33,8.53,48.86,20.37,54.17,69.32,0,86.48,0
6610,2024,Centro-Oeste,GO,Urbana,Pequeno,6053,F,97,1131.07,0.701,25.0,0,5.59,4.88,62.04,23.4,78.73,69.68,0,93.81,0
6611,2024,Sudeste,ES,Urbana,Médio,187711,M,88,1031.17,0.614,29.63,1,3.74,6.97,96.6,24.47,83.96,72.14,1,91.26,0
6612,2024,Sudeste,ES,Urbana,Pequeno,2236,M,84,607.74,0.671,20.32,0,3.83,7.44,77.68,16.56,58.6,74.27,1,90.96,0
6613,2022,Sudeste,RJ,Urbana,Médio,53398,F,88,1073.26,0.652,17.82,0,8.34,6.98,54.97,25.78,79.26,76.89,1,78.03,0
6614,2023,Nordeste,CE,Urbana,Médio,63222,M,106,980.73,0.604,22.71,0,3.97,5.85,54.2,25.1,54.48,64.98,1,95.95,0
6615,2023,Nordeste,AL,Urbana,Médio,54313,M,95,777.03,0.679,34.82,1,3.44,8.01,32.52,22.1,59.86,70.44,1,84.97,0
6616,2023,Sudeste,SP,Urbana,Médio,190634,M,100,623.5,0.826,23.31,1,5.84,3.74,39.08,20.0,51.7,70.08,0,,1
6617,2022,Sul,PR,Rural,Pequeno,17354,F,98,1062.65,0.648,33.33,0,6.08,5.09,85.65,24.42,24.5,75.43,1,88.89,0
6618,2023,Norte,TO,Urbana,Pequeno,15002,M,95,540.51,0.63,39.52,1,4.17,6.51,75.96,22.88,68.66,71.49,0,79.92,1
6619,2023,Nordeste,AL,Urbana,Grande,10522795,F,107,538.02,0.716,33.71,1,3.93,6.41,52.31,24.22,80.18,69.45,0,87.59,0
6620,2023,Sudeste,ES,Urbana,Médio,104150,M,91,941.62,0.653,23.24,1,5.01,4.83,72.02,17.71,53.5,67.66,0,83.4,1
6621,2024,Sudeste,ES,Urbana,Pequeno,17923,F,104,965.69,0.779,25.86,1,6.93,6.08,90.75,18.59,72.92,70.92,0,76.89,0
6622,2024,Sudeste,SP,Urbana,Grande,8884920,F,100,774.21,0.748,24.33,1,3.88,5.15,78.81,18.46,83.09,63.91,1,75.36,0
6623,2023,Nordeste,PI,Rural,Pequeno,6385,M,87,1013.97,0.552,13.53,0,5.95,6.0,100.0,19.95,38.93,59.73,1,90.33,1
6624,2022,Norte,AP,Urbana,Pequeno,18184,M,96,1098.48,0.709,40.93,0,3.64,5.77,48.44,23.44,63.12,70.58,1,75.94,0
6625,2023,Sul,SC,Urbana,Pequeno,16399,M,94,,0.673,29.21,0,,7.31,73.8,24.79,52.57,74.44,1,88.82,0
6626,2024,Sul,RS,Urbana,Pequeno,11526,F,98,956.81,0.674,21.08,1,7.15,5.3,96.65,17.05,96.47,75.1,1,92.74,0
6627,2023,Sudeste,MG,Urbana,Pequeno,11160,F,94,908.47,0.68,23.32,0,5.13,5.55,58.38,18.22,54.55,74.72,1,,1
6628,2022,Sudeste,MG,Urbana,Pequeno,17619,M,85,983.85,0.753,24.28,0,4.88,7.27,58.97,24.16,71.97,69.45,1,91.61,0
6629,2022,Sudeste,ES,Rural,Pequeno,17431,F,107,1010.98,0.7,24.66,1,3.8,9.48,73.59,23.49,92.12,65.95,0,90.05,1
6630,2023,Nordeste,MA,Urbana,Grande,2604449,F,95,583.42,0.634,35.91,0,3.76,3.55,83.69,20.89,42.83,74.07,1,92.34,0
6631,2024,Centro-Oeste,DF,Urbana,Pequeno,16208,M,99,586.55,0.572,19.88,0,5.18,7.86,33.29,23.62,61.7,72.37,1,,0
6632,2022,Sudeste,ES,Urbana,Grande,11689877,M,86,1474.47,0.689,34.01,0,6.24,5.61,90.04,24.54,96.01,67.88,1,83.42,0
6633,2023,Nordeste,BA,Urbana,Pequeno,10658,M,96,882.57,0.655,44.04,0,4.12,6.22,43.34,20.91,40.78,58.16,1,86.91,0
6634,2024,Centro-Oeste,DF,Urbana,Médio,101203,M,87,721.7,0.671,22.3,0,5.66,2.56,96.84,25.43,87.26,75.74,0,79.91,1
6635,2023,Centro-Oeste,MT,Urbana,Pequeno,16332,F,102,879.51,0.742,24.32,0,3.67,6.2,63.51,24.12,67.78,81.47,1,92.65,1
6636,2023,Nordeste,BA,Urbana,Pequeno,6347,M,106,,0.669,30.37,0,,5.37,75.07,19.58,64.7,64.08,0,79.04,0
6637,2024,Nordeste,RN,Urbana,Grande,11660407,F,87,759.85,0.58,29.37,0,4.64,8.45,74.28,29.85,42.59,62.68,1,82.87,0
6638,2022,Sudeste,SP,Urbana,Médio,195681,F,107,1109.52,0.658,21.22,1,6.56,5.66,56.64,21.18,36.86,75.0,0,85.09,0
6639,2022,Centro-Oeste,MT,Urbana,Pequeno,11574,F,98,1001.69,0.692,33.48,0,2.7,7.96,82.71,20.27,64.76,75.13,1,91.07,0
6640,2024,Sudeste,SP,Rural,Pequeno,7877,M,105,1061.57,0.714,33.03,0,5.76,7.79,82.28,21.79,90.47,57.14,1,98.91,0
6641,2024,Sul,RS,Urbana,Médio,166443,M,96,1001.83,0.658,22.93,1,4.54,5.05,89.61,25.15,83.19,72.36,1,81.6,1
6642,2023,Nordeste,PI,Rural,Médio,93076,M,98,548.71,0.72,19.51,0,,1.81,65.74,22.19,41.92,74.66,1,92.1,0
6643,2022,Sudeste,RJ,Urbana,Médio,176309,F,85,1447.34,0.767,25.38,0,2.48,8.14,52.22,18.43,57.48,72.15,1,96.76,0
6644,2024,Sudeste,RJ,Urbana,Pequeno,15367,M,98,939.96,0.739,6.75,0,7.12,7.12,69.57,20.16,56.68,73.54,1,76.03,1
6645,2024,Nordeste,SE,Urbana,Médio,47432,M,85,1122.92,0.666,28.46,0,4.39,3.4,61.71,18.65,75.96,68.71,0,79.31,0
6646,2024,Norte,RO,Rural,Pequeno,13404,M,86,190.8,0.675,31.57,0,6.42,6.55,83.73,27.01,85.46,74.71,1,92.23,1
6647,2022,Norte,TO,Urbana,Pequeno,18713,F,93,843.42,0.603,16.12,0,3.88,4.12,40.67,16.6,57.61,77.72,1,79.03,1
6648,2024,Norte,RR,Urbana,Médio,85507,M,85,1029.16,0.544,36.07,0,2.75,6.79,70.15,20.55,73.51,68.44,1,77.74,0
6649,2022,Sudeste,MG,Urbana,Grande,9577392,M,96,1256.73,0.738,30.59,0,4.52,5.79,73.99,20.47,55.78,73.97,0,80.5,0
6650,2022,Sudeste,ES,Urbana,Pequeno,7425,M,100,1319.89,0.699,19.01,1,5.08,5.33,46.54,17.23,86.33,76.17,1,72.55,0
6651,2024,Norte,AC,Urbana,Médio,70452,F,87,737.29,0.679,27.19,0,4.7,7.11,64.08,16.17,59.68,71.14,1,93.78,1
6652,2023,Sul,PR,Rural,Pequeno,19945,M,106,729.46,0.673,22.11,0,5.42,7.28,69.78,19.12,90.6,72.13,1,97.02,0
6653,2024,Sul,PR,Urbana,Pequeno,16482,F,96,645.75,0.744,16.57,0,4.71,5.13,78.95,19.59,97.61,77.08,0,86.99,0
6654,2024,Centro-Oeste,DF,Rural,Grande,11984300,F,103,811.09,0.649,30.04,1,4.15,6.74,78.64,31.02,84.29,68.5,0,86.54,0
6655,2023,Nordeste,RN,Urbana,Pequeno,2380,M,85,717.83,0.661,31.48,1,2.63,5.92,38.4,21.05,26.33,73.9,1,76.78,0
6656,2023,Sudeste,SP,Urbana,Médio,190983,F,104,,0.675,11.67,1,3.01,6.82,73.63,19.97,45.84,73.12,1,69.74,0
6657,2022,Norte,AC,Rural,Grande,1518737,M,84,907.71,0.62,28.06,0,6.1,5.33,79.08,27.65,89.95,69.1,0,89.3,0
6658,2024,Centro-Oeste,GO,Urbana,Médio,104105,M,99,740.65,0.751,26.71,1,,7.58,58.33,14.57,49.77,71.92,0,89.8,1
6659,2022,Sudeste,ES,Urbana,Grande,666718,F,84,583.64,0.684,6.15,0,,6.98,62.33,17.23,70.82,60.22,0,85.62,0
6660,2024,Nordeste,PB,Urbana,Pequeno,7690,M,89,592.21,0.725,33.18,1,5.39,4.51,81.62,25.98,76.22,71.82,1,73.69,0
6661,2023,Sudeste,RJ,Urbana,Pequeno,13283,M,98,1159.61,0.762,11.83,0,4.58,4.69,68.48,21.46,68.01,65.12,1,98.14,0
6662,2023,Sudeste,MG,Urbana,Médio,39035,F,84,1179.1,0.723,9.64,0,4.78,6.9,99.77,15.92,47.32,79.37,1,92.64,0
6663,2023,Nordeste,SE,Urbana,Médio,180309,M,92,1004.69,0.681,28.89,0,5.92,5.31,60.12,27.49,65.85,80.62,0,91.22,0
6664,2023,Sudeste,MG,Urbana,Pequeno,18690,M,101,1197.57,0.732,28.73,1,5.66,6.65,61.15,19.88,74.39,77.64,1,93.44,1
6665,2022,Nordeste,CE,Urbana,Grande,6483329,F,103,541.55,0.746,37.23,0,1.61,5.9,77.92,21.79,43.05,62.82,1,90.57,0
6666,2023,Sudeste,MG,Urbana,Pequeno,17943,M,90,1368.27,0.674,17.24,1,6.97,4.97,65.84,17.13,44.24,73.75,0,75.03,0
6667,2022,Sul,SC,Urbana,Grande,9756211,M,96,360.97,0.666,30.54,1,4.62,6.41,75.8,25.58,47.08,77.24,0,91.58,0
6668,2024,Sudeste,SP,Urbana,Pequeno,19352,M,104,1099.86,0.683,16.18,0,5.56,8.39,67.27,22.21,81.93,67.39,0,94.3,1
6669,2022,Sudeste,MG,Urbana,Pequeno,17879,F,106,697.21,0.68,17.38,0,6.34,8.58,63.06,24.54,69.26,71.18,1,84.97,0
6670,2022,Norte,PA,Urbana,Pequeno,5956,M,101,910.89,0.638,42.96,0,3.06,5.84,87.2,21.64,40.82,59.67,1,90.14,0
6671,2024,Nordeste,AL,Urbana,Médio,75224,F,98,775.76,0.646,30.49,0,6.73,4.74,55.65,24.89,48.22,76.19,1,94.71,0
6672,2023,Sul,RS,Rural,Pequeno,8588,F,87,728.08,0.643,31.48,0,4.23,6.45,80.41,24.83,71.07,68.74,1,95.18,1
6673,2023,Nordeste,SE,Urbana,Pequeno,14515,F,90,1155.71,0.55,29.06,0,5.3,5.39,70.22,25.96,42.6,72.73,0,73.54,0
6674,2022,Sul,SC,Rural,Pequeno,14841,F,99,,0.717,28.09,0,5.55,4.43,78.34,20.18,72.1,61.6,1,92.9,1
6675,2024,Sul,SC,Urbana,Grande,4804662,M,107,1216.52,0.643,16.53,0,4.74,5.42,95.17,21.89,65.54,73.32,0,92.92,0
6676,2022,Sudeste,ES,Rural,Médio,174652,F,90,839.94,0.744,17.68,1,3.83,8.44,86.02,20.45,41.43,68.6,0,87.66,0
6677,2024,Sudeste,MG,Rural,Pequeno,11801,F,92,1099.88,0.682,14.25,1,2.69,7.9,95.96,16.77,95.79,76.36,0,89.39,0
6678,2022,Norte,TO,Urbana,Pequeno,17753,F,95,648.61,0.681,28.65,0,2.73,2.71,82.49,21.45,71.17,85.23,0,88.63,0
6679,2024,Norte,AC,Urbana,Pequeno,7536,F,86,797.68,0.672,41.45,1,4.97,3.82,61.77,23.31,32.66,71.39,1,76.09,0
6680,2022,Norte,PA,Urbana,Grande,9931974,F,95,910.81,0.629,29.45,0,2.54,4.8,86.15,20.46,57.52,65.33,1,76.14,0
6681,2022,Nordeste,MA,Urbana,Grande,2068220,F,98,739.83,0.634,30.75,1,,6.88,78.55,25.05,44.56,65.4,1,77.82,0
6682,2024,Nordeste,BA,Urbana,Médio,154730,M,100,783.54,0.757,31.24,0,4.89,5.45,96.04,21.98,52.59,64.35,0,75.59,0
6683,2024,Centro-Oeste,MS,Urbana,Médio,49117,M,94,909.22,0.76,33.04,0,,4.88,51.86,23.23,45.66,75.22,1,86.49,0
6684,2024,Sudeste,RJ,Urbana,Grande,11299328,F,85,742.81,0.622,16.39,0,4.63,6.52,94.28,22.72,63.23,74.66,0,84.98,1
6685,2023,Sudeste,MG,Urbana,Pequeno,8489,M,97,1143.58,0.63,26.77,0,6.27,5.33,48.7,19.26,41.08,70.8,0,82.38,1
6686,2022,Sudeste,RJ,Urbana,Grande,10706722,F,104,925.73,0.676,24.84,0,7.83,4.48,90.53,16.94,77.4,71.43,1,78.72,0
6687,2024,Sudeste,MG,Rural,Grande,9293373,F,102,596.51,0.776,21.17,1,4.28,6.14,78.37,25.67,53.93,74.53,1,69.82,1
6688,2022,Nordeste,BA,Urbana,Pequeno,7408,F,94,,0.683,47.12,0,4.34,5.12,66.36,18.41,76.69,65.17,1,81.4,0
6689,2023,Nordeste,CE,Urbana,Médio,122218,F,98,681.79,0.747,11.67,0,5.22,5.58,41.36,20.83,41.72,77.79,1,77.26,0
6690,2022,Sudeste,ES,Urbana,Pequeno,18890,M,100,931.54,0.623,4.59,0,5.16,4.23,66.18,17.96,47.35,74.26,1,79.74,1
6691,2022,Sudeste,SP,Urbana,Pequeno,19744,M,100,1004.38,0.756,28.4,0,5.51,6.63,51.76,24.07,60.5,71.39,1,87.02,1
6692,2024,Sudeste,MG,Urbana,Pequeno,17506,F,106,833.51,0.604,17.54,0,5.38,5.39,91.78,23.18,100.0,75.22,1,95.83,1
6693,2023,Sudeste,ES,Urbana,Médio,154796,F,85,1142.85,0.758,24.42,0,5.21,6.78,96.64,25.09,79.02,71.84,1,89.75,0
6694,2024,Sudeste,ES,Rural,Pequeno,9365,F,107,1298.22,0.688,1.0,0,5.84,4.69,72.37,16.42,62.39,70.09,0,77.51,0
6695,2023,Sudeste,RJ,Urbana,Médio,113536,M,92,1088.52,0.748,34.18,1,4.93,3.86,67.44,24.05,60.37,60.0,0,89.76,0
6696,2023,Nordeste,AL,Rural,Médio,186712,M,92,803.51,0.679,39.88,0,4.31,8.14,63.43,20.52,55.72,68.11,1,87.13,0
6697,2024,Nordeste,SE,Urbana,Médio,100934,M,96,1231.53,0.663,31.45,0,4.21,4.61,64.32,25.53,52.86,73.61,1,86.96,1
6698,2022,Sudeste,RJ,Urbana,Grande,9083463,F,91,571.94,0.638,18.97,0,6.96,5.55,86.66,18.15,74.9,59.79,1,76.54,1
6699,2022,Sudeste,RJ,Urbana,Pequeno,10163,F,98,1293.21,0.767,11.09,0,7.09,7.48,57.28,23.39,51.13,69.89,1,86.65,0
6700,2023,Sul,PR,Urbana,Pequeno,2414,M,97,842.56,0.719,9.5,0,3.89,6.96,86.71,26.12,98.09,56.58,1,80.61,0
6701,2023,Centro-Oeste,DF,Rural,Médio,177272,F,97,1192.31,0.657,24.07,0,6.82,6.16,62.11,21.61,61.09,71.99,1,73.25,0
6702,2023,Nordeste,PB,Urbana,Grande,4718475,F,95,696.78,0.636,29.11,1,5.85,3.57,71.08,19.03,55.86,68.62,0,90.51,0
6703,2023,Sudeste,RJ,Rural,Pequeno,16050,M,105,1012.06,0.675,26.78,0,4.73,5.34,74.14,21.27,61.03,75.05,1,100.0,1
6704,2023,Sudeste,SP,Rural,Médio,133667,F,87,835.04,0.729,31.8,1,5.04,6.76,71.93,15.93,50.44,63.81,0,90.79,1
6705,2024,Centro-Oeste,GO,Urbana,Grande,6552085,F,93,1314.38,0.768,23.0,0,5.23,4.45,89.49,16.4,56.45,66.37,1,86.43,0
6706,2022,Nordeste,CE,Urbana,Pequeno,17384,F,97,427.21,0.77,20.1,0,3.36,6.78,64.46,22.94,65.82,64.33,1,66.25,0
6707,2023,Nordeste,PI,Urbana,Médio,195438,M,87,1039.66,0.701,23.97,0,4.52,4.87,74.7,27.09,63.88,77.67,0,84.75,0
6708,2022,Sul,PR,Urbana,Médio,127747,M,103,1017.79,0.815,21.03,1,3.57,7.73,65.83,23.89,52.85,68.89,1,,0
6709,2023,Sul,SC,Urbana,Médio,38391,M,88,,0.716,25.77,1,6.32,4.82,59.56,29.03,69.02,73.15,1,78.9,0
6710,2024,Nordeste,PI,Urbana,Pequeno,3147,F,102,566.61,0.616,30.77,1,6.81,5.04,73.39,23.42,48.24,67.8,1,100.0,0
6711,2022,Sudeste,SP,Urbana,Pequeno,4557,M,93,913.43,0.789,18.29,0,5.25,4.51,65.26,26.85,35.24,69.8,0,92.95,0
6712,2024,Sul,SC,Urbana,Pequeno,18492,F,94,455.18,0.711,27.35,1,5.28,4.47,77.1,15.12,74.9,68.25,0,95.85,0
6713,2022,Sudeste,SP,Urbana,Pequeno,4366,M,96,825.98,0.711,15.43,0,5.79,3.56,81.2,21.45,35.45,68.63,0,78.25,0
6714,2022,Centro-Oeste,MS,Urbana,Médio,32090,F,84,1290.72,0.752,32.69,0,3.22,5.51,63.79,28.63,17.78,80.13,1,100.0,0
6715,2024,Sudeste,MG,Urbana,Pequeno,5009,M,93,1165.91,0.585,4.36,0,3.23,6.48,66.19,23.13,82.28,64.7,0,94.77,1
6716,2023,Centro-Oeste,MT,Urbana,Pequeno,12925,M,96,1293.9,0.698,32.05,1,3.04,3.07,58.1,22.52,39.99,75.78,0,83.34,0
6717,2022,Sudeste,ES,Urbana,Médio,149023,F,99,1103.31,0.692,18.2,0,6.47,6.64,80.45,20.57,33.42,67.45,0,89.61,1
6718,2023,Nordeste,AL,Urbana,Médio,187075,F,98,1118.78,0.511,13.54,0,4.18,6.35,88.18,17.75,81.2,66.27,0,76.09,1
6719,2024,Sudeste,RJ,Rural,Médio,60781,F,107,1437.98,0.727,17.91,1,6.11,6.44,85.32,16.73,100.0,59.87,1,85.44,0
6720,2024,Norte,RR,Urbana,Pequeno,4362,M,107,818.85,0.766,27.27,1,3.79,2.98,53.75,20.0,72.3,66.88,1,92.44,0
6721,2022,Nordeste,PI,Urbana,Pequeno,2688,F,95,1118.58,0.703,38.97,0,3.68,3.88,61.49,16.0,32.91,65.62,0,73.75,1
6722,2024,Sudeste,MG,Urbana,Pequeno,6187,F,93,1513.55,0.632,26.55,0,4.81,5.3,78.88,21.39,39.22,71.29,0,93.18,1
6723,2024,Sul,PR,Urbana,Médio,43884,F,84,1425.73,0.778,32.27,0,,6.15,83.19,21.33,61.53,69.48,0,96.68,1
6724,2024,Sudeste,MG,Urbana,Pequeno,4656,M,101,1027.71,0.686,30.34,0,3.95,8.28,77.38,16.73,58.37,71.2,0,86.62,1
6725,2024,Sudeste,ES,Urbana,Médio,77607,F,99,788.87,0.737,26.53,1,,5.94,64.93,19.25,88.7,69.37,0,88.84,0
6726,2024,Nordeste,SE,Urbana,Grande,1991407,F,100,808.73,0.665,30.52,0,4.55,5.87,58.34,23.89,44.66,67.07,0,79.16,0
6727,2024,Sudeste,ES,Urbana,Pequeno,2388,M,92,622.7,0.716,15.16,0,5.87,6.71,76.74,21.38,68.69,66.02,0,91.82,0
6728,2023,Sudeste,ES,Urbana,Pequeno,15430,M,103,879.82,0.727,16.11,0,3.74,5.72,91.85,27.2,55.07,68.9,1,90.37,1
6729,2022,Nordeste,CE,Urbana,Médio,182526,F,104,,0.595,32.78,1,4.01,3.74,85.62,24.37,63.93,60.74,1,93.83,0
6730,2023,Sul,RS,Urbana,Grande,2705997,M,92,726.46,0.715,25.17,0,3.21,5.06,60.71,24.43,59.48,75.17,1,90.63,0
6731,2022,Sudeste,MG,Rural,Médio,134174,M,93,888.09,0.69,16.51,0,4.38,4.06,86.8,23.57,35.27,65.39,1,98.68,0
6732,2024,Sudeste,SP,Urbana,Pequeno,2525,F,96,1059.78,0.663,26.46,0,5.12,8.76,80.81,22.08,74.89,73.43,1,84.27,0
6733,2024,Nordeste,MA,Urbana,Médio,182940,M,102,985.06,0.63,24.73,0,5.22,6.84,71.22,23.11,52.31,74.41,1,79.89,0
6734,2024,Sul,PR,Urbana,Médio,175311,F,100,1256.06,0.749,24.42,0,5.26,6.99,70.37,19.0,95.34,73.44,1,97.9,0
6735,2022,Sudeste,SP,Urbana,Pequeno,5901,F,90,1202.58,0.625,33.0,1,3.42,5.22,84.51,24.45,66.94,61.37,0,86.6,1
6736,2024,Nordeste,MA,Urbana,Pequeno,15310,F,102,1094.11,0.722,27.2,1,5.24,3.78,73.42,22.75,36.14,66.54,1,89.2,0
6737,2024,Sudeste,MG,Rural,Pequeno,11924,F,90,1381.11,0.796,16.97,0,6.22,5.17,75.52,20.71,56.58,75.0,0,88.71,0
6738,2022,Centro-Oeste,GO,Urbana,Médio,152871,F,98,1317.12,0.716,27.53,1,7.1,4.07,87.29,24.27,62.26,72.19,0,93.07,0
6739,2023,Sul,RS,Rural,Pequeno,8530,F,100,,0.697,9.97,0,8.08,5.41,87.26,16.16,68.71,63.46,1,87.92,1
6740,2023,Sul,SC,Urbana,Grande,827397,M,92,1019.8,0.758,33.75,0,5.58,2.81,61.58,17.67,62.69,70.97,0,100.0,0
6741,2023,Sudeste,ES,Urbana,Pequeno,14266,M,93,1154.99,0.73,19.04,0,4.89,7.08,41.02,22.91,59.98,65.26,0,98.42,1
6742,2024,Nordeste,CE,Rural,Médio,104688,F,86,1069.13,0.671,19.57,0,4.13,5.01,89.58,24.77,69.71,74.68,1,91.94,0
6743,2022,Sudeste,SP,Urbana,Pequeno,14565,M,89,1011.72,0.679,12.12,0,3.56,7.22,56.62,17.29,25.09,68.29,1,95.05,1
6744,2022,Centro-Oeste,MS,Urbana,Grande,9737838,F,102,703.76,0.649,20.11,0,4.4,5.45,59.05,18.63,69.06,76.98,1,88.86,0
6745,2023,Sudeste,ES,Rural,Pequeno,11086,M,107,919.14,0.64,21.8,0,5.86,5.32,59.65,19.74,60.5,72.78,1,85.62,1
6746,2022,Centro-Oeste,DF,Urbana,Pequeno,13192,M,85,369.54,0.628,26.12,1,6.18,9.07,82.73,13.94,90.84,70.0,1,88.45,1
6747,2023,Sudeste,MG,Urbana,Médio,85105,F,106,978.57,0.772,13.04,1,4.01,5.31,77.55,18.19,55.49,61.38,1,91.98,0
6748,2022,Sudeste,RJ,Urbana,Médio,182807,F,104,1052.98,0.694,8.76,0,,3.12,73.63,25.03,85.23,75.44,0,79.25,0
6749,2023,Sudeste,MG,Urbana,Pequeno,5963,F,106,1076.65,0.738,11.74,0,6.7,5.24,68.62,23.57,94.25,74.25,0,91.85,1
6750,2022,Sudeste,RJ,Urbana,Pequeno,18741,M,90,735.53,0.736,33.57,1,2.67,5.62,76.88,12.43,70.71,62.97,1,84.35,0
6751,2023,Sul,PR,Urbana,Pequeno,3852,M,87,1095.41,0.635,11.35,0,5.16,6.91,59.16,26.69,66.83,69.71,0,89.21,1
6752,2022,Nordeste,BA,Urbana,Médio,36149,F,97,1257.33,0.781,30.33,1,6.0,6.28,70.43,27.12,74.08,62.44,1,83.98,0
6753,2024,Sul,PR,Urbana,Pequeno,3002,F,91,1230.06,0.71,28.84,1,3.65,7.19,75.64,16.45,61.59,67.2,0,96.69,0
6754,2022,Nordeste,PB,Urbana,Pequeno,8749,M,94,620.95,0.738,27.85,1,4.01,6.23,77.51,25.68,40.65,76.03,1,95.99,1
6755,2023,Norte,AC,Urbana,Pequeno,10235,M,95,844.2,0.57,43.48,1,6.35,6.99,76.04,18.77,46.66,64.56,1,80.86,0
6756,2024,Sudeste,RJ,Urbana,Pequeno,16076,M,107,,0.7,23.86,0,5.69,5.56,75.63,18.5,36.58,66.41,1,89.32,1
6757,2022,Centro-Oeste,GO,Urbana,Grande,7487628,M,103,891.54,0.643,23.42,0,4.99,6.74,50.9,16.37,77.34,70.55,0,100.0,0
6758,2022,Sudeste,MG,Rural,Médio,189060,F,94,1246.2,0.595,31.15,0,4.18,4.9,53.93,24.24,83.53,73.35,0,78.29,0
6759,2023,Sul,SC,Urbana,Médio,78631,F,95,578.0,0.699,20.12,0,4.17,3.63,71.93,16.79,75.38,66.53,0,90.83,0
6760,2022,Sudeste,MG,Urbana,Pequeno,7445,M,91,1038.44,0.653,21.05,0,5.26,7.98,100.0,27.36,89.73,74.13,0,83.59,0
6761,2022,Sudeste,MG,Urbana,Pequeno,15396,F,86,1205.11,0.695,16.8,0,5.25,5.07,63.17,15.97,68.09,73.09,0,87.23,0
6762,2022,Sudeste,ES,Urbana,Pequeno,6158,F,90,1031.51,0.667,23.69,1,5.24,5.65,92.09,25.11,52.84,72.6,0,94.57,0
6763,2022,Sudeste,RJ,Urbana,Pequeno,2295,M,95,1363.43,0.705,24.17,0,5.64,5.94,56.72,30.34,100.0,79.08,0,69.51,0
6764,2024,Sudeste,ES,Urbana,Pequeno,17371,M,101,1192.56,0.635,23.12,0,4.15,6.0,71.76,20.23,64.88,75.13,1,87.27,0
6765,2024,Norte,AM,Urbana,Pequeno,17398,F,102,608.69,0.595,29.82,0,4.08,5.78,63.44,20.13,49.75,75.13,1,85.99,0
6766,2022,Nordeste,PI,Rural,Pequeno,8380,M,105,1139.65,0.621,35.44,0,3.97,5.68,48.18,30.12,51.11,67.18,0,83.8,0
6767,2024,Nordeste,BA,Urbana,Médio,51565,F,85,896.73,0.704,27.59,0,3.8,5.42,79.23,22.91,72.34,67.12,0,70.35,0
6768,2023,Sudeste,ES,Urbana,Pequeno,5959,F,96,893.31,0.865,15.88,0,4.53,3.87,60.71,19.67,41.59,79.66,0,81.03,0
6769,2024,Nordeste,BA,Urbana,Pequeno,3971,F,89,866.0,0.63,35.05,1,5.55,7.9,53.95,21.15,71.67,70.52,0,86.01,1
6770,2024,Sul,PR,Urbana,Médio,83292,F,107,1560.5,0.71,32.18,0,6.37,4.79,68.8,23.98,40.33,69.2,1,77.92,0
6771,2024,Sudeste,SP,Rural,Pequeno,18331,M,96,1137.82,0.694,18.83,0,5.65,6.54,32.48,18.36,91.97,67.43,0,98.89,1
6772,2024,Nordeste,RN,Rural,Pequeno,12519,M,107,700.46,0.69,18.77,0,6.22,5.88,64.86,28.74,49.55,72.03,1,93.22,1
6773,2022,Sul,PR,Urbana,Pequeno,6204,F,87,1217.77,0.68,22.57,0,6.71,5.57,56.93,20.64,52.21,63.8,0,89.78,1
6774,2024,Sudeste,SP,Urbana,Grande,7987081,F,91,1085.04,0.687,17.15,0,4.59,9.43,75.52,18.69,74.04,78.33,1,90.28,1
6775,2022,Nordeste,BA,Rural,Pequeno,3911,F,100,763.69,0.708,22.57,0,2.58,5.73,52.16,11.46,83.3,79.57,1,,0
6776,2023,Sudeste,SP,Urbana,Pequeno,8427,F,104,789.35,0.738,25.68,0,4.52,6.46,71.96,16.6,68.7,70.63,0,95.19,1
6777,2024,Sul,PR,Urbana,Pequeno,15327,F,96,657.64,0.761,21.75,0,4.11,6.17,81.29,23.44,68.9,67.98,0,76.76,1
6778,2024,Sudeste,MG,Urbana,Pequeno,11733,M,92,756.48,0.733,24.28,0,7.38,5.28,74.19,23.48,58.78,74.41,0,100.0,1
6779,2024,Sudeste,MG,Urbana,Pequeno,10249,M,94,745.5,0.753,21.88,0,5.36,4.78,82.86,16.06,73.86,84.07,1,90.61,0
6780,2023,Nordeste,PE,Urbana,Médio,113992,M,103,955.54,0.616,13.78,0,2.75,5.91,64.36,30.55,77.44,70.91,1,100.0,0
6781,2024,Sul,RS,Urbana,Médio,133176,M,92,1392.88,0.66,20.51,0,7.04,6.47,55.19,28.23,76.56,73.41,1,80.68,1
6782,2023,Sudeste,SP,Urbana,Pequeno,8453,M,91,961.01,0.754,17.27,0,4.33,8.01,99.85,20.95,76.7,68.47,0,98.58,0
6783,2023,Nordeste,PI,Urbana,Pequeno,11574,F,104,343.82,0.655,17.35,1,3.37,5.41,57.95,20.38,57.79,72.19,1,96.4,1
6784,2024,Norte,AM,Urbana,Grande,9076354,M,87,736.46,0.733,40.98,0,4.53,5.78,72.67,16.04,79.5,72.78,0,76.62,1
6785,2024,Nordeste,RN,Urbana,Pequeno,10106,M,85,843.41,0.667,45.31,1,4.97,7.36,55.91,16.47,48.13,71.67,1,82.42,1
6786,2022,Nordeste,BA,Urbana,Médio,128487,F,101,1061.82,0.724,25.7,0,1.41,3.53,53.24,25.49,60.65,69.25,1,92.33,0
6787,2023,Sudeste,MG,Rural,Grande,3784604,M,106,1408.88,0.709,23.14,0,4.29,5.12,79.64,18.25,72.89,62.99,1,88.59,0
6788,2023,Nordeste,SE,Urbana,Médio,170376,F,107,562.34,0.591,29.31,0,4.14,6.06,65.12,28.69,35.27,73.63,0,95.08,0
6789,2023,Sudeste,SP,Urbana,Pequeno,19117,M,84,1507.17,0.707,6.58,0,6.43,7.01,78.97,23.38,94.0,74.55,1,92.41,1
6790,2022,Nordeste,AL,Urbana,Médio,166016,F,84,631.46,0.651,31.7,1,3.31,4.5,23.6,20.12,58.71,73.53,1,83.42,0
6791,2023,Nordeste,BA,Urbana,Pequeno,11448,M,98,899.38,0.695,39.29,0,4.21,6.11,63.05,25.23,28.77,58.77,0,88.98,0
6792,2023,Nordeste,PE,Urbana,Pequeno,13159,M,97,772.86,0.668,11.89,0,4.09,6.72,75.73,22.22,77.17,77.96,1,72.17,0
6793,2022,Sudeste,MG,Urbana,Pequeno,9684,F,84,910.01,0.78,18.04,1,6.35,8.44,62.36,22.04,99.3,63.9,0,88.2,0
6794,2023,Nordeste,SE,Rural,Médio,130912,F,106,1002.83,0.525,20.93,0,4.19,4.29,44.81,20.09,51.86,63.66,1,90.81,1
6795,2023,Nordeste,SE,Urbana,Médio,156469,F,97,1182.53,0.667,25.16,0,3.58,6.27,76.25,29.16,55.99,58.44,1,83.29,0
6796,2024,Norte,AP,Urbana,Grande,2359208,F,96,776.66,0.651,18.39,0,5.7,5.96,96.54,24.7,82.85,61.65,0,80.22,1
6797,2022,Nordeste,RN,Urbana,Pequeno,15740,M,89,672.84,0.689,19.12,1,4.74,4.09,69.36,20.97,64.89,60.79,0,93.7,0
6798,2024,Sudeste,RJ,Urbana,Pequeno,11992,M,93,920.4,0.771,18.86,0,7.33,5.25,59.25,19.62,84.72,75.84,1,91.49,0
6799,2022,Nordeste,SE,Urbana,Pequeno,5457,M,93,1070.1,0.63,33.15,0,4.99,3.84,53.93,24.02,24.78,74.12,0,88.75,0
6800,2023,Sudeste,RJ,Urbana,Pequeno,5095,M,92,1027.23,0.714,11.47,0,6.86,5.86,100.0,25.78,65.87,71.45,0,86.79,0
6801,2022,Sudeste,MG,Urbana,Grande,8042291,M,100,1168.85,0.69,17.83,0,6.22,7.3,74.73,25.52,75.33,66.98,1,100.0,1
6802,2023,Nordeste,AL,Urbana,Pequeno,4110,F,105,989.86,0.685,38.73,1,5.18,3.78,70.03,24.89,62.89,70.86,1,83.09,0
6803,2024,Nordeste,BA,Urbana,Pequeno,10955,F,99,1003.23,0.68,17.18,0,3.29,4.71,78.03,27.68,50.55,68.05,1,81.73,0
6804,2022,Centro-Oeste,GO,Urbana,Médio,65111,F,93,747.22,0.71,28.73,0,5.82,5.85,53.83,22.0,63.93,69.54,0,89.45,0
6805,2024,Sudeste,MG,Urbana,Grande,11803739,F,98,927.99,0.766,16.57,0,7.56,7.03,89.75,26.42,63.31,76.29,1,92.48,1
6806,2023,Sudeste,MG,Urbana,Pequeno,16397,M,97,987.07,0.717,17.27,0,5.12,4.84,47.92,19.33,54.79,62.4,1,94.7,0
6807,2023,Sul,SC,Rural,Pequeno,4667,M,97,1061.38,0.616,21.69,0,5.14,3.92,72.57,20.57,62.91,74.28,0,89.84,0
6808,2022,Sudeste,SP,Urbana,Médio,167737,M,93,1466.22,0.747,20.72,0,3.79,6.72,70.04,18.47,73.58,71.33,0,87.32,0
6809,2023,Sudeste,ES,Urbana,Grande,7509909,F,97,842.16,0.815,12.84,0,5.18,8.71,90.27,22.22,41.92,62.67,1,79.23,1
6810,2023,Centro-Oeste,DF,Rural,Médio,83761,M,91,1167.01,0.764,20.52,0,4.98,7.11,69.36,20.97,51.69,72.99,0,96.22,1
6811,2024,Nordeste,PI,Rural,Médio,61680,M,94,889.61,0.593,29.04,0,,7.16,62.05,22.32,63.66,66.95,1,,1
6812,2023,Nordeste,PE,Urbana,Pequeno,17345,F,97,1204.51,0.689,28.95,0,4.13,6.55,100.0,30.76,84.65,70.44,1,100.0,1
6813,2023,Sul,PR,Urbana,Médio,76495,M,98,811.51,0.64,30.85,0,,5.93,62.11,27.03,78.34,72.58,0,86.62,0
6814,2024,Sudeste,SP,Rural,Pequeno,17736,F,102,668.21,0.63,7.68,0,6.31,6.6,45.91,18.81,71.54,70.41,1,80.48,0
6815,2022,Nordeste,PE,Urbana,Grande,4208998,M,93,1117.94,0.623,26.25,0,5.27,6.23,48.79,15.47,51.44,62.59,0,76.82,0
6816,2022,Sudeste,MG,Urbana,Pequeno,3906,M,92,921.53,0.803,14.47,1,5.45,6.39,70.34,20.89,84.55,74.88,1,95.33,0
6817,2024,Sudeste,RJ,Urbana,Pequeno,11155,M,92,769.49,0.725,36.08,0,6.05,6.34,59.85,30.19,34.05,78.45,1,95.03,0
6818,2024,Sul,RS,Urbana,Médio,71400,M,97,714.65,0.639,16.65,0,4.64,4.78,93.69,28.95,35.98,66.96,1,93.69,1
6819,2023,Nordeste,PI,Urbana,Médio,101173,M,101,714.84,0.561,35.13,1,7.06,3.46,60.36,19.45,74.47,72.69,0,96.45,1
6820,2023,Centro-Oeste,GO,Urbana,Grande,10112301,M,99,747.28,0.782,17.49,0,2.09,5.56,68.03,18.91,22.68,74.58,1,99.16,0
6821,2022,Sul,SC,Urbana,Pequeno,17072,F,106,863.39,0.72,18.33,0,6.79,7.24,69.99,26.81,65.95,81.45,1,93.47,1
6822,2022,Norte,AM,Urbana,Médio,160339,M,104,789.33,0.655,46.87,0,6.04,6.34,60.43,25.89,83.76,61.09,1,95.37,0
6823,2023,Nordeste,BA,Urbana,Pequeno,14031,M,87,499.22,0.671,18.44,1,6.83,6.63,76.22,26.61,39.5,64.73,1,89.41,0
6824,2024,Sudeste,RJ,Urbana,Médio,113754,M,103,886.44,0.698,23.6,0,6.29,4.79,80.72,25.21,87.56,71.1,0,86.48,1
6825,2024,Nordeste,MA,Urbana,Pequeno,9993,M,91,1324.19,0.632,30.03,0,,4.4,63.81,20.32,50.27,80.32,1,84.86,1
6826,2024,Sudeste,RJ,Rural,Médio,155308,M,96,1200.77,0.665,6.62,0,5.52,5.54,86.3,21.59,70.53,71.55,0,94.83,0
6827,2024,Sudeste,RJ,Urbana,Pequeno,4202,F,101,1161.24,0.797,21.46,1,5.16,7.51,77.35,27.67,73.21,63.61,0,89.11,1
6828,2024,Sudeste,SP,Rural,Médio,86247,F,88,747.23,0.651,19.95,0,6.78,5.4,78.99,23.65,97.3,76.46,1,94.76,1
6829,2022,Centro-Oeste,MT,Urbana,Pequeno,10504,F,101,292.6,0.658,18.63,1,6.77,5.1,75.04,21.1,76.87,74.4,1,97.04,1
6830,2023,Sudeste,SP,Urbana,Pequeno,9258,F,102,965.97,0.67,20.3,1,6.75,5.71,56.64,20.65,69.19,67.76,1,83.55,1
6831,2023,Sudeste,MG,Urbana,Médio,54034,M,98,815.26,0.801,4.49,0,7.5,8.22,100.0,20.53,70.64,76.92,1,83.94,1
6832,2023,Centro-Oeste,MT,Urbana,Grande,2076249,F,103,1143.96,0.651,36.52,0,6.63,7.31,65.19,29.56,40.13,72.16,1,84.78,1
6833,2024,Norte,TO,Urbana,Pequeno,2451,M,89,1131.23,0.676,25.95,0,5.6,4.79,77.95,19.0,79.61,65.86,1,80.07,0
6834,2024,Sudeste,RJ,Urbana,Médio,198657,M,104,1098.7,0.748,25.96,0,5.43,8.94,74.69,22.72,100.0,76.86,0,92.01,0
6835,2023,Nordeste,MA,Urbana,Médio,109115,M,98,1054.84,0.656,25.81,1,6.15,6.88,76.77,20.49,86.95,67.41,1,89.43,0
6836,2023,Sul,PR,Rural,Pequeno,9843,F,99,987.68,0.614,9.21,1,8.01,4.7,66.52,25.88,81.5,67.47,0,83.72,0
6837,2024,Nordeste,PB,Urbana,Pequeno,17051,F,93,745.43,0.678,35.56,0,3.4,6.02,82.29,19.91,48.24,71.98,0,91.37,0
6838,2023,Norte,AM,Urbana,Pequeno,13695,M,98,892.54,0.663,25.75,0,5.32,4.22,62.39,19.24,62.56,68.1,1,90.54,1
6839,2022,Sul,SC,Urbana,Grande,6781191,F,88,753.73,0.574,28.09,0,6.04,4.22,47.86,19.83,71.52,62.41,0,94.59,1
6840,2024,Nordeste,SE,Urbana,Médio,197263,M,91,674.8,0.615,31.05,1,4.48,6.6,62.84,23.29,77.27,75.3,1,74.84,0
6841,2024,Sudeste,ES,Urbana,Pequeno,13173,M,105,1081.92,0.644,10.0,0,5.92,6.12,67.52,23.19,37.88,78.11,0,99.99,0
6842,2023,Sudeste,ES,Urbana,Grande,5796799,F,103,1131.88,0.859,10.94,0,3.96,7.93,92.65,15.29,49.28,70.37,1,86.91,0
6843,2023,Sudeste,RJ,Rural,Pequeno,19137,M,88,1168.8,0.775,41.9,1,5.21,4.37,81.36,22.21,62.12,72.25,1,98.3,0
6844,2022,Sudeste,ES,Urbana,Médio,179480,M,103,1124.35,0.663,20.23,0,4.72,6.21,79.29,24.32,35.37,71.53,0,89.27,0
6845,2024,Sul,SC,Urbana,Pequeno,3605,M,97,1172.21,0.707,27.41,0,3.62,6.79,100.0,24.81,47.15,62.38,0,90.54,1
6846,2024,Sudeste,ES,Urbana,Grande,9106104,F,85,654.2,0.704,24.49,0,5.92,7.56,78.16,19.76,42.68,74.8,1,,0
6847,2022,Nordeste,BA,Urbana,Pequeno,6417,M,107,719.45,0.658,39.51,1,4.47,5.03,78.37,19.82,67.96,75.15,0,88.61,0
6848,2023,Sul,SC,Rural,Pequeno,2238,F,98,1292.45,0.741,27.19,1,5.27,7.57,92.65,21.71,44.13,78.2,1,89.49,0
6849,2023,Nordeste,MA,Urbana,Pequeno,19035,F,88,689.11,0.698,24.87,0,5.11,3.81,57.05,19.64,50.18,62.95,0,89.34,0
6850,2024,Nordeste,CE,Urbana,Médio,28862,M,103,597.94,0.723,23.42,1,4.61,6.05,75.99,24.82,58.77,62.15,0,77.31,1
6851,2022,Sul,RS,Urbana,Grande,11043798,M,84,1296.88,0.658,19.83,1,7.07,7.04,54.76,25.05,73.83,73.08,0,93.7,0
6852,2022,Norte,PA,Urbana,Pequeno,9898,F,105,,0.617,46.84,1,3.68,6.67,94.3,25.08,58.23,55.97,0,100.0,0
6853,2024,Sudeste,MG,Urbana,Médio,193603,M,96,970.9,0.685,28.39,0,5.32,6.43,82.31,25.68,92.52,72.17,1,,0
6854,2024,Sudeste,RJ,Urbana,Pequeno,19455,F,84,731.84,0.631,19.15,1,5.68,5.33,91.62,25.89,52.02,66.72,1,91.99,0
6855,2024,Sudeste,ES,Urbana,Pequeno,14533,M,100,701.11,0.701,15.45,1,6.74,9.61,84.43,15.72,58.84,75.79,1,89.87,0
6856,2022,Sudeste,MG,Urbana,Pequeno,15958,M,99,1478.61,0.694,21.61,0,7.19,6.47,100.0,24.44,96.35,68.6,0,82.91,0
6857,2022,Nordeste,MA,Urbana,Pequeno,11224,F,103,597.35,0.644,33.13,1,5.24,6.9,73.7,22.4,79.95,69.02,0,90.15,0
6858,2023,Sudeste,RJ,Urbana,Pequeno,8633,M,97,1217.66,0.696,19.03,1,3.8,7.41,99.65,22.71,62.29,67.33,1,75.93,1
6859,2024,Sudeste,SP,Urbana,Grande,6897290,M,95,975.43,0.6,17.75,1,4.4,5.18,70.65,23.03,76.79,68.53,1,98.9,1
6860,2023,Sul,RS,Urbana,Pequeno,15811,F,84,1284.69,0.674,20.31,0,4.99,2.9,78.39,19.43,57.7,67.63,1,92.4,1
6861,2022,Sul,PR,Urbana,Médio,79265,F,86,,0.688,1.3,0,5.79,4.38,70.4,31.97,64.14,79.59,1,86.55,0
6862,2022,Nordeste,CE,Urbana,Pequeno,4136,F,98,1053.9,0.683,24.5,1,5.53,3.98,58.33,26.17,58.79,67.4,1,76.52,1
6863,2024,Nordeste,SE,Urbana,Pequeno,9168,F,84,,0.589,36.66,0,,5.88,73.39,20.78,72.58,63.08,0,94.26,0
6864,2024,Sudeste,RJ,Urbana,Pequeno,17437,F,97,976.85,0.723,26.4,0,6.52,5.73,51.26,23.41,58.22,69.48,0,89.19,0
6865,2024,Sudeste,ES,Rural,Médio,190454,M,99,465.84,0.708,36.99,1,5.16,7.35,80.15,24.92,50.45,79.38,0,80.22,1
6866,2024,Sudeste,SP,Urbana,Pequeno,3224,F,85,1127.01,0.709,15.92,0,6.89,7.88,100.0,22.37,77.9,70.34,1,81.26,0
6867,2022,Sudeste,MG,Urbana,Pequeno,12860,F,84,597.58,0.685,31.94,0,4.92,7.81,79.88,17.99,38.12,69.53,1,79.83,1
6868,2022,Sul,RS,Rural,Grande,6836757,M,86,794.88,0.742,13.21,0,5.18,5.87,79.4,18.5,100.0,72.89,1,89.76,0
6869,2024,Sul,SC,Urbana,Pequeno,17032,F,95,1181.43,0.671,37.27,1,3.68,6.99,57.43,24.44,56.64,68.58,0,94.48,1
6870,2024,Norte,AM,Urbana,Pequeno,19700,F,92,438.36,0.65,27.37,1,5.93,3.48,91.39,23.57,40.54,63.49,0,90.89,0
6871,2022,Norte,AM,Rural,Grande,8904578,F,103,604.06,0.694,16.69,1,3.56,3.5,80.19,25.26,59.33,66.42,0,86.84,0
6872,2023,Nordeste,CE,Urbana,Pequeno,14766,M,107,891.44,0.688,35.27,0,3.04,6.07,46.42,22.79,69.64,58.36,0,92.24,0
6873,2023,Norte,PA,Urbana,Pequeno,8748,F,87,919.92,0.616,15.52,0,4.57,6.58,60.17,23.74,65.96,57.73,1,100.0,1
6874,2024,Nordeste,PI,Rural,Grande,11807619,F,96,718.86,0.721,26.67,1,4.95,5.97,78.54,22.78,58.85,74.45,0,100.0,0
6875,2023,Centro-Oeste,DF,Urbana,Pequeno,9642,F,99,1368.41,0.641,27.37,1,4.98,8.03,46.76,18.43,60.67,72.57,0,86.34,0
6876,2024,Nordeste,BA,Urbana,Médio,129916,M,87,830.63,0.632,28.62,0,4.36,1.94,44.63,22.67,54.2,75.36,0,85.89,1
6877,2024,Sudeste,RJ,Rural,Pequeno,3370,F,104,1223.78,0.709,30.54,0,5.0,8.18,52.29,25.75,87.69,74.08,1,90.19,1
6878,2022,Sudeste,SP,Urbana,Pequeno,2614,F,102,1071.82,0.691,12.46,0,5.77,7.03,80.62,23.73,71.78,70.85,1,97.75,0
6879,2022,Sudeste,ES,Urbana,Médio,159625,F,105,1249.12,0.754,33.48,0,5.62,6.41,48.56,24.07,64.55,75.79,0,100.0,0
6880,2024,Nordeste,PE,Urbana,Pequeno,9142,M,91,605.57,0.673,26.54,0,4.85,6.6,95.2,24.61,69.31,72.28,1,82.19,0
6881,2024,Sul,PR,Urbana,Pequeno,7047,F,85,1139.52,0.648,21.93,0,5.86,6.13,64.3,15.22,60.16,74.17,1,78.88,0
6882,2022,Sudeste,RJ,Urbana,Pequeno,10458,F,95,1159.44,0.755,23.41,0,5.77,5.75,92.07,24.55,93.75,80.23,1,87.57,1
6883,2023,Sudeste,MG,Urbana,Pequeno,10458,M,87,,0.737,15.22,0,5.54,6.27,69.43,20.59,65.99,67.13,1,91.76,0
6884,2023,Sul,RS,Rural,Pequeno,13845,M,90,1036.69,0.689,14.5,0,5.99,7.04,77.96,23.82,38.13,74.25,0,81.14,0
6885,2022,Sudeste,ES,Rural,Grande,5039328,F,100,974.44,0.741,10.37,0,6.33,5.5,73.67,14.21,54.4,77.87,1,93.16,0
6886,2023,Nordeste,AL,Urbana,Grande,7609288,F,90,904.23,0.647,42.84,1,4.14,4.42,68.08,23.93,48.11,67.91,0,80.39,0
6887,2024,Nordeste,PI,Urbana,Médio,186987,M,96,989.51,0.701,20.5,0,2.98,5.11,93.89,23.99,51.25,68.38,0,88.47,0
6888,2023,Sudeste,ES,Urbana,Pequeno,8057,M,89,1138.89,0.753,11.04,0,3.6,6.87,51.42,17.05,78.98,70.3,0,94.52,0
6889,2023,Sul,PR,Urbana,Pequeno,16173,M,96,767.84,0.573,33.29,0,6.03,6.16,43.87,16.32,69.71,76.79,0,68.86,0
6890,2024,Sudeste,MG,Urbana,Pequeno,2018,F,99,1065.91,0.738,18.38,0,5.24,7.25,51.13,24.35,61.98,64.17,0,90.56,0
6891,2023,Nordeste,PB,Urbana,Médio,167048,M,92,499.19,0.635,28.61,0,6.0,6.13,57.45,19.71,40.92,79.18,1,86.59,0
6892,2024,Nordeste,PI,Urbana,Grande,11380769,F,102,968.7,0.722,20.08,1,,7.72,49.07,23.2,92.56,63.57,0,100.0,0
6893,2023,Sudeste,ES,Urbana,Médio,168654,M,97,,0.693,20.51,1,3.78,7.43,87.8,24.4,75.75,77.7,0,95.2,0
6894,2023,Sudeste,MG,Urbana,Grande,9292855,M,94,1285.97,0.761,15.68,1,5.74,7.03,70.5,15.1,25.35,64.87,0,81.28,1
6895,2022,Nordeste,AL,Urbana,Pequeno,4895,F,90,,0.652,38.91,0,4.83,5.84,54.5,19.83,42.04,71.88,1,77.35,1
6896,2023,Sudeste,SP,Rural,Pequeno,2458,M,89,840.67,0.722,25.28,0,5.14,8.49,98.84,19.91,69.87,75.73,0,91.15,0
6897,2024,Sudeste,RJ,Rural,Médio,41047,M,105,386.14,0.782,9.59,0,5.2,5.11,72.36,25.68,69.44,63.22,0,87.17,1
6898,2023,Nordeste,CE,Rural,Pequeno,10656,F,103,900.73,0.675,28.06,0,3.43,7.04,74.62,24.71,60.01,70.33,1,100.0,0
6899,2024,Norte,AC,Rural,Pequeno,17654,F,106,1292.08,0.659,31.76,1,3.76,4.16,58.7,26.08,21.62,57.52,0,85.5,1
6900,2024,Nordeste,SE,Urbana,Pequeno,17272,F,105,1061.48,0.645,25.01,1,4.19,2.71,57.77,19.29,49.4,70.48,1,87.36,0
6901,2024,Centro-Oeste,GO,Urbana,Grande,1605366,M,96,1174.74,0.612,12.05,0,5.74,4.99,81.28,23.71,30.25,71.81,1,84.77,0
6902,2024,Sul,PR,Urbana,Pequeno,3630,M,85,668.12,0.67,6.22,0,7.33,6.23,100.0,31.68,61.05,73.85,1,99.95,0
6903,2022,Nordeste,AL,Urbana,Médio,36799,F,87,538.73,0.632,36.04,0,6.31,4.99,90.71,20.44,43.88,61.17,1,87.24,1
6904,2022,Sul,SC,Urbana,Pequeno,19422,M,91,1353.51,0.713,26.32,0,3.92,6.39,74.68,26.09,59.78,73.44,1,95.06,0
6905,2024,Nordeste,PB,Urbana,Pequeno,6475,F,96,834.36,0.626,20.55,0,2.2,6.79,58.85,20.7,24.77,63.15,0,84.48,0
6906,2023,Sudeste,MG,Urbana,Grande,3831900,M,106,901.59,0.634,28.45,1,4.97,5.92,93.51,21.88,60.25,61.77,1,92.63,0
6907,2023,Norte,AM,Urbana,Pequeno,9451,F,94,520.09,0.693,48.44,0,5.42,4.96,64.21,20.03,64.29,58.47,0,95.12,0
6908,2024,Nordeste,AL,Urbana,Pequeno,17273,M,85,1104.39,0.658,26.01,0,5.68,5.42,77.16,20.42,57.03,65.7,0,86.76,1
6909,2023,Sul,PR,Urbana,Pequeno,3923,M,101,914.15,0.578,20.16,0,4.73,7.09,81.23,14.85,81.68,67.66,0,97.02,0
6910,2022,Nordeste,PI,Rural,Pequeno,9332,M,95,450.65,0.599,20.53,1,5.83,6.23,60.12,24.57,85.37,70.87,0,92.54,1
6911,2022,Norte,AP,Urbana,Grande,6669733,F,98,599.56,0.644,24.74,0,3.75,5.72,72.15,31.31,58.09,65.66,1,,1
6912,2023,Sudeste,ES,Urbana,Médio,172667,F,106,812.77,0.743,16.37,0,5.57,5.0,82.18,30.23,39.07,66.16,1,87.74,1
6913,2022,Nordeste,BA,Urbana,Pequeno,8491,M,89,990.33,0.684,36.74,0,3.93,7.12,45.08,23.66,60.59,71.78,1,90.27,0
6914,2024,Sudeste,ES,Urbana,Médio,151095,F,87,995.79,0.68,29.15,1,2.5,5.9,71.9,21.71,61.61,68.31,1,99.86,0
6915,2023,Nordeste,CE,Urbana,Pequeno,18460,M,85,722.97,0.696,14.44,0,5.26,8.21,66.25,21.26,67.88,66.68,1,93.32,1
6916,2023,Sudeste,RJ,Rural,Pequeno,4050,F,98,,0.773,30.93,1,5.78,6.82,94.52,22.38,68.47,74.21,0,87.31,1
6917,2022,Sudeste,SP,Rural,Pequeno,17608,M,99,945.42,0.761,22.31,0,6.12,6.24,82.79,21.1,90.93,68.15,1,81.11,1
6918,2023,Norte,PA,Urbana,Médio,181680,F,101,868.91,0.593,26.33,1,5.26,7.9,40.72,25.01,71.04,77.82,1,80.58,1
6919,2023,Sudeste,MG,Urbana,Pequeno,13300,F,98,989.01,0.645,30.8,1,5.08,6.86,55.4,26.77,88.69,64.79,0,83.2,1
6920,2022,Sudeste,ES,Urbana,Pequeno,12000,F,91,1058.96,0.658,18.06,0,5.46,9.73,60.9,28.08,73.39,71.01,1,79.7,0
6921,2024,Nordeste,PE,Urbana,Pequeno,16838,F,106,668.39,0.747,21.7,1,4.68,3.12,58.29,22.35,71.54,67.71,0,78.48,1
6922,2022,Sudeste,RJ,Urbana,Pequeno,8709,M,94,480.74,0.644,11.56,0,5.72,7.0,62.71,22.15,67.21,68.65,1,81.84,1
6923,2023,Sul,RS,Rural,Pequeno,16181,F,90,1144.44,0.683,30.67,1,5.29,6.29,58.39,15.42,70.1,68.09,0,85.32,0
6924,2022,Sudeste,SP,Rural,Médio,124738,F,97,743.6,0.668,30.52,1,5.96,7.86,78.48,22.61,53.91,76.9,0,96.93,0
6925,2022,Nordeste,PI,Urbana,Pequeno,9647,F,90,816.65,0.603,35.17,1,5.44,4.44,73.29,25.01,44.64,65.82,1,82.24,1
6926,2024,Sudeste,ES,Urbana,Grande,4523153,M,84,704.77,0.718,31.38,1,5.56,5.07,78.33,23.9,100.0,70.89,1,92.47,1
6927,2024,Sudeste,MG,Urbana,Pequeno,2902,F,87,1363.53,0.733,5.12,0,6.67,5.3,74.84,17.72,83.49,71.03,1,92.17,1
6928,2022,Sudeste,SP,Urbana,Pequeno,16071,F,101,1128.69,0.683,37.67,0,6.25,3.93,60.04,21.6,80.34,70.37,1,100.0,0
6929,2023,Nordeste,BA,Urbana,Pequeno,16799,F,97,1026.44,0.708,38.12,1,6.54,6.71,48.84,22.19,59.57,69.85,1,86.47,0
6930,2022,Sudeste,ES,Urbana,Pequeno,11543,M,85,953.71,0.717,25.34,1,5.51,5.86,69.99,22.17,88.94,73.08,1,100.0,1
6931,2022,Nordeste,CE,Urbana,Grande,4388195,M,100,,0.614,38.08,0,5.13,4.74,72.21,20.22,63.3,63.96,0,77.7,0
6932,2024,Norte,RO,Rural,Médio,84425,M,91,958.41,0.571,22.95,0,5.93,8.03,80.37,21.03,65.42,68.89,1,73.72,1
6933,2022,Sudeste,ES,Rural,Pequeno,3163,M,107,1234.16,0.727,20.22,0,,4.69,81.06,26.12,79.62,74.3,1,89.14,0
6934,2024,Sudeste,SP,Urbana,Pequeno,16324,F,96,917.16,0.661,23.37,0,6.31,6.19,100.0,23.57,60.26,77.15,0,90.9,0
6935,2023,Nordeste,SE,Urbana,Pequeno,2282,M,93,1031.77,0.757,23.7,1,3.97,5.48,88.2,18.37,61.3,64.21,0,87.84,1
6936,2024,Norte,RO,Rural,Médio,115083,F,102,548.07,0.572,24.34,0,4.73,5.46,64.89,23.82,66.19,63.28,0,79.38,1
6937,2023,Sul,PR,Urbana,Pequeno,5445,M,105,,0.661,19.45,0,4.88,6.97,79.52,25.08,56.36,79.16,1,91.24,1
6938,2024,Sudeste,RJ,Urbana,Médio,147660,F,105,1009.19,0.809,18.34,0,7.76,3.27,65.92,24.72,71.29,70.61,1,81.57,0
6939,2023,Sudeste,RJ,Urbana,Pequeno,2267,M,89,622.6,0.659,16.95,0,5.59,5.63,56.46,13.58,55.66,70.7,0,84.02,0
6940,2022,Sudeste,MG,Urbana,Médio,37562,F,101,963.72,0.724,32.06,0,4.26,6.84,58.16,23.53,67.3,74.99,0,85.76,1
6941,2022,Sudeste,SP,Urbana,Médio,182622,M,91,1298.23,0.745,24.44,1,5.34,5.63,69.26,20.44,69.76,71.94,0,94.0,0
6942,2024,Sul,PR,Rural,Médio,34868,M,92,905.12,0.714,17.59,0,6.6,7.15,84.74,24.97,56.72,71.57,1,100.0,0
6943,2023,Sudeste,SP,Urbana,Pequeno,3093,M,95,,0.71,12.59,0,6.18,5.59,95.01,26.44,69.96,69.49,1,72.89,1
6944,2024,Sul,PR,Rural,Grande,3632338,M,106,1196.35,0.648,30.89,0,5.56,4.39,86.04,20.88,50.29,84.59,0,87.44,0
6945,2023,Sudeste,SP,Urbana,Pequeno,2280,M,85,,0.728,21.92,0,5.43,5.48,77.61,21.4,61.82,63.94,0,92.36,1
6946,2023,Sul,RS,Urbana,Pequeno,13343,M,84,617.86,0.766,14.85,1,4.7,6.54,71.31,22.9,55.8,79.07,1,73.43,0
6947,2023,Sul,RS,Rural,Pequeno,2931,M,99,883.1,0.634,26.16,0,3.46,4.38,63.13,26.58,76.62,67.06,1,74.55,0
6948,2022,Nordeste,CE,Urbana,Grande,499153,F,98,678.25,0.598,30.77,0,5.57,7.31,90.8,19.18,43.26,69.69,1,84.12,0
6949,2024,Nordeste,AL,Urbana,Pequeno,12848,F,98,1949.97,0.597,26.95,1,5.04,5.97,79.83,17.18,72.58,58.72,1,76.02,0
6950,2022,Sudeste,MG,Urbana,Grande,3875615,M,95,1383.52,0.634,22.85,1,4.86,7.5,43.41,22.95,97.27,72.26,0,88.05,0
6951,2022,Sudeste,RJ,Urbana,Grande,6224691,F,100,1033.18,0.726,24.55,1,6.07,8.79,54.07,16.7,61.72,65.99,0,93.37,1
6952,2023,Nordeste,PE,Urbana,Médio,100957,M,89,777.87,0.679,40.16,1,6.02,6.35,56.22,16.47,42.4,66.41,1,100.0,0
6953,2022,Sul,RS,Urbana,Grande,11929787,M,90,1201.13,0.69,28.55,0,5.73,6.69,72.57,19.5,94.76,69.17,1,90.79,0
6954,2024,Nordeste,CE,Urbana,Grande,622822,F,97,882.91,0.591,18.39,0,6.66,4.3,82.85,21.44,68.25,77.28,0,89.82,0
6955,2023,Sul,SC,Urbana,Pequeno,16149,M,100,1540.75,0.693,23.51,0,3.42,5.51,84.12,15.19,62.45,76.93,1,84.2,0
6956,2024,Centro-Oeste,MS,Urbana,Pequeno,3761,F,95,1055.54,0.644,30.02,0,4.33,7.42,69.27,21.09,62.15,74.66,1,90.83,1
6957,2024,Sul,PR,Urbana,Médio,102930,M,91,678.0,0.738,16.15,0,4.79,6.78,98.2,27.56,60.09,67.71,1,78.27,0
6958,2022,Sul,PR,Urbana,Pequeno,12478,F,104,738.9,0.583,22.73,1,5.75,4.35,95.5,20.87,67.55,69.7,1,79.67,0
6959,2022,Nordeste,PB,Urbana,Pequeno,4259,M,105,1293.37,0.629,45.27,1,4.93,6.9,71.62,20.37,41.27,66.36,0,,0
6960,2023,Nordeste,BA,Urbana,Grande,3219833,F,97,718.38,0.599,26.63,0,5.64,4.47,65.44,25.97,47.56,63.85,0,82.47,0
6961,2024,Nordeste,BA,Urbana,Médio,172181,F,84,1144.82,0.721,26.14,0,4.62,9.7,69.57,27.34,49.64,68.5,1,91.63,1
6962,2024,Nordeste,CE,Rural,Pequeno,2946,F,90,1072.22,0.604,30.29,0,2.77,4.77,60.56,17.98,50.14,77.04,0,,0
6963,2022,Norte,AM,Urbana,Médio,150454,F,106,289.5,0.632,20.69,1,5.94,4.33,54.95,23.12,47.89,69.09,0,91.85,1
6964,2024,Nordeste,BA,Urbana,Pequeno,12995,M,92,528.79,0.611,18.71,0,5.82,6.03,43.55,14.96,98.76,72.0,1,85.46,0
6965,2022,Sudeste,ES,Urbana,Médio,105264,M,100,624.08,0.782,31.99,1,,7.44,85.88,27.41,87.18,74.25,1,95.54,0
6966,2023,Sudeste,RJ,Rural,Pequeno,17401,F,99,773.13,0.715,22.91,1,6.64,8.0,89.32,23.06,81.4,76.0,0,100.0,0
6967,2024,Nordeste,BA,Urbana,Pequeno,13800,F,92,748.26,0.587,47.19,1,3.71,5.34,82.7,21.9,48.36,68.37,1,93.85,0
6968,2023,Sudeste,SP,Urbana,Pequeno,14556,M,93,1301.22,0.698,27.36,1,3.38,5.96,66.64,18.28,49.97,64.36,1,,1
6969,2022,Nordeste,PI,Urbana,Pequeno,5036,F,91,625.11,0.622,30.91,0,4.78,5.26,70.81,31.62,30.77,62.32,0,73.77,0
6970,2022,Sul,RS,Urbana,Pequeno,15209,F,95,1281.78,0.747,18.48,0,4.2,7.79,55.1,20.99,64.28,66.03,1,100.0,0
6971,2024,Sul,SC,Urbana,Pequeno,12585,F,91,1000.88,0.729,25.05,0,4.46,5.2,71.29,19.67,44.41,64.63,1,91.11,0
6972,2024,Norte,PA,Urbana,Pequeno,5004,M,87,484.46,0.636,45.19,0,7.72,6.05,64.44,22.35,45.92,66.56,0,78.92,1
6973,2022,Sudeste,MG,Urbana,Médio,110886,M,99,681.98,0.695,21.83,0,,4.13,52.37,15.87,69.42,65.21,0,77.82,0
6974,2024,Sudeste,ES,Rural,Pequeno,16859,M,106,1046.88,0.681,17.09,0,4.98,6.77,57.37,15.58,78.83,78.98,1,88.42,1
6975,2024,Sudeste,SP,Urbana,Pequeno,17011,F,90,1147.78,0.64,22.33,0,5.06,5.81,75.56,20.94,63.74,74.03,1,96.12,1
6976,2023,Sul,RS,Urbana,Médio,21232,M,84,1332.92,0.669,9.15,0,7.15,7.49,56.29,18.32,30.36,73.53,0,,1
6977,2023,Norte,AM,Urbana,Pequeno,13462,F,91,1014.27,0.629,28.58,0,4.54,5.52,51.97,19.84,57.16,75.85,1,88.72,0
6978,2024,Sudeste,MG,Urbana,Médio,45914,F,102,742.38,0.761,23.27,0,6.34,5.44,51.95,22.33,60.33,69.47,1,91.05,0
6979,2024,Nordeste,PI,Urbana,Pequeno,14406,F,105,1028.35,0.651,7.83,0,2.99,4.26,80.85,25.02,79.31,72.39,1,82.07,0
6980,2024,Nordeste,PI,Urbana,Pequeno,4924,F,106,1075.23,0.639,25.91,1,4.99,6.78,69.69,16.9,79.76,59.44,1,80.86,0
6981,2024,Nordeste,CE,Urbana,Pequeno,5846,M,84,665.32,0.697,24.18,0,5.86,7.11,51.71,27.26,70.7,60.94,0,85.04,0
6982,2023,Nordeste,MA,Rural,Pequeno,8293,M,106,1058.06,0.65,40.61,0,6.73,6.37,77.61,25.07,52.66,62.23,0,86.06,0
6983,2024,Centro-Oeste,DF,Urbana,Pequeno,15960,F,93,1060.77,0.587,30.99,1,4.02,6.18,56.6,21.63,40.95,68.01,1,99.35,0
6984,2022,Sudeste,SP,Urbana,Médio,69289,F,101,1078.21,0.635,18.72,1,5.0,8.22,80.36,24.56,71.52,64.79,0,84.05,1
6985,2023,Nordeste,RN,Urbana,Pequeno,7499,M,94,745.46,0.715,46.37,0,6.3,5.82,63.39,22.28,79.1,72.1,1,85.86,1
6986,2022,Sudeste,RJ,Urbana,Pequeno,2828,F,90,655.19,0.777,28.23,0,4.87,6.14,76.23,23.22,63.42,71.27,0,,1
6987,2023,Sudeste,MG,Urbana,Pequeno,16708,M,99,761.69,0.797,24.33,0,7.85,5.7,65.68,22.15,71.04,76.68,0,92.22,0
6988,2024,Norte,AC,Urbana,Pequeno,15201,F,96,340.4,0.661,26.05,0,4.49,5.37,63.22,19.75,74.14,53.99,1,75.04,1
6989,2023,Nordeste,AL,Urbana,Médio,158308,M,84,695.13,0.655,28.1,1,3.11,7.23,74.86,18.99,64.98,73.35,1,83.65,1
6990,2023,Sul,PR,Urbana,Médio,29118,M,86,1093.85,0.822,18.94,0,4.84,6.66,80.49,20.21,81.09,70.21,1,100.0,0
6991,2022,Norte,TO,Urbana,Grande,11085020,M,90,517.15,0.642,19.56,0,6.19,3.27,70.71,16.39,77.42,79.53,1,85.24,1
6992,2024,Nordeste,PI,Urbana,Pequeno,12848,M,103,676.28,0.555,22.66,0,5.92,6.53,80.79,25.07,40.87,63.72,1,92.0,1
6993,2023,Norte,AC,Urbana,Pequeno,16283,F,93,745.29,0.66,30.11,0,3.53,2.69,70.15,28.86,60.0,64.39,1,92.26,0
6994,2024,Sudeste,RJ,Urbana,Grande,7190871,F,104,1215.67,0.624,18.23,1,5.56,5.27,76.53,18.48,89.38,69.92,0,90.24,0
6995,2024,Centro-Oeste,DF,Urbana,Médio,145046,M,93,774.65,0.666,31.08,0,5.16,6.71,83.77,16.43,54.97,74.25,1,100.0,1
6996,2024,Sudeste,RJ,Urbana,Grande,446844,F,85,691.52,0.773,23.2,0,4.48,7.35,92.17,25.2,70.84,67.44,1,88.64,0
6997,2024,Nordeste,AL,Urbana,Médio,131155,M,101,825.92,0.646,43.78,1,4.02,4.29,95.63,29.21,67.33,65.88,1,68.91,0
6998,2023,Sudeste,ES,Rural,Grande,4615445,M,85,1199.45,0.635,3.75,0,4.61,6.27,74.17,16.53,96.74,67.98,1,93.6,0
6999,2024,Nordeste,RN,Rural,Médio,118270,F,85,715.34,0.567,26.44,0,4.96,4.46,65.99,13.43,39.27,79.16,1,,1
7000,2022,Sudeste,ES,Urbana,Grande,10291105,F,88,1147.58,0.799,23.36,0,5.69,7.69,81.32,22.81,46.44,69.51,0,91.51,1
7001,2022,Sudeste,RJ,Rural,Pequeno,2047,M,93,1424.12,0.678,20.82,0,4.28,5.79,74.2,20.37,31.36,72.63,1,86.3,0
7002,2022,Sul,SC,Urbana,Pequeno,16995,F,101,829.92,0.624,27.94,1,4.83,7.98,62.19,22.71,89.04,63.68,0,87.19,0
7003,2022,Sul,SC,Urbana,Pequeno,10559,M,100,957.13,0.727,21.04,0,7.18,5.48,72.54,22.25,73.69,75.61,0,92.24,0
7004,2023,Nordeste,SE,Urbana,Médio,98378,F,93,730.29,0.528,24.18,0,4.0,4.72,58.42,26.25,82.41,73.56,1,79.89,0
7005,2022,Sudeste,SP,Urbana,Pequeno,4286,M,102,869.78,0.711,22.63,1,7.65,7.75,72.79,21.8,88.39,70.95,1,92.99,1
7006,2023,Nordeste,PI,Urbana,Pequeno,19786,M,97,827.15,0.64,24.63,0,3.58,5.82,54.07,20.07,44.03,59.41,0,85.15,0
7007,2023,Centro-Oeste,DF,Urbana,Grande,11304100,M,100,1180.54,0.694,38.21,0,7.07,8.36,63.08,26.33,74.15,61.4,1,82.96,0
7008,2024,Sul,PR,Rural,Pequeno,12263,F,87,792.42,0.753,10.66,1,6.02,7.27,77.72,25.25,64.74,66.81,1,90.52,1
7009,2023,Sul,PR,Rural,Pequeno,13331,F,101,615.5,0.714,14.03,1,6.89,7.66,86.31,29.51,63.43,72.43,0,81.61,0
7010,2023,Norte,TO,Urbana,Grande,11720589,F,104,578.4,0.674,12.53,0,3.4,6.19,89.26,17.6,46.68,72.92,0,94.19,0
7011,2023,Sul,PR,Urbana,Pequeno,12067,M,85,1093.57,0.709,45.01,1,5.89,7.02,60.86,25.17,70.72,68.04,0,84.25,1
7012,2024,Norte,PA,Urbana,Pequeno,13965,F,104,831.64,0.622,33.44,1,5.73,0.16,89.35,19.68,28.1,63.75,1,95.6,0
7013,2024,Norte,RR,Urbana,Pequeno,15109,M,101,674.55,0.705,37.38,0,2.37,4.62,81.34,25.89,64.22,71.34,1,93.33,1
7014,2024,Sudeste,SP,Rural,Grande,9970032,F,104,500.42,0.733,29.15,0,4.34,4.53,61.7,15.68,96.34,65.95,0,70.4,1
7015,2024,Sudeste,SP,Urbana,Médio,156386,F,96,864.29,0.718,25.34,0,7.7,7.42,86.19,24.28,100.0,75.65,1,87.52,0
7016,2022,Sudeste,RJ,Rural,Médio,187724,F,90,735.27,0.763,22.24,0,7.66,4.72,48.21,23.43,52.89,77.24,0,91.79,0
7017,2022,Nordeste,PE,Urbana,Pequeno,17965,F,88,682.65,0.626,39.84,0,5.47,7.32,51.52,31.85,55.73,60.5,1,80.24,0
7018,2023,Sudeste,MG,Urbana,Grande,1958078,M,95,1189.73,0.691,20.42,0,3.83,5.17,81.61,18.35,92.02,55.76,1,94.97,1
7019,2024,Sudeste,RJ,Rural,Pequeno,19654,M,94,1036.9,0.793,38.28,0,4.93,4.17,54.08,11.65,64.19,79.49,0,,0
7020,2023,Nordeste,PB,Urbana,Pequeno,15183,M,84,871.89,0.556,15.87,1,5.29,6.41,70.53,23.18,34.03,61.7,1,91.46,1
7021,2023,Nordeste,PB,Rural,Pequeno,5664,F,103,766.52,0.758,25.82,1,5.88,6.98,57.79,27.72,71.74,70.44,0,90.4,0
7022,2024,Nordeste,PE,Urbana,Pequeno,8455,F,104,677.51,0.625,32.88,0,3.25,6.91,68.41,27.33,61.75,67.1,1,88.93,0
7023,2024,Sudeste,RJ,Rural,Pequeno,10339,F,102,660.19,0.751,17.63,0,5.74,5.93,76.75,20.69,72.5,73.24,1,85.0,0
7024,2024,Nordeste,AL,Rural,Grande,2565106,F,89,590.41,0.708,45.35,1,4.53,5.65,74.23,22.06,59.78,70.03,0,75.8,0
7025,2023,Nordeste,MA,Urbana,Pequeno,15959,F,92,1013.86,0.611,26.21,0,4.14,6.04,58.55,23.48,82.48,66.23,1,81.54,1
7026,2024,Sudeste,RJ,Urbana,Pequeno,8981,F,101,645.49,0.663,25.15,1,3.37,9.21,83.13,14.81,51.45,76.63,0,68.11,0
7027,2022,Sudeste,ES,Urbana,Pequeno,6723,M,93,1156.02,0.691,19.94,0,4.76,7.96,89.2,25.06,79.12,80.55,1,,0
7028,2024,Sudeste,ES,Urbana,Pequeno,14608,F,106,848.67,0.717,13.73,0,4.22,5.59,80.0,25.79,69.22,69.62,1,81.07,0
7029,2024,Norte,PA,Urbana,Pequeno,10106,F,86,,0.662,30.28,0,4.96,2.77,86.58,19.82,46.72,73.01,0,93.02,0
7030,2024,Nordeste,MA,Urbana,Pequeno,14227,F,98,390.85,0.657,47.7,1,6.05,8.04,68.11,24.75,46.32,62.82,1,83.7,1
7031,2022,Nordeste,PE,Urbana,Médio,85823,F,93,357.16,0.74,33.19,1,5.54,5.64,75.99,14.45,68.57,73.09,0,86.29,1
7032,2024,Sudeste,SP,Urbana,Médio,130710,M,87,821.45,0.656,11.1,0,,6.14,97.82,25.71,43.54,69.32,1,90.05,0
7033,2022,Sudeste,MG,Urbana,Médio,20847,F,91,1213.65,0.686,24.84,0,6.07,7.67,69.98,16.56,42.83,73.93,1,100.0,1
7034,2024,Nordeste,RN,Urbana,Pequeno,15032,M,90,1221.09,0.689,27.04,1,4.14,4.62,81.11,21.39,58.49,81.35,0,96.17,1
7035,2022,Sudeste,ES,Urbana,Médio,126570,M,91,513.24,0.687,10.08,0,4.42,6.66,69.04,22.48,50.1,68.64,0,91.88,1
7036,2024,Sudeste,SP,Urbana,Pequeno,12933,M,99,1592.62,0.632,30.76,0,4.6,7.7,74.11,22.75,50.39,70.01,0,100.0,1
7037,2023,Nordeste,MA,Urbana,Médio,162702,F,89,1522.2,0.55,41.51,1,4.75,7.6,92.15,22.39,44.02,63.36,1,99.0,0
7038,2022,Sudeste,SP,Urbana,Pequeno,16914,M,100,1160.25,0.756,15.36,0,5.23,10.0,53.18,20.77,67.81,67.08,0,88.73,1
7039,2022,Sudeste,ES,Urbana,Pequeno,5237,M,97,713.58,0.726,4.99,0,3.86,5.23,61.56,21.12,68.75,70.72,1,78.22,0
7040,2022,Nordeste,CE,Rural,Pequeno,7107,F,94,589.72,0.665,28.86,1,5.05,6.24,64.51,18.33,54.52,69.14,1,,0
7041,2023,Sudeste,RJ,Urbana,Grande,1156865,M,94,689.11,0.741,4.12,0,6.84,7.45,58.85,22.69,72.3,63.88,1,97.25,1
7042,2022,Sudeste,MG,Urbana,Grande,3911432,F,84,1195.49,0.678,26.0,1,6.14,7.54,81.08,16.79,89.51,71.52,1,96.16,1
7043,2022,Centro-Oeste,MT,Urbana,Grande,5789052,M,106,952.73,0.627,22.33,1,5.54,7.71,94.64,22.89,52.48,61.56,0,99.4,1
7044,2022,Sul,RS,Rural,Pequeno,19162,M,92,1115.32,0.69,22.64,0,4.56,6.05,60.46,15.25,79.99,65.68,1,87.09,0
7045,2024,Sudeste,ES,Urbana,Médio,70709,F,89,999.02,0.743,19.48,0,4.21,7.0,75.32,10.0,75.91,70.65,0,90.97,1
7046,2024,Nordeste,PB,Urbana,Médio,185832,F,84,695.59,0.701,17.24,0,4.46,5.55,69.05,19.16,72.05,67.59,1,93.79,1
7047,2024,Sul,RS,Urbana,Grande,6483208,F,87,682.51,0.686,18.01,0,6.16,5.8,89.85,21.67,50.06,74.28,0,86.85,1
7048,2024,Sudeste,ES,Urbana,Grande,6246018,M,91,770.87,0.702,15.04,0,5.7,5.82,92.55,22.26,78.01,68.82,1,92.32,1
7049,2022,Sudeste,SP,Urbana,Médio,50400,M,98,1198.07,0.723,9.25,1,6.46,5.85,53.48,15.64,69.49,75.77,1,78.84,0
7050,2024,Nordeste,CE,Urbana,Pequeno,7036,F,101,844.67,0.698,40.12,1,4.88,4.86,76.74,15.73,34.71,73.85,1,93.76,0
7051,2023,Sudeste,MG,Urbana,Pequeno,7988,F,88,1112.1,0.575,14.99,0,5.12,5.88,100.0,23.98,62.96,71.79,1,100.0,1
7052,2023,Centro-Oeste,MT,Urbana,Pequeno,2717,M,95,440.75,0.634,22.21,0,3.24,4.66,81.52,19.42,54.25,67.29,0,83.36,0
7053,2022,Sudeste,RJ,Urbana,Pequeno,7401,M,91,1198.0,0.803,49.68,1,3.16,8.57,72.86,22.51,57.07,77.4,0,79.26,1
7054,2023,Nordeste,PI,Urbana,Pequeno,9461,F,96,748.22,0.698,30.52,1,4.03,5.64,70.58,19.11,68.4,66.48,0,94.19,0
7055,2024,Sudeste,MG,Urbana,Grande,10524473,F,98,1213.3,0.582,23.63,0,6.31,5.79,76.26,22.48,67.1,72.34,1,100.0,0
7056,2022,Sudeste,RJ,Urbana,Médio,96272,M,103,1111.3,0.658,16.34,1,7.08,6.84,100.0,19.88,56.99,75.64,1,83.99,0
7057,2022,Centro-Oeste,MT,Urbana,Grande,4101249,F,105,1061.52,0.696,19.88,0,3.82,6.2,79.76,27.54,76.24,74.45,1,85.45,1
7058,2023,Sudeste,RJ,Urbana,Pequeno,8517,F,93,948.07,0.721,11.69,0,6.37,8.74,78.12,20.57,35.39,69.73,1,85.02,0
7059,2022,Sudeste,RJ,Urbana,Médio,165402,M,98,1117.11,0.757,18.16,1,5.22,7.46,84.81,14.6,62.68,62.79,1,94.04,0
7060,2024,Sudeste,ES,Urbana,Pequeno,9366,M,93,,0.605,20.35,0,5.42,4.39,79.09,19.04,77.89,66.3,0,75.43,0
7061,2023,Nordeste,PE,Urbana,Grande,2952182,M,103,544.52,0.623,30.56,0,4.86,6.5,51.48,19.9,81.72,71.79,0,82.9,1
7062,2024,Sudeste,SP,Urbana,Médio,63943,M,103,1083.43,0.631,19.82,0,5.53,5.46,78.5,20.18,70.33,71.49,1,76.73,0
7063,2024,Sul,PR,Urbana,Grande,3660875,M,84,585.84,0.695,2.46,0,4.8,5.61,100.0,29.94,72.56,80.96,1,81.41,1
7064,2024,Nordeste,CE,Urbana,Pequeno,18721,F,101,943.03,0.651,29.01,0,2.21,4.57,52.61,26.93,57.36,70.82,1,74.7,0
7065,2024,Sudeste,MG,Urbana,Pequeno,7811,M,101,1234.24,0.672,30.36,0,5.19,4.21,65.08,22.62,25.35,70.01,0,92.36,0
7066,2024,Sudeste,RJ,Urbana,Pequeno,13253,M,103,1404.76,0.726,16.92,0,4.49,7.19,81.82,23.15,57.98,83.33,0,87.69,1
7067,2022,Sul,RS,Urbana,Pequeno,11280,M,97,649.03,0.746,8.41,0,6.45,6.31,66.74,21.56,46.51,74.76,1,87.13,0
7068,2024,Nordeste,CE,Urbana,Médio,71281,M,90,,0.783,18.15,0,3.54,5.07,75.38,17.76,78.87,66.9,0,92.25,0
7069,2022,Sul,RS,Rural,Médio,22422,F,102,1024.14,0.762,19.15,1,4.93,4.83,67.16,18.29,48.64,69.97,0,81.0,0
7070,2022,Sudeste,ES,Urbana,Pequeno,10420,F,90,947.91,0.76,14.78,0,6.56,5.6,63.19,20.51,91.53,70.82,0,77.21,0
7071,2022,Nordeste,MA,Urbana,Pequeno,14085,F,99,860.01,0.713,39.87,1,4.22,4.84,46.63,26.61,93.69,58.54,0,85.4,0
7072,2023,Nordeste,PI,Urbana,Médio,162530,F,84,636.35,0.593,22.2,1,4.84,6.88,84.56,25.0,33.84,67.57,1,96.73,1
7073,2022,Sudeste,SP,Urbana,Grande,2444407,F,101,1017.73,0.672,17.84,0,5.73,4.34,90.36,20.65,60.67,73.19,0,88.93,1
7074,2024,Sudeste,RJ,Urbana,Pequeno,15818,F,91,916.32,0.634,22.69,0,3.44,3.5,83.6,20.38,77.63,74.23,1,90.11,0
7075,2022,Sudeste,ES,Rural,Pequeno,18609,M,104,950.85,0.66,17.24,0,3.89,7.42,71.07,18.14,90.1,67.88,1,97.37,1
7076,2023,Sudeste,RJ,Urbana,Médio,193349,F,98,1069.58,0.714,28.52,1,4.99,7.04,76.83,16.67,69.19,78.95,1,,1
7077,2024,Sudeste,SP,Urbana,Pequeno,10928,M,95,1131.99,0.716,21.02,0,,4.86,51.17,19.53,30.17,63.39,1,79.55,0
7078,2023,Norte,RO,Urbana,Médio,143142,F,103,1044.51,0.747,31.15,0,4.71,4.11,95.7,24.18,56.62,74.81,0,84.6,0
7079,2024,Nordeste,PE,Rural,Pequeno,12673,F,90,1083.28,0.653,18.91,0,4.14,5.3,76.43,32.51,43.76,67.13,1,93.47,0
7080,2022,Centro-Oeste,DF,Urbana,Pequeno,7691,F,100,1413.5,0.721,21.87,0,6.22,4.59,49.91,23.09,75.06,70.75,1,80.74,1
7081,2022,Sudeste,MG,Urbana,Pequeno,7088,F,91,866.94,0.773,21.13,1,6.54,7.02,83.32,19.6,54.88,70.55,1,85.14,0
7082,2022,Sul,PR,Urbana,Pequeno,19083,M,85,889.06,0.732,36.58,1,6.03,8.26,100.0,27.03,100.0,65.93,0,99.54,0
7083,2023,Nordeste,AL,Rural,Médio,199646,F,95,496.54,0.632,25.57,0,4.78,6.19,64.42,19.46,65.07,59.76,1,92.34,1
7084,2023,Sudeste,MG,Urbana,Médio,39270,F,100,841.23,0.701,13.93,0,6.12,10.0,67.01,17.72,66.54,74.16,0,81.6,0
7085,2024,Nordeste,PB,Urbana,Pequeno,13353,F,86,510.33,0.668,27.67,0,4.66,7.07,52.62,18.09,43.96,66.17,1,83.59,0
7086,2022,Sudeste,SP,Urbana,Grande,11460130,M,107,1249.65,0.603,7.51,0,4.75,7.04,68.06,13.31,6.8,69.79,0,100.0,1
7087,2024,Norte,TO,Urbana,Grande,5683619,M,97,498.55,0.556,35.42,1,4.49,4.56,53.15,19.4,66.59,74.99,1,,0
7088,2022,Sudeste,RJ,Urbana,Médio,174073,F,96,417.43,0.663,13.74,1,3.12,8.95,48.63,22.45,47.77,78.42,0,88.7,1
7089,2022,Sul,RS,Urbana,Pequeno,4070,F,86,867.91,0.665,8.06,0,6.93,9.46,76.33,15.92,74.68,75.52,1,80.79,1
7090,2023,Sul,SC,Urbana,Pequeno,4641,F,97,1091.32,0.739,44.26,1,5.82,5.98,59.63,18.97,59.77,70.98,1,97.53,0
7091,2022,Nordeste,RN,Rural,Médio,179138,F,92,482.56,0.676,14.31,0,3.51,6.5,65.35,22.95,59.43,73.11,0,92.01,1
7092,2024,Sul,RS,Urbana,Pequeno,4142,F,85,952.82,0.727,36.51,0,4.58,7.63,73.29,28.17,61.39,67.68,0,94.04,1
7093,2023,Sudeste,RJ,Urbana,Grande,7879317,F,87,776.51,0.704,29.87,1,4.4,7.18,83.59,19.44,84.5,70.62,1,83.76,1
7094,2023,Sudeste,MG,Urbana,Médio,76714,F,102,1275.76,0.619,20.42,0,4.96,4.92,62.67,25.55,66.23,71.71,0,81.79,0
7095,2022,Sudeste,ES,Urbana,Pequeno,9330,F,101,677.33,0.665,16.6,0,3.91,9.45,79.66,17.14,53.74,75.41,0,100.0,0
7096,2023,Sudeste,ES,Rural,Médio,196851,M,86,798.91,0.774,19.79,1,3.94,9.86,86.34,16.93,63.44,68.71,0,92.93,1
7097,2022,Sudeste,SP,Rural,Médio,56871,M,96,1054.32,0.679,15.75,1,4.89,6.08,98.81,22.13,52.99,67.22,1,85.75,1
7098,2023,Nordeste,SE,Urbana,Grande,3404413,F,93,742.58,0.696,38.6,0,4.96,6.62,63.0,20.8,89.44,66.67,1,79.94,0
7099,2022,Nordeste,BA,Urbana,Pequeno,12997,F,89,1102.5,0.642,16.65,0,6.86,6.74,38.28,22.33,52.16,70.22,1,87.43,1
7100,2023,Nordeste,RN,Urbana,Médio,35140,F,102,,0.681,28.08,0,3.57,3.28,89.36,22.1,14.63,64.71,0,96.82,1
7101,2022,Norte,AM,Urbana,Grande,2075988,M,90,1047.56,0.589,32.61,1,5.1,6.58,61.71,14.32,79.37,59.25,1,89.68,1
7102,2022,Norte,TO,Urbana,Grande,288740,M,107,449.48,0.702,30.56,0,5.42,7.57,67.17,23.26,51.23,61.79,0,79.54,0
7103,2022,Sul,RS,Urbana,Médio,175888,F,104,892.9,0.707,20.43,0,,4.52,46.46,26.98,83.58,64.3,0,82.01,1
7104,2024,Nordeste,SE,Urbana,Médio,83846,M,85,,0.715,25.98,0,4.44,6.29,59.85,19.57,53.13,64.62,1,96.79,1
7105,2024,Centro-Oeste,GO,Urbana,Pequeno,10372,F,98,952.36,0.637,42.84,0,4.41,4.67,79.38,23.37,71.13,67.17,1,74.45,0
7106,2022,Norte,AM,Urbana,Pequeno,11844,F,93,918.27,0.662,29.8,1,6.05,4.51,52.39,24.34,58.34,68.11,0,92.14,0
7107,2024,Centro-Oeste,DF,Urbana,Médio,31134,F,107,1012.52,0.706,18.66,0,5.62,6.81,73.76,23.31,80.6,69.3,1,94.91,1
7108,2024,Sudeste,RJ,Urbana,Grande,1118885,F,94,863.63,0.684,15.29,1,4.13,3.95,72.26,28.15,80.46,70.02,0,80.01,0
7109,2024,Norte,RO,Urbana,Pequeno,16807,M,102,1367.11,0.714,31.98,0,5.21,3.05,65.49,25.05,58.35,62.39,1,84.96,0
7110,2024,Centro-Oeste,DF,Urbana,Pequeno,10681,F,90,1003.81,0.758,19.33,0,5.83,7.11,69.64,27.31,55.42,76.77,1,83.05,1
7111,2023,Sul,SC,Urbana,Pequeno,8687,M,95,971.71,0.759,31.64,0,4.54,3.23,69.41,15.08,56.24,73.94,0,100.0,0
7112,2022,Sudeste,RJ,Urbana,Pequeno,3095,M,91,941.1,0.725,27.47,0,4.79,6.6,87.8,20.31,71.45,73.58,1,90.61,0
7113,2023,Nordeste,AL,Urbana,Pequeno,8135,M,99,1035.27,0.612,28.17,0,5.61,4.07,84.28,23.32,60.17,64.85,1,87.82,0
7114,2022,Sudeste,MG,Urbana,Pequeno,11737,F,102,1179.38,0.679,26.02,1,5.28,9.11,60.95,22.09,71.41,69.52,1,90.03,0
7115,2022,Nordeste,AL,Urbana,Médio,33303,F,95,971.2,0.578,37.98,1,5.19,5.39,50.22,30.6,41.94,66.91,0,81.81,1
7116,2022,Nordeste,CE,Urbana,Pequeno,7146,M,84,1051.11,0.637,32.18,0,6.85,3.69,74.79,24.01,59.16,62.35,1,78.26,0
7117,2023,Centro-Oeste,MS,Rural,Pequeno,17268,M,102,1166.9,0.658,34.67,1,5.04,6.52,55.22,15.94,68.93,74.8,0,74.94,0
7118,2023,Sudeste,RJ,Urbana,Médio,180649,F,86,933.78,0.625,9.34,0,,5.25,75.86,23.05,97.82,70.53,1,92.47,1
7119,2023,Sudeste,RJ,Urbana,Médio,147911,F,106,725.62,0.605,4.86,0,6.16,7.18,92.32,18.93,62.06,83.93,0,96.91,0
7120,2024,Sudeste,MG,Rural,Médio,174468,M,91,1132.14,0.744,15.43,0,6.11,6.85,87.55,22.24,43.17,73.86,0,100.0,1
7121,2024,Sudeste,SP,Urbana,Grande,8628080,F,97,1214.87,0.82,12.66,0,2.86,3.83,78.03,12.74,59.17,69.66,1,87.45,0
7122,2024,Sudeste,ES,Rural,Pequeno,3012,F,91,1380.27,0.624,26.88,0,3.55,7.21,59.79,19.67,49.25,72.2,1,82.01,1
7123,2022,Nordeste,BA,Urbana,Pequeno,10473,F,100,594.46,0.691,39.83,1,5.77,4.62,68.65,15.65,46.6,69.12,0,90.08,1
7124,2022,Sudeste,MG,Urbana,Médio,127274,F,99,1315.99,0.83,33.1,1,,8.04,78.23,21.03,23.99,66.26,1,88.1,0
7125,2024,Sul,PR,Urbana,Médio,160668,F,94,841.5,0.791,24.24,1,4.64,5.89,83.03,18.64,97.49,71.62,0,94.84,1
7126,2024,Sudeste,ES,Rural,Pequeno,19115,F,105,962.67,0.813,14.03,0,6.6,5.04,84.09,27.76,23.38,75.96,1,88.45,0
7127,2022,Sudeste,RJ,Urbana,Médio,60554,F,99,764.03,0.669,28.16,0,4.13,8.07,69.67,22.99,40.64,72.86,1,86.73,1
7128,2022,Sul,RS,Urbana,Pequeno,9422,M,85,847.07,0.766,18.7,1,6.0,5.21,58.37,23.45,77.41,68.75,0,77.18,0
7129,2022,Sudeste,ES,Urbana,Pequeno,11023,F,102,969.71,0.676,15.35,1,5.8,5.53,92.36,19.37,54.68,72.88,1,90.22,0
7130,2023,Norte,TO,Urbana,Pequeno,5164,F,85,571.08,0.694,38.78,1,3.61,5.07,61.64,22.69,43.19,67.89,1,86.07,0
7131,2023,Nordeste,BA,Urbana,Médio,22892,M,91,910.03,0.612,27.3,0,4.83,7.3,76.04,26.16,67.71,63.22,1,81.78,1
7132,2023,Nordeste,PI,Urbana,Pequeno,14937,F,106,957.08,0.76,27.43,1,5.52,4.24,73.74,29.04,58.91,61.78,0,90.4,0
7133,2024,Norte,RR,Urbana,Pequeno,19091,M,103,,0.747,22.49,1,3.56,7.18,65.06,17.76,77.49,65.02,1,81.76,0
7134,2023,Sudeste,SP,Rural,Grande,552169,M,107,640.09,0.831,23.49,0,7.5,8.87,91.37,25.99,55.58,76.01,1,91.89,0
7135,2024,Sudeste,SP,Urbana,Pequeno,16674,F,98,1289.92,0.712,25.48,1,6.29,5.9,85.67,18.48,100.0,70.14,1,93.1,0
7136,2023,Sudeste,RJ,Rural,Pequeno,18374,M,104,940.77,0.563,23.68,1,4.24,6.26,61.8,23.83,81.15,70.28,1,87.9,1
7137,2022,Norte,RR,Urbana,Grande,2850570,M,91,900.66,0.726,34.12,0,3.12,4.5,74.07,20.27,35.41,64.09,1,83.9,0
7138,2023,Sudeste,MG,Rural,Pequeno,3500,M,84,1179.83,0.724,19.52,0,4.33,4.32,84.6,23.47,62.74,76.38,0,93.05,0
7139,2024,Nordeste,PB,Urbana,Pequeno,3320,M,98,206.01,0.694,30.08,1,3.22,6.74,55.95,18.27,81.16,70.61,1,95.01,1
7140,2024,Norte,RR,Urbana,Médio,128149,F,97,481.1,0.729,43.02,1,5.35,5.26,69.65,16.73,34.61,64.71,1,86.48,1
7141,2023,Centro-Oeste,DF,Urbana,Médio,174429,M,95,674.32,0.609,24.21,0,6.1,6.0,46.49,17.15,58.06,73.07,1,80.75,0
7142,2023,Sudeste,SP,Rural,Pequeno,9784,M,94,1187.63,0.723,19.49,0,4.4,8.39,53.14,21.2,54.93,67.48,1,95.05,0
7143,2024,Centro-Oeste,MT,Urbana,Pequeno,18020,M,84,911.93,0.667,23.78,0,6.19,6.61,73.51,19.64,61.02,70.06,1,95.35,0
7144,2023,Sul,RS,Urbana,Pequeno,14859,M,91,1245.69,0.653,18.51,0,3.12,2.72,61.82,16.22,79.24,68.2,0,94.93,0
7145,2024,Sudeste,SP,Urbana,Pequeno,3175,F,101,988.79,0.625,19.5,1,,4.87,72.49,20.68,81.35,71.73,0,95.99,0
7146,2024,Sul,RS,Rural,Médio,53326,F,87,1154.46,0.681,29.72,0,2.79,6.48,93.43,20.77,68.88,66.16,1,91.76,0
7147,2024,Norte,AP,Urbana,Pequeno,7591,M,98,819.62,0.556,22.79,0,4.74,5.92,65.99,31.62,44.15,63.44,1,92.94,0
7148,2022,Nordeste,PB,Urbana,Médio,58411,F,104,897.31,0.722,32.26,1,3.89,4.62,73.88,26.57,72.39,74.18,0,93.89,1
7149,2024,Sudeste,MG,Urbana,Pequeno,17880,F,104,1011.0,0.693,22.16,1,5.58,6.4,71.22,18.85,72.93,76.99,0,96.1,1
7150,2022,Sul,PR,Urbana,Grande,11825016,F,107,858.55,0.759,13.39,1,6.07,7.52,85.34,17.2,85.33,61.07,0,78.98,1
7151,2023,Nordeste,BA,Urbana,Médio,38631,M,89,1078.12,0.688,37.43,1,4.23,4.3,42.93,21.7,45.14,77.89,1,85.94,1
7152,2024,Sul,RS,Urbana,Pequeno,15626,M,102,1179.73,0.674,32.65,1,4.73,5.15,69.11,18.6,68.13,74.18,0,88.5,0
7153,2024,Nordeste,AL,Urbana,Grande,7087165,F,92,745.03,0.68,13.09,1,2.73,6.01,59.31,25.52,58.42,66.86,0,83.44,1
7154,2023,Centro-Oeste,MT,Urbana,Pequeno,12039,M,95,915.51,0.613,13.14,1,5.37,6.69,95.19,22.84,65.78,67.35,0,100.0,1
7155,2023,Nordeste,MA,Rural,Pequeno,14573,M,107,477.89,0.693,38.51,1,6.27,7.58,88.72,22.14,46.6,74.49,0,86.7,0
7156,2023,Nordeste,PB,Urbana,Grande,8864907,M,103,320.09,0.688,44.71,0,6.69,3.23,52.08,24.73,97.53,66.85,1,92.36,0
7157,2023,Nordeste,PI,Rural,Médio,93513,F,90,638.53,0.676,20.04,0,,7.91,61.14,28.28,14.25,69.19,1,91.38,1
7158,2023,Nordeste,PB,Rural,Médio,128645,M,104,1027.27,0.642,31.94,1,5.79,5.32,64.34,18.33,68.19,71.34,1,97.08,0
7159,2024,Sudeste,RJ,Urbana,Médio,145858,F,92,988.26,0.666,25.45,0,4.59,6.3,65.93,23.43,67.63,69.41,0,89.92,1
7160,2024,Nordeste,PB,Urbana,Pequeno,13377,F,89,690.95,0.627,35.78,0,4.17,6.09,55.05,22.6,72.46,63.24,0,97.19,0
7161,2024,Nordeste,CE,Urbana,Pequeno,9399,F,94,587.56,0.645,26.21,0,4.95,5.43,44.37,27.58,57.18,66.61,0,82.83,0
7162,2023,Nordeste,PE,Rural,Pequeno,13960,F,100,1164.04,0.608,34.89,1,1.14,8.05,81.47,21.21,97.9,67.72,0,92.0,0
7163,2022,Nordeste,MA,Urbana,Pequeno,4762,F,87,874.23,0.733,32.35,0,3.97,5.08,83.68,20.08,46.71,67.84,0,100.0,0
7164,2024,Nordeste,PB,Urbana,Pequeno,11316,F,87,810.27,0.585,29.94,0,3.03,2.63,46.26,28.51,35.52,71.6,1,85.55,0
7165,2023,Nordeste,SE,Urbana,Médio,150143,F,101,628.85,0.568,28.83,0,4.43,5.93,74.56,22.97,55.37,66.04,0,90.23,0
7166,2022,Sudeste,RJ,Urbana,Pequeno,8790,M,98,779.29,0.772,13.13,0,4.45,6.42,73.48,23.03,47.26,66.87,0,80.53,0
7167,2022,Sudeste,ES,Urbana,Pequeno,16801,M,95,655.26,0.678,43.53,0,4.31,5.77,74.3,19.99,65.62,71.99,0,90.72,0
7168,2024,Sul,SC,Rural,Pequeno,16478,M,94,875.69,0.65,10.13,0,6.08,5.2,100.0,14.66,66.58,64.68,1,,1
7169,2024,Norte,AP,Urbana,Médio,82671,F,90,417.51,0.632,34.95,0,3.67,5.85,81.32,21.91,49.4,74.84,1,73.01,0
7170,2023,Sudeste,ES,Urbana,Pequeno,5116,M,86,807.22,0.748,17.4,0,5.51,8.95,80.62,19.12,95.34,71.19,1,100.0,1
7171,2023,Sudeste,RJ,Urbana,Pequeno,9327,M,86,667.01,0.702,14.14,1,5.3,6.06,80.03,23.2,58.63,74.83,0,90.12,1
7172,2024,Nordeste,PI,Urbana,Pequeno,10494,M,84,469.97,0.64,35.13,0,8.87,6.65,70.08,21.24,44.93,68.85,1,83.47,1
7173,2022,Sudeste,MG,Urbana,Médio,41335,M,94,867.68,0.665,21.97,0,4.54,6.74,91.81,13.32,48.08,67.08,0,87.88,0
7174,2024,Sudeste,SP,Urbana,Grande,5373951,F,106,1133.03,0.64,27.11,0,4.94,4.56,76.95,24.27,78.11,69.43,0,87.37,1
7175,2023,Nordeste,PI,Urbana,Pequeno,13083,F,85,1051.16,0.688,31.64,0,5.0,5.6,61.79,34.2,43.19,67.47,1,90.13,1
7176,2023,Sul,PR,Urbana,Médio,175902,F,96,931.63,0.664,19.65,1,5.54,5.12,66.6,20.1,40.79,71.81,0,90.9,1
7177,2023,Nordeste,AL,Urbana,Pequeno,9218,F,107,689.28,0.666,29.56,0,3.75,6.43,80.75,22.46,35.76,72.61,1,83.69,1
7178,2022,Nordeste,PI,Urbana,Médio,151744,F,89,810.22,0.652,32.5,0,4.78,4.93,75.65,19.41,54.86,70.35,1,77.02,0
7179,2024,Nordeste,RN,Urbana,Médio,151119,M,85,740.14,0.675,21.74,0,2.4,6.22,39.61,21.88,44.07,64.76,0,87.54,0
7180,2024,Sudeste,SP,Urbana,Pequeno,14649,F,94,783.65,0.59,24.58,0,5.11,7.29,74.9,26.71,16.25,84.21,1,100.0,0
7181,2022,Sudeste,SP,Urbana,Pequeno,14793,M,102,956.19,0.8,13.3,0,,8.52,73.44,18.03,45.32,69.21,0,85.27,0
7182,2024,Sul,SC,Urbana,Grande,2487579,F,94,946.31,0.695,17.24,0,5.43,7.47,74.41,21.84,54.17,71.51,0,76.83,0
7183,2022,Centro-Oeste,GO,Urbana,Pequeno,4644,F,86,830.21,0.638,23.05,0,5.54,5.01,100.0,22.49,37.73,71.89,0,78.42,0
7184,2024,Sul,RS,Rural,Grande,11057831,M,93,506.76,0.747,28.11,0,6.06,7.98,48.71,10.0,70.63,68.76,1,98.82,0
7185,2024,Sudeste,RJ,Urbana,Pequeno,18067,M,91,1057.61,0.723,14.26,0,5.41,4.08,70.79,22.15,71.18,77.4,1,97.83,0
7186,2023,Norte,AM,Rural,Grande,2525687,F,92,823.94,0.614,35.61,1,4.75,4.62,83.48,22.72,44.29,61.63,0,89.42,1
7187,2024,Nordeste,PE,Urbana,Pequeno,18998,F,85,903.89,0.694,22.45,0,4.31,8.53,51.64,24.9,60.14,69.09,1,100.0,1
7188,2023,Sul,SC,Urbana,Médio,149755,M,85,574.13,0.646,17.75,1,5.29,4.68,52.73,23.94,71.97,72.91,1,,1
7189,2022,Sudeste,SP,Urbana,Pequeno,10589,F,99,,0.7,20.91,0,5.6,6.25,76.05,26.37,50.02,75.14,1,96.41,0
7190,2022,Sul,RS,Urbana,Médio,164868,F,102,1561.11,0.652,1.21,0,8.46,9.24,61.43,19.28,66.31,74.71,0,94.75,1
7191,2022,Sudeste,MG,Urbana,Grande,456683,M,86,,0.87,29.48,1,5.82,6.43,69.5,21.89,64.47,67.44,0,83.92,1
7192,2023,Sudeste,SP,Urbana,Pequeno,4064,M,91,716.79,0.671,25.67,1,5.01,4.92,75.32,25.41,67.34,69.71,0,75.66,0
7193,2023,Norte,AC,Urbana,Pequeno,2271,M,91,998.29,0.561,17.19,1,2.89,6.13,68.62,22.54,61.26,70.2,0,95.6,1
7194,2022,Nordeste,SE,Urbana,Pequeno,7465,F,100,1054.52,0.757,40.72,0,4.13,2.36,69.83,22.26,48.46,67.78,1,93.57,0
7195,2024,Sul,SC,Urbana,Médio,73465,M,94,1289.33,0.649,20.26,1,4.89,4.7,78.66,21.3,34.55,75.12,1,,0
7196,2024,Nordeste,RN,Urbana,Pequeno,16016,M,98,1018.15,0.674,17.94,0,4.08,2.43,85.13,16.2,40.87,64.17,1,86.28,0
7197,2024,Centro-Oeste,MT,Urbana,Médio,135481,M,103,445.28,0.608,37.92,1,,5.53,79.62,16.6,45.9,67.98,1,93.98,0
7198,2022,Centro-Oeste,MS,Urbana,Pequeno,13762,F,85,1119.2,0.737,37.46,1,4.61,6.38,60.17,18.07,79.26,74.59,1,95.74,0
7199,2024,Nordeste,PI,Urbana,Pequeno,16712,M,90,888.76,0.65,30.07,0,3.77,6.38,58.68,20.46,84.43,70.67,1,89.93,0
7200,2023,Nordeste,RN,Urbana,Médio,192754,F,96,528.63,0.711,40.08,1,3.34,6.39,77.35,18.19,74.91,69.36,1,81.65,0
7201,2022,Sudeste,ES,Rural,Grande,6320832,F,85,1024.06,0.701,20.68,0,3.92,7.04,59.7,20.0,62.46,65.69,1,83.66,0
7202,2023,Sul,PR,Urbana,Pequeno,12230,F,94,1136.62,0.727,22.5,0,2.74,3.62,60.63,22.58,45.75,64.26,1,84.77,0
7203,2024,Nordeste,PI,Urbana,Grande,10201957,M,96,720.53,0.622,35.15,1,4.17,5.54,49.2,23.4,18.31,71.52,1,79.69,0
7204,2022,Nordeste,AL,Rural,Pequeno,15248,M,105,719.0,0.602,27.21,0,4.71,7.67,91.64,20.8,55.78,57.19,1,87.25,1
7205,2023,Nordeste,AL,Urbana,Pequeno,19067,F,101,354.63,0.673,37.54,1,3.58,5.92,71.25,26.44,60.95,57.4,0,82.82,0
7206,2024,Nordeste,CE,Urbana,Pequeno,10169,F,95,1199.11,0.757,33.47,1,7.47,7.35,81.72,27.75,47.25,62.01,1,86.02,1
7207,2023,Sudeste,SP,Urbana,Médio,57282,F,100,844.85,0.634,28.89,1,5.7,4.08,36.85,10.24,76.82,67.27,1,82.78,1
7208,2022,Sudeste,ES,Urbana,Médio,27155,M,104,854.54,0.603,12.43,0,4.98,6.34,83.38,29.06,73.85,78.77,1,93.04,0
7209,2024,Norte,PA,Urbana,Pequeno,18745,F,93,211.69,0.641,29.08,1,,7.06,77.57,17.42,87.85,65.93,1,82.4,0
7210,2022,Sul,PR,Rural,Médio,53852,M,96,782.84,0.734,22.34,0,5.01,4.5,58.71,20.71,53.86,69.32,1,92.77,1
7211,2024,Sul,PR,Rural,Pequeno,16422,F,104,859.0,0.609,21.24,0,3.43,6.72,74.38,17.13,56.61,69.45,1,97.39,1
7212,2024,Centro-Oeste,MT,Urbana,Pequeno,4518,F,105,947.68,0.624,30.95,0,6.69,5.12,78.65,31.16,84.35,75.12,1,88.41,0
7213,2024,Sudeste,RJ,Urbana,Pequeno,8547,F,90,724.64,0.727,21.61,1,4.82,4.98,73.54,22.58,90.81,74.04,0,82.49,0
7214,2023,Nordeste,MA,Urbana,Pequeno,9584,M,105,718.45,0.646,28.23,1,3.8,6.56,89.14,25.11,66.61,68.85,0,93.66,0
7215,2022,Centro-Oeste,GO,Urbana,Pequeno,9515,F,101,1141.73,0.666,16.1,0,5.84,4.43,95.88,23.72,67.92,63.99,1,93.15,0
7216,2024,Nordeste,AL,Urbana,Pequeno,9760,M,88,725.12,0.744,37.28,0,5.77,7.71,100.0,23.55,62.15,77.7,1,88.1,1
7217,2022,Nordeste,CE,Urbana,Médio,33165,M,89,,0.579,35.59,0,4.93,4.57,51.62,19.83,41.68,71.38,1,98.54,1
7218,2023,Nordeste,CE,Rural,Grande,4572153,M,94,642.49,0.745,33.1,0,4.76,6.22,57.45,24.03,71.91,61.31,1,97.27,0
7219,2022,Nordeste,SE,Urbana,Pequeno,13632,M,93,743.83,0.626,28.65,0,2.34,4.68,54.9,19.7,63.59,65.89,1,88.65,1
7220,2022,Sudeste,RJ,Rural,Médio,155250,F,101,1074.89,0.68,12.67,0,5.9,8.41,66.13,19.89,43.39,77.64,1,85.51,0
7221,2023,Sul,SC,Urbana,Grande,4278543,F,90,917.33,0.676,22.45,1,4.56,5.34,37.32,18.82,82.66,71.0,0,85.91,0
7222,2022,Sudeste,RJ,Urbana,Grande,10923395,F,92,1387.19,0.78,14.78,0,3.56,8.38,72.24,25.82,90.64,75.54,1,89.87,0
7223,2022,Sudeste,SP,Urbana,Grande,5604857,F,92,911.84,0.664,14.05,0,5.7,5.91,82.13,15.84,50.71,66.58,0,91.4,0
7224,2024,Sudeste,ES,Urbana,Pequeno,17175,F,107,1016.65,0.895,19.01,1,,5.98,60.36,22.13,48.47,81.8,0,96.17,0
7225,2023,Sudeste,SP,Urbana,Pequeno,13344,M,103,968.47,0.622,24.64,1,3.91,7.24,92.26,20.43,49.01,69.38,0,86.36,0
7226,2023,Norte,PA,Rural,Grande,463516,M,96,1040.13,0.661,18.96,0,4.55,6.42,73.76,25.87,68.37,73.97,1,78.37,1
7227,2022,Sudeste,ES,Rural,Médio,144163,M,84,1010.7,0.825,38.3,0,3.86,4.85,52.67,19.91,81.56,73.87,1,84.31,0
7228,2024,Nordeste,BA,Urbana,Pequeno,7017,F,106,503.93,0.713,24.99,1,4.25,5.34,67.2,25.8,52.63,68.01,0,79.37,0
7229,2022,Sudeste,SP,Urbana,Grande,4526698,M,86,1055.6,0.599,38.48,0,6.17,5.23,85.76,17.51,79.41,63.05,1,89.81,0
7230,2023,Nordeste,CE,Rural,Médio,112468,M,107,811.34,0.727,30.0,1,6.22,6.39,57.32,26.62,42.08,66.04,1,92.0,1
7231,2023,Centro-Oeste,DF,Urbana,Pequeno,4069,F,97,1364.11,0.651,29.07,0,3.94,3.8,80.24,18.53,64.2,73.77,1,76.02,0
7232,2023,Sudeste,MG,Urbana,Pequeno,8185,M,104,1291.59,0.642,30.11,0,6.62,5.2,62.37,19.39,30.88,73.12,0,94.0,0
7233,2023,Sudeste,RJ,Rural,Médio,29427,F,99,1018.23,0.789,3.75,0,4.57,5.37,62.08,27.12,78.97,77.76,0,95.57,1
7234,2023,Sul,RS,Urbana,Médio,186700,F,94,803.44,0.672,17.75,0,6.81,6.59,69.67,18.69,45.97,69.59,1,79.23,1
7235,2024,Sudeste,ES,Urbana,Pequeno,6155,M,104,1005.12,0.731,27.08,1,6.02,4.68,72.41,18.3,58.46,79.62,1,78.06,0
7236,2024,Sudeste,SP,Urbana,Pequeno,6590,M,88,836.28,0.69,40.03,1,4.28,5.02,77.96,13.29,32.84,67.4,1,84.65,0
7237,2022,Sudeste,MG,Urbana,Grande,4060204,M,99,1299.58,0.636,19.64,0,4.28,7.69,71.04,26.06,90.87,68.28,1,82.97,0
7238,2022,Nordeste,PI,Urbana,Pequeno,2070,F,84,662.08,0.527,32.94,0,4.63,3.97,81.47,23.18,64.6,71.7,1,78.09,1
7239,2024,Sul,SC,Urbana,Grande,11871831,M,91,1096.71,0.731,30.52,0,5.45,5.81,55.28,25.49,79.98,73.29,1,84.95,0
7240,2022,Sudeste,ES,Urbana,Pequeno,8280,F,90,615.65,0.658,11.7,0,6.9,6.6,80.24,22.2,49.97,76.28,0,93.45,0
7241,2022,Sul,PR,Rural,Médio,74780,F,97,1075.09,0.721,27.86,0,6.02,5.23,83.37,21.15,44.44,80.46,1,93.63,0
7242,2023,Sudeste,MG,Urbana,Pequeno,4174,F,102,942.15,0.698,30.78,1,7.84,6.9,77.96,20.68,43.29,68.54,1,87.58,1
7243,2024,Sudeste,RJ,Urbana,Médio,140410,M,85,1363.55,0.74,16.68,0,6.29,8.87,73.69,24.91,81.92,71.66,1,78.82,1
7244,2023,Sudeste,MG,Urbana,Médio,117848,F,86,875.92,0.575,13.39,0,6.12,8.08,71.32,26.86,40.54,78.04,1,84.92,1
7245,2022,Sul,RS,Urbana,Pequeno,16436,F,101,1095.52,0.664,23.38,0,6.17,6.82,72.61,26.91,40.57,63.08,1,91.01,1
7246,2023,Sudeste,MG,Urbana,Grande,3877549,M,84,1413.91,0.778,29.05,0,4.67,6.51,64.64,23.37,75.67,77.19,1,77.54,0
7247,2024,Nordeste,RN,Urbana,Médio,126228,F,92,613.72,0.73,35.78,0,7.13,6.16,45.01,26.21,37.13,70.71,0,84.67,1
7248,2023,Norte,RR,Urbana,Médio,135758,F,86,743.71,0.654,31.22,1,4.34,3.59,57.59,15.88,47.15,73.37,1,100.0,1
7249,2024,Nordeste,AL,Urbana,Grande,10627445,F,95,495.98,0.679,24.46,0,3.44,6.75,66.22,22.27,66.17,64.88,1,81.7,1
7250,2023,Sul,PR,Urbana,Médio,102733,F,104,1095.99,0.762,25.77,0,3.74,6.68,76.11,16.72,48.3,66.31,0,,0
7251,2022,Nordeste,PE,Urbana,Pequeno,19432,M,104,588.65,0.684,40.2,1,3.74,5.28,78.69,22.3,54.34,67.91,1,72.37,0
7252,2023,Nordeste,PI,Urbana,Grande,1489568,M,103,537.86,0.713,34.45,0,5.77,5.53,94.68,20.1,51.98,70.46,1,88.59,0
7253,2022,Centro-Oeste,MT,Urbana,Pequeno,2135,M,99,409.78,0.702,24.83,0,5.1,2.66,100.0,21.56,55.1,62.87,0,89.76,0
7254,2024,Nordeste,BA,Urbana,Pequeno,5805,M,102,1101.53,0.72,35.35,0,5.34,6.36,65.1,20.77,52.03,64.46,1,80.24,1
7255,2023,Sul,PR,Urbana,Médio,126287,M,105,997.75,0.635,31.44,1,5.74,4.09,76.0,14.24,64.37,68.9,0,83.05,0
7256,2022,Sudeste,MG,Urbana,Médio,65003,F,105,935.43,0.718,9.41,0,5.22,6.72,89.71,16.73,59.86,70.37,0,86.9,1
7257,2023,Sul,PR,Urbana,Pequeno,19242,F,88,1391.99,0.712,7.31,0,6.49,5.71,49.53,22.05,52.43,64.19,0,99.54,1
7258,2024,Sudeste,SP,Urbana,Médio,178428,F,104,1265.72,0.701,25.11,1,5.78,9.71,74.68,19.39,73.94,74.39,0,79.07,1
7259,2024,Nordeste,RN,Urbana,Grande,5191438,M,98,688.16,0.673,28.5,1,4.19,8.6,60.22,24.04,26.74,74.93,1,66.8,0
7260,2022,Nordeste,PI,Rural,Médio,81964,M,100,708.4,0.579,25.1,0,4.52,5.53,56.63,21.02,80.09,75.0,0,87.74,0
7261,2022,Sudeste,ES,Rural,Médio,116097,M,92,749.23,0.844,27.16,0,5.57,5.39,82.98,24.12,69.46,74.03,0,100.0,0
7262,2023,Sudeste,MG,Urbana,Pequeno,8909,F,104,1245.49,0.694,25.92,0,4.19,4.97,48.61,20.5,79.27,61.89,1,86.83,0
7263,2022,Sudeste,RJ,Urbana,Pequeno,15502,M,95,1186.11,0.729,27.23,1,6.86,7.58,56.88,11.35,74.63,70.7,1,74.41,0
7264,2023,Nordeste,AL,Urbana,Pequeno,16398,F,98,1150.53,0.652,41.32,0,4.16,5.41,71.6,19.57,35.37,63.98,1,96.15,0
7265,2022,Nordeste,PB,Urbana,Médio,56194,F,97,1036.22,0.69,26.69,1,3.21,6.8,42.32,17.22,59.58,76.65,1,79.7,0
7266,2023,Sudeste,SP,Urbana,Médio,79377,M,102,906.17,0.704,23.91,0,2.34,9.0,67.28,26.25,40.95,72.89,0,91.16,0
7267,2022,Sul,SC,Rural,Pequeno,16182,M,90,909.59,0.682,12.55,0,5.22,6.99,59.82,20.64,36.77,68.0,0,91.91,0
7268,2023,Nordeste,MA,Rural,Pequeno,7488,F,84,1143.26,0.681,32.46,0,3.62,7.18,79.59,20.16,54.49,62.76,0,92.72,0
7269,2024,Nordeste,RN,Rural,Médio,134335,F,96,1074.79,0.715,29.51,0,5.67,3.8,55.11,22.68,61.78,68.5,0,88.18,0
7270,2024,Nordeste,PB,Rural,Pequeno,9021,M,97,1412.02,0.718,28.03,1,,4.06,66.64,23.91,29.94,72.97,0,100.0,1
7271,2022,Sudeste,SP,Urbana,Grande,7325935,F,85,453.22,0.733,21.9,1,7.51,7.42,79.13,17.16,67.13,79.1,0,89.12,1
7272,2023,Centro-Oeste,GO,Urbana,Médio,126505,F,85,714.45,0.778,25.03,0,6.03,6.72,68.41,22.62,65.15,70.63,1,88.19,0
7273,2022,Sudeste,MG,Urbana,Médio,183385,M,85,849.67,0.802,30.17,0,4.6,6.28,67.28,20.56,73.07,73.75,0,98.22,0
7274,2024,Norte,RR,Urbana,Pequeno,16598,F,85,906.53,0.699,26.53,0,4.61,4.39,43.82,27.61,51.25,76.01,1,95.64,0
7275,2023,Sul,PR,Urbana,Pequeno,12868,M,91,1200.24,0.72,26.0,0,5.3,2.97,63.92,17.74,58.78,69.19,1,96.91,1
7276,2024,Sul,RS,Rural,Grande,3585823,F,93,1187.76,0.747,30.29,0,3.92,8.89,100.0,21.31,66.99,75.6,1,88.6,0
7277,2024,Sudeste,RJ,Urbana,Pequeno,3508,M,87,697.21,0.687,15.07,0,4.74,6.77,85.01,21.7,84.99,72.97,1,95.0,1
7278,2023,Sul,RS,Urbana,Médio,66078,F,88,720.59,0.73,22.85,0,2.66,7.21,85.88,21.73,60.09,69.31,1,81.97,0
7279,2022,Sudeste,SP,Urbana,Médio,126557,M,84,1496.54,0.742,18.8,0,5.29,5.65,83.86,22.17,45.41,72.82,1,89.19,1
7280,2022,Nordeste,PE,Urbana,Médio,199889,F,92,1005.5,0.707,26.61,0,6.34,5.04,98.42,22.77,69.75,58.73,1,89.96,1
7281,2023,Nordeste,AL,Urbana,Pequeno,17047,F,95,257.68,0.738,30.0,0,4.83,4.71,99.94,19.93,50.21,79.41,1,91.07,0
7282,2023,Sul,PR,Urbana,Pequeno,8726,F,104,910.47,0.692,21.11,0,3.19,8.6,53.48,22.61,78.23,60.09,0,84.76,0
7283,2023,Nordeste,PI,Urbana,Pequeno,7137,M,87,1049.9,0.719,28.35,1,,5.28,71.28,23.23,61.78,71.26,0,86.18,0
7284,2024,Centro-Oeste,MS,Urbana,Pequeno,7023,M,106,640.95,0.767,16.15,0,4.94,6.7,85.52,26.22,74.91,59.65,1,97.2,0
7285,2024,Nordeste,CE,Urbana,Pequeno,14686,M,102,528.62,0.628,23.75,0,2.59,6.21,70.59,19.94,54.12,61.95,1,95.92,1
7286,2022,Nordeste,PE,Rural,Pequeno,13947,F,96,315.78,0.662,27.07,0,4.39,6.44,61.47,15.33,57.46,76.0,1,82.77,1
7287,2022,Sudeste,SP,Rural,Pequeno,19643,F,105,855.67,0.726,19.11,0,6.61,7.98,40.59,21.95,70.47,75.68,1,86.65,0
7288,2022,Nordeste,PE,Urbana,Pequeno,5377,M,92,822.28,0.617,30.12,0,4.89,7.2,59.46,20.54,38.79,66.17,0,67.3,0
7289,2022,Sudeste,RJ,Urbana,Pequeno,17026,F,84,1068.23,0.702,26.64,0,7.52,6.72,87.04,17.28,42.16,69.83,1,86.17,1
7290,2023,Sudeste,MG,Urbana,Médio,27466,F,89,1026.41,0.624,24.68,0,6.86,5.06,67.09,17.08,77.38,78.49,0,81.0,1
7291,2024,Sudeste,MG,Urbana,Grande,7175508,F,91,1312.7,0.722,15.57,1,5.02,8.29,54.21,19.34,78.16,71.49,1,89.56,0
7292,2022,Nordeste,CE,Rural,Pequeno,9261,M,103,1138.07,0.76,40.51,1,6.01,5.81,62.44,27.56,29.67,71.95,1,76.41,0
7293,2024,Sudeste,MG,Urbana,Pequeno,10852,M,102,868.73,0.725,13.41,0,4.56,6.1,42.78,23.69,55.66,64.03,0,76.3,1
7294,2024,Sudeste,MG,Rural,Grande,5800273,M,106,1322.89,0.695,11.34,0,6.0,9.25,51.87,19.82,90.98,68.75,1,72.7,1
7295,2023,Sudeste,SP,Urbana,Pequeno,5969,M,104,829.28,0.644,31.36,1,6.25,5.17,92.96,24.14,40.32,69.11,0,90.06,0
7296,2023,Nordeste,PB,Urbana,Médio,24704,F,104,879.62,0.624,26.35,1,2.88,5.27,71.6,24.24,17.31,72.32,0,83.85,1
7297,2024,Sul,RS,Rural,Pequeno,6837,F,94,1182.38,0.74,25.17,1,6.85,5.23,60.66,23.77,48.8,65.5,1,82.5,0
7298,2022,Nordeste,MA,Urbana,Pequeno,8685,M,94,558.78,0.622,17.02,1,4.08,5.44,70.02,16.86,39.04,70.6,1,86.52,0
7299,2024,Centro-Oeste,MS,Urbana,Médio,169048,F,91,900.74,0.6,15.04,0,5.29,5.8,84.28,12.73,76.78,64.45,0,87.98,0
7300,2023,Nordeste,MA,Urbana,Pequeno,3158,M,105,831.59,0.679,31.68,1,3.79,6.49,57.18,27.05,78.76,64.13,1,77.91,0
7301,2024,Nordeste,RN,Urbana,Médio,34557,F,95,755.54,0.695,32.77,0,4.49,5.19,58.6,22.6,83.49,71.15,0,77.68,1
7302,2024,Sudeste,ES,Urbana,Pequeno,16474,M,97,602.71,0.807,36.51,1,6.06,6.38,85.86,16.06,75.26,71.94,1,83.32,1
7303,2023,Norte,AC,Rural,Médio,108619,M,103,928.45,0.633,35.99,1,5.6,3.44,95.1,25.78,77.3,70.67,0,96.74,0
7304,2022,Nordeste,SE,Urbana,Pequeno,11779,F,90,385.94,0.665,23.06,1,3.83,3.27,75.67,22.54,65.42,72.0,0,95.89,0
7305,2023,Nordeste,PI,Urbana,Médio,55608,F,92,,0.603,31.01,0,4.88,4.3,86.64,19.82,43.7,74.04,0,90.91,1
7306,2022,Nordeste,AL,Urbana,Pequeno,3765,F,107,1153.43,0.611,28.6,0,4.42,7.34,81.13,21.32,62.94,71.93,1,77.11,0
7307,2022,Sul,RS,Urbana,Pequeno,10077,M,84,1091.68,0.642,18.27,0,4.92,7.47,66.68,21.2,73.32,79.74,1,84.32,0
7308,2022,Nordeste,PB,Urbana,Pequeno,7368,F,102,622.01,0.522,27.92,1,4.26,4.71,59.28,19.03,48.45,59.72,0,100.0,0
7309,2022,Nordeste,AL,Rural,Médio,62389,F,93,553.4,0.684,44.88,0,4.61,4.73,54.92,25.95,38.75,66.28,1,72.85,0
7310,2024,Sudeste,RJ,Urbana,Pequeno,2784,F,100,1752.3,0.756,31.22,1,6.02,5.81,89.62,25.51,72.39,64.08,0,82.32,0
7311,2024,Sudeste,ES,Urbana,Médio,31953,F,94,1057.55,0.63,16.89,0,3.91,5.16,53.21,21.7,89.88,83.7,1,93.9,1
7312,2023,Sul,RS,Urbana,Médio,92318,F,102,1220.54,0.665,24.13,0,4.83,4.95,88.11,29.06,71.78,71.77,1,98.56,0
7313,2022,Nordeste,PE,Urbana,Pequeno,5104,F,103,639.37,0.619,23.96,1,5.07,6.13,54.94,35.62,76.91,68.17,0,91.46,1
7314,2022,Norte,RR,Urbana,Médio,121974,M,104,524.47,0.651,22.11,0,4.17,6.17,33.85,20.93,63.4,70.56,0,88.71,0
7315,2024,Sudeste,RJ,Urbana,Grande,11265591,M,92,524.6,0.76,38.15,1,4.74,7.47,62.24,30.18,37.6,73.17,0,94.84,1
7316,2023,Sul,RS,Rural,Pequeno,13380,F,89,971.81,0.653,38.19,0,5.78,5.94,69.82,21.4,94.64,66.93,1,79.74,0
7317,2022,Nordeste,RN,Urbana,Pequeno,18516,F,94,611.61,0.76,32.15,1,3.4,3.62,84.82,12.58,69.17,79.25,1,87.62,0
7318,2024,Sudeste,RJ,Urbana,Médio,27241,F,99,1317.15,0.613,24.06,0,7.52,5.79,57.33,30.48,73.2,65.48,1,83.25,0
7319,2024,Nordeste,AL,Urbana,Pequeno,6524,M,84,819.51,0.721,21.94,0,5.52,5.5,74.9,29.09,45.09,70.63,0,77.14,0
7320,2024,Sudeste,ES,Urbana,Médio,85590,M,99,1422.36,0.755,16.97,0,6.23,10.0,57.71,23.11,56.32,68.29,1,92.53,1
7321,2023,Sudeste,ES,Rural,Médio,104454,F,94,610.15,0.701,21.27,0,8.43,5.78,92.43,21.45,64.11,72.02,1,92.97,1
7322,2022,Sudeste,ES,Urbana,Pequeno,16139,M,104,1360.68,0.649,30.65,1,6.59,6.51,57.42,26.76,71.43,65.16,0,87.24,1
7323,2024,Nordeste,AL,Urbana,Pequeno,18707,M,99,1103.87,0.646,19.09,0,3.95,6.32,69.24,24.89,70.06,63.99,1,87.25,0
7324,2023,Nordeste,BA,Urbana,Pequeno,2926,F,99,965.46,0.704,23.17,0,6.52,4.28,67.81,17.15,43.55,73.19,1,79.27,1
7325,2024,Sudeste,ES,Urbana,Pequeno,11411,F,105,1062.47,0.779,34.74,1,5.68,7.92,94.28,24.05,70.2,71.31,0,89.3,1
7326,2022,Sudeste,ES,Urbana,Médio,75590,M,103,789.98,0.655,35.34,1,5.6,8.18,81.12,18.06,57.77,68.41,0,90.0,0
7327,2022,Norte,AC,Urbana,Pequeno,5597,F,87,689.69,0.736,39.01,0,4.96,6.79,47.88,23.2,40.46,79.6,1,93.41,0
7328,2023,Sudeste,SP,Rural,Pequeno,12666,F,102,1175.66,0.679,20.5,1,3.43,6.49,59.82,18.99,67.55,73.28,1,89.86,0
7329,2022,Nordeste,BA,Urbana,Pequeno,11624,M,96,984.53,0.639,23.49,0,3.68,7.18,60.3,20.44,93.98,71.71,0,84.98,1
7330,2023,Norte,RR,Rural,Pequeno,19940,M,96,883.16,0.614,34.38,0,4.98,5.65,51.2,25.97,60.22,83.5,1,97.56,1
7331,2023,Sudeste,MG,Urbana,Médio,180739,F,94,1130.32,0.681,12.06,0,5.29,5.65,68.89,25.82,70.65,70.99,1,88.79,1
7332,2023,Sudeste,MG,Urbana,Médio,187607,F,92,1034.38,0.69,9.09,0,4.32,4.42,89.23,21.92,20.89,65.99,0,83.52,0
7333,2023,Sudeste,MG,Urbana,Pequeno,16985,M,87,942.69,0.629,12.03,1,4.53,5.84,83.19,21.83,58.13,79.13,1,82.91,0
7334,2022,Nordeste,BA,Urbana,Pequeno,14623,M,97,714.79,0.686,26.81,1,5.92,5.28,39.86,22.31,33.72,66.91,0,78.5,0
7335,2024,Sul,PR,Urbana,Grande,1361861,F,97,932.21,0.643,30.52,0,6.24,6.64,71.89,23.1,68.2,76.71,1,91.04,1
7336,2022,Nordeste,SE,Urbana,Médio,108641,F,86,1145.23,0.69,30.73,1,3.62,7.58,85.24,17.12,75.4,66.05,0,93.67,0
7337,2024,Sudeste,SP,Urbana,Médio,121872,F,95,988.59,0.799,16.91,0,6.05,7.1,53.75,19.33,68.34,72.68,1,99.66,0
7338,2023,Nordeste,AL,Urbana,Pequeno,4595,M,94,720.24,0.583,19.67,0,5.97,5.61,80.95,23.61,52.16,61.28,1,85.49,0
7339,2022,Sudeste,SP,Urbana,Pequeno,18002,M,99,876.4,0.664,29.83,0,3.84,7.02,62.52,21.6,94.09,76.7,0,91.06,0
7340,2023,Sudeste,MG,Urbana,Médio,81911,M,85,927.74,0.757,27.37,0,9.0,6.07,97.54,27.93,61.72,68.25,1,86.07,1
7341,2023,Sudeste,ES,Urbana,Médio,98186,F,93,437.66,0.716,16.44,0,6.07,6.05,77.05,22.28,8.98,82.22,1,78.26,0
7342,2024,Sudeste,MG,Rural,Grande,546818,F,85,1261.6,0.787,19.71,0,3.83,6.37,74.95,24.16,64.15,74.61,1,77.87,0
7343,2023,Sudeste,MG,Urbana,Médio,91215,F,99,953.63,0.809,16.41,0,4.85,5.51,78.83,24.0,54.37,77.62,0,99.37,1
7344,2022,Sudeste,SP,Urbana,Pequeno,7276,F,89,1173.81,0.701,27.26,0,5.4,6.97,74.35,20.51,49.08,71.54,1,95.08,0
7345,2023,Nordeste,CE,Urbana,Grande,2653410,M,96,217.39,0.606,29.64,1,5.79,3.66,92.56,23.05,50.76,76.8,1,80.49,0
7346,2024,Sudeste,SP,Urbana,Grande,8262445,M,86,1073.12,0.727,26.56,0,6.26,8.31,83.76,26.96,54.14,54.48,1,82.84,0
7347,2022,Nordeste,AL,Urbana,Pequeno,19244,F,105,916.85,0.626,33.87,0,5.11,8.78,24.13,25.55,68.53,80.95,0,85.89,0
7348,2023,Centro-Oeste,GO,Urbana,Pequeno,6955,F,103,957.45,0.754,47.2,1,5.56,5.15,72.6,24.89,61.29,67.78,1,83.09,0
7349,2023,Sudeste,RJ,Urbana,Médio,138991,M,105,774.6,0.778,23.3,0,4.85,4.52,46.55,16.65,78.24,70.09,0,91.69,1
7350,2022,Sudeste,SP,Urbana,Médio,74093,M,88,1628.68,0.825,23.98,0,2.96,4.51,84.59,18.28,58.47,74.91,0,85.13,0
7351,2024,Centro-Oeste,GO,Urbana,Pequeno,15551,M,102,,0.695,22.68,1,5.99,9.17,66.97,20.1,66.6,72.25,1,79.97,1
7352,2024,Nordeste,PB,Urbana,Médio,110729,F,103,1182.62,0.766,28.24,0,4.42,6.16,56.5,20.23,30.12,67.34,0,78.95,0
7353,2022,Nordeste,AL,Urbana,Grande,4463162,M,96,638.84,0.561,26.62,0,3.92,2.33,90.27,24.82,95.94,67.57,0,89.68,0
7354,2024,Nordeste,PI,Urbana,Grande,7202158,F,97,518.48,0.731,17.3,0,4.17,4.86,39.31,20.34,68.71,64.61,1,79.22,0
7355,2024,Sudeste,MG,Urbana,Grande,4173920,F,91,1086.09,0.73,31.39,1,5.66,5.88,82.1,16.43,48.21,67.47,1,87.77,0
7356,2022,Sul,SC,Urbana,Médio,63690,M,94,436.27,0.684,18.44,0,6.21,4.7,86.21,20.21,72.54,69.0,0,96.65,0
7357,2024,Sudeste,MG,Urbana,Médio,58538,M,102,1177.91,0.626,27.06,0,4.68,6.46,54.31,21.88,86.67,69.95,0,88.42,1
7358,2023,Nordeste,CE,Rural,Médio,151007,M,88,900.82,0.703,40.68,1,4.14,5.81,50.81,23.49,40.75,66.33,0,78.32,0
7359,2024,Centro-Oeste,GO,Urbana,Pequeno,4636,F,102,1089.81,0.704,35.19,0,5.39,5.3,70.41,20.9,60.94,63.3,1,79.07,0
7360,2022,Sul,RS,Urbana,Pequeno,8993,M,103,1429.4,0.801,22.54,0,5.77,8.4,31.6,19.27,45.33,62.65,0,90.0,0
7361,2022,Nordeste,CE,Urbana,Grande,4767802,M,106,853.37,0.593,27.72,1,6.36,7.07,82.77,21.21,44.0,68.55,0,92.98,1
7362,2023,Sudeste,MG,Urbana,Médio,158249,F,97,931.91,0.746,2.67,0,5.69,4.14,84.32,20.95,55.63,68.39,0,100.0,1
7363,2024,Nordeste,PB,Urbana,Pequeno,19211,F,89,689.31,0.593,15.55,0,,3.94,47.6,20.7,54.84,67.99,0,88.68,0
7364,2022,Sudeste,MG,Urbana,Grande,2316430,F,92,,0.682,19.6,1,6.11,5.64,62.52,17.17,48.91,67.18,0,80.21,0
7365,2024,Nordeste,PE,Urbana,Pequeno,4430,F,107,1096.39,0.556,40.17,1,5.58,5.98,77.52,25.78,58.67,72.4,1,96.52,0
7366,2023,Centro-Oeste,MT,Rural,Grande,10145940,M,100,1111.79,0.658,28.9,0,5.98,6.18,68.67,27.66,20.15,65.99,0,80.12,0
7367,2023,Sudeste,RJ,Rural,Pequeno,2412,M,101,654.81,0.697,19.84,0,3.76,9.04,61.77,20.03,65.0,73.82,1,79.96,0
7368,2022,Nordeste,RN,Urbana,Médio,80484,M,95,573.62,0.575,35.38,1,5.14,8.09,61.54,22.16,60.63,72.19,1,93.28,0
7369,2024,Nordeste,PB,Urbana,Médio,143220,F,102,799.62,0.698,41.57,1,6.43,4.54,85.91,24.75,47.42,66.83,0,83.14,0
7370,2024,Nordeste,BA,Urbana,Pequeno,10404,M,85,998.73,0.709,23.05,1,2.35,3.87,74.83,21.49,48.34,64.0,1,78.91,0
7371,2022,Sul,PR,Urbana,Pequeno,18705,M,86,924.58,0.651,20.46,1,5.74,2.9,76.96,23.52,39.89,78.79,1,100.0,1
7372,2023,Nordeste,MA,Urbana,Médio,73913,M,103,1020.45,0.761,22.99,0,5.6,7.01,82.31,23.43,64.85,67.83,1,84.34,1
7373,2022,Sudeste,RJ,Urbana,Pequeno,15940,M,107,1239.46,0.764,18.19,1,6.68,8.1,53.9,19.34,62.36,67.56,1,78.05,1
7374,2024,Sul,RS,Urbana,Pequeno,8618,F,97,1270.45,0.72,6.93,0,4.14,5.51,78.68,29.97,100.0,67.92,1,80.63,0
7375,2022,Sudeste,ES,Urbana,Médio,160935,F,89,969.65,0.712,25.38,1,6.11,6.12,53.45,20.59,69.36,70.75,1,79.29,0
7376,2024,Sul,PR,Rural,Pequeno,15214,M,106,1099.21,0.641,33.01,0,7.15,5.87,69.01,24.19,91.57,70.04,0,87.58,1
7377,2024,Sul,SC,Urbana,Pequeno,17712,M,85,986.66,0.763,5.45,0,5.0,6.58,86.28,23.71,60.43,70.81,0,89.87,1
7378,2023,Nordeste,RN,Urbana,Médio,147970,F,92,808.88,0.677,36.37,0,5.3,5.09,73.43,17.16,51.91,63.57,0,78.87,0
7379,2023,Nordeste,SE,Urbana,Pequeno,10913,M,86,1206.12,0.708,19.47,0,3.41,9.67,83.82,26.76,40.59,67.74,0,83.59,1
7380,2023,Sudeste,SP,Urbana,Pequeno,4395,F,103,1400.87,0.728,16.83,0,7.27,8.34,85.61,22.47,61.38,67.71,0,100.0,0
7381,2024,Sudeste,ES,Urbana,Grande,4111786,F,92,1411.73,0.788,14.61,1,3.77,7.64,80.6,12.57,80.47,72.96,1,86.89,1
7382,2023,Nordeste,AL,Urbana,Pequeno,4460,F,85,704.71,0.678,24.04,0,3.8,6.81,62.23,25.71,73.79,61.59,1,90.55,0
7383,2023,Sudeste,RJ,Rural,Grande,7361587,F,105,1232.3,0.744,10.84,0,4.93,5.63,50.53,18.98,75.17,67.72,1,76.78,0
7384,2024,Nordeste,AL,Urbana,Grande,3375513,M,85,719.98,0.685,41.41,1,4.34,6.03,68.25,22.49,41.59,70.71,0,100.0,0
7385,2022,Sudeste,ES,Urbana,Médio,53418,F,99,948.07,0.668,15.35,0,,3.65,85.79,20.67,80.66,72.98,0,87.74,0
7386,2023,Sudeste,RJ,Urbana,Médio,148590,F,106,1487.55,0.666,31.93,0,,5.46,92.67,20.58,62.1,79.0,0,97.62,1
7387,2024,Nordeste,PB,Urbana,Pequeno,6574,M,84,440.18,0.666,37.05,1,5.15,4.33,61.3,24.21,71.69,70.11,1,93.88,0
7388,2023,Norte,RO,Urbana,Médio,60969,M,98,1383.65,0.629,30.59,0,2.3,6.37,66.65,18.87,52.2,69.66,0,87.78,0
7389,2023,Nordeste,BA,Urbana,Médio,51132,F,85,834.95,0.667,31.09,0,5.38,7.11,99.76,27.45,24.41,64.25,1,86.24,0
7390,2022,Sudeste,RJ,Urbana,Pequeno,8654,M,86,508.5,0.724,34.09,1,6.95,10.0,75.46,17.53,90.75,75.39,1,91.64,1
7391,2023,Sudeste,RJ,Urbana,Pequeno,17028,F,99,850.55,0.712,30.67,0,3.86,5.31,94.48,19.79,73.36,69.28,1,81.09,0
7392,2022,Sul,RS,Urbana,Pequeno,11662,M,94,1194.31,0.837,26.83,1,4.83,6.96,61.21,17.13,35.3,75.8,0,84.78,0
7393,2024,Nordeste,MA,Urbana,Pequeno,5182,M,107,844.25,0.732,25.19,0,5.5,5.79,49.34,18.04,79.72,72.45,1,81.98,0
7394,2022,Nordeste,PI,Urbana,Médio,53165,M,92,1334.76,0.609,19.84,1,6.63,4.75,51.47,12.68,47.4,65.96,0,80.61,0
7395,2022,Sudeste,ES,Urbana,Pequeno,14801,M,105,1049.65,0.783,6.97,0,7.43,7.3,55.64,28.56,55.3,74.64,1,95.66,0
7396,2023,Nordeste,MA,Urbana,Pequeno,19685,M,107,838.95,0.766,20.91,1,3.93,5.97,54.84,22.48,27.1,70.11,0,,0
7397,2024,Nordeste,PI,Rural,Pequeno,16286,F,103,1036.18,0.688,23.5,0,2.98,4.86,39.07,18.6,19.3,67.21,1,82.16,1
7398,2023,Sudeste,SP,Rural,Pequeno,16755,M,85,1557.8,0.767,16.4,1,6.13,6.15,73.9,22.89,56.34,72.64,0,83.36,0
7399,2024,Sul,SC,Urbana,Pequeno,5996,F,85,1136.2,0.691,11.13,0,5.89,7.52,78.03,22.61,83.66,61.15,1,86.82,0
7400,2022,Nordeste,CE,Urbana,Pequeno,12663,F,106,746.77,0.664,28.54,0,5.46,6.69,69.53,21.25,70.0,66.87,1,91.36,0
7401,2022,Norte,AC,Rural,Pequeno,4881,M,98,992.73,0.726,38.79,0,4.77,5.83,95.77,22.8,61.08,60.07,0,74.97,0
7402,2023,Centro-Oeste,GO,Urbana,Grande,2094157,M,93,1053.38,0.721,12.29,1,4.06,4.82,83.92,20.14,32.86,62.93,1,90.83,0
7403,2022,Sudeste,ES,Urbana,Pequeno,14507,F,103,1316.14,0.741,18.58,0,6.12,5.88,88.36,18.69,63.95,73.69,0,80.92,0
7404,2022,Nordeste,PE,Urbana,Pequeno,11587,F,105,1069.36,0.613,35.36,0,6.02,5.29,52.6,21.18,18.45,68.5,0,85.47,1
7405,2024,Sudeste,MG,Rural,Médio,161019,M,97,747.03,0.676,24.99,1,3.65,4.68,81.09,21.84,60.52,70.9,1,100.0,0
7406,2023,Sudeste,MG,Urbana,Pequeno,18099,F,93,1084.63,0.81,24.13,1,6.61,7.27,48.86,22.29,59.11,71.25,1,67.64,1
7407,2023,Centro-Oeste,MT,Urbana,Pequeno,3870,F,89,1114.96,0.635,31.62,1,4.82,7.71,100.0,19.96,52.22,71.27,1,92.64,0
7408,2022,Sudeste,ES,Rural,Pequeno,4846,F,87,1084.5,0.727,29.31,0,4.63,4.59,62.26,19.65,64.13,68.89,0,91.71,0
7409,2023,Centro-Oeste,DF,Urbana,Médio,104208,M,104,664.61,0.669,30.48,0,7.03,5.16,69.16,25.12,80.83,73.72,0,82.36,1
7410,2024,Sudeste,SP,Rural,Pequeno,19254,F,88,1049.25,0.71,14.76,0,5.3,5.28,58.21,19.8,92.59,70.97,0,98.55,0
7411,2022,Sul,SC,Urbana,Médio,131197,M,95,883.16,0.783,28.41,0,4.69,7.68,53.31,26.31,67.84,70.98,0,93.06,0
7412,2024,Centro-Oeste,DF,Urbana,Grande,220750,F,103,872.73,0.684,26.16,1,3.81,8.29,64.84,29.58,81.26,69.07,0,92.62,1
7413,2024,Nordeste,CE,Rural,Pequeno,2104,M,97,224.72,0.661,21.19,0,4.73,7.28,52.42,14.84,48.02,75.75,0,75.59,0
7414,2024,Sudeste,ES,Rural,Pequeno,16415,M,98,,0.732,26.31,0,5.52,8.92,49.45,21.19,79.7,65.0,1,92.35,1
7415,2023,Sudeste,MG,Urbana,Médio,58528,M,84,1228.54,0.659,15.26,1,7.81,4.42,57.21,22.23,100.0,72.82,0,94.3,0
7416,2024,Sudeste,MG,Urbana,Pequeno,8881,M,84,1032.76,0.63,13.06,1,6.36,5.71,72.89,24.96,45.23,78.73,1,100.0,0
7417,2022,Nordeste,BA,Rural,Médio,116287,M,96,749.44,0.627,28.99,0,6.39,6.92,42.94,29.43,21.51,67.63,0,87.3,0
7418,2024,Sul,SC,Urbana,Pequeno,2746,M,105,886.46,0.816,28.41,0,4.02,7.0,58.45,15.92,85.4,80.73,0,90.76,1
7419,2023,Sul,PR,Urbana,Médio,67379,F,86,725.4,0.843,18.91,0,7.96,6.49,52.33,23.7,69.71,68.82,1,93.92,1
7420,2024,Sul,PR,Urbana,Pequeno,5082,M,96,1482.73,0.767,26.64,0,4.48,4.52,53.72,22.06,53.72,76.72,1,96.48,1
7421,2022,Sudeste,RJ,Urbana,Pequeno,5704,M,94,1186.62,0.686,24.23,1,5.34,6.87,54.49,24.56,62.79,68.75,0,95.04,0
7422,2023,Centro-Oeste,GO,Urbana,Pequeno,15961,M,95,866.07,0.697,28.62,1,5.49,4.88,57.34,21.18,48.76,74.02,1,87.13,0
7423,2024,Sudeste,RJ,Urbana,Médio,198940,F,94,858.03,0.67,29.97,1,5.49,6.22,88.68,22.07,65.74,70.27,0,84.9,1
7424,2023,Sudeste,ES,Rural,Grande,7564055,F,105,1170.63,0.814,38.05,1,6.95,9.15,97.36,16.83,56.39,71.43,0,82.2,0
7425,2023,Sul,PR,Urbana,Grande,10679376,F,100,685.37,0.696,20.31,0,4.91,3.77,78.47,17.34,34.63,73.16,0,100.0,0
7426,2022,Sudeste,MG,Rural,Pequeno,6599,M,98,1063.99,0.709,40.23,1,7.36,6.7,72.76,14.47,91.66,65.41,1,92.84,1
7427,2022,Sudeste,RJ,Urbana,Grande,1180012,F,105,273.77,0.667,18.34,1,4.33,7.63,57.9,20.28,85.76,85.26,0,93.79,1
7428,2022,Centro-Oeste,GO,Urbana,Pequeno,9479,F,92,,0.755,26.34,1,4.71,8.02,79.49,26.63,67.8,66.62,0,95.23,1
7429,2022,Sudeste,ES,Rural,Médio,199742,F,86,856.42,0.744,25.73,1,4.77,4.42,95.65,22.54,41.22,73.62,1,88.23,1
7430,2024,Nordeste,CE,Urbana,Pequeno,3559,M,103,554.19,0.677,23.31,0,3.16,6.37,78.62,12.98,49.21,73.5,1,100.0,0
7431,2022,Sul,SC,Urbana,Pequeno,13506,F,96,802.03,0.696,18.1,0,4.06,2.42,83.59,26.96,68.89,71.27,0,86.46,0
7432,2023,Sul,SC,Urbana,Pequeno,10468,F,107,766.88,0.815,19.64,0,4.15,6.04,62.87,21.11,81.3,68.88,1,82.9,0
7433,2023,Sul,RS,Urbana,Pequeno,17191,F,103,964.79,0.66,22.41,0,4.03,7.64,53.53,22.43,45.46,67.08,1,,0
7434,2023,Norte,AP,Rural,Médio,77257,M,84,326.47,0.602,37.73,0,6.85,5.72,78.5,28.51,51.22,70.24,1,82.08,0
7435,2022,Sudeste,RJ,Urbana,Médio,174043,M,90,872.63,0.659,5.08,0,6.04,5.34,60.29,21.51,49.78,71.04,0,83.33,0
7436,2024,Nordeste,PE,Urbana,Médio,89475,M,91,,0.689,32.49,0,4.14,5.21,58.33,21.96,58.94,69.01,1,97.35,1
7437,2022,Nordeste,SE,Rural,Pequeno,12896,M,105,721.43,0.595,16.17,0,5.5,5.35,71.07,17.55,100.0,74.61,1,83.09,0
7438,2022,Sudeste,RJ,Urbana,Pequeno,10732,F,99,1151.58,0.725,30.02,1,6.76,5.16,68.63,22.46,41.52,71.43,0,92.3,1
7439,2022,Sudeste,MG,Rural,Pequeno,5809,M,104,508.75,0.787,28.51,0,6.87,7.64,87.77,25.25,45.28,69.98,1,92.68,1
7440,2024,Sudeste,ES,Urbana,Médio,138106,F,101,1089.26,0.673,16.42,0,4.35,5.65,55.31,13.58,38.2,74.89,0,85.67,0
7441,2022,Sudeste,MG,Urbana,Médio,51515,M,103,,0.686,11.66,0,7.25,5.2,80.98,14.47,58.44,76.27,1,92.65,1
7442,2023,Sudeste,RJ,Urbana,Pequeno,10951,F,92,985.03,0.826,18.75,0,,6.16,76.38,25.34,68.32,81.87,1,97.88,1
7443,2023,Centro-Oeste,GO,Rural,Pequeno,12189,F,98,1184.5,0.708,25.71,0,6.07,7.5,81.39,21.6,80.38,70.18,0,71.29,0
7444,2023,Nordeste,MA,Urbana,Pequeno,6068,F,106,801.58,0.651,23.7,0,1.56,7.8,68.24,14.76,28.7,68.68,1,86.42,0
7445,2022,Sul,SC,Urbana,Médio,185409,F,102,572.62,0.77,26.96,1,6.27,6.64,72.31,22.38,93.93,71.92,1,81.73,1
7446,2022,Nordeste,PI,Urbana,Pequeno,6317,M,98,630.99,0.747,41.7,0,5.74,4.35,77.68,18.86,45.68,69.16,1,81.69,1
7447,2022,Sudeste,SP,Urbana,Grande,6489622,M,105,968.65,0.726,12.59,0,4.79,7.54,65.53,22.21,63.85,68.05,1,98.6,1
7448,2022,Nordeste,CE,Urbana,Pequeno,16341,F,95,592.61,0.742,28.52,0,5.44,3.51,59.49,20.9,75.69,67.02,1,85.61,0
7449,2023,Nordeste,RN,Urbana,Pequeno,10545,F,89,817.37,0.523,22.16,0,,6.22,76.68,17.42,60.14,73.07,1,83.8,1
7450,2024,Nordeste,SE,Rural,Médio,65101,M,84,730.21,0.629,25.31,0,3.18,4.74,59.49,35.47,55.66,76.36,0,98.73,0
7451,2022,Nordeste,CE,Urbana,Pequeno,15709,F,103,962.84,0.56,33.44,1,4.13,7.64,86.45,20.55,25.29,70.82,0,81.08,1
7452,2022,Norte,RR,Urbana,Pequeno,16381,M,84,946.5,0.576,32.32,0,3.3,7.92,54.44,28.27,100.0,92.81,1,80.69,1
7453,2022,Nordeste,PE,Urbana,Pequeno,9847,F,105,891.52,0.561,36.34,1,6.02,7.68,55.11,30.76,55.85,74.91,1,94.53,0
7454,2024,Nordeste,AL,Urbana,Pequeno,16034,M,106,621.2,0.675,21.08,0,6.14,6.14,53.57,22.26,74.4,67.09,1,94.12,0
7455,2022,Sudeste,RJ,Rural,Pequeno,12454,F,93,1092.51,0.653,20.62,0,2.82,7.11,75.8,17.4,50.06,56.57,0,90.81,0
7456,2024,Sul,PR,Urbana,Grande,10620826,M,93,1080.95,0.727,25.4,0,4.32,7.48,75.67,21.82,68.07,61.96,1,90.11,1
7457,2022,Sudeste,SP,Urbana,Médio,35719,M,85,959.78,0.771,38.65,0,2.84,6.31,61.42,27.9,54.94,74.97,0,87.8,1
7458,2023,Centro-Oeste,MS,Urbana,Pequeno,5642,M,91,957.05,0.839,30.07,0,5.48,5.69,70.36,27.24,80.99,72.63,1,93.3,0
7459,2023,Sul,SC,Urbana,Pequeno,15818,M,93,1254.65,0.676,17.22,0,6.75,5.45,94.51,22.66,62.54,72.61,1,97.28,0
7460,2023,Nordeste,SE,Rural,Pequeno,10397,F,94,902.44,0.607,19.28,0,5.33,3.1,78.93,18.63,63.89,69.41,1,95.09,1
7461,2022,Sul,SC,Rural,Pequeno,3372,M,90,1093.92,0.703,17.02,0,4.75,3.53,42.16,20.23,83.68,74.85,0,84.09,0
7462,2023,Nordeste,BA,Urbana,Pequeno,16999,F,99,797.37,0.737,35.6,0,4.72,8.15,68.04,20.69,59.92,73.13,1,87.9,0
7463,2024,Norte,AP,Urbana,Pequeno,3730,M,104,528.86,0.646,33.44,1,4.2,5.86,79.93,20.69,40.06,64.31,0,80.58,0
7464,2022,Sudeste,RJ,Urbana,Pequeno,5065,F,103,522.21,0.872,29.27,1,6.33,8.66,72.96,21.6,57.2,68.11,0,90.39,0
7465,2023,Nordeste,CE,Urbana,Médio,53057,F,100,1065.33,0.674,39.6,1,4.57,5.75,82.27,27.74,77.26,59.53,1,,0
7466,2022,Sudeste,RJ,Urbana,Médio,74533,M,103,1052.11,0.637,24.28,0,3.15,8.28,61.26,20.28,38.67,73.63,0,79.45,0
7467,2022,Nordeste,CE,Urbana,Pequeno,4228,M,92,486.26,0.694,28.67,0,4.64,6.92,72.23,17.08,65.08,62.29,1,91.01,0
7468,2023,Centro-Oeste,DF,Urbana,Pequeno,16088,F,85,957.75,0.829,23.71,1,6.64,5.62,53.13,15.11,72.47,72.7,1,88.14,0
7469,2022,Sul,PR,Urbana,Pequeno,12254,M,105,1281.74,0.702,15.68,1,5.4,4.85,64.18,16.63,57.42,68.7,1,94.06,1
7470,2023,Sudeste,MG,Urbana,Pequeno,6318,F,96,673.38,0.672,37.73,0,4.64,6.86,71.81,20.28,60.37,71.84,0,93.45,1
7471,2023,Sudeste,MG,Urbana,Grande,10111849,F,90,1075.08,0.761,18.67,0,4.73,8.12,64.97,16.19,83.76,66.78,1,88.31,1
7472,2024,Sul,RS,Urbana,Grande,3758204,M,105,668.63,0.715,32.19,0,6.66,4.1,86.61,23.69,39.53,75.31,1,84.04,1
7473,2023,Sudeste,MG,Urbana,Pequeno,5769,M,106,749.34,0.692,28.02,0,5.23,7.16,52.66,24.12,62.55,68.29,1,82.95,0
7474,2024,Nordeste,AL,Rural,Médio,37125,F,89,,0.691,31.43,0,2.65,6.56,52.4,21.16,68.74,63.09,0,85.82,0
7475,2022,Nordeste,RN,Urbana,Médio,130806,M,86,255.22,0.77,37.45,1,4.06,4.62,57.84,26.47,61.38,57.9,1,87.76,1
7476,2022,Sudeste,SP,Urbana,Grande,9212997,M,91,576.81,0.744,11.19,0,3.88,5.7,90.71,17.48,64.38,66.28,0,86.53,1
7477,2024,Sul,SC,Urbana,Pequeno,16548,F,105,1397.83,0.652,34.36,0,4.39,7.45,70.72,18.1,79.67,64.94,1,89.7,0
7478,2022,Sul,PR,Urbana,Pequeno,16802,F,84,640.84,0.706,18.27,0,5.99,6.68,68.46,24.66,87.97,66.2,1,80.65,1
7479,2022,Nordeste,AL,Urbana,Médio,151269,M,107,551.48,0.604,27.07,0,3.0,4.81,76.4,21.61,46.67,61.85,1,98.93,1
7480,2024,Nordeste,PI,Urbana,Pequeno,5242,M,88,995.49,0.637,37.31,0,4.3,6.43,74.04,26.94,46.81,71.09,1,88.32,1
7481,2024,Nordeste,PE,Urbana,Pequeno,15581,F,105,,0.698,33.37,0,4.62,7.17,59.21,24.52,34.11,77.09,1,75.2,0
7482,2022,Sul,SC,Urbana,Pequeno,18631,F,87,978.23,0.676,34.79,1,5.19,3.63,76.6,15.06,65.58,75.16,1,83.73,1
7483,2024,Sul,SC,Urbana,Médio,129898,F,93,749.47,0.618,16.88,0,5.28,7.9,59.05,22.16,85.07,64.76,1,95.18,0
7484,2024,Nordeste,PI,Urbana,Médio,117290,F,107,891.32,0.718,17.44,0,4.58,4.34,51.89,21.15,54.63,58.18,1,89.06,1
7485,2022,Sudeste,MG,Urbana,Grande,11267540,M,94,1072.74,0.698,19.37,0,5.2,7.85,53.51,25.34,11.16,65.09,0,,0
7486,2022,Norte,AC,Urbana,Grande,5200750,F,86,470.11,0.757,34.19,0,,4.66,82.09,12.71,73.98,73.99,1,85.26,1
7487,2024,Sudeste,ES,Urbana,Médio,40240,F,85,1319.39,0.684,19.54,0,7.29,7.72,89.6,25.71,58.76,67.23,0,95.11,0
7488,2023,Sudeste,ES,Urbana,Médio,196865,M,95,1022.8,0.704,7.58,0,6.12,3.45,71.64,25.11,37.17,72.26,1,84.55,0
7489,2024,Sudeste,ES,Urbana,Médio,77699,M,96,735.47,0.645,21.9,0,3.62,7.28,100.0,26.16,59.31,71.42,1,100.0,0
7490,2024,Sul,PR,Urbana,Pequeno,10120,M,85,508.75,0.802,18.45,0,7.46,4.17,63.06,22.91,39.02,67.42,1,87.12,1
7491,2024,Norte,PA,Urbana,Pequeno,11498,F,92,787.23,0.697,21.27,1,4.72,7.33,54.86,24.95,61.68,72.03,1,90.04,1
7492,2023,Nordeste,AL,Urbana,Médio,199780,M,100,895.87,0.637,26.85,1,3.52,4.29,89.57,17.05,50.23,80.27,1,94.62,1
7493,2022,Nordeste,PB,Urbana,Médio,149585,M,93,653.53,0.582,25.03,0,4.75,4.65,70.23,18.17,71.46,68.01,1,95.42,1
7494,2022,Sul,PR,Urbana,Médio,182971,M,97,1179.79,0.741,30.49,1,6.03,7.88,59.35,17.79,73.39,73.26,0,87.98,1
7495,2022,Sul,PR,Urbana,Médio,80848,F,98,817.14,0.639,25.27,1,8.44,6.74,50.2,18.98,75.71,75.8,1,95.86,1
7496,2024,Sudeste,RJ,Urbana,Médio,39339,F,104,1137.89,0.645,21.11,0,4.43,7.77,63.66,16.0,100.0,73.06,0,86.1,1
7497,2023,Sul,RS,Urbana,Médio,170464,F,94,1263.71,0.68,20.55,0,4.58,5.54,64.38,24.16,63.92,67.65,1,89.96,0
7498,2023,Sudeste,SP,Urbana,Pequeno,5838,M,104,997.86,0.729,25.37,0,4.22,7.89,43.91,13.49,73.12,77.82,0,78.97,0
7499,2023,Norte,AC,Urbana,Pequeno,4274,F,94,1160.33,0.677,43.07,0,6.22,4.76,78.21,22.7,90.36,62.35,1,94.26,0
7500,2022,Sudeste,ES,Urbana,Pequeno,19539,M,96,1153.65,0.626,29.18,1,6.22,6.95,98.86,17.57,66.18,69.09,0,86.26,1
7501,2022,Norte,AP,Urbana,Pequeno,3818,M,89,621.45,0.685,27.75,1,6.28,3.21,84.7,18.22,41.9,70.35,0,91.43,0
7502,2024,Nordeste,PE,Rural,Médio,74000,M,106,974.65,0.7,26.99,1,3.01,6.36,75.8,17.42,60.06,74.55,1,90.27,0
7503,2023,Norte,PA,Urbana,Médio,189341,M,93,878.82,0.738,25.74,0,3.92,3.98,70.54,22.78,56.75,65.03,1,,1
7504,2024,Sudeste,ES,Urbana,Médio,42260,M,85,996.13,0.677,23.84,1,5.21,8.85,88.3,25.92,79.21,69.96,0,96.14,1
7505,2022,Sul,PR,Urbana,Pequeno,5974,F,103,1131.49,0.736,12.61,0,4.65,7.44,66.21,25.32,46.86,75.14,1,90.29,0
7506,2024,Sudeste,RJ,Urbana,Grande,5552850,M,104,1474.79,0.671,19.34,0,6.52,3.63,63.27,16.45,53.27,67.9,0,92.07,1
7507,2024,Nordeste,MA,Urbana,Pequeno,13113,F,107,,0.631,18.23,0,7.37,8.02,51.19,17.51,74.75,63.34,0,94.53,0
7508,2023,Centro-Oeste,DF,Urbana,Pequeno,7286,M,87,827.73,0.684,22.85,0,3.96,7.08,82.58,19.92,54.05,68.73,0,79.86,1
7509,2022,Sudeste,MG,Urbana,Grande,1626593,M,97,1200.36,0.727,22.33,0,4.22,6.68,80.55,24.52,60.45,71.19,1,86.14,0
7510,2024,Sudeste,MG,Urbana,Pequeno,7321,M,99,1494.28,0.793,31.64,1,7.42,9.06,81.36,21.24,55.68,65.7,0,89.52,0
7511,2024,Sudeste,RJ,Rural,Médio,30687,F,105,902.03,0.646,25.1,1,5.39,5.14,86.37,20.61,49.59,69.46,0,98.48,1
7512,2023,Nordeste,MA,Urbana,Grande,11048905,M,106,,0.698,16.12,0,5.23,6.6,57.78,19.15,15.84,66.77,1,86.73,0
7513,2024,Sudeste,RJ,Urbana,Grande,8478036,M,96,1040.1,0.753,27.36,1,4.83,5.54,62.73,17.24,58.41,76.13,0,94.3,0
7514,2023,Sudeste,RJ,Rural,Pequeno,7136,M,95,614.06,0.742,29.96,1,5.22,4.69,89.8,24.39,73.35,64.03,0,89.85,0
7515,2024,Nordeste,BA,Urbana,Grande,2823698,F,88,1221.31,0.629,29.19,0,5.68,3.53,78.82,27.61,46.12,62.7,0,80.84,1
7516,2022,Norte,AC,Urbana,Grande,8530165,M,103,326.24,0.672,17.69,0,6.01,2.1,68.99,24.14,51.11,64.84,0,71.69,1
7517,2023,Nordeste,PI,Urbana,Médio,49601,M,106,877.07,0.752,38.57,1,6.23,5.27,56.42,26.31,48.06,64.05,0,84.88,0
7518,2022,Sudeste,RJ,Urbana,Pequeno,8916,M,95,1017.56,0.755,28.76,0,4.58,4.9,56.23,27.78,52.27,69.24,0,91.26,0
7519,2023,Nordeste,BA,Urbana,Grande,1941837,F,85,793.9,0.706,33.29,0,4.51,5.26,59.15,16.15,82.06,71.71,0,78.36,1
7520,2023,Nordeste,PE,Rural,Grande,9605178,M,99,812.91,0.71,36.59,0,3.67,8.93,60.27,15.5,44.34,65.24,0,78.77,0
7521,2022,Nordeste,PE,Urbana,Pequeno,4243,F,94,839.71,0.688,30.24,0,4.94,3.25,80.36,25.43,60.16,69.87,1,77.65,1
7522,2022,Nordeste,RN,Urbana,Grande,5613000,M,97,1156.41,0.593,31.64,1,3.2,5.2,77.96,14.76,70.77,75.73,1,93.77,0
7523,2023,Sul,PR,Urbana,Pequeno,14280,M,89,974.92,0.725,16.5,0,5.99,6.31,62.94,16.38,81.42,75.48,1,98.83,0
7524,2023,Nordeste,AL,Urbana,Grande,11934545,M,100,798.66,0.719,28.53,1,4.85,6.84,83.79,18.57,52.52,63.94,0,91.77,1
7525,2022,Sudeste,MG,Urbana,Médio,133182,F,103,1550.31,0.775,20.72,0,5.8,5.84,65.34,21.39,61.01,72.93,0,90.5,1
7526,2022,Norte,RR,Urbana,Médio,169001,M,106,620.0,0.718,30.65,0,3.79,4.2,44.16,18.61,65.96,65.84,0,63.67,0
7527,2022,Nordeste,SE,Rural,Médio,149471,M,93,1147.87,0.57,32.71,1,5.2,5.03,65.31,19.67,64.52,69.0,0,87.89,1
7528,2023,Centro-Oeste,DF,Urbana,Grande,8945883,F,105,1113.1,0.825,30.1,0,4.27,5.48,96.11,25.04,33.68,79.88,1,82.41,1
7529,2024,Sudeste,RJ,Urbana,Grande,10917493,F,94,1044.5,0.718,14.57,0,6.36,3.01,81.9,29.24,41.41,71.54,0,76.59,0
7530,2022,Sudeste,RJ,Urbana,Médio,36719,F,88,880.66,0.64,18.82,0,5.2,6.2,81.0,15.22,79.16,73.19,0,88.53,0
7531,2022,Nordeste,CE,Urbana,Pequeno,17730,F,96,690.75,0.599,27.41,1,4.42,4.95,90.71,25.07,59.43,69.4,1,78.39,1
7532,2022,Nordeste,AL,Urbana,Pequeno,11402,M,84,668.44,0.74,38.16,0,5.95,5.59,42.61,22.49,32.87,61.8,1,72.84,1
7533,2022,Norte,TO,Urbana,Pequeno,17688,F,88,786.62,0.572,30.43,0,5.12,7.08,62.04,26.16,69.75,64.01,1,90.61,0
7534,2024,Sul,RS,Rural,Pequeno,19970,F,95,,0.718,26.97,0,5.53,4.72,97.87,23.07,59.62,77.58,0,100.0,1
7535,2024,Sudeste,SP,Urbana,Pequeno,6157,M,89,692.12,0.681,4.16,0,6.09,8.69,63.41,17.01,94.24,69.48,0,86.88,1
7536,2023,Sul,PR,Urbana,Médio,157596,M,101,409.14,0.642,22.9,0,4.36,6.82,54.44,20.34,67.28,73.35,0,94.65,1
7537,2024,Sudeste,SP,Urbana,Pequeno,3300,F,93,1580.94,0.648,18.25,0,3.54,7.09,22.53,30.24,75.67,73.72,0,85.8,0
7538,2022,Sudeste,SP,Urbana,Pequeno,5024,M,98,899.76,0.666,38.41,0,4.82,8.32,100.0,20.62,57.79,72.04,1,88.08,0
7539,2024,Sudeste,RJ,Urbana,Grande,4518713,F,93,280.79,0.61,23.55,1,5.04,8.21,76.48,23.05,91.35,69.54,1,86.9,1
7540,2023,Nordeste,SE,Urbana,Pequeno,4711,F,106,919.13,0.736,27.35,1,4.42,8.92,60.37,22.58,42.1,70.47,1,75.59,1
7541,2024,Sudeste,SP,Urbana,Grande,6928353,F,104,762.33,0.702,6.54,0,,7.04,54.95,23.02,86.45,67.49,0,88.18,0
7542,2022,Nordeste,PB,Urbana,Pequeno,9937,M,93,803.14,0.666,32.49,0,7.04,5.44,71.3,20.84,75.54,74.24,1,85.04,1
7543,2022,Sudeste,SP,Rural,Médio,57875,M,89,763.52,0.708,26.69,1,4.82,7.57,100.0,23.24,67.57,72.46,1,92.31,0
7544,2023,Sudeste,SP,Urbana,Pequeno,2754,F,88,896.85,0.647,16.79,1,5.47,7.33,79.63,21.37,30.62,62.02,1,85.02,1
7545,2024,Centro-Oeste,DF,Urbana,Pequeno,7060,F,94,958.56,0.72,39.9,0,3.22,5.86,78.95,15.74,86.91,68.76,0,79.67,1
7546,2022,Sudeste,MG,Urbana,Pequeno,8008,M,96,1072.83,0.721,7.45,0,2.21,8.32,87.25,23.25,52.28,74.21,1,88.04,1
7547,2022,Sul,SC,Urbana,Pequeno,14939,M,97,1069.31,0.585,16.0,0,4.25,5.25,84.02,23.68,58.13,77.05,1,99.99,0
7548,2024,Sudeste,RJ,Urbana,Pequeno,9806,M,87,1125.48,0.752,14.56,0,1.97,4.61,98.06,21.39,55.67,82.68,0,94.1,0
7549,2023,Sudeste,SP,Urbana,Pequeno,7829,F,99,1566.04,0.623,16.69,0,6.23,6.46,70.61,22.97,64.72,64.1,1,87.06,1
7550,2022,Centro-Oeste,MS,Urbana,Pequeno,17445,F,99,822.98,0.683,37.03,1,5.13,4.09,60.0,26.41,38.0,71.59,1,67.83,0
7551,2022,Sul,PR,Urbana,Pequeno,12510,M,106,,0.746,19.87,1,3.26,5.33,68.03,28.7,83.09,70.77,1,92.07,0
7552,2024,Nordeste,AL,Urbana,Pequeno,9503,F,91,580.91,0.622,29.49,0,5.12,6.61,81.53,20.46,76.76,67.25,1,89.18,1
7553,2024,Sudeste,MG,Urbana,Médio,46342,M,106,1416.11,0.762,27.75,1,2.94,3.02,80.42,21.73,21.4,70.29,1,100.0,0
7554,2024,Sudeste,ES,Urbana,Médio,47895,F,105,1011.63,0.743,25.36,0,4.78,7.6,84.36,18.24,68.48,70.26,1,85.82,0
7555,2024,Norte,AP,Rural,Médio,88832,M,106,711.37,0.682,38.64,1,3.84,2.55,52.7,20.26,68.34,69.95,0,89.29,0
7556,2022,Sudeste,RJ,Urbana,Pequeno,12640,M,102,553.3,0.66,28.1,0,6.14,6.67,78.16,22.6,42.99,66.17,0,83.85,0
7557,2024,Centro-Oeste,DF,Urbana,Pequeno,6447,F,97,1134.93,0.703,9.46,0,5.73,5.8,62.1,26.55,55.42,76.46,1,100.0,1
7558,2022,Nordeste,PE,Urbana,Pequeno,5444,F,100,,0.633,28.9,1,2.38,4.57,72.59,21.15,57.94,62.71,0,86.12,0
7559,2024,Nordeste,CE,Urbana,Pequeno,4238,F,95,668.13,0.667,42.14,1,4.4,5.41,85.28,26.35,24.09,70.74,1,87.0,0
7560,2022,Nordeste,RN,Urbana,Médio,139439,F,94,934.61,0.581,38.98,1,6.98,7.71,47.6,22.49,59.87,68.16,0,88.38,0
7561,2023,Nordeste,MA,Rural,Pequeno,3895,F,104,634.15,0.67,23.04,0,5.73,3.36,77.25,22.08,57.53,69.52,0,92.62,1
7562,2024,Nordeste,RN,Urbana,Pequeno,16203,M,100,633.92,0.693,26.14,0,6.84,7.36,70.44,15.89,70.36,74.14,0,85.33,0
7563,2024,Sudeste,ES,Urbana,Grande,10772784,F,94,1498.03,0.719,28.02,0,4.46,6.25,62.47,24.73,62.71,59.29,1,77.62,1
7564,2024,Centro-Oeste,DF,Urbana,Médio,142970,F,86,1055.99,0.715,33.73,0,5.18,6.95,43.23,28.78,32.95,64.34,1,83.63,0
7565,2024,Nordeste,PB,Urbana,Pequeno,18748,M,107,692.57,0.67,39.93,0,2.42,6.47,77.38,21.83,46.63,72.54,1,70.81,0
7566,2023,Sudeste,RJ,Rural,Pequeno,12104,M,100,1149.5,0.578,18.3,0,5.79,9.79,80.94,13.11,98.65,69.74,1,98.18,1
7567,2022,Centro-Oeste,DF,Urbana,Pequeno,12655,M,103,682.47,0.761,27.3,0,4.06,5.83,71.65,24.23,70.81,75.63,0,76.27,1
7568,2022,Nordeste,SE,Urbana,Grande,9866805,F,105,1072.26,0.619,27.03,0,3.71,7.81,57.9,19.78,54.22,64.47,0,92.55,0
7569,2022,Sudeste,MG,Urbana,Pequeno,3833,M,84,853.88,0.661,6.57,0,4.37,6.2,50.09,26.84,67.93,70.16,1,88.22,0
7570,2024,Nordeste,PE,Urbana,Pequeno,14706,M,93,816.46,0.699,28.06,1,5.16,8.09,68.61,22.02,80.36,67.8,0,81.21,1
7571,2024,Nordeste,CE,Urbana,Pequeno,15504,M,96,773.7,0.693,25.07,0,7.84,4.64,87.31,30.1,97.6,67.72,0,79.8,1
7572,2023,Nordeste,AL,Urbana,Pequeno,19659,M,106,669.45,0.625,29.57,0,3.81,4.84,75.23,19.2,39.49,65.03,1,79.75,0
7573,2022,Sudeste,ES,Urbana,Grande,7001347,M,85,1162.44,0.687,24.73,1,6.12,4.68,91.51,22.36,85.5,67.43,0,88.77,1
7574,2023,Sul,RS,Rural,Grande,6042584,M,86,943.82,0.732,20.4,0,4.4,7.52,86.24,26.45,39.49,61.82,1,81.8,0
7575,2022,Sudeste,SP,Urbana,Médio,71523,F,88,977.9,0.752,20.73,0,4.72,8.61,37.5,25.75,45.01,79.26,1,86.43,1
7576,2024,Sudeste,SP,Rural,Pequeno,6274,M,95,,0.596,16.15,0,6.43,7.94,99.39,21.94,58.21,70.79,0,91.27,1
7577,2024,Centro-Oeste,DF,Urbana,Pequeno,14903,F,92,828.74,0.653,29.33,0,5.36,6.58,83.37,22.37,60.62,69.94,0,78.72,1
7578,2024,Sul,RS,Urbana,Pequeno,12644,M,86,1011.76,0.871,33.05,0,3.75,8.83,84.64,14.4,58.21,69.29,1,89.5,0
7579,2022,Sudeste,MG,Urbana,Grande,3674246,F,84,1366.68,0.649,16.89,0,6.48,4.82,64.61,21.55,59.27,66.35,1,86.93,1
7580,2022,Sudeste,ES,Urbana,Grande,2621640,M,100,862.95,0.729,19.37,0,5.69,6.35,74.34,24.91,84.27,75.27,1,83.33,0
7581,2024,Sudeste,SP,Rural,Grande,3937376,M,95,861.52,0.743,25.38,0,4.76,4.87,68.19,18.57,47.97,71.86,0,,1
7582,2023,Nordeste,BA,Urbana,Pequeno,3320,M,94,521.08,0.647,21.74,1,3.24,7.54,55.62,28.04,50.1,72.72,1,82.06,0
7583,2023,Nordeste,CE,Rural,Médio,199650,F,103,804.04,0.696,39.7,0,4.53,4.28,96.69,25.61,39.75,77.75,1,90.14,0
7584,2023,Nordeste,PB,Urbana,Pequeno,3048,M,86,777.73,0.641,11.79,0,7.38,6.02,70.3,23.06,8.59,66.07,0,77.57,0
7585,2022,Sudeste,ES,Urbana,Pequeno,8361,M,96,1213.61,0.738,12.27,1,6.13,6.82,42.98,22.57,49.61,70.44,1,94.94,1
7586,2022,Sul,SC,Rural,Grande,8677705,M,103,926.05,0.765,13.41,0,5.12,7.22,72.27,17.13,76.29,69.95,1,80.35,1
7587,2024,Sul,SC,Urbana,Pequeno,13695,M,104,652.25,0.787,18.27,1,4.04,10.0,76.19,17.94,58.77,63.91,0,87.43,0
7588,2024,Sudeste,SP,Urbana,Grande,4780618,F,94,1298.12,0.719,16.85,0,4.7,4.47,59.4,21.98,58.26,82.35,0,99.89,0
7589,2024,Sul,SC,Rural,Grande,8475002,F,88,1313.21,0.737,23.94,1,5.99,6.8,71.58,19.6,77.56,68.01,1,80.58,1
7590,2022,Sudeste,SP,Urbana,Pequeno,5293,F,106,992.51,0.629,32.08,1,5.47,5.79,100.0,22.11,62.08,68.84,0,69.51,1
7591,2022,Sul,PR,Rural,Médio,195848,F,103,,0.651,35.71,0,4.3,7.52,50.74,18.82,63.39,65.36,1,93.96,0
7592,2024,Sudeste,RJ,Rural,Pequeno,3563,F,95,1060.91,0.787,14.74,0,4.4,7.08,82.53,26.35,58.75,77.64,1,85.39,1
7593,2022,Sul,PR,Urbana,Grande,10410450,F,92,834.93,0.705,5.67,1,5.75,6.1,72.2,27.93,56.46,67.9,0,78.72,0
7594,2024,Sul,SC,Urbana,Pequeno,8520,M,92,1217.81,0.678,11.74,0,4.57,7.01,88.52,21.1,49.65,70.12,0,90.2,1
7595,2024,Sudeste,RJ,Urbana,Pequeno,6222,F,98,1204.14,0.699,31.26,0,8.03,6.87,69.99,22.01,61.23,66.6,1,95.43,1
7596,2023,Sudeste,SP,Urbana,Pequeno,3016,M,107,836.17,0.71,25.24,1,5.63,5.42,98.14,23.8,84.59,66.82,0,95.86,1
7597,2022,Sudeste,SP,Urbana,Grande,8876788,F,94,1210.79,0.679,12.44,0,4.94,6.86,69.52,22.38,54.77,65.7,1,85.49,0
7598,2022,Sudeste,ES,Urbana,Pequeno,14187,F,96,1714.46,0.691,16.4,0,5.22,4.37,81.04,19.07,61.81,76.99,1,92.38,1
7599,2022,Norte,TO,Urbana,Médio,24833,F,94,511.21,0.56,25.66,0,3.8,6.17,87.56,29.13,45.81,63.06,0,,0
7600,2022,Centro-Oeste,GO,Urbana,Médio,31538,M,84,408.47,0.645,16.23,0,6.11,7.28,56.21,28.71,30.61,77.3,1,90.25,1
7601,2024,Sudeste,MG,Urbana,Pequeno,12462,M,98,1068.39,0.77,17.07,0,3.86,5.04,83.68,18.86,83.1,77.64,0,95.63,0
7602,2023,Sudeste,SP,Urbana,Médio,49722,M,91,1126.95,0.714,26.0,0,4.05,4.06,71.43,27.24,49.84,66.12,0,95.91,0
7603,2022,Nordeste,PE,Urbana,Grande,888674,M,97,1050.84,0.702,28.81,0,4.96,5.25,83.8,18.07,73.38,58.94,0,81.23,1
7604,2023,Nordeste,BA,Urbana,Pequeno,19504,M,94,1287.47,0.617,23.37,1,5.38,5.19,37.91,25.37,58.52,75.08,0,97.9,1
7605,2023,Nordeste,PI,Urbana,Pequeno,4338,M,104,586.98,0.631,35.93,0,5.14,5.55,79.17,30.2,36.23,69.98,0,76.15,1
7606,2022,Nordeste,PE,Urbana,Pequeno,17948,M,102,503.04,0.683,11.02,0,6.3,5.79,44.58,16.91,56.99,74.51,1,87.55,0
7607,2023,Norte,AC,Urbana,Pequeno,17934,M,96,1015.65,0.66,34.13,0,6.05,5.26,52.05,20.49,75.54,71.99,0,90.47,0
7608,2024,Centro-Oeste,MS,Urbana,Pequeno,12804,M,106,1169.29,0.762,10.32,0,4.08,7.56,56.23,18.28,51.87,72.32,1,90.29,1
7609,2022,Norte,RR,Rural,Pequeno,14314,F,102,965.62,0.656,40.59,1,6.3,5.33,91.25,26.02,41.63,63.59,1,75.36,0
7610,2024,Sudeste,ES,Urbana,Médio,171440,M,86,999.96,0.706,25.21,0,4.73,8.1,71.01,19.95,71.63,71.02,1,98.62,0
7611,2024,Sudeste,SP,Urbana,Pequeno,17823,F,102,1274.68,0.65,24.2,0,5.03,6.74,86.41,23.17,36.75,59.8,0,99.8,1
7612,2024,Nordeste,CE,Urbana,Pequeno,2097,M,90,685.0,0.662,33.73,0,4.99,5.07,71.19,27.15,74.23,64.52,0,83.71,0
7613,2024,Norte,PA,Rural,Pequeno,18185,F,93,655.54,0.554,38.02,0,6.54,4.63,44.26,25.27,90.65,70.06,1,79.44,0
7614,2023,Nordeste,PB,Rural,Pequeno,10719,F,98,734.56,0.662,15.55,1,5.82,7.33,93.06,24.91,64.24,73.33,0,89.19,0
7615,2023,Sudeste,MG,Urbana,Pequeno,8853,M,91,878.38,0.751,8.62,0,5.64,7.16,90.21,26.67,51.01,66.21,0,91.51,1
7616,2024,Sudeste,SP,Rural,Pequeno,16714,M,94,1479.46,0.738,19.57,0,2.07,6.82,79.92,23.1,74.52,76.25,1,78.67,0
7617,2022,Sudeste,SP,Urbana,Pequeno,18345,F,104,1342.76,0.67,25.37,0,8.09,8.12,100.0,20.81,85.58,71.12,0,93.58,0
7618,2022,Centro-Oeste,MS,Urbana,Pequeno,8532,F,93,747.2,0.753,13.58,0,5.27,4.83,86.28,21.02,67.52,70.48,1,87.52,0
7619,2024,Sudeste,ES,Urbana,Pequeno,14394,M,105,1037.0,0.763,14.97,0,6.8,6.48,75.74,23.17,86.06,72.97,0,78.33,0
7620,2024,Nordeste,SE,Urbana,Pequeno,14498,F,84,1176.51,0.739,31.77,0,5.0,7.18,84.13,22.37,47.34,66.88,1,92.23,1
7621,2022,Nordeste,PB,Rural,Pequeno,3094,F,92,914.3,0.677,40.9,1,5.18,6.27,65.0,26.23,37.36,79.24,0,89.98,0
7622,2023,Sudeste,SP,Urbana,Médio,137427,F,102,921.19,0.75,18.64,0,5.39,6.52,73.46,26.31,83.92,77.36,0,80.3,0
7623,2023,Nordeste,PB,Urbana,Pequeno,19464,M,105,1283.09,0.515,17.89,1,5.15,5.01,68.0,22.39,63.03,65.76,0,90.61,1
7624,2023,Sudeste,MG,Urbana,Pequeno,12887,F,97,925.31,0.714,23.71,1,6.02,5.95,57.9,16.46,37.7,67.91,0,83.26,0
7625,2022,Sudeste,SP,Urbana,Grande,3678389,M,107,1425.02,0.749,15.98,0,5.68,4.86,58.26,22.0,55.09,75.88,0,83.16,0
7626,2023,Sul,SC,Urbana,Pequeno,6097,F,100,1312.57,0.75,9.6,0,4.31,7.37,81.59,17.97,52.14,70.65,1,88.95,0
7627,2024,Sul,RS,Rural,Pequeno,3097,M,86,1104.76,0.697,31.41,0,5.1,8.24,89.12,24.98,64.69,68.85,0,82.03,1
7628,2022,Sudeste,MG,Rural,Grande,4975987,M,89,1300.57,0.599,25.5,0,4.51,5.14,100.0,21.8,79.5,72.08,1,99.43,0
7629,2022,Sudeste,MG,Rural,Médio,107767,F,86,774.21,0.646,41.86,1,6.95,5.74,61.02,20.12,61.61,69.1,1,86.93,0
7630,2023,Sudeste,SP,Urbana,Pequeno,7091,M,99,636.79,0.666,24.72,0,6.31,6.97,72.65,23.24,71.29,60.4,1,94.31,0
7631,2024,Nordeste,SE,Urbana,Pequeno,3953,M,94,655.35,0.707,24.3,0,5.23,6.38,59.55,30.1,48.62,71.49,1,83.21,1
7632,2022,Sudeste,ES,Urbana,Pequeno,18581,F,105,1221.16,0.738,33.76,0,4.74,4.77,78.68,15.53,58.62,79.2,1,98.57,0
7633,2024,Sul,RS,Urbana,Pequeno,7061,M,99,841.38,0.643,19.87,0,5.13,5.75,60.54,14.19,48.42,77.69,0,96.38,0
7634,2023,Nordeste,PB,Urbana,Médio,115579,F,102,925.43,0.753,31.86,1,4.7,6.09,78.31,25.37,34.91,69.92,1,95.01,0
7635,2024,Sudeste,SP,Urbana,Médio,78189,M,97,1058.27,0.773,22.06,0,5.06,6.21,65.74,12.36,58.83,63.33,0,89.15,0
7636,2022,Nordeste,MA,Urbana,Médio,188011,M,85,546.67,0.722,49.35,1,2.61,3.57,68.91,15.89,53.16,61.75,1,90.58,0
7637,2024,Sudeste,RJ,Urbana,Grande,1283636,F,98,,0.761,11.7,0,6.07,6.16,48.3,21.18,82.95,79.05,0,83.61,1
7638,2023,Sudeste,SP,Rural,Médio,194469,M,91,739.72,0.636,25.02,0,5.7,8.27,94.19,28.81,94.71,69.55,1,78.77,0
7639,2023,Centro-Oeste,GO,Rural,Pequeno,10141,M,104,830.82,0.625,28.38,1,4.7,5.8,75.93,18.59,67.25,75.64,1,86.77,0
7640,2023,Nordeste,PI,Rural,Pequeno,13096,M,87,318.87,0.624,25.76,0,4.79,5.33,62.84,20.88,58.77,65.18,1,91.88,1
7641,2022,Sul,SC,Rural,Pequeno,19432,M,88,812.13,0.771,23.22,0,5.35,6.77,87.57,25.9,75.55,71.84,0,88.91,1
7642,2023,Norte,PA,Urbana,Médio,181481,F,86,649.31,0.65,12.37,1,7.75,6.53,60.54,26.38,44.28,69.04,0,100.0,1
7643,2024,Sudeste,ES,Urbana,Pequeno,11845,F,86,1167.32,0.726,17.76,0,6.17,8.75,70.5,25.46,60.17,82.78,0,85.04,1
7644,2022,Sul,SC,Urbana,Pequeno,11208,M,103,922.21,0.74,25.81,1,4.38,7.59,67.65,27.24,34.22,65.24,0,,0
7645,2024,Sul,SC,Rural,Grande,7769071,M,86,1220.61,0.753,11.94,0,3.02,7.08,96.78,29.23,81.01,67.36,0,99.29,0
7646,2022,Norte,AM,Urbana,Pequeno,19783,F,95,882.61,0.571,24.82,0,5.52,5.19,61.64,29.03,64.75,66.61,1,95.11,0
7647,2022,Sul,PR,Urbana,Pequeno,5283,F,103,938.57,0.779,36.75,1,4.41,3.93,89.8,22.37,43.72,78.26,0,92.28,0
7648,2023,Norte,PA,Urbana,Pequeno,13924,M,93,818.56,0.695,31.25,0,5.05,3.9,56.38,20.19,47.09,68.15,1,90.08,0
7649,2022,Sudeste,MG,Urbana,Médio,101982,M,102,1367.94,0.728,11.04,0,6.21,5.46,94.41,25.63,49.24,64.61,1,87.63,0
7650,2022,Sudeste,ES,Rural,Pequeno,7867,F,100,793.72,0.674,31.21,0,6.86,5.42,68.47,26.07,100.0,64.98,0,98.24,1
7651,2024,Sudeste,MG,Urbana,Pequeno,10337,F,97,971.96,0.65,29.62,0,5.93,5.63,66.9,23.33,74.71,72.79,0,90.55,1
7652,2022,Nordeste,PB,Urbana,Pequeno,2962,F,90,941.19,0.692,23.27,0,5.83,5.49,69.18,23.0,84.01,62.79,1,73.63,1
7653,2023,Centro-Oeste,DF,Urbana,Médio,190923,F,99,1093.72,0.731,29.83,0,4.79,6.64,40.64,22.5,86.44,68.3,0,97.41,0
7654,2024,Sul,PR,Urbana,Médio,160615,M,94,1232.99,0.696,22.09,0,4.53,5.58,37.69,19.24,83.68,67.89,0,91.49,0
7655,2024,Nordeste,PE,Urbana,Pequeno,4701,M,107,876.07,0.685,34.14,0,,7.13,88.59,21.93,52.78,62.12,1,93.27,0
7656,2023,Norte,AP,Urbana,Pequeno,6885,F,99,570.72,0.665,16.94,0,3.67,6.6,68.76,17.58,62.39,61.47,0,88.24,1
7657,2022,Nordeste,PE,Urbana,Pequeno,5708,M,87,675.64,0.648,38.64,1,4.21,5.62,82.26,17.19,64.24,72.74,0,79.07,0
7658,2022,Sudeste,ES,Rural,Médio,177366,M,101,1029.09,0.798,31.31,1,4.76,5.11,100.0,20.48,55.73,78.43,1,95.36,1
7659,2024,Nordeste,PI,Urbana,Médio,184616,M,105,588.84,0.69,27.59,0,5.32,7.17,77.71,29.01,55.42,65.02,1,81.76,0
7660,2022,Nordeste,CE,Urbana,Médio,113146,M,88,742.97,0.697,35.47,0,3.29,5.89,62.47,26.91,67.54,62.66,1,85.79,0
7661,2024,Sul,RS,Urbana,Pequeno,9734,F,106,1007.46,0.679,27.01,1,4.69,6.87,54.27,23.51,74.48,68.21,1,99.72,0
7662,2024,Sudeste,MG,Urbana,Pequeno,2006,M,103,,0.749,1.0,0,3.73,5.77,55.86,19.67,80.91,82.16,0,90.71,0
7663,2024,Nordeste,BA,Urbana,Médio,192427,M,85,580.15,0.695,34.03,0,4.86,8.4,72.19,24.6,53.01,73.16,0,87.04,1
7664,2022,Centro-Oeste,MT,Urbana,Médio,33203,F,88,604.43,0.668,22.42,0,4.85,7.03,64.54,27.03,78.46,70.89,1,91.89,0
7665,2024,Sudeste,MG,Rural,Pequeno,18137,M,106,,0.661,13.96,0,7.07,8.68,64.92,21.65,83.23,66.06,1,82.92,1
7666,2023,Centro-Oeste,GO,Urbana,Médio,172824,M,102,339.25,0.648,32.23,0,6.7,6.21,81.15,25.57,56.47,73.85,0,98.02,0
7667,2023,Norte,AM,Urbana,Pequeno,2152,M,84,520.12,0.588,18.49,0,6.91,4.52,62.29,24.95,48.04,68.33,1,88.29,0
7668,2023,Nordeste,BA,Urbana,Médio,135474,M,98,752.95,0.726,28.26,0,5.71,6.11,72.6,27.1,49.41,64.61,0,85.82,1
7669,2022,Norte,TO,Urbana,Pequeno,13572,M,93,869.42,0.606,25.55,0,6.38,4.77,88.83,24.57,59.97,72.64,0,,1
7670,2024,Norte,TO,Urbana,Pequeno,6492,M,87,623.59,0.617,38.3,0,5.43,7.1,64.57,25.66,58.25,69.65,0,80.64,1
7671,2024,Sudeste,SP,Urbana,Pequeno,6232,F,103,947.25,0.704,25.09,0,6.66,7.9,78.73,16.57,100.0,70.59,1,72.67,0
7672,2024,Sudeste,ES,Urbana,Médio,122234,M,100,963.73,0.664,38.72,0,5.66,5.32,74.78,24.33,44.41,73.78,1,90.84,0
7673,2022,Norte,PA,Urbana,Grande,7420402,F,98,508.3,0.61,20.66,1,5.29,6.31,64.3,27.47,43.45,75.21,0,80.78,0
7674,2023,Sul,RS,Urbana,Pequeno,10055,F,100,1000.62,0.686,35.84,1,4.51,5.68,46.62,16.93,71.57,75.0,1,78.19,0
7675,2024,Nordeste,AL,Urbana,Médio,191175,F,94,736.02,0.749,46.09,0,3.48,3.15,62.77,24.58,31.66,75.6,0,76.05,0
7676,2022,Sudeste,ES,Urbana,Médio,170503,F,95,1197.72,0.623,24.51,0,5.49,6.06,59.32,24.23,65.35,63.58,1,75.39,0
7677,2024,Nordeste,MA,Urbana,Pequeno,3099,M,101,847.07,0.571,26.36,1,3.68,5.71,43.69,19.77,44.87,76.35,0,84.04,0
7678,2024,Sul,RS,Urbana,Médio,92554,F,102,1051.63,0.744,26.36,0,7.47,7.33,55.14,24.63,66.83,77.2,0,95.19,1
7679,2022,Norte,AC,Urbana,Pequeno,18953,M,85,905.58,0.699,31.98,0,5.92,6.34,70.48,21.03,48.37,65.65,1,88.32,0
7680,2022,Sudeste,ES,Urbana,Médio,152970,F,91,1187.39,0.591,18.2,1,4.53,6.11,75.66,20.61,60.38,72.7,0,84.74,0
7681,2023,Nordeste,SE,Urbana,Pequeno,13410,F,103,821.37,0.753,37.12,0,2.41,5.14,47.83,24.5,33.04,67.64,1,87.52,0
7682,2023,Sul,SC,Urbana,Grande,2854177,M,84,975.11,0.666,14.07,0,4.68,5.29,80.82,28.2,57.71,68.67,1,88.84,1
7683,2023,Nordeste,PB,Urbana,Médio,100401,F,88,955.86,0.721,17.75,0,4.39,5.03,66.08,19.74,76.11,63.33,1,91.84,0
7684,2022,Norte,AP,Urbana,Grande,6605231,F,84,237.12,0.571,19.42,0,4.12,5.61,81.81,30.73,50.87,69.63,0,85.81,0
7685,2022,Sudeste,ES,Urbana,Médio,115167,M,84,1239.16,0.746,16.94,0,4.3,5.12,78.03,22.18,32.25,73.64,0,84.63,0
7686,2022,Sudeste,ES,Urbana,Grande,1781395,F,86,845.07,0.804,18.48,1,4.52,7.82,75.95,28.26,52.89,73.85,0,82.06,1
7687,2023,Sudeste,ES,Urbana,Pequeno,8329,M,89,1412.02,0.722,26.42,1,4.35,6.29,64.23,24.9,78.57,74.46,0,82.84,0
7688,2022,Sul,SC,Urbana,Médio,148165,F,91,822.72,0.64,25.91,1,5.29,4.46,66.74,23.97,99.59,59.37,0,81.91,0
7689,2022,Sudeste,RJ,Urbana,Pequeno,12161,F,98,1163.52,0.663,1.0,0,4.19,5.23,93.01,21.19,74.78,82.24,1,100.0,0
7690,2023,Sudeste,SP,Urbana,Pequeno,15177,F,91,958.18,0.739,26.95,0,6.04,8.02,62.57,17.65,55.02,64.38,0,92.0,1
7691,2023,Sudeste,MG,Urbana,Médio,179921,F,88,498.56,0.779,22.96,1,5.57,5.42,63.42,21.07,69.77,70.12,1,80.56,0
7692,2024,Sul,SC,Urbana,Pequeno,13654,F,104,941.45,0.638,11.63,0,5.56,5.95,59.85,20.17,72.63,75.1,1,97.51,1
7693,2022,Sudeste,MG,Urbana,Médio,194130,M,85,1421.19,0.676,28.24,0,6.12,6.69,97.67,23.09,46.65,75.29,0,86.31,0
7694,2023,Sudeste,RJ,Rural,Pequeno,16682,M,104,1465.31,0.741,34.0,0,4.51,3.85,77.47,19.56,92.38,67.71,1,,1
7695,2024,Nordeste,SE,Urbana,Pequeno,4294,M,87,306.84,0.665,41.77,1,5.59,4.32,70.52,26.88,45.53,65.6,0,97.4,0
7696,2022,Sudeste,ES,Rural,Médio,152402,F,90,989.57,0.776,13.46,0,3.97,6.31,67.24,27.69,79.34,69.41,0,86.99,1
7697,2022,Sudeste,MG,Urbana,Pequeno,7411,F,102,745.0,0.707,9.55,0,7.33,7.46,85.21,23.03,90.08,80.53,1,93.57,1
7698,2024,Sudeste,SP,Urbana,Pequeno,3440,M,94,1463.46,0.679,34.14,0,5.09,7.32,65.86,25.81,80.6,68.47,0,78.81,0
7699,2022,Nordeste,SE,Urbana,Pequeno,13952,F,105,742.4,0.727,41.66,1,3.65,4.38,66.72,20.54,71.02,65.96,0,,0
7700,2024,Sudeste,SP,Urbana,Médio,146185,F,103,1619.82,0.679,30.62,0,6.42,7.63,57.07,28.39,100.0,69.83,0,96.68,0
7701,2023,Sudeste,SP,Urbana,Pequeno,11809,F,97,1096.9,0.735,24.74,0,7.59,5.42,68.54,22.83,77.65,72.81,1,100.0,1
7702,2022,Nordeste,PB,Urbana,Pequeno,8147,F,93,905.29,0.62,20.12,1,3.88,8.77,63.64,18.35,24.46,70.86,1,87.54,0
7703,2023,Sudeste,SP,Urbana,Pequeno,14066,F,88,745.63,0.711,20.56,0,6.76,6.26,60.61,20.17,80.62,71.33,1,100.0,0
7704,2023,Sul,RS,Urbana,Médio,185749,F,107,1318.99,0.855,18.35,1,4.29,4.41,91.8,28.49,80.35,67.64,0,99.8,1
7705,2024,Sudeste,MG,Urbana,Médio,69012,M,93,1498.0,0.673,31.17,0,4.92,6.43,64.19,26.67,37.38,61.12,1,77.52,0
7706,2024,Sul,PR,Urbana,Médio,122697,F,87,553.63,0.691,17.35,0,6.48,7.24,57.3,27.37,70.33,68.08,0,90.14,1
7707,2024,Sul,SC,Urbana,Grande,6507816,M,86,961.83,0.698,24.12,0,4.98,7.98,56.56,20.64,51.33,72.98,0,81.5,0
7708,2024,Centro-Oeste,DF,Rural,Pequeno,16884,M,95,1038.54,0.72,15.6,0,4.11,5.76,84.44,24.73,57.45,74.19,0,88.55,1
7709,2023,Sul,RS,Urbana,Pequeno,2393,M,90,915.78,0.665,35.64,0,4.87,7.63,100.0,23.51,20.89,65.55,0,100.0,1
7710,2023,Sudeste,ES,Urbana,Pequeno,16640,F,87,1211.54,0.766,24.09,1,5.72,7.17,82.89,24.35,60.36,63.57,0,90.97,1
7711,2022,Sudeste,MG,Urbana,Pequeno,15266,F,94,1035.88,0.68,8.21,1,2.97,6.07,51.64,12.42,54.96,72.62,1,79.91,1
7712,2024,Nordeste,AL,Urbana,Pequeno,11340,F,91,992.37,0.717,29.6,0,,4.43,84.33,28.33,36.15,70.28,1,80.77,0
7713,2022,Nordeste,BA,Rural,Pequeno,6586,M,85,589.46,0.686,24.51,0,4.33,4.6,48.79,25.55,59.79,69.19,0,79.8,0
7714,2022,Centro-Oeste,MT,Urbana,Médio,133260,M,84,1339.75,0.521,14.22,0,5.72,8.91,86.89,19.0,49.35,68.69,1,94.7,0
7715,2024,Sudeste,SP,Urbana,Pequeno,4994,M,84,1522.25,0.712,25.18,0,3.6,6.55,68.81,17.49,40.04,72.41,1,98.21,1
7716,2023,Nordeste,PE,Urbana,Médio,49470,F,84,,0.652,31.53,1,5.62,5.47,62.54,25.67,49.57,78.64,1,73.11,0
7717,2024,Sul,RS,Urbana,Médio,123610,F,89,619.48,0.64,20.12,1,5.13,8.37,62.91,19.74,47.96,65.07,1,87.78,1
7718,2022,Sudeste,RJ,Urbana,Médio,78809,F,95,1222.7,0.725,25.74,0,5.12,4.76,54.06,21.92,79.62,70.79,1,77.4,1
7719,2023,Nordeste,SE,Urbana,Pequeno,4789,M,102,634.75,0.636,10.5,0,6.8,6.38,59.2,25.3,79.14,58.35,1,80.05,0
7720,2023,Sudeste,RJ,Urbana,Pequeno,9411,M,96,1155.42,0.758,26.1,1,5.63,6.92,95.83,23.7,73.96,79.47,1,89.08,1
7721,2023,Centro-Oeste,MT,Urbana,Pequeno,2780,F,87,675.71,0.706,20.94,1,6.91,3.94,44.9,20.46,73.67,74.55,0,92.71,1
7722,2022,Sudeste,ES,Urbana,Pequeno,18679,F,95,938.02,0.727,20.29,0,6.69,6.41,66.01,23.19,70.04,75.97,1,88.79,0
7723,2023,Sudeste,ES,Urbana,Pequeno,18350,M,85,943.25,0.677,18.61,0,4.66,6.36,45.74,20.03,57.23,66.5,1,78.85,0
7724,2022,Sudeste,ES,Urbana,Grande,11027606,F,88,,0.677,33.49,1,5.97,8.91,86.36,27.96,31.14,69.93,1,96.97,0
7725,2024,Sul,PR,Urbana,Pequeno,16554,M,107,1053.6,0.619,20.69,0,2.09,6.39,86.24,30.51,48.96,67.14,1,94.55,0
7726,2024,Sudeste,RJ,Urbana,Pequeno,5062,F,99,1174.34,0.778,26.97,1,4.55,4.62,62.29,27.85,76.12,69.93,0,83.55,0
7727,2022,Sudeste,ES,Urbana,Médio,53920,M,99,573.67,0.676,11.53,0,4.74,4.94,66.94,21.51,90.28,76.63,1,87.09,1
7728,2023,Norte,AM,Urbana,Pequeno,8381,M,91,860.49,0.632,19.46,1,3.69,7.59,82.05,20.0,62.34,72.12,0,96.62,1
7729,2023,Sul,PR,Urbana,Médio,92944,F,95,1225.41,0.722,18.25,0,5.4,7.89,62.41,25.97,70.08,74.04,0,95.67,1
7730,2022,Sudeste,RJ,Urbana,Pequeno,16940,F,105,1368.91,0.78,9.84,0,5.74,6.74,65.68,19.19,72.55,63.43,0,95.22,1
7731,2023,Sudeste,ES,Urbana,Médio,163260,M,90,846.29,0.718,28.64,0,,7.59,71.35,25.39,53.28,82.26,0,84.09,0
7732,2023,Sudeste,MG,Urbana,Pequeno,14978,F,88,1079.8,0.57,16.94,1,6.09,6.3,79.03,18.46,73.08,75.61,1,87.19,1
7733,2022,Sudeste,SP,Urbana,Grande,8388417,F,87,895.17,0.759,27.64,0,6.23,5.71,96.44,29.12,55.12,64.18,0,75.32,0
7734,2023,Nordeste,PE,Urbana,Grande,1940143,F,101,623.32,0.713,31.83,1,4.4,7.73,59.65,27.88,58.04,59.46,1,90.73,0
7735,2022,Nordeste,PB,Urbana,Médio,131410,M,97,526.61,0.63,20.14,0,4.89,3.61,84.52,17.7,78.49,70.59,0,85.23,0
7736,2024,Sudeste,RJ,Urbana,Pequeno,18548,F,99,1166.16,0.725,20.59,0,5.59,4.76,54.25,25.64,57.31,77.27,0,93.8,1
7737,2024,Sudeste,ES,Rural,Grande,6449357,M,86,1221.54,0.756,17.72,0,5.87,9.1,73.79,26.38,72.23,74.4,1,83.1,1
7738,2024,Sudeste,ES,Urbana,Médio,34857,F,92,1011.06,0.77,18.14,0,3.57,5.53,81.32,26.74,40.98,77.66,0,82.9,1
7739,2022,Nordeste,MA,Urbana,Médio,43666,F,105,548.5,0.678,35.08,0,6.62,3.87,54.27,33.59,61.66,61.28,0,84.57,0
7740,2023,Centro-Oeste,DF,Urbana,Grande,4439532,M,95,441.36,0.688,24.02,1,5.36,3.3,73.35,18.43,47.4,65.78,0,84.91,1
7741,2024,Nordeste,PB,Urbana,Médio,25381,M,94,974.33,0.703,34.14,0,5.04,4.21,56.4,27.65,52.92,67.68,1,84.46,1
7742,2024,Sudeste,SP,Urbana,Médio,72837,F,102,985.19,0.624,22.58,1,5.7,7.58,40.17,20.72,45.67,70.11,0,94.04,1
7743,2022,Nordeste,PE,Rural,Médio,26894,M,86,419.72,0.632,31.5,1,4.35,6.52,100.0,20.9,77.03,66.98,0,93.72,0
7744,2024,Sudeste,RJ,Urbana,Pequeno,12617,M,92,732.32,0.742,10.15,0,4.98,7.1,53.99,25.52,52.78,69.2,1,97.64,1
7745,2023,Sudeste,ES,Rural,Médio,122987,F,94,1142.92,0.777,20.32,1,4.83,6.41,53.46,19.08,41.97,64.06,1,91.26,1
7746,2024,Sudeste,RJ,Urbana,Pequeno,12175,F,89,1365.32,0.751,40.18,1,4.59,5.46,72.56,15.79,48.16,73.9,0,77.75,0
7747,2023,Centro-Oeste,MS,Urbana,Pequeno,6824,M,89,1061.18,0.647,18.06,1,6.0,3.98,44.31,18.6,21.69,64.5,1,93.54,0
7748,2023,Centro-Oeste,MT,Urbana,Grande,9929373,M,95,985.74,0.65,28.41,1,3.95,7.57,59.34,24.93,70.27,77.09,1,75.13,0
7749,2024,Sul,SC,Urbana,Médio,163491,F,102,559.28,0.697,22.21,0,6.43,5.89,78.56,25.07,55.59,77.89,1,84.87,1
7750,2022,Sul,PR,Urbana,Pequeno,10187,M,89,755.94,0.75,30.07,1,5.81,7.07,45.43,19.97,82.05,75.79,0,91.29,0
7751,2022,Sudeste,SP,Urbana,Pequeno,19528,M,100,1171.36,0.752,10.29,0,8.9,8.32,100.0,16.39,78.59,73.35,1,85.56,1
7752,2023,Sudeste,ES,Urbana,Pequeno,6276,F,93,1301.4,0.628,21.35,0,5.04,5.06,82.55,15.79,64.32,72.24,1,91.74,0
7753,2024,Sudeste,MG,Rural,Pequeno,2141,M,95,709.79,0.546,26.29,0,4.73,5.08,75.91,19.65,91.22,62.29,1,82.39,1
7754,2024,Sudeste,RJ,Urbana,Médio,120876,F,100,843.12,0.636,23.71,0,4.84,3.77,86.87,20.36,71.8,71.12,0,89.79,0
7755,2022,Norte,AM,Urbana,Pequeno,18286,F,103,811.66,0.724,31.1,1,6.03,4.56,62.75,21.99,66.68,73.02,0,85.31,1
7756,2024,Nordeste,CE,Rural,Médio,39819,F,87,947.73,0.713,41.16,0,5.11,1.7,58.61,27.98,34.64,64.92,0,91.55,1
7757,2024,Nordeste,SE,Urbana,Pequeno,13839,F,101,1044.37,0.708,35.62,1,4.87,7.19,48.98,18.79,61.05,62.99,1,80.37,1
7758,2022,Nordeste,MA,Urbana,Médio,26260,M,100,515.72,0.697,30.16,1,2.81,7.47,79.24,29.12,60.6,59.12,0,86.09,0
7759,2023,Sudeste,ES,Rural,Médio,26058,M,104,1079.4,0.721,12.75,1,6.53,7.94,78.68,19.38,65.4,72.91,1,95.92,0
7760,2022,Nordeste,PE,Urbana,Médio,136927,M,106,1010.59,0.665,33.05,0,3.38,8.59,77.19,19.74,56.11,72.17,1,91.47,0
7761,2024,Sudeste,ES,Urbana,Grande,9603487,M,91,907.04,0.656,16.02,0,5.21,6.76,86.02,20.37,78.17,70.49,0,86.0,0
7762,2022,Sudeste,ES,Urbana,Médio,195730,M,94,938.92,0.711,16.88,1,6.86,4.12,69.02,28.38,52.09,72.58,1,92.67,0
7763,2024,Centro-Oeste,DF,Urbana,Pequeno,11329,M,86,,0.705,19.38,1,3.97,4.87,61.58,17.29,81.26,61.34,1,93.75,1
7764,2023,Centro-Oeste,DF,Urbana,Pequeno,6132,M,93,777.59,0.631,10.62,0,,6.88,61.52,30.94,87.53,74.14,1,87.35,1
7765,2024,Nordeste,PE,Urbana,Pequeno,10649,F,84,634.75,0.687,47.22,1,5.23,5.12,54.5,20.63,68.78,68.12,0,93.39,0
7766,2023,Centro-Oeste,MT,Urbana,Pequeno,12695,M,85,360.78,0.715,25.52,0,5.77,8.62,45.93,18.49,67.34,78.87,1,71.93,0
7767,2023,Sudeste,SP,Urbana,Médio,50358,F,101,804.7,0.652,16.98,0,4.29,7.04,81.79,20.1,64.3,69.52,0,81.66,1
7768,2022,Sudeste,ES,Rural,Médio,104917,F,90,1460.82,0.734,29.34,0,5.4,5.92,62.02,22.34,51.59,72.67,1,77.13,1
7769,2022,Sudeste,SP,Urbana,Médio,47273,M,86,1161.69,0.661,18.63,1,5.96,7.0,62.94,25.77,60.05,77.56,1,85.65,1
7770,2024,Nordeste,PI,Rural,Pequeno,18610,M,84,,0.588,31.52,0,4.11,5.34,79.57,26.25,55.62,73.11,0,94.63,1
7771,2024,Centro-Oeste,DF,Urbana,Pequeno,10607,M,89,556.26,0.675,31.48,0,,6.77,72.54,23.15,55.53,66.75,1,83.37,0
7772,2024,Sudeste,MG,Rural,Pequeno,15960,F,100,1373.44,0.729,15.61,0,5.47,7.64,77.38,23.12,50.77,73.98,1,84.65,0
7773,2024,Sudeste,RJ,Urbana,Médio,71866,F,88,729.23,0.666,14.65,0,3.85,7.38,88.81,19.65,54.47,80.51,1,93.83,0
7774,2024,Nordeste,MA,Urbana,Médio,191351,M,86,515.1,0.699,35.83,0,5.97,5.52,68.5,22.32,71.4,71.48,0,92.74,0
7775,2022,Nordeste,BA,Urbana,Médio,105293,M,85,535.48,0.702,26.65,0,5.07,9.29,74.54,17.85,43.1,63.74,1,81.8,0
7776,2022,Nordeste,PB,Urbana,Pequeno,15066,M,106,632.08,0.717,33.21,0,3.88,7.86,69.4,23.61,26.8,72.27,1,81.8,0
7777,2024,Sudeste,SP,Urbana,Médio,91637,F,105,1471.2,0.687,34.85,0,6.81,7.83,100.0,22.92,58.2,69.7,1,98.49,0
7778,2024,Centro-Oeste,MT,Urbana,Médio,77243,M,90,1111.61,0.767,19.0,0,4.05,5.84,81.66,16.27,75.64,62.82,1,84.86,0
7779,2022,Sul,PR,Urbana,Médio,67943,M,95,1200.08,0.664,33.75,1,5.53,4.58,60.29,18.9,89.46,74.94,0,90.41,0
7780,2023,Sudeste,ES,Urbana,Pequeno,3598,M,99,945.79,0.728,6.02,0,5.34,8.42,100.0,21.11,38.45,78.6,1,92.98,1
7781,2022,Sudeste,SP,Urbana,Médio,82081,M,88,762.45,0.723,7.77,1,4.82,9.13,72.89,24.09,88.75,71.14,1,86.79,1
7782,2022,Sudeste,SP,Urbana,Grande,6957451,M,100,1485.03,0.861,20.29,1,5.68,5.2,46.31,16.88,23.36,66.52,0,90.66,0
7783,2022,Nordeste,PI,Rural,Grande,2746065,M,92,736.37,0.662,37.0,0,5.45,6.96,42.63,16.67,37.59,59.26,1,100.0,0
7784,2022,Sudeste,ES,Urbana,Pequeno,14603,M,100,705.42,0.689,20.08,0,5.4,8.23,94.65,20.52,28.11,65.95,1,79.04,0
7785,2022,Centro-Oeste,MT,Urbana,Pequeno,11312,M,104,825.57,0.685,33.64,1,5.06,5.36,58.51,21.61,44.9,69.51,0,97.85,0
7786,2022,Nordeste,PE,Urbana,Pequeno,12241,M,94,653.44,0.604,30.05,1,5.56,5.42,72.86,29.26,76.46,68.55,0,78.89,1
7787,2022,Nordeste,RN,Urbana,Grande,11605263,F,92,841.35,0.587,35.88,1,3.93,4.41,52.99,24.28,99.46,68.22,0,75.77,1
7788,2022,Sudeste,RJ,Urbana,Grande,6973348,M,93,817.19,0.739,22.15,0,6.35,5.0,71.21,21.85,72.17,75.7,1,86.56,1
7789,2024,Sul,RS,Urbana,Médio,69627,F,91,1113.15,0.644,29.2,0,5.8,3.77,63.85,14.04,29.0,73.97,1,100.0,0
7790,2024,Sudeste,MG,Rural,Pequeno,2635,M,84,,0.816,25.08,0,5.41,5.63,79.8,17.71,60.68,70.2,1,98.52,1
7791,2022,Sul,SC,Urbana,Pequeno,4110,M,88,1381.81,0.732,25.47,0,3.59,6.65,94.37,19.18,55.77,73.56,1,93.12,0
7792,2022,Sudeste,ES,Urbana,Pequeno,2282,F,103,1428.53,0.694,30.69,0,5.65,3.85,88.71,14.12,67.58,74.66,0,,0
7793,2022,Centro-Oeste,MT,Urbana,Pequeno,10079,M,90,997.17,0.678,17.59,1,4.18,6.24,93.74,21.59,36.63,83.38,0,85.43,1
7794,2024,Centro-Oeste,GO,Urbana,Pequeno,8052,M,98,,0.706,27.64,0,4.87,10.0,37.72,18.15,79.06,73.89,1,100.0,1
7795,2024,Sul,SC,Urbana,Pequeno,11932,F,92,1076.23,0.644,26.61,0,5.82,5.67,94.19,25.68,59.37,64.02,1,80.01,0
7796,2024,Sul,RS,Urbana,Pequeno,7251,M,90,1339.64,0.689,19.61,1,3.56,7.12,100.0,22.85,50.36,71.17,0,87.81,0
7797,2022,Norte,TO,Urbana,Médio,112268,M,88,397.71,0.712,32.31,1,5.78,6.25,75.07,26.56,38.68,69.27,0,86.73,1
7798,2024,Sudeste,MG,Urbana,Pequeno,19203,F,88,868.5,0.665,1.82,0,5.05,6.85,61.6,20.08,71.54,63.7,1,98.59,0
7799,2024,Sul,RS,Urbana,Médio,26143,M,91,664.71,0.7,27.15,0,5.11,8.47,58.33,22.63,49.57,73.04,1,97.3,0
7800,2022,Sudeste,ES,Urbana,Médio,48476,M,102,,0.559,28.3,0,4.95,10.0,54.31,25.88,51.58,77.6,1,72.86,1
7801,2024,Nordeste,BA,Urbana,Médio,119745,M,89,951.79,0.62,39.44,0,5.04,5.85,96.22,24.07,67.96,80.14,1,83.52,0
7802,2023,Nordeste,PE,Urbana,Médio,102197,M,107,753.5,0.547,24.17,0,3.95,8.22,74.93,28.9,68.73,74.47,0,90.88,1
7803,2023,Nordeste,AL,Urbana,Pequeno,17607,M,88,602.03,0.603,29.64,1,2.6,5.23,80.59,23.56,74.77,65.18,1,85.68,0
7804,2023,Sudeste,MG,Urbana,Pequeno,17600,F,102,1314.89,0.759,30.13,0,4.87,7.06,61.45,26.37,47.97,74.29,1,93.16,0
7805,2022,Sul,PR,Urbana,Pequeno,2812,M,106,1069.2,0.63,15.98,0,7.76,5.85,62.31,27.9,48.35,71.7,0,79.63,1
7806,2024,Nordeste,SE,Rural,Médio,199964,F,100,297.83,0.646,23.12,0,,5.42,44.84,23.97,48.79,73.69,1,89.5,0
7807,2022,Nordeste,AL,Rural,Médio,147716,F,106,894.9,0.597,19.89,0,4.31,3.41,99.0,23.54,60.92,64.25,1,99.45,0
7808,2022,Sudeste,MG,Urbana,Pequeno,19162,M,92,934.86,0.594,21.43,0,6.57,5.8,84.24,18.39,47.04,72.88,1,79.76,1
7809,2022,Sudeste,ES,Urbana,Médio,34771,M,105,1014.69,0.583,20.9,0,4.32,7.88,88.2,14.69,53.41,76.48,1,81.34,0
7810,2022,Sudeste,RJ,Urbana,Pequeno,17720,M,106,1238.24,0.649,16.46,0,4.77,7.67,69.65,18.04,46.94,71.03,0,98.84,1
7811,2024,Sudeste,SP,Urbana,Pequeno,11348,F,90,1211.94,0.603,29.35,1,3.79,3.52,100.0,17.98,63.82,72.74,0,90.55,1
7812,2022,Nordeste,PB,Rural,Pequeno,3170,F,95,,0.673,46.16,1,3.55,4.7,77.93,18.14,77.87,72.12,0,89.88,1
7813,2024,Nordeste,CE,Rural,Pequeno,10879,F,85,824.0,0.665,21.61,1,6.2,3.51,61.56,25.58,36.0,69.73,1,85.49,0
7814,2023,Centro-Oeste,MT,Urbana,Pequeno,18710,M,87,596.92,0.701,21.44,0,4.6,7.81,73.42,22.12,55.62,68.73,0,,0
7815,2024,Sul,PR,Urbana,Grande,6408740,M,97,1063.5,0.688,17.37,1,4.19,5.49,70.82,22.38,92.77,66.32,1,85.02,1
7816,2023,Sudeste,SP,Urbana,Médio,127504,F,86,721.48,0.808,29.9,0,6.24,9.07,62.36,20.04,77.56,74.18,1,87.49,0
7817,2022,Sul,PR,Urbana,Pequeno,2412,M,86,1103.88,0.742,17.85,1,6.77,8.27,59.17,22.67,83.16,78.93,0,92.73,1
7818,2023,Nordeste,AL,Urbana,Grande,9270191,F,104,804.87,0.56,26.29,0,3.74,3.71,87.8,21.24,34.55,69.56,1,86.02,0
7819,2024,Sul,SC,Urbana,Médio,34242,M,90,1308.5,0.719,28.23,1,,5.76,92.88,22.7,52.57,67.49,1,74.06,1
7820,2022,Sudeste,MG,Urbana,Pequeno,3536,F,98,1090.92,0.706,18.27,1,5.52,7.6,75.5,20.83,67.83,65.99,1,85.26,0
7821,2023,Sudeste,RJ,Urbana,Pequeno,8254,M,107,961.3,0.777,21.54,0,6.94,5.14,44.69,27.1,59.76,74.31,0,70.61,1
7822,2022,Sudeste,ES,Urbana,Pequeno,12039,M,84,1292.86,0.684,25.34,1,3.73,6.72,78.67,14.65,77.25,74.23,0,87.51,0
7823,2022,Sudeste,ES,Urbana,Grande,9619457,F,95,1176.18,0.836,33.14,1,4.89,5.48,75.96,23.25,54.87,67.33,1,79.32,0
7824,2023,Sul,PR,Urbana,Médio,145439,F,90,1104.55,0.69,27.18,0,5.52,6.55,63.6,23.71,100.0,68.94,0,81.96,0
7825,2023,Sudeste,ES,Urbana,Médio,25702,M,99,1347.36,0.675,6.69,1,6.28,2.18,55.42,17.96,57.36,73.34,0,83.95,0
7826,2023,Sudeste,SP,Urbana,Grande,2212237,F,90,1053.05,0.678,16.5,0,5.22,5.72,77.46,22.16,87.02,72.0,0,94.87,1
7827,2024,Nordeste,AL,Rural,Médio,162787,F,88,714.46,0.543,26.29,0,3.48,5.71,80.26,24.19,72.68,72.21,1,63.92,0
7828,2022,Sudeste,SP,Urbana,Grande,10463691,M,86,1436.4,0.737,33.9,0,5.06,5.79,78.41,20.34,83.33,76.25,1,88.46,1
7829,2022,Sul,RS,Rural,Médio,94186,M,92,1016.4,0.7,27.95,0,4.5,4.69,86.69,30.43,24.47,68.92,1,83.55,1
7830,2022,Sudeste,ES,Rural,Médio,172834,M,84,505.78,0.811,34.12,0,2.43,7.44,72.99,24.68,79.03,65.88,0,85.76,0
7831,2022,Sudeste,MG,Urbana,Médio,189592,M,91,1335.39,0.796,14.43,0,6.71,6.36,92.64,21.86,56.28,74.41,0,92.77,1
7832,2022,Sudeste,MG,Urbana,Pequeno,10637,F,87,1045.73,0.7,24.97,0,6.03,8.26,65.22,22.62,88.03,72.75,1,75.47,1
7833,2024,Sul,SC,Urbana,Pequeno,10156,F,86,1070.01,0.759,20.87,0,4.15,5.76,72.25,24.9,56.17,61.54,0,74.11,0
7834,2023,Sudeste,MG,Urbana,Grande,9106702,M,95,1173.28,0.724,24.95,0,4.55,5.52,76.32,17.67,74.7,63.13,1,100.0,1
7835,2023,Sudeste,SP,Urbana,Médio,118764,F,101,735.68,0.739,21.93,0,5.99,9.19,70.88,20.58,34.4,66.4,1,92.09,1
7836,2022,Sudeste,ES,Urbana,Médio,54756,F,100,1037.83,0.659,5.63,0,7.03,6.56,86.69,28.71,61.57,62.58,0,80.55,1
7837,2024,Centro-Oeste,MS,Urbana,Pequeno,12429,M,84,1203.44,0.687,32.82,1,5.35,6.99,87.14,14.29,65.01,67.29,1,100.0,1
7838,2023,Nordeste,PI,Urbana,Pequeno,19938,M,89,728.48,0.72,45.64,1,5.71,7.44,78.19,28.69,35.77,71.71,1,87.82,0
7839,2023,Nordeste,PE,Urbana,Médio,93961,F,101,784.43,0.619,37.1,0,3.66,4.71,84.67,25.85,66.94,75.27,1,100.0,0
7840,2022,Sudeste,ES,Urbana,Pequeno,17006,F,95,615.41,0.775,17.53,1,7.35,6.76,71.25,26.86,44.56,74.06,1,88.56,1
7841,2024,Nordeste,AL,Urbana,Pequeno,6208,M,93,986.04,0.68,11.82,0,,5.47,58.84,27.77,77.23,72.9,1,87.46,0
7842,2023,Nordeste,PI,Urbana,Pequeno,10324,F,93,782.83,0.676,18.97,0,3.3,1.16,56.95,14.05,69.44,70.08,1,87.13,0
7843,2022,Sudeste,MG,Urbana,Pequeno,11255,M,90,614.42,0.744,22.78,1,3.3,8.05,69.14,21.21,65.29,77.96,1,85.54,0
7844,2022,Sul,PR,Rural,Pequeno,14123,F,86,1033.39,0.638,31.95,0,5.06,5.29,100.0,17.28,64.02,66.87,1,84.64,0
7845,2023,Sudeste,ES,Rural,Pequeno,17333,M,90,629.16,0.753,29.68,1,5.65,5.08,62.52,27.65,64.18,70.17,0,77.35,0
7846,2022,Sudeste,ES,Urbana,Pequeno,2513,F,98,1068.76,0.633,42.56,1,6.0,7.0,93.27,25.14,55.25,71.66,1,95.53,0
7847,2024,Sudeste,MG,Rural,Médio,199681,F,89,1072.49,0.609,26.7,0,6.46,6.25,67.74,21.37,49.97,70.05,1,85.8,1
7848,2023,Sudeste,SP,Urbana,Pequeno,16276,M,94,1082.76,0.777,23.03,0,2.62,8.11,59.49,19.19,26.86,72.15,1,82.79,1
7849,2023,Nordeste,PI,Urbana,Médio,160693,M,93,600.54,0.568,25.23,1,3.52,5.36,59.08,17.92,30.42,69.51,1,85.18,1
7850,2023,Nordeste,PB,Urbana,Grande,3342749,F,91,1346.24,0.647,32.25,1,3.82,4.24,55.29,26.07,58.82,60.83,1,86.0,0
7851,2022,Nordeste,RN,Urbana,Médio,40879,M,96,795.7,0.561,15.35,0,6.08,5.16,70.44,17.01,51.34,61.38,0,83.56,0
7852,2023,Nordeste,AL,Urbana,Pequeno,17058,F,85,631.13,0.747,25.08,0,3.71,5.22,61.45,15.99,31.93,65.1,1,87.17,0
7853,2024,Sudeste,MG,Urbana,Médio,198926,F,107,1401.19,0.79,17.49,1,3.08,7.1,67.21,17.25,78.43,69.38,1,77.3,0
7854,2023,Sul,PR,Rural,Pequeno,5133,M,96,1044.38,0.659,22.63,1,5.34,3.19,69.98,22.38,27.92,76.98,1,88.66,1
7855,2024,Sudeste,RJ,Rural,Médio,49500,F,85,1097.97,0.634,19.39,0,5.06,5.94,49.72,22.83,79.25,72.96,0,97.07,0
7856,2022,Sudeste,SP,Urbana,Pequeno,18646,M,89,681.88,0.745,22.34,1,5.22,5.68,48.83,23.98,62.59,72.83,1,83.31,1
7857,2024,Sul,RS,Urbana,Pequeno,12471,M,106,,0.639,34.04,1,4.65,7.77,84.82,20.45,38.78,64.84,0,71.73,0
7858,2023,Sudeste,MG,Urbana,Pequeno,6967,M,105,579.21,0.661,29.66,0,3.79,6.3,69.02,26.44,45.58,67.0,0,89.96,0
7859,2022,Nordeste,BA,Urbana,Médio,57644,M,96,338.56,0.658,22.08,0,9.0,7.66,81.44,16.13,29.29,71.56,1,78.73,1
7860,2024,Sudeste,MG,Urbana,Médio,38448,M,99,735.43,0.674,30.1,0,6.31,7.06,61.64,23.74,66.95,68.27,1,88.31,1
7861,2023,Nordeste,CE,Urbana,Pequeno,15399,F,95,819.64,0.611,23.73,0,2.39,6.2,100.0,25.6,55.35,64.18,1,85.1,1
7862,2022,Sudeste,RJ,Urbana,Pequeno,19979,F,105,838.5,0.681,22.17,1,6.24,7.02,58.0,15.85,61.36,73.08,0,94.53,0
7863,2024,Norte,AC,Urbana,Pequeno,2271,F,104,462.03,0.683,27.69,0,4.83,4.54,59.75,23.11,32.03,68.93,0,77.71,0
7864,2022,Sul,RS,Urbana,Grande,1371351,M,100,1143.47,0.721,19.96,1,7.14,3.99,59.35,24.92,73.22,80.96,0,,1
7865,2023,Sudeste,SP,Urbana,Pequeno,11859,M,88,1095.87,0.778,11.65,1,5.75,5.22,63.76,23.33,53.86,75.86,1,92.91,0
7866,2023,Nordeste,AL,Urbana,Médio,89274,F,99,341.73,0.742,34.56,1,1.53,3.95,54.72,21.96,47.62,71.54,1,83.65,1
7867,2024,Sudeste,MG,Rural,Pequeno,15373,M,88,1051.15,0.699,25.85,0,6.1,6.89,45.25,24.22,68.83,83.33,0,96.52,0
7868,2022,Sudeste,RJ,Urbana,Pequeno,17712,M,90,1661.74,0.707,18.38,0,6.16,5.39,72.73,16.88,41.52,74.8,0,92.61,0
7869,2022,Sudeste,SP,Urbana,Médio,32738,M,89,855.21,0.768,23.53,0,7.36,7.04,69.41,26.94,37.18,69.6,1,95.7,0
7870,2024,Sudeste,MG,Urbana,Pequeno,10645,M,96,758.85,0.806,16.96,0,2.66,3.86,77.41,19.17,45.52,73.69,0,96.65,0
7871,2023,Nordeste,MA,Urbana,Pequeno,13921,F,89,687.55,0.736,28.77,1,4.07,7.69,92.2,21.5,68.57,78.78,1,77.7,1
7872,2023,Sul,SC,Urbana,Médio,131833,F,91,823.48,0.671,22.94,1,7.84,8.19,77.06,26.4,81.75,71.88,1,90.95,0
7873,2022,Sudeste,RJ,Urbana,Pequeno,13639,M,102,1041.79,0.752,6.89,0,5.36,7.37,68.95,20.09,60.59,66.59,1,89.81,1
7874,2022,Sudeste,MG,Urbana,Médio,137353,F,98,975.47,0.692,28.53,0,5.66,7.38,51.43,20.48,65.54,75.92,1,91.55,0
7875,2022,Sul,RS,Urbana,Pequeno,4620,F,89,,0.701,17.25,0,4.4,6.74,91.04,17.47,59.3,67.77,1,81.44,1
7876,2024,Sudeste,MG,Urbana,Pequeno,16527,M,100,1092.13,0.693,21.93,1,6.61,5.11,98.19,15.2,84.78,79.47,1,87.74,1
7877,2022,Sudeste,MG,Urbana,Grande,11317271,M,88,1656.2,0.632,19.53,0,5.89,4.35,55.28,17.91,38.52,68.45,1,100.0,0
7878,2023,Sudeste,ES,Urbana,Pequeno,9496,M,85,828.46,0.784,22.43,1,3.57,10.0,90.86,25.78,64.39,76.51,1,90.31,1
7879,2022,Nordeste,AL,Rural,Médio,123841,F,85,506.14,0.658,39.11,0,4.45,7.17,52.66,19.64,65.5,65.39,1,87.31,0
7880,2023,Sudeste,RJ,Urbana,Pequeno,12154,F,102,679.71,0.712,26.87,0,3.49,4.75,80.43,18.48,83.54,81.15,1,98.79,0
7881,2024,Norte,AP,Rural,Médio,101113,F,101,556.89,0.614,27.76,0,5.02,4.24,76.04,15.72,54.01,68.77,0,74.87,0
7882,2024,Sudeste,RJ,Urbana,Pequeno,16666,M,90,883.93,0.736,19.33,1,4.15,2.74,67.75,20.86,45.79,81.47,0,92.6,0
7883,2024,Sudeste,SP,Urbana,Pequeno,10639,M,94,935.23,0.72,9.1,0,5.0,8.05,67.77,18.99,62.35,68.43,1,90.94,0
7884,2023,Sudeste,MG,Urbana,Pequeno,9662,M,85,1253.92,0.705,23.81,0,3.29,7.9,57.97,31.62,47.53,71.24,1,100.0,1
7885,2022,Sudeste,ES,Rural,Pequeno,17402,M,97,677.21,0.708,20.58,0,6.38,7.62,70.95,15.0,48.66,61.03,0,90.21,0
7886,2022,Sudeste,ES,Rural,Grande,729121,M,96,955.49,0.729,20.4,0,5.76,5.02,81.71,25.26,58.6,73.01,1,89.23,1
7887,2022,Centro-Oeste,MT,Urbana,Pequeno,8986,F,100,623.15,0.598,20.28,0,4.85,8.26,44.66,25.68,51.98,76.07,1,97.73,0
7888,2024,Nordeste,AL,Rural,Pequeno,10333,F,94,827.01,0.632,28.32,0,5.41,2.4,73.49,18.4,44.95,61.2,1,79.03,0
7889,2024,Nordeste,SE,Urbana,Pequeno,14475,M,107,595.73,0.61,45.79,1,4.15,8.45,58.21,19.0,90.02,77.8,1,93.4,0
7890,2024,Norte,AC,Urbana,Pequeno,19053,F,101,507.54,0.694,43.45,0,4.88,3.19,79.59,28.93,44.21,69.19,1,88.39,0
7891,2022,Nordeste,PB,Rural,Pequeno,9450,F,91,,0.574,35.29,0,5.24,3.22,75.9,18.03,42.34,70.27,0,78.55,0
7892,2022,Nordeste,PE,Urbana,Grande,2279573,M,90,992.45,0.543,35.93,0,5.78,5.5,48.02,28.9,46.28,73.56,1,100.0,0
7893,2024,Sudeste,ES,Rural,Pequeno,17128,F,87,497.65,0.727,36.58,0,5.8,5.08,87.0,22.15,64.29,76.69,0,89.24,0
7894,2022,Sul,RS,Rural,Pequeno,18846,F,106,1150.76,0.683,32.67,0,6.12,9.0,90.3,24.71,85.24,76.92,1,88.52,0
7895,2023,Sudeste,ES,Rural,Pequeno,18703,F,99,1238.71,0.589,24.23,0,2.33,2.94,56.9,18.54,82.7,70.83,0,91.51,1
7896,2023,Sudeste,ES,Urbana,Pequeno,18799,M,103,912.72,0.739,23.67,1,4.35,7.19,69.2,19.15,41.4,63.31,1,71.41,1
7897,2023,Sudeste,SP,Urbana,Pequeno,5002,F,101,1282.97,0.625,27.42,0,5.31,4.71,35.18,20.65,89.72,76.05,1,90.16,0
7898,2023,Nordeste,CE,Urbana,Pequeno,19311,M,93,886.34,0.666,31.49,0,6.27,7.77,63.1,23.92,71.19,74.08,0,75.14,0
7899,2023,Nordeste,BA,Urbana,Médio,148238,M,105,396.69,0.644,28.89,0,5.66,7.9,56.41,23.9,69.03,59.05,1,83.91,1
7900,2022,Sudeste,SP,Rural,Pequeno,12799,M,85,1241.35,0.657,28.13,0,4.49,6.79,56.95,20.13,56.96,74.06,1,81.2,0
7901,2024,Centro-Oeste,MS,Urbana,Grande,4742052,F,99,1009.94,0.743,27.06,1,5.19,6.96,49.36,21.08,59.97,68.92,1,91.64,0
7902,2023,Sul,SC,Urbana,Pequeno,7066,F,98,1266.21,0.678,22.69,1,4.59,6.48,57.54,12.89,56.42,76.72,1,78.01,0
7903,2024,Sudeste,ES,Urbana,Médio,72230,F,89,1062.59,0.667,26.38,0,3.2,7.17,73.89,20.49,58.7,75.24,1,93.57,0
7904,2022,Sudeste,SP,Urbana,Médio,164112,F,95,1309.73,0.681,13.03,0,5.33,6.2,72.79,19.95,47.34,72.1,0,94.83,1
7905,2024,Sul,PR,Urbana,Grande,3643603,M,96,1085.97,0.641,26.96,1,4.22,6.49,57.36,17.74,95.35,78.51,1,95.0,0
7906,2024,Sul,RS,Urbana,Pequeno,18145,M,93,983.97,0.712,17.49,1,3.96,7.65,70.91,16.2,53.09,61.39,0,91.84,0
7907,2022,Sudeste,SP,Urbana,Pequeno,14734,F,107,754.2,0.721,20.84,0,5.93,5.93,65.19,19.61,47.75,66.94,1,95.02,1
7908,2023,Nordeste,CE,Urbana,Grande,10891725,M,99,864.2,0.622,24.88,0,5.29,4.86,66.39,20.07,58.38,65.82,0,83.93,0
7909,2022,Nordeste,PI,Urbana,Grande,8555962,F,87,898.38,0.661,31.3,0,5.32,4.45,27.28,25.12,35.48,59.81,0,88.07,1
7910,2024,Sudeste,MG,Urbana,Médio,49286,M,88,909.1,0.848,21.8,0,3.6,5.96,69.41,15.39,97.86,71.93,1,92.67,1
7911,2024,Sudeste,SP,Urbana,Pequeno,17493,M,103,1197.49,0.734,26.7,0,3.24,4.36,68.4,21.51,69.54,67.29,0,100.0,0
7912,2024,Nordeste,BA,Urbana,Pequeno,10571,F,100,447.54,0.666,28.46,0,4.97,4.04,49.76,19.44,21.91,67.84,0,91.85,0
7913,2023,Norte,AP,Urbana,Pequeno,9739,M,90,715.13,0.66,33.1,0,3.76,6.49,75.95,29.98,53.61,71.08,0,100.0,1
7914,2023,Sul,SC,Urbana,Médio,43486,M,101,1089.92,0.74,18.02,1,5.64,5.84,53.79,27.9,40.85,73.64,1,85.45,0
7915,2024,Norte,RO,Urbana,Pequeno,15299,M,106,,0.534,29.65,0,2.45,5.85,68.22,21.31,71.73,65.26,0,79.26,0
7916,2024,Sudeste,MG,Urbana,Grande,11175259,F,105,1285.84,0.695,25.13,1,3.37,6.55,75.49,24.05,78.38,70.31,0,100.0,0
7917,2022,Centro-Oeste,MT,Urbana,Pequeno,8756,F,90,,0.669,19.99,0,5.22,6.62,100.0,27.09,43.63,65.48,1,76.79,0
7918,2023,Sudeste,RJ,Urbana,Pequeno,18000,M,98,749.92,0.733,22.91,1,6.58,3.06,47.81,30.32,78.59,69.49,1,100.0,1
7919,2023,Sudeste,ES,Rural,Médio,126756,M,101,727.83,0.645,20.5,0,6.13,8.21,84.88,20.5,78.55,61.59,1,81.86,0
7920,2023,Sudeste,SP,Rural,Grande,8999391,F,86,1439.49,0.684,29.69,1,5.04,5.25,72.18,22.68,32.3,74.39,1,99.46,0
7921,2024,Nordeste,BA,Rural,Pequeno,4933,F,101,889.45,0.642,20.6,0,6.06,5.44,79.62,27.37,77.72,66.85,1,81.22,1
7922,2024,Sudeste,MG,Urbana,Pequeno,11610,F,94,795.6,0.812,18.8,0,3.46,3.65,100.0,27.39,95.11,69.53,0,90.22,0
7923,2023,Sul,SC,Rural,Médio,150446,F,85,898.99,0.638,22.57,1,4.93,6.3,79.22,22.46,73.18,63.94,1,81.42,1
7924,2022,Norte,RO,Urbana,Grande,1063316,F,84,993.74,0.64,25.34,0,3.17,5.96,60.51,22.47,54.32,69.38,0,86.79,0
7925,2023,Nordeste,RN,Urbana,Pequeno,10704,F,100,245.54,0.541,46.79,1,5.94,7.71,65.61,18.81,62.66,68.71,1,79.29,1
7926,2024,Sul,SC,Urbana,Médio,24789,F,85,1420.17,0.673,28.98,0,4.86,7.87,57.76,24.84,73.09,68.72,0,96.78,0
7927,2023,Sudeste,SP,Rural,Médio,109973,F,101,516.2,0.643,32.74,1,6.39,6.29,67.98,26.53,62.42,72.12,1,84.75,0
7928,2023,Sudeste,RJ,Urbana,Grande,11707818,F,107,991.27,0.646,17.59,1,7.67,7.27,53.22,20.26,50.77,69.64,1,95.62,1
7929,2024,Norte,AM,Urbana,Grande,1229920,M,101,953.87,0.584,37.72,1,3.8,7.55,62.34,19.38,55.4,65.91,0,92.24,0
7930,2022,Sudeste,RJ,Urbana,Pequeno,12311,F,90,1170.49,0.755,22.91,0,4.73,7.08,91.82,27.63,58.41,74.31,0,85.02,1
7931,2022,Centro-Oeste,MS,Urbana,Grande,11971617,F,106,548.65,0.722,19.28,0,5.43,8.42,84.07,21.72,69.66,64.96,1,97.5,1
7932,2023,Sudeste,RJ,Urbana,Pequeno,18088,F,90,1094.26,0.825,10.32,0,5.03,7.89,73.56,18.33,100.0,63.56,1,77.16,0
7933,2023,Nordeste,PI,Urbana,Médio,178996,F,105,771.55,0.75,27.42,0,4.81,6.18,88.69,21.39,54.18,66.34,0,70.31,0
7934,2023,Nordeste,RN,Rural,Pequeno,5273,F,103,865.84,0.633,23.78,0,3.33,4.05,68.83,20.72,43.72,67.29,0,77.48,0
7935,2023,Centro-Oeste,MS,Urbana,Pequeno,14780,F,107,1133.2,0.64,19.34,0,6.29,5.84,67.82,13.29,30.8,57.06,0,80.25,0
7936,2022,Centro-Oeste,MT,Urbana,Grande,9418351,M,100,903.14,0.712,20.48,0,4.34,2.92,52.37,15.19,56.19,74.61,0,82.62,1
7937,2023,Centro-Oeste,MT,Urbana,Pequeno,10359,F,104,725.35,0.788,26.93,1,6.5,6.24,67.83,16.85,41.08,76.92,0,97.94,0
7938,2022,Sudeste,SP,Urbana,Pequeno,9566,M,89,1164.9,0.764,22.09,0,5.07,4.52,62.67,17.83,67.38,77.74,1,83.5,1
7939,2022,Centro-Oeste,MS,Urbana,Pequeno,12365,M,89,1106.94,0.583,13.37,0,4.64,8.54,86.48,15.97,52.14,64.94,0,87.84,0
7940,2024,Sul,PR,Urbana,Médio,26672,F,88,800.48,0.764,22.5,0,4.6,5.65,81.62,15.05,72.63,68.12,1,86.81,0
7941,2024,Nordeste,CE,Urbana,Pequeno,17793,F,92,1051.62,0.625,33.75,0,3.19,4.3,50.0,22.21,59.2,68.76,0,87.52,1
7942,2022,Sudeste,RJ,Urbana,Pequeno,7566,M,94,925.12,0.783,11.1,0,3.96,6.79,62.53,26.74,44.21,71.49,1,97.22,0
7943,2022,Nordeste,RN,Urbana,Médio,147905,M,107,771.88,0.645,41.83,0,6.42,6.65,52.03,21.93,73.44,64.27,1,74.44,0
7944,2022,Nordeste,MA,Rural,Pequeno,16820,M,107,981.05,0.722,39.08,1,3.89,9.89,70.59,21.82,82.33,60.13,1,92.75,0
7945,2023,Sul,SC,Urbana,Pequeno,13312,M,85,808.75,0.836,15.69,0,5.55,6.16,88.83,23.19,84.85,73.84,1,81.86,1
7946,2024,Sudeste,RJ,Urbana,Pequeno,2460,F,84,971.86,0.698,12.57,0,6.51,6.76,80.55,22.55,33.26,71.77,0,92.89,1
7947,2022,Nordeste,SE,Urbana,Pequeno,5674,F,106,682.22,0.694,31.43,0,5.99,6.68,56.13,23.94,43.2,65.51,1,85.46,0
7948,2022,Norte,AM,Urbana,Médio,132402,F,100,609.03,0.633,15.05,0,,6.01,47.56,25.87,59.66,73.45,0,77.25,0
7949,2022,Sudeste,RJ,Urbana,Médio,115653,M,107,901.01,0.682,32.86,1,6.19,8.57,55.48,29.2,86.39,65.31,1,,0
7950,2023,Norte,AC,Rural,Pequeno,7683,F,85,444.3,0.594,18.66,1,6.39,6.08,49.44,25.5,76.99,65.24,1,87.43,1
7951,2022,Sul,SC,Urbana,Médio,99547,M,102,624.51,0.723,35.39,0,5.75,8.72,70.62,14.27,67.05,73.77,1,89.35,1
7952,2023,Sudeste,MG,Urbana,Grande,3991094,M,91,740.78,0.76,14.12,0,4.15,6.49,51.78,21.0,62.36,66.47,0,92.24,0
7953,2022,Sudeste,RJ,Urbana,Médio,131557,M,100,1136.26,0.759,7.39,0,4.81,5.33,86.27,23.78,64.99,71.25,0,100.0,0
7954,2023,Nordeste,RN,Urbana,Pequeno,11384,F,103,588.12,0.661,30.46,0,3.78,6.18,69.65,19.7,58.04,69.63,1,82.4,0
7955,2023,Sudeste,SP,Urbana,Pequeno,12604,M,100,1246.53,0.762,21.96,1,6.81,4.11,72.2,25.27,94.15,68.94,0,83.2,0
7956,2022,Sudeste,SP,Urbana,Médio,56497,F,96,924.01,0.737,11.39,0,4.38,6.7,67.12,17.72,61.99,73.34,1,100.0,1
7957,2024,Sul,SC,Urbana,Grande,6245003,M,104,1204.01,0.687,25.82,1,5.29,4.75,86.8,22.35,41.11,81.72,1,83.24,1
7958,2024,Centro-Oeste,GO,Urbana,Médio,152722,F,106,594.4,0.64,16.23,0,5.24,4.77,90.88,21.69,46.03,78.15,1,78.11,0
7959,2022,Centro-Oeste,DF,Urbana,Pequeno,17311,F,94,1046.74,0.69,34.36,1,,5.81,82.08,17.99,92.77,69.04,1,89.12,0
7960,2022,Sul,PR,Rural,Pequeno,6496,F,92,382.4,0.578,24.94,0,6.13,7.85,52.45,22.92,68.89,75.69,0,93.99,0
7961,2022,Sudeste,RJ,Urbana,Grande,10827091,F,86,1024.8,0.764,26.59,0,5.32,4.05,89.46,22.8,46.9,64.64,0,81.4,0
7962,2022,Sudeste,ES,Urbana,Médio,92543,M,94,833.24,0.792,28.84,1,5.91,9.0,88.22,22.2,71.42,72.99,1,77.6,1
7963,2024,Centro-Oeste,GO,Rural,Pequeno,10254,M,102,753.67,0.807,19.04,1,5.31,4.94,79.83,20.58,63.42,64.76,1,,1
7964,2023,Nordeste,PI,Urbana,Pequeno,14059,F,84,552.8,0.655,36.03,1,3.99,5.61,74.87,23.57,46.47,67.44,1,84.97,0
7965,2023,Sudeste,SP,Rural,Médio,100178,M,91,1399.9,0.628,4.09,0,4.86,5.93,74.84,17.14,44.78,66.57,0,81.0,1
7966,2022,Sudeste,SP,Urbana,Grande,9863468,F,105,989.19,0.675,12.55,0,3.77,7.4,97.05,24.41,63.49,66.14,0,83.3,1
7967,2023,Sudeste,RJ,Urbana,Médio,133862,M,105,955.57,0.756,34.99,1,3.86,6.8,98.66,18.11,63.79,58.7,0,84.77,1
7968,2022,Sudeste,RJ,Rural,Médio,81748,F,90,702.58,0.679,22.82,0,5.01,9.18,44.99,16.66,62.07,68.72,0,77.85,0
7969,2024,Norte,AP,Urbana,Pequeno,12532,F,94,1484.61,0.647,32.48,1,4.22,5.38,70.99,26.05,76.94,68.04,0,91.15,1
7970,2024,Nordeste,RN,Urbana,Pequeno,16365,F,92,715.47,0.646,27.98,1,4.44,4.61,58.82,30.16,63.58,64.68,0,93.6,0
7971,2024,Nordeste,PI,Rural,Médio,187414,M,104,980.85,0.662,37.61,1,4.01,4.54,80.45,24.68,43.91,67.03,1,84.76,0
7972,2023,Sul,PR,Urbana,Médio,187956,M,103,987.89,0.706,30.87,0,5.88,6.2,67.15,16.75,54.38,73.81,1,100.0,0
7973,2024,Sul,RS,Rural,Médio,182988,F,94,968.32,0.769,24.75,0,4.59,8.08,80.41,21.4,81.05,67.99,1,82.14,0
7974,2022,Sul,SC,Urbana,Pequeno,15867,F,98,1483.71,0.715,29.27,1,5.08,6.65,84.13,14.66,62.58,62.18,1,91.57,0
7975,2022,Centro-Oeste,MS,Urbana,Pequeno,6096,F,97,548.51,0.647,21.72,0,5.95,6.38,64.0,27.52,34.82,68.85,1,85.19,0
7976,2022,Nordeste,BA,Rural,Grande,2061910,F,86,955.02,0.636,26.34,1,4.81,5.06,59.33,30.04,77.37,66.71,1,86.06,0
7977,2023,Nordeste,MA,Rural,Pequeno,5587,M,106,,0.602,23.47,0,7.23,3.92,72.26,17.69,26.42,72.41,0,91.84,0
7978,2023,Sudeste,SP,Rural,Pequeno,14756,F,105,1310.95,0.619,13.42,1,4.05,7.85,46.87,15.74,55.62,67.87,0,92.33,0
7979,2023,Sudeste,RJ,Rural,Pequeno,15374,F,90,1353.88,0.641,28.12,0,5.19,6.39,50.95,17.09,78.15,73.66,1,95.34,0
7980,2022,Sudeste,RJ,Urbana,Pequeno,8194,M,86,905.55,0.631,14.32,0,6.08,9.89,43.25,21.17,72.73,76.87,0,94.06,1
7981,2022,Nordeste,SE,Urbana,Pequeno,16067,F,95,1166.86,0.753,29.06,1,3.23,4.72,52.7,16.79,58.98,78.53,1,76.29,0
7982,2024,Sudeste,MG,Rural,Médio,137976,F,97,1159.55,0.572,23.59,0,5.18,7.33,77.01,19.0,62.51,70.14,0,91.81,1
7983,2022,Sudeste,SP,Urbana,Grande,5121858,M,86,552.87,0.735,23.82,0,5.99,3.57,65.13,24.03,57.43,69.23,1,85.67,1
7984,2022,Sudeste,RJ,Urbana,Pequeno,9723,M,96,967.9,0.718,13.75,1,4.99,6.79,95.12,28.42,46.78,71.16,0,79.49,0
7985,2022,Sul,RS,Rural,Pequeno,2406,M,91,928.09,0.751,32.75,1,,8.16,68.63,20.8,34.92,72.65,1,82.42,0
7986,2023,Nordeste,MA,Urbana,Médio,81800,M,96,769.8,0.686,20.32,0,3.85,5.75,92.62,22.29,81.02,62.34,1,98.0,0
7987,2023,Norte,AC,Urbana,Médio,51783,M,99,1162.31,0.634,20.18,0,5.54,3.0,76.7,16.67,32.84,71.45,0,81.56,0
7988,2022,Sudeste,RJ,Urbana,Médio,163283,F,86,1214.75,0.689,28.34,1,5.09,3.94,83.09,24.47,15.48,77.2,1,100.0,0
7989,2023,Sudeste,RJ,Urbana,Pequeno,12868,F,104,1334.0,0.859,9.4,0,4.7,7.52,63.53,33.9,72.88,71.78,1,91.73,0
7990,2024,Norte,AM,Urbana,Pequeno,15140,F,103,873.1,0.683,34.41,1,4.47,4.93,74.48,28.83,67.22,69.6,0,92.23,0
7991,2022,Nordeste,PE,Urbana,Pequeno,19560,F,85,675.2,0.615,39.5,1,3.62,7.51,63.48,15.42,46.72,68.95,0,82.04,0
7992,2023,Sul,SC,Urbana,Pequeno,13624,M,90,742.76,0.785,14.13,0,4.41,6.17,75.25,15.94,56.51,71.58,0,87.69,0
7993,2022,Sudeste,SP,Urbana,Pequeno,14989,F,96,812.44,0.638,10.32,0,6.88,7.3,61.57,10.58,69.01,67.6,0,74.72,1
7994,2024,Nordeste,BA,Urbana,Pequeno,16210,F,103,861.28,0.727,29.01,0,4.62,4.01,86.01,22.18,45.59,62.7,1,79.78,0
7995,2023,Sudeste,MG,Urbana,Médio,164346,F,84,1144.48,0.758,16.89,1,5.83,5.58,89.75,21.13,62.95,72.01,0,86.87,0
7996,2022,Sudeste,RJ,Urbana,Pequeno,11619,F,101,,0.675,1.0,0,5.24,7.19,74.24,24.72,69.16,69.85,0,90.44,1
7997,2023,Sudeste,ES,Urbana,Pequeno,17729,M,90,1078.83,0.675,35.84,0,4.17,7.4,79.78,22.11,79.81,70.06,0,92.58,0
7998,2023,Centro-Oeste,GO,Urbana,Médio,30440,M,107,701.13,0.683,15.56,0,3.88,6.12,65.96,19.6,64.4,67.88,0,91.43,0
7999,2023,Sul,RS,Urbana,Médio,83655,M,88,659.61,0.683,18.01,1,5.63,5.89,88.28,23.0,59.28,72.03,0,95.02,1
8000,2022,Centro-Oeste,DF,Urbana,Médio,39734,F,90,691.66,0.692,28.8,1,5.24,6.88,63.72,18.03,68.64,72.12,1,88.51,0
